address;victim_fanin;drain_txs;btc_from_victims;first_seen;last_seen
bc1qsjrf5ze5tmulz7y2x4pc7qaex2a35sanp3rqlx;1118;1208;45.2703787;31.07.2026;31.07.2026
bc1qqumw662r9vmlgpcfqmgtshwyg67wulc3ccg580;482;1;73.0;01.08.2026;01.08.2026
bc1qnk4zh9qcnap2mycp56qjrgza3cc8ylrh8fecp0;471;471;562.32215777;30.07.2026;30.07.2026
bc1qc779m8gec84k3t0ffvu0pps94zheht7lr7ueyn;414;414;359.93926675;30.07.2026;30.07.2026
bc1qmd5m5ktv7m5ffujxv4248fxv36myvdx79n8jp6;339;91;10.18042008;31.07.2026;31.07.2026
bc1qvgw3g4qnk8a28y893zj9dt28psnawg3vxm92pr;242;1;0.385;01.08.2026;01.08.2026
bc1qu2s37ja5fnq4vdhsef04a4mk0r2d26e3mzkjw4;163;1;2.37771563;03.04.2025;03.04.2025
bc1qvldyutxj5vwlma4vkjfd68cl54820xvgywgm36;125;10;9.0;11.07.2025;30.09.2025
bc1q6x9m9r72ymmt82k2h27c382a6a9f8ytv79935s;108;1;1.1885821;01.08.2026;01.08.2026
bc1qf64k6czest05c4l39qes9v37mhla2duvs2rkaf;106;1;12.4530414;27.02.2024;27.02.2024
UNKNOWN:00207d019bd3a7054085c550ebe05859f50ac16f;98;1;2.0;01.06.2023;01.06.2023
bc1qw3hnkqln6ae2ych6vcfdaer6l5ws6ju2rv03gd;94;1;1.44313933;31.07.2026;31.07.2026
bc1qnn4n56dym2tczjpj0cfklclpzqfywd5jkv8dhn;92;1;2.53163418;31.07.2026;31.07.2026
bc1qpp69g25yucgnctaptkhzkux375x28z8qtq00vx;88;1;0.82662485;31.07.2026;31.07.2026
bc1qe66jarp9udn9y426ev8am40nlympukjleuyj20;85;1;0.57280562;01.08.2026;01.08.2026
1MBNgJkJKii9pT9t6GyKRj5DM5P5MPs8Hq;82;26;0.15349526;01.05.2022;24.09.2023
bc1qk5lkd3xkp43977xfsc3uxukgma9t5dxkvw8hc4;80;1;40.0;01.08.2026;01.08.2026
bc1qh0l7q0mca3ln7wsl9luwns0jc9jhgrtft025l4;80;80;0.61931097;30.07.2026;30.07.2026
bc1qdaarag7729c2n4l2wnyt3hkhfpcs66n98z7uuh;74;74;22.45236427;30.07.2026;30.07.2026
bc1qqapmr42z5fpc7fp2la69wxtemkflrtvehduxx6;72;1;6.0;20.06.2023;20.06.2023
bc1qthty693n7vjk7qq0ht9qdyzhn8x2q6xut02eph;70;1;0.27994143;01.08.2026;01.08.2026
34hyDtokeV7NdqLUjBq7gjjPzZ5somv85z;70;1;0.0435723;30.05.2022;30.05.2022
bc1q280w356mn8e4lvsl548ylxcnvzfr37e247x9cd;69;1;1.96607272;31.07.2026;31.07.2026
bc1qwyv2az635mmxjna0tfa5shgxnh2kzquxt2pjah;65;1;1.75793477;01.08.2026;01.08.2026
3Px7wXgheqa7myjKGFgH39EAzSFuqCApoW;63;3;3.33980876;25.04.2024;02.05.2024
bc1qtk626tjceywm8udnaepjdvdhk5cjp7spcdlld6;63;1;0.37738;31.07.2026;31.07.2026
bc1q3ap42dnm9ku0hvpj5vc0sv2tvyze0y6uppy3z5;62;3;1.95096127;31.07.2026;31.07.2026
bc1qweffzt667uecc7zfdtzdvhcwwqu49nk9tkw0qz;61;8;1.36878451;27.03.2022;08.05.2025
bc1q53g3lnjchxr3sj6tv7edcmdqz5hxkaqektc8xr;60;57;6.24544765;31.03.2024;08.10.2024
bc1q8fmmcvjvh5qtzhgckmqzz8vkd5yl62g6t32xa9;60;1;1.48987424;31.05.2025;31.05.2025
33PsmuYNWp7xmxwBCDEWeD8Gtmn2kZZ9ae;60;88;0.8153477;02.12.2021;21.05.2022
3Coo7V3F8oMY9ZZGx7XXBLSKvbbqxBgDzX;60;1;0.376;27.07.2022;27.07.2022
bc1qkhgf3n6532m52s2hm5k9pn02zdpqqnq03s802k;57;1;2.9174511;01.08.2026;01.08.2026
bc1q35hnp922q3zmlc48f56c82jez7qj0f2wuvpyae;57;1;2.16222455;10.03.2023;10.03.2023
bc1qhecykqufrjf200ulf0z7hpu94u9wy035xee3rk;57;1;0.49996718;01.11.2023;01.11.2023
bc1q36qfn2wmyw9s4fg8smyaplugvra00cs4skcx9s;55;1;0.99891858;31.07.2026;31.07.2026
bc1qg2d70h6f902wjmlwcxmf36tswzqqtzh9nmp7ws;55;1;0.05483591;08.09.2022;08.09.2022
3B9fBeEGhwq4BEVexpzjsTwdBZSaRZfwXx;54;10;0.456;20.05.2024;08.01.2025
bc1qn344r764kmuyfk9hqmqvqf58s470mggdch9l29;53;1;2.05748002;31.07.2026;31.07.2026
bc1qzp20lud4uxj0fulr77lhlfawgpwpkq7n2qu0p0;53;1;1.0;31.07.2026;31.07.2026
bc1qxh5cj4sa6q7wkuetd4kdytfqy40zcyft8j7qny;53;1;0.85193422;31.07.2026;31.07.2026
bc1q4etckmwgkjlayvypw6a6t5hmuttrjn9hgslhu8;53;1;0.51600448;30.11.2023;30.11.2023
bc1qakn44zn7s2d4ngm95qj77nn9agzjhq74wv0yru;52;1;3.11364433;05.02.2026;05.02.2026
bc1qfddkkvxq6tm8yra2luggn92f64nt5ld74l8qp3;52;52;2.20769543;16.03.2024;31.07.2026
UNKNOWN:00206772b15ee6753137b642e0459eefb1f05ada;52;1;0.51698014;30.07.2026;30.07.2026
bc1qn7ddwcmt4z7j5klehnw3tgfvm54hdnmc2n32m2;51;2;5.23414243;31.07.2026;31.07.2026
3MHcpuTasUmSgHf69NQREg9yKY73foUgo9;51;14;0.49738257;06.05.2023;05.08.2025
bc1q4626d9knltp3eeuwmfhuqh4ez3py4rdq9nsck8;50;1;5.39099821;31.07.2026;31.07.2026
bc1q6gj06ant3y4v85p2cvk40v7turkf7jjysahfwl;50;1;1.78242408;31.07.2026;31.07.2026
bc1qukac5ytjykj3tvvneuu4lrjjgxgx35jwksg752;50;1;1.49626656;31.07.2026;31.07.2026
bc1qf2my39y2lfgp2pylnhu8q2xktqumlpjy2fur4d;50;14;0.27237486;01.08.2026;01.08.2026
17EXEXq4XfqzngpZmrEQ4iN3MX1PQ4pgN7;50;42;0.1363253;17.06.2023;09.09.2024
UNKNOWN:0020aee2dbeb4dc760df5085fe42070932f2e958;49;1;8.95983627;26.10.2022;26.10.2022
bc1qfhjz2lfww4a3m7fync5vuzf5t5fvj9kjl0fm4p;49;1;0.70326336;15.06.2022;15.06.2022
3LY6WfeqPSguVH56T8ndJE8VduDkDtuQMo;48;1;18.7515;09.03.2022;09.03.2022
bc1qutwp3xl07fdsy4lchnfmds650q2phr50h0jeve;48;1;2.44793413;31.07.2026;31.07.2026
bc1qjqcf7plm68ydqpkkgp68pz23xsrevuwvxa65e8;48;1;0.5538;30.07.2026;30.07.2026
UNKNOWN:0020e8ea803e4f23addadd6b00f56f282bf3648c;47;1;1.0;31.07.2026;31.07.2026
bc1q8hadyatt9x5eaq9x8u8749f34f200lx96s6yl0;47;1;0.9935;31.07.2026;31.07.2026
3Qpo8EsA7krcXSu52PLjsU8bLWT43iiVNH;47;46;0.581285;20.05.2022;28.04.2023
bc1qdm84ex8g3yyxwkv0pqzcw6kcgalc2h0u4f8cpn;46;2;апр.41;01.02.2026;01.02.2026
bc1q9gh4wxtd29hz3fxlmtw7su08cux6l8z4txlg2t;46;1;01.янв;13.07.2023;13.07.2023
bc1q2gq2wackr6xmpm79zthsvgp8ylendprkdy6zfl;45;30;12.31923034;05.06.2023;19.01.2024
bc1qkjtft8jer4mxqms5c5whrvla6us5n4tgphdv08;45;1;4.01385192;31.07.2026;31.07.2026
UNKNOWN:002004a143a2d1774c257919b893219d5fdfa921;45;1;01.май;01.06.2023;01.06.2023
bc1qvgkz3muwt2c2fuv88m7ce2a06t6yw2jgghugug;43;1;2.99938642;26.04.2023;26.04.2023
bc1qrnehtyhah7s6el4wnyvrvnf8t2f53k3thyj5k3;43;43;2.62640811;15.05.2022;01.03.2024
3QLYThaa5E23xnBBVC3DjSHaAp7BreB7gu;43;28;1.23062738;08.10.2024;02.12.2025
UNKNOWN:002033a5efae96a86bd905671782fca10ad86a4d;43;4;0.56600444;31.07.2026;31.07.2026
bc1qe8e808hnp76vgvnvs2njzyg72ycr2sm6y794cz;43;1;0.24657593;31.07.2026;31.07.2026
bc1qrj0zfm2aar9088sjy802yzvzrw3w9f7gzt6fgw;40;1;8.17666333;15.01.2025;15.01.2025
bc1qyn8dyxw7ycacwufy9n6ghd72pr5n9uacgcufne;40;1;3.6905819;16.04.2024;16.04.2024
3QPBN1JeZu8GpvZzRW5MY5G11z77jk7u84;40;3;1.45866148;18.05.2022;21.11.2024
bc1qd3hhp9jcugz2v9nr97epkc0haj27qtgvw0ggdf;40;1;0.31342559;31.07.2026;31.07.2026
3Pf8NVn4XdPmKzHfYLBk51RgESwq9rsGzk;39;6;3.27063729;17.10.2021;13.02.2022
bc1qmzu3j8kmd2h5acfacz83taer9rwv7dz7ku02zr;39;1;2.16157572;31.07.2026;31.07.2026
bc1q0upe33eaykpcek9tc6xhv9rn89gzz7v2vnlmv2;39;1;1.0;25.01.2024;25.01.2024
bc1q3ju3magchs784jqjj6fdud3k8eq9q4msv3x0gl;39;1;0.1029919;12.06.2023;12.06.2023
1FZzA4kPgwvN3cCTEntiPgm2Jwq4U4Zrgt;39;12;0.03137155;31.08.2022;17.08.2023
bc1qkunkmfnq2ruzax4jdcc8h5kln0h2crcgmnypj9;39;1;0.02;08.12.2022;08.12.2022
UNKNOWN:0020510a6ebe34361ab2da2bf2b0adfedbc10f18;38;1;3.0;01.06.2023;01.06.2023
UNKNOWN:0020d8de345ccdf8eae80be12b506e9da9f166cc;38;1;1.0;31.07.2026;31.07.2026
bc1qpr0t2jlcd023gfyklwuc20kajvzx23e2vhs04m;38;1;0.92256025;24.07.2023;24.07.2023
bc1qrzj7q5ld5csywa4fpguk2l4ly8qt5ysfv48npc;38;1;0.3848097;01.08.2026;01.08.2026
3AbexHkGRMRLR9nrK4oUEsMvYeYxN3MahN;37;1;1.08507506;31.07.2026;31.07.2026
3CNbfKR2FHbuBL2kbpnU45yDrcgr3RwygP;36;3;3.84807428;02.06.2026;02.06.2026
UNKNOWN:0020bd2bbb4aaea2c6edaac2720c3e7fa6fec2df;36;5;1.22722438;31.07.2026;31.07.2026
3FZk7A1qfwyxDUnQHu6cDFH9F6s7mvHgDr;36;47;0.18469833;16.12.2021;23.06.2022
bc1qca9lyagdk6h0hdl3wzug4qfa8266jtu2f2c78s;35;1;4.99213589;31.07.2026;31.07.2026
bc1qk2kaf65g29n8ew8nr0hzw75vf8cs4qqlp6zkc2;35;1;1.29342693;31.07.2026;31.07.2026
bc1qd23rpf970r5gxac9hmptl5gwuppg2asfwrrc2y;35;1;0.995002;31.07.2026;31.07.2026
bc1q42gukfl2tlfp6aqvmu3jzcdqg8zec95cdqwzlt;35;1;0.69137569;31.07.2026;31.07.2026
14TQvxEMan2D2U55qU4is9B2GiYVxFCz1H;35;1;0.50420539;21.11.2025;21.11.2025
3BeGmivNHPgWgbRZ6Kxmgfz3DKTkw43cYA;34;5;0.95647777;05.11.2024;08.05.2025
17rRzE7sd4pHGgpFQCqt5GUtHFdKAL2Ae4;34;3;0.83520635;28.02.2024;10.10.2025
bc1qly2nmtpfhdqnz6xjfnd6wyr2ypkvte3d3g8lwp;34;1;0.19549131;31.07.2026;31.07.2026
bc1q7t34wut5zewgc9275yst043as63j8zjn2g77ny;33;1;0.50990646;31.07.2026;31.07.2026
bc1qffarpe0k987w0azdpp2jzj90n7jp370ptf70xd;33;1;0.33165679;31.07.2026;31.07.2026
bc1q2ky7r4pj5aya3hahz64p2am3eppq2ggafc8639;32;24;2.14600476;21.01.2026;22.06.2026
bc1qk72wezenry3r5txj9853yzeq963ja6dqyrdddn;32;1;1.99493872;31.07.2026;31.07.2026
1HQAk7HzPfSnUVyCGThX8SwpM1jTvSfVD9;32;14;1.55884338;31.01.2022;01.04.2022
3NHttf8NbKJpf1Nk2JbgS8D68DuyXxreg5;32;7;0.94797105;18.09.2022;22.01.2023
bc1q3jkrgkevny69y4xnv7wlwgtgt0amh5gfxhxylj;31;1;6.0;20.06.2023;20.06.2023
UNKNOWN:002070f85d2fe1922b845aee3cd6827a0e999012;31;1;1.30593056;01.08.2026;01.08.2026
bc1quznm5fulupvyegntzpvkmq5g8gwre06gzra7pw;31;1;1.19611441;23.06.2022;23.06.2022
3JkhPUmvY1RQb4prk5VLkK44xRgxMafpJV;31;27;0.97818912;04.09.2022;09.09.2023
3CG2uyZWy6MRtvBGasyZdXFoxEbdjW6bYo;31;8;0.879;07.11.2022;06.02.2025
bc1qnwe64a4ar3jx766y3j9vkxqtdqsvum6dmcz2w6;31;1;0.21301413;31.07.2026;31.07.2026
bc1qc0xwwrs2xuheu4ayg7japk880s56k0rxfnlk9f;31;1;0.05766151;05.02.2022;05.02.2022
bc1q5zfqn4lpm246p0l846p3y49avctp56wyst23kc;30;1;5.12529502;01.11.2025;01.11.2025
3289xRiVZmoHXsjCvf5xJxScA1jtaLt5Xb;30;2;1.4189451;31.07.2026;31.07.2026
bc1qu55wn4kc28uhumrrc64e4vxx2prrd66f92tpu4;30;24;0.54876635;09.02.2025;16.10.2025
1GiE6xoV4Gg3WmjttR4h8nHAT5bEaWMm4m;29;22;0.92802991;11.02.2024;24.11.2025
bc1qhry7zf6xlz5udj53dv0ul87wv4fpwerpe2ccaf;29;1;0.62065;25.12.2021;25.12.2021
UNKNOWN:00209fb288a7b88f93ddf439d897ea099d4250ee;29;1;0.60740859;29.10.2024;29.10.2024
3Q9VUuuU2rQ6QLoaGPBBqAaxCdVW4HPz6X;29;1;0.19581853;26.02.2024;26.02.2024
bc1qe5pfpr46j0j3a58xvcqe02yyxn42xtjfds2nj3;29;1;0.0895;15.10.2024;15.10.2024
3G8NmqN1RZ97T53wKxEdCaMS8PaFyyWk3Z;28;11;4.67111111;06.02.2024;15.12.2025
bc1qnumrwsj3qrnn0czsfqr8erlkfkpkup3k6dkua7;28;1;2.96407311;30.07.2026;30.07.2026
bc1qjmz8ah39nwpngm8vjx206ms2steujkm553eu62;28;1;2.01946044;31.07.2026;31.07.2026
bc1qfjdslge6epa85jdmrs8zulpafaueams765664z;28;1;0.895764;21.01.2024;21.01.2024
bc1q8ukse09hcre0g8fww7l2l8xn3hyag87nl99xj6;28;1;0.61848512;31.07.2026;31.07.2026
355u7VNVMERR9VxqgpCs4Wwfm6P6PE1m1e;28;5;0.3667274;31.01.2022;07.06.2022
34FvazLNn5PNm4c8S2rn6fMezdFpB8rDfa;28;26;0.36183315;01.12.2021;26.07.2022
bc1qr5t4chxecm8fxvrph8hf8qhmtm4k375k8mlrc2;28;1;0.20251345;31.07.2026;31.07.2026
1PEP6GtjNfh3PrwWGHeJWnp1KNFMsT1sT2;28;10;0.03482887;13.11.2022;25.04.2023
bc1qwddcxt2a0tdm6x9aqfg03n5dm7mx9xkcwaaffr;27;1;9.74152967;31.07.2026;31.07.2026
37RjRyiPqpq2c5wkUCWej4diCw9hR7Afrq;27;2;3.74956251;04.04.2024;04.04.2024
bc1qgda2yf6n4yg7ur3dxxc3gta637j002mvyvt40t;27;1;2.99947941;14.03.2023;14.03.2023
bc1qhyz74kl6xygka9w8aqsnuj7hddt29wh3xy2a8p;27;24;1.63008171;09.04.2026;01.08.2026
bc1qmy32ghmed94afey2j8dw5gs9xr5m2rks47szc6;27;1;1.10390232;31.07.2026;31.07.2026
3N3wDVfxbefrzokzw9DmZAJniHouiipjDL;27;2;0.06463713;16.07.2023;16.07.2023
bc1qrzqr3etgy3xglypupxszhv33e72eacuq603p6n;26;3;4.72222281;07.10.2024;20.07.2025
bc1q3tsm5nvjdr4jtxaaj8ael2pvxc7pfuelma7kdx;26;4;2.29799616;31.07.2026;31.07.2026
bc1qg9vvj5lmvyvuhuwewtaw5xztrnl6a75umpx60d;26;1;1.06012313;02.06.2025;02.06.2025
bc1quk2n8gcu65xlx2pa3z7csy2w78nxmc60w0wy2a;26;1;0.97088335;31.07.2026;31.07.2026
bc1qrlzaj0522uudh4yqkuc4gu03uf0wxlcnm5zkgw;26;1;0.58760641;31.07.2026;31.07.2026
bc1qp7dzqt3pvy8aggd4na8jrdr69pts8xat2w7aca;26;1;0.58742657;31.07.2026;31.07.2026
bc1qv88j55akk52vydk4zv7nuppx4dh389jejem2ak;26;1;0.37823932;11.10.2023;11.10.2023
bc1q2hls762rdm0z402shgvmdzfaxsy45srxs5qmjn;26;1;0.37769992;31.07.2026;31.07.2026
bc1qpxry86r25z2z8ra4ldwx4ezq5pyxwmhrukygud;26;1;0.29874051;31.07.2026;31.07.2026
3MV8kAamDDV3c7GZA7h3JUL3GNLDevS6EE;26;1;0.0615359;15.03.2022;15.03.2022
bc1qu6znxw430n3py5ya3dgfasts99vj90sh4mvcla;25;1;22.18937344;31.07.2026;31.07.2026
3PxAMh6ABfnWHgN3NBBSM3S7cC5w1Cimtp;25;9;17.64407544;26.10.2022;11.11.2022
bc1qn6wcssldz6nfv0rz7ry6v44ul2kjex22ayhqkh;25;1;4.22959734;28.02.2022;28.02.2022
bc1qsv3cyp6adve9h0dalpcvw3qn95yr625wll3k6n;25;1;1.87184599;25.03.2023;25.03.2023
bc1qe3zv3zpjpvzemwqgg2vppp6r2unsxj8xhx8zz0;25;1;1.10245124;11.10.2025;11.10.2025
bc1q23jsyrg7nzqjuekphxtfqz7alxetzt6lgy2t94;25;1;0.99122858;16.06.2026;16.06.2026
bc1q4lyp32mrrae4tfp382zy3qwuas34pk76dzqd4j;25;1;0.70396093;31.07.2026;31.07.2026
bc1q69gptc6cmjmpmxkpjrhs960kp5df6avwuufqvx;25;2;0.33153646;31.07.2026;31.07.2026
bc1qzjhkk78ydhr67w8ac8dfunk2txchhtneq5y7t7;25;1;0.27805551;21.03.2023;21.03.2023
bc1q2tcqyhej03c2wuww08f26622dp09w8e6zaevt8;25;1;0.22723781;31.07.2026;31.07.2026
bc1qmaqk3yezrg6t62jsd2a0xvyaq7xt0zcwsp5xaj;24;1;2.0441;31.07.2026;31.07.2026
bc1qu5sf2pvqu6zmzzn87mepufkdyy5j6vxyk23lfv;24;1;0.92170666;18.07.2023;18.07.2023
bc1q3mdvaawcwgs5t58v2dgn9xz4x84ndg7dxv8nkr;24;1;0.32316839;31.07.2026;31.07.2026
bc1p9u3syvrujfpmd2e8qu60r0vynxnkyycsy8w3s04g9kta4rdur3usc2cy02;23;2;5.00070611;19.05.2026;19.05.2026
bc1qdhr9h5yk4u2wvx3zuv9pntn7s344tm6ecj5x0s;23;1;2.44890994;31.07.2026;31.07.2026
bc1qgu3vezzmuw8h30q22mha45nz8a3eyyltnee2gf;23;1;2.18640481;31.07.2026;31.07.2026
bc1q4qxh328ylflfccukgqz6sqegp86mf40xen09sf;23;21;1.37120249;05.08.2025;11.12.2025
12r7o6Rs2s1q5DDHUkhfj6tLhHS5Ayk59G;23;2;01.фев;27.02.2025;27.02.2025
bc1quvs25n4ak8e504mppsmwju7sa455fh85msd8rs;23;1;0.413884;31.07.2026;31.07.2026
bc1qjlttyq5ng73yvnyqpzz02n3kdn3sdyx39ruj78;23;1;0.34041718;31.07.2026;31.07.2026
3FcEE8QKB2LevoCg16zGfo2pUNkLNvSDU8;23;2;0.10000997;18.03.2023;26.05.2025
37q3LXF3LvJx3XVEgrjDSt2BB7Dq1QQGce;22;21;5.40247129;06.01.2024;31.01.2026
1ucMrdj63EE9LdV1mc95uFJfqyJAkNzJX;22;17;3.2849661;20.07.2022;29.09.2023
bc1qejpsrw77xq32jlqz6avpyw68zg4kqqxa7a06ez;22;1;1.90092192;03.05.2024;03.05.2024
bc1q8hnvqym6k2wy4jaaa62h245qwn6jkhk63ywrew;22;1;0.94915739;20.10.2023;20.10.2023
UNKNOWN:00205674d0847dcde48cd1c77922113a6b55fa9b;22;1;0.8014931;10.01.2024;10.01.2024
bc1qpj7sjhvkwwt9hnszmx6c7w8dalvn4qenhw6n4w;22;1;0.580817;31.07.2026;31.07.2026
37ttCJNxth7wDbYYNsQtW6Q8W7pEb8aEfJ;22;22;0.47436966;10.05.2024;02.07.2026
36EFvR4DoEJscMif7eCn9ozaa1MKKv5GhV;22;22;0.30192651;17.12.2023;05.08.2024
bc1qelk9fwxu73pdtn3uznk3c96aajah7wfzqkmv0u;22;1;0.158;31.07.2026;31.07.2026
bc1qtc6l70thqjuctgqfv2eev35q0df8mmc47qctyh;22;4;0.1360936;12.04.2022;14.04.2022
bc1q3jnc0vzmyn3pz8z0klv05sts7vg4xj69p2xukd;21;1;6.40059932;31.07.2026;31.07.2026
3BaCSZSWrjcpuGDVkWVMFF3qqT7ok2WZNw;21;8;5.51431874;27.12.2024;20.11.2025
bc1qg0akwsj455zkx0cdhrvk39h0j5s7vnajwc5dxj;21;1;3.49934108;31.07.2026;31.07.2026
bc1q743ghrde6p832qjy5m7umuajq24ghugzp02vvw;21;1;2.6494281;31.07.2026;31.07.2026
bc1qjcpqul8lpf5j4qapx09ltpdsjwyxlh5dqlqtpp;21;25;1.04091095;18.03.2024;08.10.2024
32q58HYp2z6Shz7xGaZrg1oP39JzyPRANu;21;1;0.33319777;25.07.2022;25.07.2022
bc1qhfm2046xpdgq3573ta43wchu4af778t2a0zylr;21;1;0.26;07.07.2025;07.07.2025
UNKNOWN:0020ceb60af15b3ea749c2858a93ba10e99ac8cf;21;1;0.20906382;10.01.2024;10.01.2024
bc1q56se39k8ka4fhx30etrttdcm2nedatzs4pra4u;21;1;0.20074022;31.07.2026;31.07.2026
3GupAqmieKqHviqYmpAbGk6BKjxDo95XzD;21;14;0.11015637;06.04.2022;17.04.2023
bc1q27chclewaspq4uvkz6l9g5ckwrfxk9dv4a3ker;21;1;0.09882102;06.02.2024;06.02.2024
bc1qflkwy75yv5zcmhv780zjradq0rvnffqqr8sclu;21;17;0.07423077;21.07.2025;07.07.2026
bc1qm6vmrr5xngp3ct6gqfarvvdtlr7gewwqxgteqh;20;1;20.49704416;31.07.2026;31.07.2026
36ojuv1xsiTxeu5n3eP1uCkc5tjowz7LrF;20;1;2.57460757;10.05.2024;10.05.2024
bc1qzcecsm93q7c2wtrvy5eqkfc82nkf408rmxjay6;20;1;2.34976544;31.07.2026;31.07.2026
bc1q8j6sl86m203avm05u9wse9gy60wd79r5epkt2k;20;1;1.90120771;30.07.2026;30.07.2026
bc1qcsckmlu7nqu6x4r9jvp6jlt7klelwhcunhrt24;20;1;1.86994824;30.07.2026;30.07.2026
bc1q0e25d6cn6sky787jfd75q747ra30x33n2za8lu;20;3;0.92351513;26.12.2023;15.01.2024
3PyWRBbN6VHmw51mBsZqS1iUrKWKWGbC5A;20;1;0.77017985;25.03.2024;25.03.2024
bc1q3gszyrsa8caxkml9c7q59xr2an7fmfjzjsvyyh;20;1;0.70432667;31.07.2026;31.07.2026
UNKNOWN:002049aa6a5a1657505f8b371b391e48af4a6c05;20;3;0.58849508;30.09.2025;30.06.2026
3J2b3VdnTieMF7i3E8RbJf5iobBbsvFpqR;20;6;0.3975027;11.11.2024;28.07.2025
bc1qkrjvh5u9kde8xj9z3fgxcx9puusu5rdmf60me0;20;1;0.35596246;31.07.2026;31.07.2026
bc1qyst0fs9m2ge43y84lt05hax57fzvxawcvuu83e;20;1;0.22028;23.04.2023;23.04.2023
3L8pbtowZ8H7Vh7arE8XKruE3VwwSnivzN;20;8;0.20124982;09.11.2022;13.05.2023
3F9V4V5ed3XrMA7Z2TmdekgHFpcNd1BU6c;20;2;0.10433163;16.10.2022;16.10.2022
bc1q6sw9kmdzd7823chqatp2sqa73klgqhvkeua047;20;1;0.08;03.12.2021;03.12.2021
bc1q2wepf2e74a7n2slmtgcny7ejchptx97edu0xn3;20;1;0.01850182;05.04.2024;05.04.2024
UNKNOWN:00207544a67b1175ab32f21970cf8606f1d77c8f;19;2;18.37;13.03.2025;28.03.2025
bc1q8h6z7cplvv720glwpmtcyrvqxaslulr7rz3874;19;1;4.44955757;31.07.2026;31.07.2026
bc1qlsq8aefjdq5kcxk7cee72wkf2pmqj0yd5hjl9c;19;1;2.13786991;01.08.2026;01.08.2026
3K9nh5iXZudtKjWV7ALH82EMEJbyBxuFsz;19;1;2.0;06.06.2023;06.06.2023
UNKNOWN:0020258abd3ba7757eaac0b0675b53a38547abd5;19;1;1.90951226;01.04.2022;01.04.2022
bc1qmw2sxkwsu9ktl7hg56rr8px5hd0tkhedmh33z6;19;1;1.0011574;12.06.2025;12.06.2025
bc1qrvdpcj6a5v7mrupqlxx3j9gelnl58t469x5t6r;19;1;0.54571209;31.07.2026;31.07.2026
UNKNOWN:0020166215aa8e8df40ac64d5794cd073be517cb;19;1;0.51067503;31.07.2026;31.07.2026
bc1qmkmqtk3tqta5qx5cg3f4em3dtanmjpw0yn9p3q;19;1;0.39493706;31.07.2026;31.07.2026
3HvLAGp4zjdwFt7DPh6JnvphRZq7qukY6a;19;15;0.3448384;14.01.2022;22.06.2023
UNKNOWN:00202255faba27628327c2e98c5eb7a9ec3e7a2b;19;1;0.25129968;12.11.2024;12.11.2024
bc1qthuhqd7sccctjkswr0jpv9w2zdlnzytcjz4ucf;19;2;0.18;13.02.2025;01.08.2025
bc1qt285peh4vv40qtvvfvdtrdezww877vgppatrt9;19;1;0.13400014;31.07.2026;31.07.2026
bc1qqdjcmvtuu9tkkz0z547zd54zd8wc39454f5cgv;19;1;0.10336296;12.06.2023;12.06.2023
3PfoJce5VArPMcixgr4siTL3tja3iifTJf;19;1;0.09945251;05.07.2022;05.07.2022
bc1q7tc2ddaq3n72zys349wlrqca0496w6rg6vw9n0;18;1;4.62091526;31.07.2026;31.07.2026
3D2NvQBn6snhgzZ1qgxRAhdg4Ct4KRGiEL;18;1;мар.14;14.03.2024;14.03.2024
12S64Tn5jCg1yzyXgyQRpM9qBrpAE8q5HR;18;6;1.92380847;21.07.2022;17.01.2023
bc1qutv4nym2d54etk2t3meah7lvz0jxe8ns6a4j72;18;1;1.06847764;31.07.2026;31.07.2026
bc1q5uvnkzqd88rh2nfqms39f6ra3cc6y23td9205p;18;1;0.64599428;31.07.2026;31.07.2026
UNKNOWN:0020fe134446ff4414b5452908b9fd3b5363b2a1;18;2;0.5701212;15.05.2026;30.06.2026
bc1qce75mt3qy77czdvl0e52fymxh5uqk7k42clr3m;18;1;0.50060821;31.07.2026;31.07.2026
bc1q3hlggy70x847u79ydax8rxh6cv6rrm4ydtl75j;18;1;0.4992764;31.07.2026;31.07.2026
bc1q7h60rl88e0q43tetqzwplkmwhgg2r3wspk3x3r;18;1;0.47924832;27.03.2022;27.03.2022
bc1qp9udqfsx7wjcle7khgthya63eglsx0qyl9gsfr;18;1;0.40149275;12.06.2023;12.06.2023
bc1qshxrqrwvs7zznkr30hsr50mx802lrf8pf5vyzt;18;1;0.16264744;12.06.2023;12.06.2023
bc1qt0drpm7dzjxcuqwhqfxl6p0rhta4hcelv5ca40;18;1;0.13951612;20.11.2021;20.11.2021
bc1q0lnj0qhw2jzpw47s8cz0rtq49m8chl4khydrlw;18;1;0.04299203;31.07.2026;31.07.2026
1Stex65jhC9x8GD7yzNYr7czqCQjsMH1p;18;5;0.02198077;14.11.2022;20.04.2023
bc1qeztlzynjemsk2sqrv3le3aj99g4pead6uhlc0c;18;1;0.01783608;29.06.2023;29.06.2023
3PZn1Q9mHu6NTjEnVY7UK7NRkrD7rZfDmR;17;7;27.56851451;18.12.2024;31.03.2025
3Pfaqp8FXPWof6gQxVfjxYmDRMiXCzXG1T;17;1;8.02501031;31.07.2026;31.07.2026
1K83ys4QCiYpbaxEPVnWSFThm3SBVWUPyB;17;1;2.09065203;27.08.2023;27.08.2023
bc1qnf8ff7rwq08yre0ftz5uh4leekz2vus9rq2w57;17;1;2.00121747;27.09.2025;27.09.2025
bc1qhu6t59q3hy9snwvcax2n6gqm2ejqg7hulecxnj;17;2;1.84429745;04.12.2022;05.12.2022
3NgTeZGKbErdTwCXSutxGhAXBqasdmQe7K;17;2;1.3233478;21.12.2024;21.12.2024
35QY8cNVdFJNkEYSeo246PkDXHjKhWsuJh;17;1;0.92134504;21.01.2022;21.01.2022
bc1qc0ws34r2rw2nymhvw4tx6wk5actdl4tw424ffe;17;1;0.76525538;11.11.2022;11.11.2022
UNKNOWN:0020c23532345e379fbbcbf8343e28fca6b944ac;17;1;0.58094136;31.07.2026;31.07.2026
1GTEbFFGhY3KKw6B76h8NxLAjJtSnACkaN;17;6;0.51609797;05.11.2025;31.07.2026
bc1qsjk7un6k6hx0qwuz4lw0v2tlmprerezl8se7fr;17;1;0.3984826;12.10.2023;12.10.2023
bc1qqc0k7tknd7fr7akcdlcvv6lj78lsha9eh66sy2;17;17;0.34640033;07.05.2022;09.11.2022
bc1qf538mn72gx4cumvrm549qm6rlacduqlgans7w6;17;1;0.16989361;30.07.2026;30.07.2026
3G5uGfYZ3yyS5x65hoVXrG6EnrrHssnziJ;17;1;0.15;21.06.2023;21.06.2023
bc1q80s2qn2xfku4x9wu9g3w8ssf69x0cvw5flp9ww;17;1;0.03791538;12.10.2023;12.10.2023
bc1qv963ftzujslu52yg73ktvwpa7wv3qtxfv0wag6;17;1;0.01629599;20.11.2023;20.11.2023
bc1qzj0hpmdn2ssr5fgyrm2aemp3nzgh6r3uvk80he;16;2;47.07982957;31.07.2026;31.07.2026
35u7UDQ6TaAvP7kaG4jr1dCWaGRT5JvMAi;16;8;9.28499736;19.02.2022;19.09.2022
3EZg8kSRc8PAaLw7T1Magtfovnt3NgKiGZ;16;11;2.39728483;29.06.2023;31.10.2025
bc1qg2rx4m50ekhq958x2nwezjeh08rh2k62q3zsp6;16;1;1.4849949;31.07.2026;31.07.2026
UNKNOWN:00202785107ab380e42b1719e50911e36c7b8bbd;16;1;0.99996623;23.02.2022;23.02.2022
UNKNOWN:0020d87d4109cb695514acbff16bd977438232e7;16;1;0.90436398;30.07.2026;30.07.2026
bc1qw8efjk8kesdy47slf05k8x0ag3u6j8cejfz7gy;16;1;0.85075667;31.07.2026;31.07.2026
bc1qzquj83s2tq02clek6ycj25hfjjddj22ndj4jld;16;1;0.83;31.07.2026;31.07.2026
1GGxj8ekaT1QHWQKcPAU8dN2UmgAJnceL8;16;8;0.60001352;18.09.2025;04.03.2026
bc1qds8ru5dm85eum2f9rx3m4gtvkek7psyglda03w;16;1;0.6;30.07.2026;30.07.2026
3NyzTMBGH7jrTBTToqbFGc9KgrAz2Zbef7;16;4;0.501;11.08.2023;22.09.2023
bc1qzm5pauxyv7t7vqstzpumqcn066wfjsmev34mf3;16;16;0.33203236;01.08.2026;01.08.2026
bc1q62lmp862278pa2jq2c2m8dnevcqpvad68yvgp3;16;1;0.22362111;31.07.2026;31.07.2026
3JShW98tTjYDR6ct7eeLGo3nJomiAjFu5x;16;1;0.15463908;24.06.2022;24.06.2022
bc1qq30y0r9mxue9gh6dtm974chzwzj0wue0uqnr4f;16;1;0.08291572;26.07.2022;26.07.2022
14CujUY573sAVom3neYndEhjmmQgMCAL57;16;1;0.07310979;23.06.2026;23.06.2026
3CZbfcJtWLYGpot7iQzg56t6xapyLFyfXK;16;2;0.06445628;03.06.2023;03.06.2023
19zDenjjeDrc79yXkgZUeNtBG6rvqsTzEo;16;1;0.02633059;20.10.2022;20.10.2022
bc1qzkpxu82kyn60l4x357v6vnhqjusm7kr50nukxt;16;1;0.0180775;23.10.2021;23.10.2021
UNKNOWN:002065a55b8b28099c8125465748af1d0ddeed28;16;1;0.01450112;30.01.2023;30.01.2023
bc1qk0yuwmw7x0285ecsap0jxqswxvh0q3uuazded5;15;1;20.1765422;31.07.2026;31.07.2026
388A6wFKCYdZSbCACLWmJgevDB4o3g5Qcq;15;1;9.0;23.11.2021;23.11.2021
3M5fKMBhGkbuiGML9j4fNs9tWy9HrajkHt;15;1;6.55913933;31.07.2026;31.07.2026
3Qvb2JFywW2NTy8qDQLjyiJjgJbztXw1Y7;15;4;3.00838099;21.12.2023;16.01.2024
bc1qpuvawun3eanqphzerc57pgzpt0vqr9rtzcrumg;15;1;2.92128019;31.07.2026;31.07.2026
bc1q2p8n4ucyuv8uc822wzzpd6nkuw5hs30mfytep7;15;1;2.35622998;11.03.2022;11.03.2022
bc1qxp7rkmlkfsl5ts70vgxj5m6nxk0e246xeyf9zn;15;1;2.0;08.06.2023;08.06.2023
bc1qazru89frek07why7cezcu036gw6p5kev0elwe6;15;1;1.99996187;27.09.2024;27.09.2024
bc1q8ey8dwfzvgqjlggaav2v6836sqpj20vrhmah7t;15;1;1.86906905;01.08.2026;01.08.2026
bc1qhzhu4dnpn6pm907cky36kzhkejhd2snxw4c4s6;15;10;1.85293609;13.05.2024;07.10.2024
3P1LiwwQKrYSedNAKPekHsG2ZwLeFsiR8w;15;2;1.39119828;21.11.2025;21.11.2025
bc1qn05wnwzyg5zcd7eka030wthqyyqy6926ktl8wu;15;1;1.2930676;25.03.2023;25.03.2023
bc1q8xf8ve8wv3w6fduc7kzvy40cxqkv63qfxl420n;15;1;1.27764422;06.01.2024;06.01.2024
115qCez9fBnq4ADuoSueeB3WnsEsUpwCoo;15;1;1.24121345;01.08.2026;01.08.2026
3Ph78nUMYzRxX9bgJDhm7jQ1Hdu2aCZdLW;15;1;1.0;31.07.2026;31.07.2026
UNKNOWN:00203a0e4027728b09d3ee099969672faeb14e1d;15;1;0.60188981;31.07.2026;31.07.2026
bc1q4x35uw6er8jpf0sam4yyngj60mzc85hwv4adpn;15;15;0.562;20.02.2025;04.04.2025
3LgCpmipFaNErrf1qFDozbxw61kMGTNZq1;15;13;0.54998398;28.07.2022;17.12.2024
bc1q2x0snwvq0nsyuhhc05z9l27yr58wu08d7e79at;15;1;0.50165043;31.07.2026;31.07.2026
3Authj5manxXyhzrKSvGvwi1XW6PQyCivy;15;1;0.49415743;16.02.2023;16.02.2023
bc1qf2qhr84j4u3dhqnxjvyl0zm37tmc4y9eqtl77t;15;1;0.47461063;27.11.2022;27.11.2022
bc1qulslgka6pnp8pven8f5rv3vy4jc8kd8j2w0kas;15;1;0.38538631;30.06.2023;30.06.2023
bc1q9aumpmjcdlq8jhuef7fydhys6azyqen87q5xr0;15;1;0.36409139;30.06.2023;30.06.2023
bc1qk9ye64n0w70cjwhcpxkx2u0rpxzdv26jqnea8p;15;1;0.2685518;30.06.2023;30.06.2023
bc1qf9ktrh6pwq3aa2t7ke5k7lryty3ry4097rg3np;15;1;0.26532899;30.06.2023;30.06.2023
3KXTGDhajJVVEZqEtS4rUSJM7LhgUhX6Br;15;4;0.2629122;02.01.2024;11.03.2024
bc1qup7syrukct9sypnhukjjecyljp6973c75gvntg;15;1;0.2503429;30.06.2023;30.06.2023
bc1q8jfty0nam2ddh4p4pkxzw5qs3d5ecwa3vy2ap5;15;2;0.24775283;31.07.2026;31.07.2026
bc1qwa06nz4f9dwrpvqdmghdsr6urunkvdhnps0y22;15;1;0.24380542;14.10.2023;14.10.2023
bc1q7c62t50702vu87wgwmvqr3efn5pau9fjekfveu;15;2;0.2307799;12.08.2024;12.08.2024
bc1qsk7dvyezzes2auuywxms5zzeey84688nwjjrgw;15;1;0.2;07.07.2025;07.07.2025
bc1qndu56ewzgf3yjlzumljgt8cpngnqrwv753l973;15;1;0.192848;31.07.2026;31.07.2026
39aNUGyxWxHRr5zukFw3oRY3SSoPtmXaxP;15;4;0.17992;06.07.2023;23.08.2023
bc1qqzfvskuafaq54754ckw766lp8gc7alrx5vl395;15;1;0.1735097;30.06.2023;30.06.2023
bc1qzzj9paux30parpfdd7vq8qcslg7t65eas53k7f;15;13;0.14150197;31.03.2024;16.09.2024
bc1qsv4z5pu4gk9j6ugrtfkey5d9mtx4eht0g67ytc;15;1;0.12673284;15.05.2022;15.05.2022
bc1qc9n7jae5ck9ast5gaq37lzutfehdxd2hka36yt;15;1;0.12344475;31.07.2026;31.07.2026
bc1qkmn0ctx8pnwfm823xjmj35p8yg8hemnhfh9yag;15;1;0.05018658;31.07.2026;31.07.2026
1Ga7E9ugpre9LCAgJbZkxUrfySWNskQJxA;15;10;0.01990508;25.08.2022;20.04.2023
bc1qwg0ga0yrvf7flmtdzup62de0zjy8kqt8jm9pqn;14;1;12.16471137;26.11.2024;26.11.2024
bc1q3e0x82egau4q4esdnjjc34sufc3ctfyhqmrlm8;14;1;3.17170868;31.07.2026;31.07.2026
32rccQukkCbzLqZatwZG6ajMJbJ776AwBy;14;9;2.2032738;21.05.2023;11.02.2024
bc1qgh6rd0pp0cdfravu5vdprhqg7zlqps82j7zuw6;14;1;2.10143616;06.03.2026;06.03.2026
bc1qzsd54etw6kgm4h66uv2jyc2dhaukct5zr8hpnn;14;1;1.71301606;29.03.2024;29.03.2024
bc1qdgcjr7m6xhdvlnqxfvaf4q0gdgx76ffx9mxua3;14;1;1.48148171;31.07.2026;31.07.2026
bc1q5n93ugqhgvxs6d980khvyrl9np24qxdfejxgvg;14;8;1.3951565;29.02.2024;27.10.2025
bc1q9e4ts0t2u26ug2cjuwxamnhu04amzzenkteayt;14;1;1.27757846;20.02.2025;20.02.2025
3QKnQPZUUqdiqbZMbA4VomCkqfDVbC2fUT;14;10;1.20540908;11.08.2024;04.11.2025
3FTaAAYHrHCmQ5s5R6riMaK7kt8TboeT9c;14;1;1.20280748;11.12.2023;11.12.2023
31mszs31ihCUfCdgAt48X3nBbnTRcjEQGL;14;3;1.10226299;12.09.2022;29.12.2022
14BYrndGHf89nvxk1wXDh3755PcG9nVu7V;14;5;0.80070107;05.07.2024;14.09.2025
361tyD8enwVomuwuMEzS1v8CUN3gBnkxu6;14;6;0.7639;17.08.2023;02.09.2023
bc1qtqfcx3k7c9qvjqrl23wyet0h6vx6dg25yp33sc;14;9;0.72970887;15.10.2023;20.11.2023
UNKNOWN:002085ab4b68eed419b0b9d959935b93010b12d6;14;1;0.70585058;20.12.2024;20.12.2024
UNKNOWN:00207d8982038858923e017d14d021abaa48235a;14;8;0.6;26.11.2023;20.07.2024
bc1qr5qxnz5vep4555zdnw67e2zjyac8efmecu62vx;14;1;0.57707994;31.07.2026;31.07.2026
35fwg2XBhCHXZpzcLP1UXkEZS8ngNKkGHo;14;4;0.54035921;15.11.2022;22.05.2024
bc1qq2tfsujx5xgsm50qzdwvcfj8l6eq0mcthelswc;14;1;0.49343874;31.07.2026;31.07.2026
bc1qnudnjg5y7hfawe040rvdf492dwyg286sg88qez;14;13;0.38312226;31.03.2024;02.10.2024
bc1qvntqu6x4fxz79z3r0xsl5qgt52ndfrhzem2sy0;14;1;0.3;31.07.2026;31.07.2026
bc1qcvdj3z4zwyljrn6u0sj6hysppdq7kcwurv5vhu;14;14;0.25321608;05.02.2025;16.07.2025
bc1qj0uxguxcfm3er9sputx2dr9hh8k57ge5cjq3gc;14;1;0.25;31.07.2026;31.07.2026
3FtXUyGhEg2n9GmHbbNrusoLLcitP85e8W;14;9;0.23807861;18.06.2025;23.06.2026
bc1q85tmfp7uxztwsxhh4kugqe35lfcl0e4zd3tg65;14;1;0.20890495;02.07.2023;02.07.2023
UNKNOWN:0020c524b43e2873671d598433013713a99268a0;14;1;0.19200999;06.09.2024;06.09.2024
3PqEhqdjc2PEvtNApvYjKJEZgzs74kCYty;14;3;0.10994028;10.06.2025;31.07.2026
36fRS8M7ARq3vTvdqjpfXkx5YCW353YqNL;14;9;0.07675;12.11.2021;28.11.2024
3F8DvtsJN7xvRaaxN3VnzLRpHrEv5xRJwK;14;11;0.03977794;21.03.2025;27.01.2026
bc1qztzf3jzt304vp9jn3updwmmay4sqkz3mnfqlsz;13;1;9.50285406;31.07.2026;31.07.2026
368m9mUs4KYAxMJqu1j1mzR9W8YQUA5M4g;13;6;6.13334605;31.12.2022;31.07.2026
bc1qmnpahhwlx25cyt6aqx5yh6w359kq0u2kyre7q6;13;1;4.60983991;31.07.2026;31.07.2026
bc1q06sn96lmwt7rpdy40c8vkl3j852z4038eema7m;13;3;4.34998256;23.05.2026;31.07.2026
bc1q4xx7yg35myyvkjp0te9zugxvextukpytdgt2rs;13;1;3.39236531;31.07.2026;31.07.2026
bc1qf4lskkwtumwy9v36sf3j7xcs08344gmevvneye;13;1;1.79996934;10.05.2025;10.05.2025
bc1qk2t3jwfn8h3ar2ju9nmzp78lg6k0qy2fjgftmu;13;1;1.72599573;02.05.2025;02.05.2025
bc1q2keunj7tqruypmf336960s5p06ux3xaqg4yh9z;13;1;1.49939808;31.07.2026;31.07.2026
3M8821e6uod7FfFLBxujUBn9oERkZSEbcV;13;2;1.18860778;30.07.2026;31.07.2026
bc1qhe6ptszuxfh7k9zd05pcyrtk8tmcx4aajmd8d2;13;3;1.00373096;01.08.2026;01.08.2026
bc1qvqxlpfdw27dul88s9pr3rsqlahnff4nmw0gmyk;13;1;1.0;31.07.2026;31.07.2026
bc1qvyht83j33djwma2zls7fq9a73xgv9gtq4h6266;13;1;0.95157536;31.07.2026;31.07.2026
bc1qw5tuwtqs8enw8czd5fttgquhxpcr6x6gl3cv6v;13;1;0.83718896;31.07.2026;31.07.2026
3CHcqqqxrSYChnXHmKachTULpZhE6emU3A;13;1;0.77578926;31.07.2026;31.07.2026
1FWxRiQ5m3ApcSdBZ4tJxfvioNbYi5uiHK;13;1;0.72890925;31.07.2026;31.07.2026
bc1qy5s387lu4m6acwu6mz2av7wrfugsuecn055y3e;13;1;0.46472563;26.11.2024;26.11.2024
3CMAWQa3FWwtUHWXtVYFEPvYD7TSR3oaT7;13;7;0.335652;02.05.2021;01.03.2024
bc1qxmvnpfctll9f4q2ey0ue6redw2fxjsshvgzahx;13;1;0.25;31.07.2026;31.07.2026
UNKNOWN:00209ea66e4d00ec5424f47bf7e34158fa63c14a;13;1;0.25;27.12.2024;27.12.2024
bc1qln5mc5wl5shly2ggw4hufjyp3unv60kpwjdrep;13;1;0.20728527;25.02.2022;25.02.2022
bc1qq4hcefejw2udnaluxwq72c4jq6x8zmm6ks5830;13;1;0.18964727;31.07.2026;31.07.2026
bc1qvlfvphqt9lh3u3sfzyvej83nq9k2z0llsrkg7m;13;1;0.17054433;31.07.2026;31.07.2026
bc1qdr4tdjtc3wnu0umja3zt9rv3736g4mzg7lsycl;13;1;0.16037538;31.07.2026;31.07.2026
bc1qpk5wrxl3lpt362fkwnxr3lzaskmk8rt8cwtr5w;13;2;0.15415587;06.10.2024;06.10.2024
UNKNOWN:00207032bf91d163f77aeace125271a8f2c9073a;13;1;0.12999054;16.03.2026;16.03.2026
33iDnAfxLriz3oWmpHbP3KV7FiwqQ2VRzT;13;1;0.12888007;25.03.2024;25.03.2024
bc1qtu9rpyw6274vv9700felqatxd3er5yw8us4fe8;13;1;0.05601723;02.03.2025;02.03.2025
bc1qgfngmjnvz79chh7pdthpq8asgcrfejd26xapmt;13;1;0.0548345;31.07.2026;31.07.2026
1KvWqDYc31J1Mv5CDTgWvQXH7P1m9dvtER;13;8;0.03505;21.04.2024;08.02.2026
bc1q43ud9meawwd24rup96vkdz3zg847dmf5m06kqv;13;1;0.01013345;12.06.2023;12.06.2023
bc1qpp3yhjqem8a38zxyf74hvpe6a53x8j2rcaaz9z;13;2;0.0063499;22.10.2021;22.10.2021
3CcosATEpNFJo2S1eg4S26Xrj7hRwwyjLg;12;7;10.0097026;26.05.2023;31.07.2026
34hG4PyDH8PpTqVkPE7jHnpByFbryyGy6y;12;5;5.39349576;27.10.2021;09.05.2022
3MW1iGkWVWygzQWGjwknbDYfUZNbxZqHT4;12;2;4.0;13.05.2025;23.02.2026
33Crz1qkgFLzCmgMVdW5VckRWg4noChxPy;12;4;3.71298128;07.08.2023;02.11.2023
bc1qac2x68q8ced3605f6jwvsr43sn9yc9hq3pd8mr;12;1;2.50785498;31.07.2026;31.07.2026
bc1qk0kee9frmz92a3l65rjw3ecnl7yqh4y788ja20;12;1;2.135698;06.01.2024;06.01.2024
bc1qxdfphghgk976xuf3nk3dn9rthqhy39urfarrzu;12;1;2.0734857;31.07.2026;31.07.2026
34ZtMVYD8Rr26FMnMgnatVWov9qWKAiqCb;12;3;2.04015623;22.01.2022;24.02.2022
3FZqJFmhzZJiSmCBc4PhfA9zDB7KJWXpwo;12;1;1.66775543;13.05.2024;13.05.2024
bc1q3w45rmqxhwwtmr2fdzdp2hfh2p398fr9k229u2;12;1;1.5525568;13.07.2022;13.07.2022
bc1qudxc5ymgtvvc2wmx42udayz3l9ydfcrv2md3g6;12;1;1.51164667;01.04.2023;01.04.2023
bc1qhxs2rkuwklleckrt93q47zcct7wlckrm2hl7t8;12;1;0.97359213;30.07.2026;30.07.2026
UNKNOWN:0020adb02c3976ddf8f8d34e008437e41bcf207e;12;1;0.5;14.06.2024;14.06.2024
bc1qtg4ljhypl6cthsk3t954jlw52euhprawsct72y;12;1;0.5;01.07.2023;01.07.2023
bc1qk9qzu8vcrtjxtelfyxlvqqqlgnagrr0sqfh6d4;12;1;0.5;01.07.2023;01.07.2023
bc1qqm4gyc5px23wparsjrkma5kplrzcq7lk2nagu0;12;1;0.5;01.07.2023;01.07.2023
bc1q4xkyapd2gw978tu8tg0se3mvfwevwy3fnttgtt;12;1;0.5;01.07.2023;01.07.2023
bc1qgz6ea57ng9gz577dnyvfzv0xrehff2pqa87z48;12;1;0.5;01.07.2023;01.07.2023
bc1qx6errshqh3uqkdhr2wnzkp5auj5vnwrzpc5kvu;12;1;0.5;01.07.2023;01.07.2023
bc1q457l08jyaz4q9ge9nvaf7u6gnw957m5cxt4lgf;12;1;0.5;01.07.2023;01.07.2023
bc1q5uu0gpkltyrqe6ykdqh8nslmc7dsfac9e7mqur;12;9;0.47558473;11.02.2024;20.10.2025
bc1q0mh6rs0mjvv5ncdyqwhqma7hgup3aycucsc279;12;8;0.40976416;31.07.2026;31.07.2026
bc1qgq7yhnvtucrysdfzef9rr7yqh2wxudrmlcnka8;12;1;0.40404;30.07.2026;30.07.2026
bc1qcqq7t55dyd9m7fdn4lqzn765ssspdw2rd5p2mx;12;1;0.39163221;31.07.2026;31.07.2026
bc1qpr8lqzlwn2pksqckrgrnxut823jte0q89zvvje;12;1;0.38096948;01.08.2026;01.08.2026
bc1q5xr8p6nnm9s2ch2vu822mplka3j6cvv89lkgvx;12;1;0.36576142;31.07.2026;31.07.2026
bc1qcwyqgyke636h4xclnn3z7tlyedse3ycyc4gpx2;12;11;0.3093714;09.04.2023;02.09.2023
bc1qkqgp522zcu6u5sar883mh0pnaamk27gflkyj5r;12;1;0.29775764;31.07.2026;31.07.2026
bc1q5s0sx60m7z4aw5py68k5tu62vde7a7tspx649h;12;2;0.28656082;31.07.2026;31.07.2026
bc1qvzzs4phdsd2jrj5yuxjg98xnqywgkp38fwkkt0;12;9;0.28313927;18.03.2024;06.10.2024
bc1q4tdaqyctgmvcw8quvzpdek7lhhgmem5wh7tk4y;12;1;0.256873;01.07.2023;01.07.2023
bc1qwfh2syllz9x7kl6gcws040wlskpg0y4p9kjt8f;12;1;0.2;07.07.2025;07.07.2025
bc1qaz5csgxtfdgd6wz34a0k0ug0a927dxc7dvq6we;12;1;0.17717838;28.09.2025;28.09.2025
bc1qx0zgwfdrdy5snaepmxe7humaafyl5x70e9ld6v;12;1;0.15820855;31.07.2026;31.07.2026
bc1qphndkhk5z23tl8wv393essnshh5y995aaqlhre;12;28;0.14984779;30.07.2022;06.12.2022
bc1qeqdsq0m4a5u243j68lz7g9wzsl690nxp2e9t59;12;1;0.11581839;31.07.2026;31.07.2026
3JDXAVExwH6RnSu2yG2NS3abdFY61pBkHr;12;9;0.10743065;04.09.2021;27.10.2021
14H4VCc8hajRJ73jhmS5fHNrds8Moabu1a;12;9;0.09668834;09.02.2025;15.06.2026
bc1qwhe4rnffmrdty0l4h4hm8th0n9vxjr0mdy9yn5;12;10;0.08041626;01.08.2026;02.08.2026
bc1qf8hnlc4sldwxpj8yp0pp7qhcwq9wf7pc8dd6tw;12;3;0.07;05.11.2022;06.11.2022
3Q3BvWovspqKiH5n3BkhLvuGqimmdYHapr;12;1;0.04473572;28.04.2024;28.04.2024
bc1qfvmr0p22lmjv0fws8mnhk9vhjkr4dddtterjjf;12;13;0.04377322;04.08.2026;13.08.2026
3H9C6SMbY2xPr1c3PzT8t4ND248xe5vJoH;12;7;0.04170306;03.09.2024;10.06.2025
bc1qhjelwd0drsnap82ff749d43cvy5rr92mmz334l;12;1;0.03918072;08.04.2022;08.04.2022
UNKNOWN:002090de857f2d5ab6f8c6760305e07447be169f;12;1;0.03;31.07.2026;31.07.2026
bc1q5tuftjlx0le6vhpmssdfd0m4kpf3mxd94v2n8h;12;2;0.0241;30.10.2022;30.10.2022
bc1q7ksjrw2a6szvs8x3rap7fc2j4nz22refuuqkf3;12;1;0.01121231;09.07.2022;09.07.2022
3DXW2gN7KVGZiNefdLRsJ66t52cCHqcppU;11;21;4.139388;21.01.2023;21.05.2024
bc1qetq85kfnt7p330tsv6nsmxz7xv68fh3mx6354v;11;1;3.63033225;31.07.2026;31.07.2026
bc1q4lymgpqjlr09kq2vmzhfrvlxrk7mxdqks96c75;11;1;3.03068717;30.08.2023;30.08.2023
bc1qzx57tadl7ffnjzf9zp80uynv98f2qq2ps5nxnr;11;1;2.57027775;31.07.2026;31.07.2026
3JniSBSCP5exfPYQxxmWwUTzuco67TTMkp;11;9;2.256;06.04.2023;05.03.2024
bc1qm66hef2n7emxrqrmyfym77sm7xaekgq54ev5rj;11;1;1.65313389;18.05.2026;18.05.2026
bc1qtwflrx2rwcxaxsvluym669kz2hzz30rd6ruxp8;11;1;1.298414;31.07.2026;31.07.2026
bc1qzvwyfq0qd7ph9rnzwlntswn5qgumvsd0286k86;11;2;1.2313368;31.07.2026;31.07.2026
bc1qfza7rzt7uvdn0pmle80pxzau0jhvmr765v2rrm;11;1;1.19618779;12.04.2026;12.04.2026
bc1qjrpz69dfawr2q00698chtsguhyp5sc9nhy3xtz;11;1;1.0765616;31.07.2026;31.07.2026
bc1qw4p33a27jfmnwkzvec0gfzyr9yc46ykzj0j504;11;1;1.07547668;18.04.2023;18.04.2023
bc1q2hm5xc8vwaj2cvljqr0ajld06xpw042rk5uyjy;11;1;1.05328577;31.07.2026;31.07.2026
3Fwq3ocPB6vrMCGwUBs1TmVbExd2YxXp73;11;9;0.92495302;29.10.2022;21.06.2023
bc1qcyd0e5y6gpw90wzlvnzfg6f6nnvtrsrs7kpc0l;11;1;0.90929512;30.07.2026;30.07.2026
3AFD7BdBXBjmuKgpZRTrQ1Nu9jTCUYxEJg;11;10;0.80264987;06.06.2023;31.07.2026
bc1q53kwdp933csaayp8m47apeg2a7svq6v2vfvrjy;11;14;0.59471634;31.03.2024;02.10.2024
bc1qjjzsv7cd8umw5xj4nh243kvy3c5gqcqnw9svs0;11;12;0.57790399;14.03.2024;24.08.2024
bc1q7c8v2c3gzzxnz22whagwa23pefaayltv4ugdn3;11;1;0.5744979;30.07.2026;30.07.2026
bc1q4r63xh9l3vg7zn2zterjvf6me49xwyfscxvwpd;11;2;0.55394297;31.07.2026;31.07.2026
bc1qg0vt5a2dglfawch0lqhcy0e0s8mnuwf372qccy;11;1;0.54994493;28.07.2022;28.07.2022
UNKNOWN:00200b58a56cc9bdf298df94ce818146f29f18d9;11;1;0.5;14.06.2024;14.06.2024
bc1q5zukuq46atwxmcc09kq82vygndpzenckpgyx83;11;1;0.49999521;31.07.2026;31.07.2026
bc1qqaj7dwl4gkgfsmcapks938c7wlx0dfr4egzdc0;11;1;0.48261652;19.06.2024;19.06.2024
bc1q0asxtn0sz4tqfnn25kemaz6f29uen3s8rwxfvq;11;1;0.40496967;31.07.2026;31.07.2026
3J4PCTA9iJPUom79WokFSkctQ7VshNSCyT;11;4;0.39706772;11.02.2024;26.02.2024
3H8z195xz87eCNwwPuBphWvmL4MhtZvVV5;11;5;0.38539332;24.08.2023;31.12.2025
bc1q88xa70u9g5zrynjyh650w0j658kc9yazxtlgj0;11;1;0.37567825;12.03.2023;12.03.2023
bc1q2rkaw07pv703dzmwhd5e8lxd8vszu0zegd4lj9;11;1;0.33619839;31.07.2026;31.07.2026
bc1qsyaxf25aqf72vpqgmfhthnaq043a8c0apxvgdm;11;1;0.25571025;07.01.2023;07.01.2023
bc1qq5ynvg97sfq9mqj9lus4yjk8ycacfg0rfv8ara;11;1;0.25;31.07.2026;31.07.2026
bc1qkrrqjv6jzyc4kzx5gkcrw964qn9jvm3dztkn70;11;6;0.16833341;25.11.2024;19.09.2025
bc1qrftz2wpkay8kxjveyv482f5wpu5m45zk9lzemr;11;1;0.1596626;15.09.2024;15.09.2024
35Hk3SkiPNC8eL1eNRezVRzMGWNdZRLam2;11;11;0.11919667;08.06.2022;23.01.2023
bc1qe7lfd53c6ypfw06zlthx5am48eh3c2u3xxakac;11;1;0.11107776;31.07.2026;31.07.2026
3BsJ7qriR7Ufdj4xzqnUcYH6fvf2mQtpb2;11;1;0.11093011;28.04.2024;28.04.2024
bc1qnwdyemcpj66ztz4lulepk9emrg285794qyl45v;11;1;0.11;12.02.2023;12.02.2023
bc1qzj53cwhvuehdfqc742ffj7xcfewwhca8l074mn;11;1;0.10944789;30.06.2022;30.06.2022
bc1qc5nq8la00qpphxzgmufnsxmn5wpzej459nuceh;11;1;0.10254972;23.08.2025;23.08.2025
bc1qk9p69z62kj5266hk3txr0f8640ucy85hynkpge;11;1;0.1;31.07.2026;31.07.2026
bc1qt40k629m6rmtkvca7perdvh2xgjaf09hy8p5cj;11;1;0.1;14.11.2024;14.11.2024
bc1q7dqxfvzchh3dw45cnvsldhsnhgw6rxr4uq2esz;11;11;0.08988559;31.03.2024;02.10.2024
bc1q8cc6z237x03e7cuedkkr59lxun8z9f9q5xhj2f;11;1;0.05085163;31.07.2026;31.07.2026
bc1qzmtm52ea7ytekyp37rnkztlnk44v5h2e4pmj0c;11;1;0.04032536;31.07.2026;31.07.2026
bc1qsw2f6l4r7krj5sgsf2u6g3nxmvjzxk442cqktp;11;1;0.03562503;12.06.2023;12.06.2023
bc1q8v8vvsmu5zwgf8a9er0lzjc455ruzekdqjexz9;11;1;0.02685873;29.06.2025;29.06.2025
bc1qwwaexslqnrcvr5heeaw8f08l3rtjeyayx78qk9;11;1;0.02006831;15.05.2022;15.05.2022
bc1q9ud6jfh3wdqt9f8gh89s8vr252senvy2ljfclx;11;1;0.02;24.10.2021;24.10.2021
3JZJ4casTnTfrL9UeRCZKSspo3k4Zevt4s;11;1;0.01985872;14.07.2023;14.07.2023
3DKDjaNnT11V18LgPQc3hRvrbAH5aFoQAi;11;1;0.01057703;17.04.2022;17.04.2022
bc1qceyaeuv7pfedshv8wzwwcwknhzjjnwmuv5qck9;11;11;0.00421705;21.06.2024;14.01.2025
373igyErssqwCGicDvrRAZCB568dgxCnVd;10;1;15.1808248;09.09.2022;09.09.2022
bc1qyckar84h8tt0y27tl32x4429546k5uvmrm7gzp;10;1;9.90063026;19.01.2024;19.01.2024
bc1qyc4j45y2vm5vea3sqdq6req48aac60arfeg67s;10;1;6.26120367;31.07.2026;31.07.2026
UNKNOWN:0020b941fa79cebebddda112f2de572205873b90;10;2;5.10115271;30.06.2025;30.06.2025
3ABbHyGhbiz3KdouQdfyzUyhG4C9yJKHsN;10;1;3.50697325;09.12.2023;09.12.2023
3Mz7Mw6QYe29KfM8WsPCr2h1q78FEcAqk7;10;2;3.39487426;31.07.2026;31.07.2026
3MKpeUBmm4kvYJdHgjSjQiMaxmqfvqgDeQ;10;3;2.3754387;14.10.2024;31.07.2026
bc1qcuuw900gmyy6f7kqythpvfrx34smqhl60svlku;10;5;2.20626066;14.08.2025;31.07.2026
bc1q8d3z64n8ermz24g0vljcd3gfr5m2nd65j2nhjj;10;1;2.12625475;31.07.2026;31.07.2026
bc1q73nrr5re2tem2kak7vtpazal9y5dyulpuxgjcw;10;1;2.01066391;27.02.2025;27.02.2025
bc1qxqlqswj75ny3ufe484eyrfs2garg43svuzt342;10;1;2.0;05.02.2026;05.02.2026
bc1qllmhzg06j7uvezm3lwy8zag3r0qtpla7d68jpc;10;1;2.0;02.04.2025;02.04.2025
395BB1fUNXJTGkcUo7ftgjtiGpBGjPpokM;10;9;янв.77;26.04.2025;21.11.2025
bc1qejp25wc9qwsh0xct9hn96wkgfknh7qq4seff36;10;1;1.3921323;31.07.2026;31.07.2026
UNKNOWN:00203bd6afa0bfa5dd99d30d481f04dbbb7e117f;10;1;1.22055991;16.07.2021;16.07.2021
bc1qr8233j6jd0vn5qzcfu9gypxrljaxenxz44gf6l;10;1;1.03732301;01.08.2026;01.08.2026
bc1q6hxkdjha0n3pfc3jy5yf6hcvtw6hk3ha2thppe;10;1;1.00102259;31.07.2026;31.07.2026
3PNNhdJxHBfqMEauQZe6Lu6ThPWw2vvmMY;10;1;1.0;05.06.2023;05.06.2023
bc1q8jqn57n8yme234ftszjgxl2auur3fqp786mal8;10;1;0.93241534;15.02.2024;15.02.2024
bc1quqqep0dl8fvfngk9njfa3nvhp3smac2w5mu6tq;10;1;0.86379474;31.07.2026;31.07.2026
1A457B3uZswBGcD4tKvE7DYKz1fnUSZ4ZQ;10;9;0.80896508;27.10.2023;19.03.2025
UNKNOWN:002076782bfc232fa2298187b55f86154f11d249;10;1;0.73998056;02.01.2024;02.01.2024
bc1q3y7gngkgytarnwrfhkwgqscrdsg7ctmygrjrl5;10;1;0.58634365;31.07.2026;31.07.2026
UNKNOWN:00204b570e58f1c8ce45e2f610f8adf9ed0801f9;10;1;0.56312564;02.01.2024;02.01.2024
37FUF5hhRWuXwqzfzFzxonqoFiYxBiFAdL;10;5;0.5486864;11.01.2025;24.12.2025
bc1qvmuqxp04sdqtnzug0yau3p9yh2khe3kavrvwry;10;1;0.51962564;31.07.2026;31.07.2026
bc1qh3zsr5nxgy7cnqk2j83mjszzg8qd2k6cp3472x;10;1;0.51054804;17.07.2025;17.07.2025
bc1qtxykcq9xyl92rsd3hz25p4nv0cdh8pxsfnu9ms;10;1;0.50768079;17.06.2022;17.06.2022
UNKNOWN:00200bbfd6c0656ef0ce0b121f866e74557c55a7;10;1;0.49953423;10.01.2024;10.01.2024
bc1qvqe2drvtz69qtmg53n6svm2tzke2gme9rxu745;10;1;0.45770041;31.07.2026;31.07.2026
bc1qgmsqq674hgu9frxz0qx0gtqujdvg69v5nrwtys;10;1;0.45059506;31.07.2026;31.07.2026
bc1qmn2nnp5dl2mthxj593sngpjszznd4x2u0qnxnm;10;1;0.44044016;30.07.2026;30.07.2026
bc1q9jx2dltprm6j47r4wuh665nxmn2z8egrhyhs5l;10;1;0.41759747;02.08.2026;02.08.2026
bc1q3d0ffv82qukqhw67ep36jqg5uq8yetg344gjgf;10;1;0.37669877;31.07.2026;31.07.2026
bc1q4jl8nlpqv5df2505htukzjxn2rvhyts24tl8y0;10;1;0.37;26.08.2023;26.08.2023
bc1qu2q2psuw97syq3yemw5d75kxuwdc89cwv0caaq;10;1;0.26;14.08.2023;14.08.2023
UNKNOWN:00200be14c854315d721335398e54e4b4c5ff1f7;10;1;0.25823117;19.05.2024;19.05.2024
bc1qdg999mjqhg4vjapka6kppqyhxr2d4vrxgwa6mg;10;1;0.25687981;22.04.2023;22.04.2023
bc1q7yu6y8nn8qnjqmrhmfkdfvqydhx4j2gtpelwrt;10;3;0.19524162;05.07.2024;27.07.2024
bc1qjd6tcd5ey96fdujpkr7zgn2zjzp29h208xlvxg;10;10;0.15538786;31.07.2026;31.07.2026
bc1qezmscv8wf5auzae5ddytz5cfyeaz5eg4m2d8kn;10;1;0.14342063;31.07.2026;31.07.2026
bc1q6p6j33mraacgaewsa09ywn990yd4saaje72sz4;10;10;0.12660414;21.04.2024;02.10.2024
bc1qe8my9ev8pnn7mt42hapva2uzfuyrs88egt4rak;10;1;0.12;31.07.2026;31.07.2026
bc1q7807p69w59d73tdyj4rjku4yk5727xxawkaj4q;10;1;0.10379135;12.06.2023;12.06.2023
bc1q4uufqfz5cczqucv5zxm63vmxl8ntj09vf024zt;10;1;0.10242072;31.07.2026;31.07.2026
3Lsn45VjNzh3XPYqMZMnWcfReuBYGZmQbc;10;7;0.10054;09.05.2022;16.03.2026
bc1q8nr4rnf82ndsrua5clf877t404j0j0mc334e89;10;1;0.1;31.07.2026;31.07.2026
bc1qqxtm94332d5sumpwwsl55f4s40lry7hntpmhy8;10;1;0.1;31.07.2026;31.07.2026
UNKNOWN:0020e140a8d0b6b807e825cc28b5dea3e65a729c;10;1;0.09952858;10.01.2024;10.01.2024
bc1qjw0jkjcw5gp23gf8dvr02fxgh5c3d538aalfn0;10;1;0.09589009;12.06.2023;12.06.2023
bc1qstklrdhq5867frkpztrwc2qk9uvyxp3zpwc4c5;10;1;0.08649706;25.10.2021;25.10.2021
bc1q4pghku8uj3fqkqnhk24429tca9uh4kklev3ljm;10;1;0.061466;31.07.2026;31.07.2026
UNKNOWN:0020658527e15b71d523d3a7ade8428cabb0101d;10;2;0.05863711;29.11.2023;30.11.2023
bc1qetp3l6s8wheh24dztvuy4k2x0h0s5z4cju3frl;10;2;0.0572;09.05.2025;16.05.2025
bc1qjmk3s6gs2qkw3hjetxl9gugy2thfewzjfx3rk4;10;1;0.05096573;30.04.2024;30.04.2024
bc1qrt5meehgx2j0nu65z23xv59ugrdn539zrc9qpm;10;1;0.03997604;28.11.2025;28.11.2025
35tq1LXeUX3WpDhVcQp6WTMvJ55UiLqasU;10;4;0.03913744;09.09.2021;24.11.2021
UNKNOWN:002079e478e725dc1fbb66d81d1c2d369f5195c9;10;1;0.0218011;03.07.2025;03.07.2025
bc1qc3q732axnxkarn7ek2s32pvfm87am0zzyhr5eg;10;1;0.0174;17.03.2024;17.03.2024
bc1qccqr2vsrv9wdd7lvc4tg3x9vlehshtylsfme3l;10;1;0.01641444;31.07.2026;31.07.2026
32gLs2aE98twQ3UyjRx5dtbwDtDryrGLFR;10;1;0.01485499;18.02.2023;18.02.2023
bc1qlsv4tzfqf7rpg59cd9dk4mguf9cqj2mex844sj;10;1;0.0100675;24.10.2021;24.10.2021
bc1pkzzxusp9ex5pynre0cl27yuuq2admfa3rhstzexaqyzrraxf7ltqnx8vgz;10;1;0.00967142;26.11.2023;26.11.2023
bc1pc7ulvzruv9cfhj4rrzq927j46kvl60lqpvcc2ted3j3nm58xrfgq82e0l5;10;1;0.00967105;26.11.2023;26.11.2023
bc1p9tjeake980kkj43d0gzwryt8nc3a03h70zqdjnt8wk3y4vajhsrq7mqsq6;10;1;0.00964181;28.11.2023;28.11.2023
bc1qunww28s9za0jx7n2r49yy5mqsgtgfwszz39kfr;10;11;0.00881995;13.04.2024;12.09.2024
bc1qlfr4gnntttkptwf2yfw9akcuqmk78da8099mgr;9;1;21.59486583;09.07.2025;09.07.2025
3BBzcPvbnWv1b13JzZjmKEqA16rDfsA5sh;9;1;6.0;22.11.2021;22.11.2021
38ePrqydoyGvUg2jy1Q9Jyfs1HpJnz4Abb;9;1;4.42178608;01.03.2025;01.03.2025
3PZSicviZRm8e5wEFYkAuuw9fXYMYdBiSj;9;9;03.мар;17.03.2025;28.05.2026
bc1q5h6znj8hc43cmmj54y54d4duuczvfl6kkuqzvx;9;1;3.267276;31.07.2026;31.07.2026
bc1qtgsxudjt84y4ve37qusxelqkpeqtq9rg707d6x;9;1;2.81389647;31.07.2026;31.07.2026
3EgWHgCUS4hAd9C7GJwKf6JheYU8Cg1pMR;9;9;2.81340822;01.05.2022;08.02.2023
bc1qlzf5xg005u6cpk6jssex0m2ks6evkhesk532nj;9;1;2.72405764;22.12.2022;22.12.2022
bc1qh4d3sv8g97n6n36sde7nmc7n7qx7czalffx3zt;9;1;2.63898017;10.03.2023;10.03.2023
bc1q0wlawwyh4pe4jtdmjkp0yfgx8jg5aqquyl2zu5;9;1;2.51312564;04.01.2024;04.01.2024
19CHVb8m6WDuMosuGYimdBWcNjqrZrB2PX;9;4;1.92588205;31.07.2026;31.07.2026
bc1qgqk2t6wwnk6w7ugjevguprh8c5z4vdyhgy5dar;9;1;1.74697286;31.07.2026;31.07.2026
bc1qfsaws2ngmvay4fh9vnt0q3h2jqrqkndeyycgcp;9;1;1.42356384;31.07.2026;31.07.2026
3QmhpZ3nc56QGDb5VQhxuyw2h9fCgFrznE;9;2;1.16686561;20.11.2023;20.11.2023
3FaoxxYzCstcaWpEYkm61NCPeLchhwGom1;9;6;1.00187167;17.12.2021;17.12.2021
bc1qsr8nr0p362j2czu6xvcssrw7c0q6c0kmz3hya4;9;1;1.00038636;10.04.2022;10.04.2022
3HuH8GQUM9meDSsfUKWLWGkgUXhNoRTdtU;9;2;1.0;11.09.2023;07.03.2024
bc1qg4n45vy7nntz54nvythkm3v6gwaawjzayv9a9g;9;1;1.0;07.02.2026;07.02.2026
bc1q22xqkljcw05m62s5uc3rdceeww455vec5qmueq;9;1;0.95281983;11.06.2025;11.06.2025
bc1qyetlhgwape8t40vujqe9r59tmxjy53v4776tsm;9;1;0.93679787;30.07.2026;30.07.2026
3DXQ6pHAqc797rdhdjMHph19mijHjSTzcX;9;4;0.92626922;19.10.2022;31.07.2026
bc1qy2mrwh8uqxckjve8m9ulssxkgk38zwmdwqzy0j;9;1;0.86093442;22.04.2024;22.04.2024
bc1qg8e7daarjncls3cz7rmmu3uj6hd889jf8scda7;9;1;0.86093442;22.04.2024;22.04.2024
bc1qt5yzws5un626c4jqz0y59ggxkrwtyzl4hhnc54;9;1;0.86093442;22.04.2024;22.04.2024
bc1qdxzk5n2xeeggx4dj5rq28k0eyr50m2usfmztv9;9;1;0.86093442;22.04.2024;22.04.2024
bc1qd2rrnq32yywmzap5zmemace5rec7t8ph43mvj4;9;1;0.86093442;22.04.2024;22.04.2024
bc1qj9pnklv0nj8wee5p43mc6zvxhmyyy25uel73px;9;1;0.86093442;22.04.2024;22.04.2024
bc1qjw4rr0d5q97c9wujh0rghcfahed0x3f9khuuhj;9;1;0.86093442;22.04.2024;22.04.2024
bc1qntq02wllzk508v76kfwskasyhw46na904zrxje;9;1;0.86093442;22.04.2024;22.04.2024
bc1q5elscxg22x5jhqxuega69xquv7d0q5s9cj9wed;9;1;0.86093442;22.04.2024;22.04.2024
bc1qchhwsw53gzf53ajwrglefsp20n9mzhpenedp70;9;1;0.86093442;22.04.2024;22.04.2024
bc1qayend8e29yzcgrplsshzzrl6w2tj6nt6ag9a2l;9;1;0.86093442;22.04.2024;22.04.2024
bc1pqqangj2c2y59gv5kxpenpwfm33memksxwasn0phx5jx8r8nzu8lqndzcjr;9;1;0.86093442;22.04.2024;22.04.2024
bc1pqmyfwlsymuwxketx7tptc6snfu283nu6r3v3up0xnju6upcpe76skwjw6v;9;1;0.86093442;22.04.2024;22.04.2024
bc1pzjz3d062ekjcqj9jf065dzc0fshpfrzds02srd9vxxcl3tpjzkfq0k2m4m;9;1;0.86093442;22.04.2024;22.04.2024
bc1p9uj9hkm9f6l957dye272390gc5gtzfvfv0c9ane3eh4nkdh3nknqdcel0g;9;1;0.86093442;22.04.2024;22.04.2024
bc1pxe5h7cvk5afrppvgdprqm49sqgjjffp6g5cg7dr7fym6mvtr3p9qw75q2y;9;1;0.86093442;22.04.2024;22.04.2024
bc1p8zt4gjusfhw4qpg28mhv9rtsp6pnm7gusa2qfuckpzh9x7l3j23sqp4k3v;9;1;0.86093442;22.04.2024;22.04.2024
bc1p88hyunc739vgyu9ydplmadfv6svw8fe640m928rjfa2zu50pt4qsysas2w;9;1;0.86093442;22.04.2024;22.04.2024
bc1p8fwpu2yhmg4gwx3ukmy50wpq8fatehe0gsjj2jjpadxgq05wmwkqcp7c2l;9;1;0.86093442;22.04.2024;22.04.2024
bc1pfpk9wn0vznjkz5rwlejren78r95tpnwmxtf6sdrkftyy5fxx8xuqwz563c;9;1;0.86093442;22.04.2024;22.04.2024
bc1p2xclaj3w4ueudwjntur65vxmuxtxn2wsxmvhzcyedmkzm360vw7q32d3fx;9;1;0.86093442;22.04.2024;22.04.2024
bc1p2l77v9j08y4xkaqmcj44tjxncjvncl3hzssyrd9q96hhdjyjag9q03qyv0;9;1;0.86093442;22.04.2024;22.04.2024
bc1pvmnhfq0sgwunwakyl82j4rawc5fhexq7ecyu72vv6pyxhmzt6pcqvr8ljp;9;1;0.86093442;22.04.2024;22.04.2024
bc1psxxmkd5vulj24vfsn2x7zhy62q3dwl5jzxg05q6jg470gwltc9fsmycth6;9;1;0.86093442;22.04.2024;22.04.2024
bc1pnqz0jptllkx599m37gmljp8kp8yltqyhmcayf7g422tsjkq86v3smryla3;9;1;0.86093442;22.04.2024;22.04.2024
bc1p5p24pulld8upwks7x8w7v5kgl7djcarqsurnyv3wlvmhgdl04g0s040h4v;9;1;0.86093442;22.04.2024;22.04.2024
bc1pcwrpnm4nllxxs9krld2j5rvzghl9ak04u480lnfjng2hjtp2qr5st7hlsj;9;1;0.86093442;22.04.2024;22.04.2024
bc1pepxd7ym76g2vfhdnnjxpa9pmfevj5gk394a2mckj37um57wmttusdmgzg2;9;1;0.86093442;22.04.2024;22.04.2024
bc1p6welgta8ks2zvgwfrq7uzwddgp4exy60mw24ema0get645vt44ws3ku82q;9;1;0.86093442;22.04.2024;22.04.2024
bc1pmgqe8uzn9r2ydlvuh720ppt6tuaehvurk5c8cxgl48tn9jgmrt9qy8xtck;9;1;0.86093442;22.04.2024;22.04.2024
bc1pu92gylu7wy7a2hdkceqlxgk5zfj2vtlaqaf4ek7cl8aquxfce6hsdkcpcg;9;1;0.86093442;22.04.2024;22.04.2024
bc1p7cy90593fm3ecyclrxvy4evyvzku7w6tsqz9kl2ynqqp6jr95k6qt2a5l6;9;1;0.86093442;22.04.2024;22.04.2024
bc1q79nmut2uhpxcnfdqr7g0gdvrk7e9296tcgwd7g;9;3;0.84381882;15.12.2024;31.07.2026
bc1q85yd6anvmxjd47eetw5ejpqr66npyr3k2ff4zm;9;2;0.80998;21.08.2024;09.09.2024
3H7jRkX55R8FqgwBpgKMMX67s5RmGQdsye;9;1;0.76;29.02.2024;29.02.2024
bc1qs8nz6k7qs7wfq06w7xjmjd5tvnwrtj6v2gtd6p;9;1;0.71142085;28.08.2022;28.08.2022
bc1q47r8uzm7vyy3dhzpkjuhh78r72m6f8np3c8uzl;9;1;0.64975826;11.03.2024;11.03.2024
3PzG54Y25kqxmvbbNKTNzfxNYsXv4uyFX4;9;1;0.60440106;03.11.2022;03.11.2022
bc1qeesjzw837cuf7w8304c2rjeslqzjm6u4mfg6pc;9;1;0.60197017;22.04.2024;22.04.2024
bc1q57ff9hsy6tqh6dsglrg9pudq0k74sycpql0ckw;9;2;0.53675584;04.11.2024;04.11.2024
3JudXj8RQG8FhtVkCg7WwFLELrrUudAry2;9;1;0.52796136;03.12.2024;03.12.2024
39h4mjtnHhuGp9rAv7SL22YwuwSwdebacy;9;4;0.5270113;15.12.2024;09.04.2025
UNKNOWN:0020b55d98f228481d2fc60f1aaf6fd1a33e5f95;9;1;0.52396654;17.12.2023;17.12.2023
bc1q2kxymggx5srvfm57xg8mxwqhq3n3c78dhl5y32;9;3;0.52330201;08.04.2022;12.04.2022
bc1q9znd5hc6wzyhjsazx65utrfkv7ky7lhfrem46z;9;1;0.5;14.11.2023;14.11.2023
bc1qlygp3u3h9z63cvq4cx33usq7m43qsthgfvftsv;9;1;0.47289912;14.06.2023;14.06.2023
bc1qk7s3jd3wjw6783trph3t823gq3pwu0zpr0r0vf;9;1;0.44990765;28.02.2025;28.02.2025
bc1qtvtnezjv0ptpzlx2q7myyauk96z6h5qepq08pz;9;1;0.43046721;22.04.2024;22.04.2024
bc1qtu9ss445s6xlskjzmke5kk53anl3936y4hja6n;9;1;0.43046721;22.04.2024;22.04.2024
bc1qs0gw3vampk775cuuz92m6df7gkhc8t08q0pdnq;9;1;0.43046721;22.04.2024;22.04.2024
bc1qkq0yh59aqkafdcq32gxg4yxs9qp3657ef7kk7a;9;1;0.43046721;22.04.2024;22.04.2024
bc1q7l9l0c2ex678xnkypj9cxa2m4unznnyes6l4cm;9;1;0.43046721;22.04.2024;22.04.2024
bc1pgy2yfjmtucxdzktlkmevmpnc4g0fnya3tuuazxharzn8h68ryusqeryh2y;9;1;0.43046721;22.04.2024;22.04.2024
bc1pvx9vk3wx7mt476uktx7pr2rm88rmtqfqvaehrgqshd7a3jpge6ususqeqp;9;1;0.43046721;22.04.2024;22.04.2024
bc1q8gal3u2wrzayrle6wuklp4m5ry5v2jnhsmzzdh;9;9;0.39304352;30.12.2024;20.01.2025
bc1qls342ggf0p7zag4lqc5ngll05gk0nj9mz4xuwy;9;1;0.38;21.05.2025;21.05.2025
bc1qn5k0v9gsw93fwr6fkelke4k7utzs2gs8qpus04;9;1;0.33;02.08.2026;02.08.2026
bc1q6e30prjvn5uv7nwgy5l0ccm9cm2g0p04a39ayp;9;1;0.33;02.08.2026;02.08.2026
bc1qeshjgmd5efevqrkrqa7lsvc9x2ckzahuwpr6z4;9;1;0.33;02.08.2026;02.08.2026
bc1qrxxs6536lxwgrrwc37dxyfgqccqmvjq37wr3sp;9;1;0.33;02.08.2026;02.08.2026
bc1q3fx2rakhskyakgfd98tjwyrytlfth8ad4yxlq2;9;1;0.33;02.08.2026;02.08.2026
bc1qjke4rwn8jwrnuuzz0hwvc5elhlfsfuvp4p9c9p;9;1;0.33;02.08.2026;02.08.2026
bc1qgt3yhtkmmqrcvkkemskg223j57ef2d4ek38ewk;9;1;0.33;02.08.2026;02.08.2026
bc1qaatmud338u970qraqpvsdtsrty7mvq3gehwyzl;9;1;0.33;02.08.2026;02.08.2026
bc1qpmrj44wvqqm4hzjw2hl98ssfxgy2g3ag8ysj4n;9;1;0.33;02.08.2026;02.08.2026
bc1qe8sf2nnnx82qx0xumgweyl4kjuyf5e2zempz6d;9;1;0.29428945;06.02.2022;06.02.2022
38CKa3eV7oBu1zkvZ9v6bcTmXBmbX7vMXk;9;4;0.28812037;31.07.2026;31.07.2026
bc1qtqa9yl7s7lpay70e2clj4vdetj5d829rwr25y6;9;1;0.28697814;22.04.2024;22.04.2024
bc1qj6hv4fzwy6ze7y46rgdcsl8436hecmdzg6skzu;9;1;0.28697814;22.04.2024;22.04.2024
bc1pquutaf0rpn0unkvapmckhce6hjn2e6qm3pr5ct2r4nrjc2c4pkqqutmve4;9;1;0.28697814;22.04.2024;22.04.2024
bc1pdwjsec9ydxpm4stakfwr3lv8wzgh65qfqs584feuzw2xpxwq7uts3njtql;9;1;0.28697814;22.04.2024;22.04.2024
bc1phdd95v3afj6ct09syn0auq6g33yluwwduznhy8pqh65ssnr02prqdjyvcs;9;1;0.28697814;22.04.2024;22.04.2024
bc1qvf64fujqyfpq492kr7935tt7qh0d2euq06sppf;9;1;0.26258189;29.10.2023;29.10.2023
bc1qsuj75659pss5gtjy02pawjh27e346lqss7aeys;9;1;0.25;31.07.2026;31.07.2026
bc1qx3ljf7fwfkn4w4r7d6mq5q5rxa7vvw8are3vl5;9;1;0.23187529;31.07.2026;31.07.2026
bc1qlnl7ftwnvpjky8pufd3nhf552em682vf89t8nx;9;1;0.22;03.02.2025;03.02.2025
bc1qeqez84lnccg4dyh9kats2vn7t4zkqzdwp36wc5;9;1;0.21750523;31.07.2026;31.07.2026
bc1qfsahyh3m42862znw3x84uvv7nkh6902upa50z9;9;1;0.20037938;19.07.2023;19.07.2023
bc1ql3jad6mc7xzmkjsavr49ylrrtvaagfy4g0d298;9;1;0.18881354;22.04.2024;22.04.2024
bc1qvl8s42juslkq7xazlujv3jxkgzgr3v6cucwyz8;9;9;0.1886105;05.04.2026;23.07.2026
UNKNOWN:0020ce4fb328c6586b4358c3e9477f15752cc31e;9;7;0.18319692;24.11.2022;18.08.2023
bc1q2fh8h56ewrsnde37jqrenxjjjtg6e7d4s8tpuv;9;1;0.17005707;07.07.2022;07.07.2022
bc1qpdwffhmr30msh5x7n8wjgup2zmfgsd5jfajs5d;9;1;0.16777216;22.04.2024;22.04.2024
bc1qy3elwcynlwuzuvges7a7hdgwh0xt9l74stjc09;9;1;0.16777216;22.04.2024;22.04.2024
bc1q867wk3qh37cklsz83glhzcssqjdykg9lrd704z;9;1;0.16777216;22.04.2024;22.04.2024
bc1qfdpeem84ty80egxfc9ew6v74jcf4hgwngt5w4q;9;1;0.16777216;22.04.2024;22.04.2024
bc1qfnjyuau9u0wu89pznxrh655yjptp79x3f74y8q;9;1;0.16777216;22.04.2024;22.04.2024
bc1qsf2z5wgmsqpmhjm4yh3qsv25n9z5v9fxrz9p36;9;1;0.16777216;22.04.2024;22.04.2024
bc1q4wl4fkxppndd4pt44e0s8u794h85r4t9jq3rsq;9;1;0.16777216;22.04.2024;22.04.2024
bc1qewcag7mx3rs6skhryvmcc0j600h2yl9gn7006v;9;1;0.16777216;22.04.2024;22.04.2024
bc1qmqqse8uvvet534kw6gnknl4mfq7ys8rusxg8y3;9;1;0.16777216;22.04.2024;22.04.2024
bc1qmh2m2a3lh9pa3yzneu4mjxg2z4qmyk9su0h68h;9;1;0.16777216;22.04.2024;22.04.2024
bc1qum2cyx7u8dcs5hmsr7dvuw7vasr482g673scch;9;1;0.16777216;22.04.2024;22.04.2024
bc1qa2n5qyklsv7x72vfj9wm5mzk5xw42ajrhr4q9g;9;1;0.16777216;22.04.2024;22.04.2024
bc1p9g5e76zz3643pgxsqny35vy9t4n5mvhmgdxe6wgjqwtqgprs6zzssfrlgq;9;1;0.16777216;22.04.2024;22.04.2024
bc1pdgjjsqsycq3e5ghs6fsheaqme9czmxu6djku46s3m0hv89arygvs06m2vw;9;1;0.16777216;22.04.2024;22.04.2024
bc1pskrh65zj4wzl3gvld5th9xuxy75qvuxf005pu3vegzuq7j74cuas4uuc72;9;1;0.16777216;22.04.2024;22.04.2024
bc1pcrdwj5d9dyq9hv46klv4wkm6rugacnnlrt440kr28n2hn7k052wqwu4sw3;9;1;0.16777216;22.04.2024;22.04.2024
bc1pe6gjxdpaxgfu5s0s72520yx26zk3dgehwhlrmt38wz7auh86pvns6qxaql;9;1;0.16777216;22.04.2024;22.04.2024
bc1pat2rf40gw7cnkhvy0rte4hcq0cdjw2kwvg7d5822ch6elgp6rvuqjjzf55;9;1;0.16777216;22.04.2024;22.04.2024
bc1qg5hlgq3d6ya5ru9sf28fk6fdxq9uyrvfmdj6gh;9;1;0.16255529;20.02.2026;20.02.2026
bc1q6tgh9hlqcpggk4agh03uqydn58grvyfrpx44gd;9;1;0.15475;31.07.2026;31.07.2026
bc1qvxl6m7g09s54cs85qmmtx57u3huf0x8qmg6y78;9;9;0.15203215;18.03.2024;03.10.2024
bc1q9l0rz7jrwx9uqcq7uu4fvnz7qwfde5rfn2kar8;9;1;0.15;16.07.2026;16.07.2026
UNKNOWN:00208e00842f30859433477d43d05d5be8a42bda;9;9;0.13298673;05.09.2024;05.09.2024
bc1q7slkadkzeuxpx8kd6pmg2nauq226tp4dye0a2m;9;1;0.12494767;24.01.2025;24.01.2025
UNKNOWN:00203fa652912977b8e5bd8ef588b97778d029c1;9;1;0.12494767;24.01.2025;24.01.2025
bc1qqw5xk0qd0u82tlpd8ywm7t0rauv95d604gmwwc;9;1;0.1;22.04.2024;22.04.2024
bc1qq0usrxcnw7yjryx4wd7rvlz03t9vnya4de8f45;9;1;0.1;22.04.2024;22.04.2024
bc1qzkvy6nnls8kk20urnc9mwktgylzwzkug9jzcgm;9;1;0.1;22.04.2024;22.04.2024
bc1q9njut5u2f2entclzkeqejjrjfzfma2anjyhh3k;9;1;0.1;22.04.2024;22.04.2024
bc1pqna3axcghsq38cve774j56n6h6t7jfjw28pp0wu5vu0lzsgahmgs39f493;9;1;0.1;22.04.2024;22.04.2024
bc1pxe9wx22vjhc88qpve54cqj4q4wm5tan4pm77hwkf0lya2dfmldeqv8uu4t;9;1;0.1;22.04.2024;22.04.2024
bc1p8vdt5h676e80py969jj866mkzfzzr6368gaf6avdfpyfzd69c0fs829dyu;9;1;0.1;22.04.2024;22.04.2024
bc1p0xquv67tkexw04g4npp0vgc4wgq8nj5dhkf3x8pp45ylncgpqdts7ss8cc;9;1;0.1;22.04.2024;22.04.2024
bc1p3g0qvuqc2lsjy9vkcwgy6akhnxszhfz46alswuuzmt0xvr7juf9qw9ynwe;9;1;0.1;22.04.2024;22.04.2024
bc1p3644fguppmy2hxhk89rhs5kvs7nj4ek84w3jgq45nvuh8n3e6pas66k3s2;9;1;0.1;22.04.2024;22.04.2024
bc1p5ak8d6a5hd2kk534r49mxhh76pc62uf408qhg7k7wrx2s7rhpsts7dp378;9;1;0.1;22.04.2024;22.04.2024
bc1p49h4yjwlf64prj04sftamzhyqtedyeugcvt9mwrg8umz0wgnmnaqeety5h;9;1;0.1;22.04.2024;22.04.2024
bc1pkxln0tmfk64eqxr2nxaq42tvync48g22plya8aezp5qreypvakksyv46vh;9;1;0.1;22.04.2024;22.04.2024
bc1pk3fvnhe8tahhg6up8wjkrg3pqnnr8epym9p4upy6wfrktjnvy3dqvf8ztp;9;1;0.1;22.04.2024;22.04.2024
bc1peep83709s0z5wzz8cew4p06spfg2g5t7fw4l36rm8fp8r66vvc0q686hec;9;1;0.1;22.04.2024;22.04.2024
bc1q2gymn8khff8a3suna40lvwy786g3w3vv9tzsfq;9;1;0.1;31.07.2026;31.07.2026
UNKNOWN:00207a2c299ba1a658cd949a9085002107b06576;9;1;0.1;27.10.2025;27.10.2025
bc1qgmp028f9qkng78zh45rp7jqt5gqq59kj4lklpu;9;1;0.1;31.07.2026;31.07.2026
bc1q3dqsjgjdtsyu4wcwldxzvcsq04499yncyx82a8;9;1;0.1;31.07.2026;31.07.2026
bc1qu44zrsqaggh6t8xpzwyvyzglgxvq9ksmqr6xhz;9;1;0.09965;20.08.2025;20.08.2025
bc1qy72luk3p5csfn6q0mk54hh7z7qgj4fug22qurm;9;1;0.09097648;03.07.2025;03.07.2025
UNKNOWN:0020b825cba0a2c0ccd52d3df31d4bef67e54de0;9;1;0.08966813;08.12.2023;08.12.2023
UNKNOWN:0020405d1848bef1b668482d971fe0e75055325a;9;2;0.08588704;04.03.2024;04.03.2024
bc1qgr36zfhfw2uph8w2545y0np65qgfw6v2r2drrx;9;4;0.06244604;31.07.2026;31.07.2026
bc1qe88e99mnhmrj6hwc6tdcafry2x20kq24ggnsxy;9;1;0.06;02.08.2026;02.08.2026
32XrH7eA9HDen7sUfw9mdcet3QTjJqwEEp;9;1;0.059;12.11.2025;12.11.2025
bc1qvd8tf5du99v26xens24xn0jyh3qu7nz67azhpp;9;11;0.05492436;17.06.2022;26.07.2022
1FTEuG1PqNJJVKairtGeJ4RpWS94QpbQg5;9;8;0.05425;16.01.2023;24.03.2023
bc1q2vs7a09gasy8a5tjzhg47zlx4qmulnzqw233ex;9;1;0.052;12.01.2023;12.01.2023
bc1qrefn750hy3jarefnedh3xl93wmsx9lxmt6tgs0;9;1;0.05;22.04.2024;22.04.2024
bc1q4akfuw489f5l39zh0gr2jr7dx7fwmttry6g28j;9;1;0.05;22.04.2024;22.04.2024
bc1qchjhgrtzs5f5al7p2z8qx9290t7jkw59jq6zd9;9;1;0.05;22.04.2024;22.04.2024
bc1qcaq0c8pxrjk3sap9l2e3glsnv86w3q6um3detq;9;1;0.05;22.04.2024;22.04.2024
bc1qftssadn7ljuq5d7qxyec7tu2md7ctzmv70cpts;9;1;0.03188646;22.04.2024;22.04.2024
bc1qtkarrvd8e0yrwz3udcjn0jrnhhuk7899t3ex8r;9;1;0.03188646;22.04.2024;22.04.2024
bc1q00c37fmacdqka7xw4jhy80xdg06dyc39lrzv9y;9;1;0.03188646;22.04.2024;22.04.2024
bc1qnuzkejz9uxak78zpv3jrrdns953tq9pe7msxsw;9;1;0.03188646;22.04.2024;22.04.2024
bc1qc895g3xeusnj5thlrp0kruvc54z8tljwxyyxl9;9;1;0.03188646;22.04.2024;22.04.2024
bc1qc5kh09507y9j66vx6le4et6krv2vxhfz605rdt;9;1;0.03188646;22.04.2024;22.04.2024
bc1q60edphkk984rjl2jrak9323ptelfy8rwa3x5yd;9;1;0.03188646;22.04.2024;22.04.2024
bc1qav089vhfn60at34nv9vmmpw3lakqruxrxkaj2r;9;1;0.03188646;22.04.2024;22.04.2024
bc1pt2yp7ywjzys8ftutmr8atd99chclv8ez24lqqww4k7pdg2u9scrsmw6p5k;9;1;0.03188646;22.04.2024;22.04.2024
bc1ptmkfhxx7wyk5l6xg42mryc5fg57gq8dhpu8wquettxn92jsx6yvshfhglu;9;1;0.03188646;22.04.2024;22.04.2024
bc1p5cjxr9rux6h7eyd358c90st5j349q52cj2wn0ye3wsjly7rhnkss0qcecw;9;1;0.03188646;22.04.2024;22.04.2024
bc1pa3pu0l6p0wxguxefqzql7j74jl47eqvcm0wfnazrh96pakjgxjesfugzgu;9;1;0.03188646;22.04.2024;22.04.2024
bc1qpc7xq309jzs7w7renx0hlvdjew8cuk0u0xkk4p;9;1;0.02876294;22.04.2024;22.04.2024
bc1qut0cfqq0rvx49j7sw88708mrdghz6wz9wjfveq;9;1;0.02318536;07.02.2024;07.02.2024
bc1qpnvll2n35u2pfjvu9f05znsxdryhekytntn64w;9;1;0.02097152;22.04.2024;22.04.2024
bc1q8ccqu7vyu5www3lldd3pmfgaeu6zfh0dk53x44;9;1;0.02097152;22.04.2024;22.04.2024
bc1qkq4htg9ycmsvan674w20943km4ytgxuartu2j6;9;1;0.02097152;22.04.2024;22.04.2024
bc1qedh0ly60ynwypephnprjp9lekqkzr2lv0y5rvw;9;1;0.02097152;22.04.2024;22.04.2024
bc1qd37cwzqylk3s743l66usrh0s6lm68hc6qv7ef3;9;1;0.02011822;01.07.2024;01.07.2024
bc1q4qf4fk9qndfdh5t3t7tpd7qxwwsqjhp0tm9dw8;9;1;0.02;22.04.2024;22.04.2024
bc1qq4p7rvzu4rftnup3f043uedc2phl3xyxydv3rr;9;1;0.02;15.02.2025;15.02.2025
bc1pmkxx8tlc8usycmfvpktkwfs3uhjmlmx3a9l7gjcqdcm9nmgxq0mqrwwgfj;9;1;0.01784329;22.04.2024;22.04.2024
bc1qua60n7d3vtfk6tn0uk40jg89hvrmruxq4hfgf3;9;1;0.01614265;20.11.2021;20.11.2021
bc1q2hs2mcjz3lmywssz94qu2k7w6z4qt5qfhfvpl2;9;1;0.01594323;22.04.2024;22.04.2024
bc1qvmm8jx7wmjh0q0zyctepapngwjtxkyz25rj6sv;9;1;0.01594323;22.04.2024;22.04.2024
bc1qwzrqcyu3fuuwcr7r6xyl5xncn79qmgu2dje9s4;9;1;0.01594323;22.04.2024;22.04.2024
bc1qhy4ukvaumehmzmyc4rjjg3jw50pq5sxrdcwfv2;9;1;0.01594323;22.04.2024;22.04.2024
bc1ql8ttmnk8t7ayk2tuwu4fwj97xxf69y3drp3rct;9;1;0.01594323;22.04.2024;22.04.2024
bc1p9czkdpggn0drjmpswvrx2ct92l0lwtx46hh6wzer4zf0xvjaftys793jzu;9;1;0.01594323;22.04.2024;22.04.2024
bc1pgw8gvenprcdftk556uz6trfaty0gx6het2sr50dcwa52wc8tle2s4cxquy;9;1;0.01594323;22.04.2024;22.04.2024
bc1pkj3r5vu54pvdyhe44mxqrzwzr5wu3ct29xanpt4jjmgvslfvzfnsp2nxzh;9;1;0.01594323;22.04.2024;22.04.2024
bc1pe5uz7ng73jptc274d4dye9s5wzd75e974s6ajvcesd0hqfj6ms7qq4vr9f;9;1;0.01594323;22.04.2024;22.04.2024
bc1pmlh4we7gn40ml4tcw53y4gh54k83kdp50hf4wl65ehk5cvh4450q7wrvj6;9;1;0.01594323;22.04.2024;22.04.2024
1Ef1CuA37NkaBcxy4Fe1g7xiz4XDS1aejX;9;7;0.01269229;02.11.2022;16.05.2023
bc1qgkugtz9gj77qq26aha6wced6524f2fy356z0em;9;1;0.01062882;22.04.2024;22.04.2024
bc1q6lxsk56spq76rhdql34hue2hl08sh2frxxxqa3;9;1;0.01062882;22.04.2024;22.04.2024
bc1pr3wt5wkp3yy23x42j7m66fcs6a80rjhz9ml853k6yn8eems7sttq2zt7uz;9;1;0.01062882;22.04.2024;22.04.2024
bc1pthwkpn4ae7wh47szm4g8an369emxrxsqfknlnzj7cdumqlp47dfq8mvhs2;9;1;0.01062882;22.04.2024;22.04.2024
bc1pw2trtxaydzfj637f4dg8jwkp9wxvu6rteulxspcyamn8at207pdsjlp83e;9;1;0.01062882;22.04.2024;22.04.2024
bc1pes27ngpgjpj2j4szvxdkt4unrpk9hw94x7sg4htswswuff20ehsqxfs7hw;9;1;0.01062882;22.04.2024;22.04.2024
3NRamnzRZLSF7Xnsk64SXiRotpp2aJ5fsv;9;1;0.01;31.07.2026;31.07.2026
bc1qafqfknsnqf9u2agznzzpx2wzs9jtr3he8esrt0;9;1;0.01;24.02.2023;24.02.2023
32MkmANfUk35tpDRRp4udQuEpj7MGM8jqr;9;1;0.00861409;24.03.2022;24.03.2022
bc1q8hf450pqln6hehgnn8ppfscrk9ge8k53f62pes;9;1;0.00813882;10.12.2024;10.12.2024
37qkQzhFQFeZUnhQZ4w4d58GE3EsfLiXYo;9;1;0.00758329;26.08.2022;26.08.2022
bc1q82tuaj3k4vnurremwml33tg5v73q0vj7juzgk2;9;1;0.00564091;03.07.2025;03.07.2025
bc1qte907qk7y3uwcllctjdl7e78puvcclpfg75dr9;9;1;0.00531441;22.04.2024;22.04.2024
bc1q38p6xaqjc29ufhwaqawlvad3mkkwe2hrahhqk2;9;1;0.00531441;22.04.2024;22.04.2024
bc1q4mr99g67vqmggmsmw3h8tjv20lk3ehmecjw358;9;1;0.00531441;22.04.2024;22.04.2024
bc1qhdqr5a0wndnl58j9psnh47kgj7gapy90h5jd9y;9;1;0.00531441;22.04.2024;22.04.2024
bc1pznzz6d74znflxada2d9uh026x6c7a923s0cspffmrqte7qhdf69sz2pd9r;9;1;0.00531441;22.04.2024;22.04.2024
bc1pr26e88f7jk9r2xkdjjnwazzy9dllsh0d8rvhc5lp5cvqy4af49tsh8g4l7;9;1;0.00531441;22.04.2024;22.04.2024
bc1pdg7mdnnhcgxxkdct6gc487g8wpe4jj9g0w20djx8yeyrmscmt4hsjnxmrr;9;1;0.00531441;22.04.2024;22.04.2024
bc1pcamsjf80kh006gdmdj3v0d52hgj9egmexsytdkxmknxuec49wq7qnhgplz;9;1;0.005;22.04.2024;22.04.2024
bc1qq9lkd82dztghwcxktzlj0cwysct8j7rgj84klh;9;1;0.00354294;22.04.2024;22.04.2024
bc1qr76f4cvkxp7vp5gqvzvqgla3dlcw0q7454kqx9;9;1;0.00354294;22.04.2024;22.04.2024
bc1qx87s80smqhwmqfemnk0dwugm72cjjq4we7parv;9;1;0.00354294;22.04.2024;22.04.2024
bc1q2rupzefu9383fspd4c45zr3trlwneelv2t5cev;9;1;0.00354294;22.04.2024;22.04.2024
bc1qt5jhaalfxsj644p5ndjev6eq49gla6agqr7lp3;9;1;0.00354294;22.04.2024;22.04.2024
bc1qmv66a8f09ulwwmenhda34zyh2pjjc5j78k8f53;9;1;0.00354294;22.04.2024;22.04.2024
bc1qacfj0at9mmlyazduetrfud6mgmd9v9094x5mf0;9;1;0.00354294;22.04.2024;22.04.2024
bc1pdnz034td5rtwvgagk7c4xurqta6g20mjf4yyqyywqnkwr5yy90hstntmwj;9;1;0.00354294;22.04.2024;22.04.2024
bc1qm5j3qhjy93ayp7xanak2vkz8fc7tv0gdrwffgt;9;1;0.00274619;22.04.2024;22.04.2024
bc1qxdeqecpz0upw2nd0valfahy2772c97kwqqs8t2;9;1;0.00262144;22.04.2024;22.04.2024
bc1qtzwy6q7u7f389fx255fpcc9qluttrstvvduqq5;9;1;0.00262144;22.04.2024;22.04.2024
bc1qtcwc33w8c87g45zc5wgdn9wj6swe9424g4ej0t;9;1;0.00262144;22.04.2024;22.04.2024
bc1qsz5wgs54r005wykzquq8qkdfwn8fkvzhuwg4eg;9;1;0.00262144;22.04.2024;22.04.2024
bc1q50k2mr32lnluk6aaew6rksmwduwnntyeay7knu;9;1;0.00262144;22.04.2024;22.04.2024
bc1p0e2mkmulswn9ffram0y8rcglz2yss060pcrrwptmq2y6cxe6uxxqxru6hw;9;1;0.00262144;22.04.2024;22.04.2024
bc1qqktf84c995497c84r7334cskyjrctm0drs3435;9;1;0.002;22.04.2024;22.04.2024
bc1q8s7ypw5ht6kl5trpyfdy8w0ngterus25ksmm43;9;1;0.002;22.04.2024;22.04.2024
bc1qfdjx6uvdten8f5rrhpeepeush3q2m90apvzcmv;9;1;0.002;22.04.2024;22.04.2024
bc1qwp2pkvp27sgpy0qq0hve8m2krp9yhzfy82j098;9;1;0.002;22.04.2024;22.04.2024
bc1qk30a6kg5twr9l8nyj824yr5pyaxesyk4raheh4;9;1;0.002;22.04.2024;22.04.2024
bc1qu4t3luxh2jlu5ru6cleu3d00fe4hpv4d05s0cj;9;1;0.002;22.04.2024;22.04.2024
bc1ppkj0ze73gcecpyjn0nqlywdzs43e6rvvx460hsu0cnjmvgcplx9qd2a4c5;9;1;0.002;22.04.2024;22.04.2024
bc1ppha78h92tveg4sg4w9nwemkx0zpewukyaha0v90tc838r2p0vg4qauc83t;9;1;0.002;22.04.2024;22.04.2024
bc1pl6qw6kt3450fl2qj888cnynrhw5rdr5x4na0m06nqjm8nnzjjlgsnnc42s;9;1;0.002;22.04.2024;22.04.2024
bc1q4wrjtlq2re5xzqe89k3l3q6espvh87g68tn99g;9;1;0.00177147;22.04.2024;22.04.2024
bc1qx4hphca97yd758kj8f8q5qc86tnnul6kfal406;9;1;0.00131072;22.04.2024;22.04.2024
bc1q840mcvcs2txlzp69wqqgcdr04dkhgktpztm90d;9;1;0.00131072;22.04.2024;22.04.2024
bc1q79klxj0v077zk00pn3re0wv0r2k5k0y58cx2xc;9;1;0.00131072;22.04.2024;22.04.2024
bc1ql3zmulrtlz6t7edvsfhmg5pt98gh2gzcslwdta;9;1;0.00131072;22.04.2024;22.04.2024
bc1p4m8csuw3x89xxnqf85ns72g035qa9yy97n3auf7zgvkn0w34s04qxynq9u;9;1;0.00131072;22.04.2024;22.04.2024
bc1pc8tf936ha5jukpcpnk95samsy3ajkqy3tz2h7fdrptn5jgd03j9qnc7dkc;9;1;0.00131072;22.04.2024;22.04.2024
bc1q7cg4vkrapkwu8ema4ammjy7facdelrglj4e657;9;1;0.00106966;16.11.2024;16.11.2024
bc1qqvyttwvppsj9y4lydj0kw95lgplx0nkcragm6j;9;1;0.001;22.04.2024;22.04.2024
bc1qdqm8vjg7wl66gsfsxvyds3u3cvp6aa5rzu3y4x;9;1;0.001;22.04.2024;22.04.2024
bc1qwmajn2p4tu3036f42ug9lvsfpsv4z0d8l9jk0r;9;1;0.001;22.04.2024;22.04.2024
bc1q09xnm7t8tarqhy5uzqyjgx69j8rrmhrymcjv8n;9;1;0.001;22.04.2024;22.04.2024
bc1qe04udksxqdh4ytla22tdme89xfatm0xglx5mcy;9;1;0.001;22.04.2024;22.04.2024
bc1pswjck8lesf7c5c8ahce4ej7tm8rs75vryfkrjgxj3z60csvt7jqqnzuv8m;9;1;0.001;22.04.2024;22.04.2024
bc1phkjsutj7lqc92h95vfk29f059a67dru5t9rr3cz8k38njwx5ptuqqurjcz;9;1;0.001;22.04.2024;22.04.2024
bc1pm59q88zcss7yc6xq7fmx9z5jmxsqnhf2hfsh92jdsse3w8q2x7xqhxz463;9;1;0.001;22.04.2024;22.04.2024
bc1qnm349rnz6gc94aq64378q4cnr4j24ppswhh5d3;9;1;0.00065536;22.04.2024;22.04.2024
bc1q7k2h93wg035knh7ea5xtjk0jktyxkll3h8c0n6;9;1;0.00065536;22.04.2024;22.04.2024
bc1phmjec3cjup5mlj84g55h8ah8vsq9gy3mqf27egsq3lpcvs3xdvns2tx0hx;9;1;0.00065536;22.04.2024;22.04.2024
bc1qnpzqaua2lcrtvrrvqde0u54zzejlkxsfg6kwku;9;1;0.0005;22.04.2024;22.04.2024
bc1qdqxm4r4nr5f2fcdtllklzeateeg3rq7am0z2c4;9;1;0.00039366;22.04.2024;22.04.2024
bc1qdhx40leghh4nta6dnp8p72jaa8qhfud7lm2pvy;9;1;0.00039366;22.04.2024;22.04.2024
bc1qhvn6guh80utqjanwkec37tv2g840wvft67aszc;9;1;0.00039366;22.04.2024;22.04.2024
bc1p93qec0kkw3y4ur4q8z5npg57a4dtn0uzq8t0864yzm4zqu735vaskeq5ev;9;1;0.00039366;22.04.2024;22.04.2024
bc1pvq98fsyvkn3hurtqe4akzqph4p8tm6jq3cc46zt8pnran4ek4m2sv7l7qd;9;1;0.00039366;22.04.2024;22.04.2024
bc1pv0gctk8clt2yjnnfsrsf5zp9zkzje530r5lgs0ha3yrpe3fywhtqhlt4l2;9;1;0.00039366;22.04.2024;22.04.2024
bc1pmaajjwgxd67ft8rgulp0nv5uwlgd5ntkjt34kh23c4yrvz7vgz0snc0769;9;1;0.00039366;22.04.2024;22.04.2024
bc1qqt4d6tnjfk70uewsu60pja0sxmmj57mu6l03ke;9;1;0.00032768;22.04.2024;22.04.2024
bc1qrqa26s0agfhvrpuw36hctqphyceryu5hwnhmcw;9;1;0.00032768;22.04.2024;22.04.2024
bc1q9pvz09cqhxuxn5vf76n2nmj4ljfq42fkgpexxv;9;1;0.00032768;22.04.2024;22.04.2024
bc1q9hzrz2474h3n882jphs9ka8rs993rg2jy9atq5;9;1;0.00032768;22.04.2024;22.04.2024
bc1qh68e4js7ftveu0lmtmkcs53dzakq99vjuqjshm;9;1;0.00032768;22.04.2024;22.04.2024
bc1q6j8zqplyuy6jnjxv4mr62zpqfvfg6curwsnt7r;9;1;0.00032768;22.04.2024;22.04.2024
bc1pkw40ak5cmz70lr9tf46955lf0flru0pf4fdlr8smszfpvk88slkqy2cq25;9;1;0.00032768;22.04.2024;22.04.2024
bc1pad8hwjm2u7uzl5j2lawdsrt26u5y2w58wzuu9d67z23n0zhql6rqghsz5x;9;1;0.00032768;22.04.2024;22.04.2024
bc1pmdeh65ptuzuhlmf8kcf509gqg69uvy8lg78ru95vjakl389c9clst9vqs8;9;1;0.00016384;22.04.2024;22.04.2024
bc1qqu4nvyw2jy6w63sj6r5p7wt7ud9avpatmatcl5;9;1;0.00013122;22.04.2024;22.04.2024
bc1qr7gskt6ds5y8wedf7dya0af09e2n0g56wwp6e0;9;1;0.00013122;22.04.2024;22.04.2024
bc1q2msflm5x2yetjyc7tnjkvhg64hw8as8307r9uf;9;1;0.00013122;22.04.2024;22.04.2024
bc1q5dwnjj8mg66gtleqlxnu5fr22jkyznvhckufh8;9;1;0.00013122;22.04.2024;22.04.2024
bc1qclhsvm6stfqfd48mh76820waatr2w5xlrsgc9e;9;1;0.00013122;22.04.2024;22.04.2024
bc1pe26lyfftxt7rhh2ggsxcsl2emeef0e64xvzgnhxfarcfxluw956qecj6ed;9;1;0.00013122;22.04.2024;22.04.2024
bc1p0aqw37yst95c6556ed4rnk87c6y29qqc096emlfqjqxdhkn7u74q0w5lzc;9;1;0.00012841;22.04.2024;22.04.2024
bc1q4npsf26df36ptsmvkfzf45q3qep9ufpsk67pwx;9;1;0.0001;22.04.2024;22.04.2024
bc1qyuvnexgutjpfyp9nyc67tupd55vkqn8qau0p5l;9;1;5,00E-05;22.04.2024;22.04.2024
bc1q0sj69wvnjzmeuap45znlcs0k2mfajma7ajzzxn;8;1;23.14573654;19.04.2023;19.04.2023
3CZZFDk1ND3Z78CAUo17kJAT88DrsFfM2i;8;10;18.52768;11.11.2023;02.02.2025
UNKNOWN:0020db12aa6afc4487de58adab447988b7b86e4e;8;1;5.69673187;30.06.2025;30.06.2025
bc1qk6uugzqrdszw7q3yh8hnn52jh2qz24mjnukk8l;8;1;4.86146584;31.07.2026;31.07.2026
bc1q4y33vgqhehx23r33vp6zlrmxqfxrtree25nx6z;8;1;4.14177011;31.07.2026;31.07.2026
3NukwVAT8RMZDDdUrZgqNNrwWCCZE4WFtz;8;1;3.88948385;28.10.2024;28.10.2024
bc1qh6xr44s0zd5gc435acz6465x8spnfkt3swhdkz;8;1;3.80970366;31.07.2026;31.07.2026
bc1qsr97d5p4pupfv09gzexq5ukendnkkgcc5xs6ak;8;1;3.09855607;26.12.2022;26.12.2022
1CU3bQe7XYf8HUewRLLyGEq6B5MZyvbfUv;8;6;3.00383477;14.12.2021;13.01.2022
UNKNOWN:0020e05e7cbd1b91089657f3d2ffbdb3c5265c52;8;1;3.0;17.04.2026;17.04.2026
1FmiGuH5AUPiV5pt2kyX122sgEaZU4nZA9;8;1;2.7236062;31.07.2026;31.07.2026
bc1q78xzqmmetklhttkp6t2rlqamv8pf2rjx62cefy;8;1;2.61491182;02.01.2024;02.01.2024
bc1qd6nhk6efz3uc0lu2nv7pgwvundv8rrpdmdzqhc;8;1;1.99999513;31.07.2026;31.07.2026
bc1q9e6gtt5g0cf8qrd6epf2p8cepd8dmajftf4d0e;8;2;1.68230891;31.07.2026;31.07.2026
192jCCoAFezHERK6wVAe3YWPWPC8gMFhpB;8;1;1.5354976;23.05.2023;23.05.2023
bc1qhgp6kf95vp5xjyxlma5k9qcmgt8fq5kqm7trxj;8;1;01.май;17.08.2022;17.08.2022
3KFrcxJGvh8rTQ8AdK4xuNY2T5mACUoUwm;8;1;1.445451;14.06.2022;14.06.2022
3PfrwXyiVYwuWtwGXsYvThfAHhTg1ZGRGs;8;1;1.17181735;05.03.2024;05.03.2024
3CoSAwE9Yyaj6D4UonnC53aJa9AWY4UW2Y;8;2;1.05087996;02.10.2024;02.10.2024
bc1qtcv754v4wnuc332mhgxnxjjchqu6l0wrjs7j0k;8;1;1.0397957;08.12.2021;08.12.2021
33dZLphr9s2PeuwPk2it7ADrE7HJGLTop8;8;3;1.0109;31.07.2026;31.07.2026
bc1q0vq8984qrrz3gn3wwz8wrg5yvwdwchuh9yxjxv;8;3;1.00841193;27.05.2022;27.05.2022
UNKNOWN:002017030644488b2b9d4abefc1aab6a2ca3610b;8;1;1.00342129;30.07.2026;30.07.2026
bc1qq5z0rzk438mrtfx98tkdfh8x4dk4twskvahdvh;8;1;1.0;22.04.2024;22.04.2024
bc1qra03pnw6d80pa8cdk6a6ezae8dc2cg37vz9lml;8;1;1.0;22.04.2024;22.04.2024
bc1qyjsj48js2kp8lt82arppsw4g0lrkv3l33vmfzq;8;1;1.0;22.04.2024;22.04.2024
bc1qy5sc4v7nc9ky6nrvfq4flzw0m7je2kv3evehar;8;1;1.0;22.04.2024;22.04.2024
bc1qycm8eqhljvuuh6k4qd0u5vxamp7nu202echsgy;8;1;1.0;22.04.2024;22.04.2024
bc1qd9egwyldenrtfmupcyrtudlhny7e5dmlmqgqj6;8;1;1.0;22.04.2024;22.04.2024
bc1qj8heu4hj7t0y4vyre782lra3a88pm8ka5t5ma4;8;1;1.0;22.04.2024;22.04.2024
bc1q5vanwgjzq22r797ppc8t4uax8vu9pa07atp77c;8;1;1.0;22.04.2024;22.04.2024
bc1q508pt3ctukzl95rzk0d7y0s2dchvrqq9csh69w;8;1;1.0;22.04.2024;22.04.2024
bc1qhvtc5w2crwlfl4uljyayk4thhlyz4eamlh7y4h;8;1;1.0;22.04.2024;22.04.2024
bc1qhn0gcunj2xrskwx57p6mrp064f2syny66ec08m;8;1;1.0;22.04.2024;22.04.2024
bc1qeztfzrda5ca5kxky9vmuj6m9rac7zkq5stvfcs;8;1;1.0;22.04.2024;22.04.2024
bc1q6nnsad0dgtphh6rgu8tn9v6jk7vpefu9zeyyq0;8;1;1.0;22.04.2024;22.04.2024
bc1qasd2v458r6hq5tcagcer8ns6xvg9h39rugd68h;8;1;1.0;22.04.2024;22.04.2024
bc1q75ctxr5jhqwucuh5x9tyxhs9m03zkd7shl9hp2;8;1;1.0;22.04.2024;22.04.2024
bc1ql2vng7jtxw84xf3dpesps32ykr9af3j6ugx7rm;8;1;1.0;22.04.2024;22.04.2024
bc1ql06kdax3rkhfnpqlndy95ktaj0wkfj6s436qlg;8;1;1.0;22.04.2024;22.04.2024
bc1pqy58rrakn49kec03587gx87ztpzup6hc78qqrjt8s4ftjlz3dhzq6daxnr;8;1;1.0;22.04.2024;22.04.2024
bc1pqxtxqv4h4649vyf73vxtxzsw75870hn8xlvsrw00exgvh8fccwzs8gpswl;8;1;1.0;22.04.2024;22.04.2024
bc1pq2rreh870a4z9p92f63tsyudfm7zu9hctrasyzrkakn7stuaapjssgt5q9;8;1;1.0;22.04.2024;22.04.2024
bc1ppfnwqzdd9ln3kyum2ykpep0udyq203zz77kl0467g94dhghrt7mqsaae68;8;1;1.0;22.04.2024;22.04.2024
bc1ppt3swq669rvau0kc6et3rr8uxpvsqyxu5jkm5melzlnrcja5a5qs9na8f6;8;1;1.0;22.04.2024;22.04.2024
bc1pplg8z9et3h2ejkd8w3xs7g6p7ch74zg63sxrnwjlh8wkeqy6s2wqc30j8e;8;1;1.0;22.04.2024;22.04.2024
bc1pyulx5k48xyngwq0g8nqj8j98j7ruuat86eg6awd60hr2s4pvvkvqy30mym;8;1;1.0;22.04.2024;22.04.2024
bc1pgzfwmauchl5e75dxnya4rjqfw6m7sq8feszyrz9zxd99wuhqdunqw8zg4r;8;1;1.0;22.04.2024;22.04.2024
bc1pgfq65ryyy9sw3nptau522w7qh07sm0e2mxs9q9xp2pxsual0euksxrtuhq;8;1;1.0;22.04.2024;22.04.2024
bc1p2dags0cp3mzfzu8j88xyfwpg5384k3flqh5yxg8kcl088vp99udqx5uz6z;8;1;1.0;22.04.2024;22.04.2024
bc1ptfxf9ht26dhlxygssp80xasm9n30egsul6f8sl2v4hk4cckz2dpqvdjlh0;8;1;1.0;22.04.2024;22.04.2024
bc1pdvseh9upuesv5a5yup2dhnu8t2f3eza8j64y8g8tgqx4tehzx5lqn7ef3j;8;1;1.0;22.04.2024;22.04.2024
bc1pdhhd4ya628696p580hxs786fjfhs3ey7ungy9sax4cgpfwwzsxxqfa0n8w;8;1;1.0;22.04.2024;22.04.2024
bc1pwce3t6tdhkm49lszfyg5rapref8vh3j3dca32atdf9tne3650lvssxj703;8;1;1.0;22.04.2024;22.04.2024
bc1p39ur9mkgj3gu7rmymcf6r7wdah4srv5d02wl39eageq4r2ekuldsk2ezzg;8;1;1.0;22.04.2024;22.04.2024
bc1p4sz56rvwys98hlnyezllllpuvz7mydmlmr33t0zsq9ys48zqfl8qlz4sfn;8;1;1.0;22.04.2024;22.04.2024
bc1pc40yvqjmfw044eqmxlfskyc4apchn7her8lfr3afsn8fvcxwvshqpjm66f;8;1;1.0;22.04.2024;22.04.2024
bc1pclz6ur396cp7mnkw39ex5cx3ffnuxdmhexe6asvw8we2wglxx5us5rfkf4;8;1;1.0;22.04.2024;22.04.2024
bc1pmqcsec0plracrc3860c49kfjduxmlyq5pac0ljuds8myy2gtr8zsv2tcy0;8;1;1.0;22.04.2024;22.04.2024
bc1pmvlx2t3vnv7nz7ugu5r5sl0uu58zjlpr76f3z3cpa3z30s0jpaqs3d4pfe;8;1;1.0;22.04.2024;22.04.2024
bc1par9lrj7hnqqq3y5h6zjscxjxyvqhgkf8efmsrchxqgrey309jfnsuz4xwx;8;1;1.0;22.04.2024;22.04.2024
bc1p72euyvsjxa0qh8974q3gqh7feyq86j90q7akmef52ll6g8nznp5slgvtn4;8;1;1.0;22.04.2024;22.04.2024
bc1plseumqnp079hmjh7yt58ejyx0cyqkst54tm6qcspgxsq0qc38jxszn5kjj;8;1;1.0;22.04.2024;22.04.2024
3Hfsy7Ftz5JMMun5RYJiQwXc1MRE8ifbcJ;8;1;0.99;08.10.2021;08.10.2021
bc1q8eyew6x84tx6py295knm29lu235fatuqtw42hz;8;1;0.9070637;31.07.2023;31.07.2023
3QFjjMxUBU1sDhod87xcFgxxbaVU5BsTaa;8;2;0.89279723;23.01.2025;12.04.2025
UNKNOWN:002048ae374072b09b40b7c925e1499c1f95add2;8;1;0.86686609;06.01.2022;06.01.2022
bc1qqf9dny77veme9sj4jpnr45ue9a62j25ypaumnx;8;1;0.86093442;23.04.2024;23.04.2024
bc1qzrepwhgrumck2c55yxdy8xr9dufl2jaht7q33n;8;1;0.86093442;23.04.2024;23.04.2024
bc1q9crqhe8380fepejvl3r6lz4e6r7e59r9zz6q7h;8;1;0.86093442;23.04.2024;23.04.2024
bc1q82wk282mjyaj0y8d7rhmvt78qkq9l90y6yzvj6;8;1;0.86093442;23.04.2024;23.04.2024
bc1qga6t4f8ts65gfpxy03a6sa0xkjhj92gsy4ruty;8;1;0.86093442;23.04.2024;23.04.2024
bc1qfzydqeqenmvkqg04wu9f4xhf7pj6thk6gq6trz;8;1;0.86093442;23.04.2024;23.04.2024
bc1qferurgj7sag2yx3c6ppgw7pvhe5ky07ahpwlqx;8;1;0.86093442;23.04.2024;23.04.2024
bc1q2f9xj6pjes8qgl5eh3dfyk3adafjejepaeme7v;8;1;0.86093442;23.04.2024;23.04.2024
bc1qtxn3t7nldrg5n8ycyqgp5lr06hfuvd8dsljy6f;8;1;0.86093442;23.04.2024;23.04.2024
bc1qvurczrygks2fqc0pa5lyc0jtkrwvxp2y4m0f2j;8;1;0.86093442;23.04.2024;23.04.2024
bc1qdt7hjcp4xw2lagnlup0lnpla88fre7055rca95;8;1;0.86093442;23.04.2024;23.04.2024
bc1qdk0s4cz9fkaa9h9u0crvn3p7d2lcf8v7d3yrzy;8;1;0.86093442;23.04.2024;23.04.2024
bc1qj237692jf9mzarwr5k9cxptleu7w6ffjt4k6jt;8;1;0.86093442;23.04.2024;23.04.2024
bc1qjn7xq68uew2k9eqzqhhds0cn8h6e6m2l62e7pp;8;1;0.86093442;23.04.2024;23.04.2024
bc1qeaet5fppmvqa7cunvmr6p9s4e49ecw3eu378gc;8;1;0.86093442;23.04.2024;23.04.2024
bc1qmxj7u9de9rcca4cjpknrvrtrvq7m4sga9kgthd;8;1;0.86093442;23.04.2024;23.04.2024
bc1qmem3qug5pzn83ak5eygnhnmca0hl8z7j3d3yyl;8;1;0.86093442;23.04.2024;23.04.2024
bc1qulsre9m9am5xwmq4tdfp7ff425x0jlkffz7vvw;8;1;0.86093442;23.04.2024;23.04.2024
bc1qayr79l3m06fhvqlrzm200jqmk5dmlj4qlqjcls;8;1;0.86093442;23.04.2024;23.04.2024
bc1qa3ve52xlfq9wmlvtr6q35ejlq3ch8v4y8gmzn9;8;1;0.86093442;23.04.2024;23.04.2024
bc1pqhzjpsaz4slz594jsr8dp42wepuyg9u8krhclywm4fsjrh9npxpq6plfq7;8;1;0.86093442;23.04.2024;23.04.2024
bc1ppgfd0xvks2tyzx324ug5mnwwtvrqg5csqk2seyjqymynr8957m8sca4yh8;8;1;0.86093442;23.04.2024;23.04.2024
bc1pp247hvzfe0wp23804fgvvqucda0g579cprma9hs3l6rxgrjqua2s89n74n;8;1;0.86093442;23.04.2024;23.04.2024
bc1pzewvts6l7284kuc8d87k68zczsdlt5d4wmvvkgsazqeasaanwn9q3csyvs;8;1;0.86093442;23.04.2024;23.04.2024
bc1pyukhxaq24ul02yjflrs8759tjf7dnzp7pngk20x9w5psd7jskjrq32akch;8;1;0.86093442;23.04.2024;23.04.2024
bc1p8mgz27t4pvhpnz5rrnaquy0pl7py0j7k53t403ndrf4gtqygtxlsvn0xgx;8;1;0.86093442;23.04.2024;23.04.2024
bc1p8m3cr58tnxweytev7l9q8q45jayg2lk3j0v8nuj87nlc2z9qhrtqxgg0rn;8;1;0.86093442;23.04.2024;23.04.2024
bc1pgqc365vlm70nj2h8624lkxugwm46ufcpj2nc9nw6agg2xrhm6wrqgjju6l;8;1;0.86093442;23.04.2024;23.04.2024
bc1pgp8g699pa3lsr2l9s6cje0p3fk4sgsgtgg476zyhg2n882652zgqjnlhvr;8;1;0.86093442;23.04.2024;23.04.2024
bc1ph95dlpe5l5gpzvqkac2hk6ehfdseem95dxfz354jwvytz2frkvgsgh0j0e;8;1;0.86093442;23.04.2024;23.04.2024
bc1phkvpvwpwmxy4d33awpmtjwhkz2p8n427pncx9uy8fgy6tg0z87tsvyyv56;8;1;0.86093442;23.04.2024;23.04.2024
bc1pcfyl9tpppktzksg533nsr9rulen4q84jf23n70p95g4hhylqcxjsr7zhcg;8;1;0.86093442;23.04.2024;23.04.2024
bc1p6f5pyv54z6zy47sdhdw9ql75cs2gs524lt3zd9t0eyxygp0yfagscm6tjd;8;1;0.86093442;23.04.2024;23.04.2024
bc1p6wpxruxfq2gw4zh9a0anzqkhlkdd5jxx6wkrnzn24r8ut0rlfhlqyregpn;8;1;0.86093442;23.04.2024;23.04.2024
bc1p6e5jur2heacj54n9ywkpm9t4m9zpj9anuqapxdncp2s8dgsh0xzs4k425s;8;1;0.86093442;23.04.2024;23.04.2024
UNKNOWN:0020fbd8972d3ca886b84792dc3c76c7ef49b451;8;5;0.831;03.02.2026;12.03.2026
3A6WPHG12WPCg9LxBAmZDUzau36V47354G;8;1;0.81082809;16.01.2026;16.01.2026
UNKNOWN:0020505e3a5e75ffb3a665a1eb319a1f48a86762;8;1;0.77955025;10.01.2024;10.01.2024
bc1pne2ue9yj9ewhdn62enjrz4nkntrps86u2yk2yr6hfxr4x2y2sw0qjw3a8d;8;1;0.77413341;23.04.2024;23.04.2024
bc1q7jv6xvhy0sf4jha6m2pgwnsu53za0xcsyn7uka;8;1;0.72853507;31.07.2026;31.07.2026
bc1q8343t9pucdr92ng4k9zwpnxrwc0q5a7lzjcjmg;8;2;0.7;10.01.2024;11.02.2024
bc1qm7vr8qy9qllh089ka0hrygqzkxd6kqhym4nuhk;8;2;0.65246738;31.07.2026;31.07.2026
bc1qpzz6xyqpyrhfyf9lk73vz5jhugntvhzg9xw6pf;8;1;0.64455783;31.07.2026;31.07.2026
bc1quyddmlhanauplhfzknwp78g8fwnjpmclqjjtga;8;2;0.64237388;07.04.2022;07.04.2022
bc1qfk2upfjflcgfw5mzv4tczmpnqrf8qslvqxg8jz;8;4;0.54124703;20.02.2023;22.04.2023
bc1qeus3t0f8lzzwqgtkzhrgqjfv4xq4uc5hc2uz6a;8;1;0.53720577;22.04.2024;22.04.2024
bc1q6c4a2m0rlekua7dp856nx6ml29wq75vt8r8lag;8;1;0.501;06.01.2025;06.01.2025
bc1qg783aa54rk4e4r2yd5s2srtajf0wn0x9guyadc;8;1;0.5;23.04.2024;23.04.2024
bc1q48y3rcnv22vatdkjcm460yux7mv96n6w4sjmj2;8;1;0.5;23.04.2024;23.04.2024
bc1p90trrywx8xjlrxea9gammk8wyfg5z9l46smlhpv0jkmhn5g75lwqxm53hr;8;1;0.5;23.04.2024;23.04.2024
bc1p2rayk6yey47r5fgkq95gnrtma63k9nxr7ln5u6yahx0h7cua8mpqlauvv7;8;1;0.5;23.04.2024;23.04.2024
bc1pdgsm0ee2f3a8nmjw4s0smt3tdxsr0v9v834sf2d9eg2jumr270ls9xp8w6;8;1;0.5;23.04.2024;23.04.2024
bc1pdfn63gfel925czzgw8w3gk4f2d6np9sqgqrqxdljcml3m94lgr0scvxnj5;8;1;0.5;23.04.2024;23.04.2024
bc1p0kmxh98j0pmlert7txuk9h357whu25pm8jm7uslv6qwj2s8ke4sq5s6wum;8;1;0.5;23.04.2024;23.04.2024
UNKNOWN:002033f202787560f8bb7fc5932ef82f7d779a00;8;1;0.5;31.07.2026;31.07.2026
bc1qfpzt8vvvt7p94gjayyr6zqmmplukpj29dnxgjc;8;1;0.5;22.04.2024;22.04.2024
bc1qf876kt83d364f9twglt7cnwhervsphju638dpc;8;1;0.5;22.04.2024;22.04.2024
bc1q2pks6tyzdgysrq0evwzr7lrjh8pz97nd6hvsvp;8;1;0.5;22.04.2024;22.04.2024
bc1qj344svnnp8hv5gkkvunct938fclly9zvfw6rz4;8;1;0.5;22.04.2024;22.04.2024
bc1qkmve5w6m37qsqukfdd5w8yv3ggc3jkwxq95t25;8;1;0.5;22.04.2024;22.04.2024
bc1qhr4ed4epvx4lqv3h2vr8tp8904fqwd5pae89fm;8;1;0.5;22.04.2024;22.04.2024
bc1qhgpdzk5a9jj0fkjyjt6d5f5emc09wh5x42qw6p;8;1;0.5;22.04.2024;22.04.2024
bc1qa78a4axdzjjya4hrdwz4weltz9jy6eacct95xq;8;1;0.5;22.04.2024;22.04.2024
bc1q74q9hq7kesuwazt9td2jkf297lc7sr2zdc2a76;8;1;0.5;22.04.2024;22.04.2024
bc1p26s7qwv530phqqx7ftcgdsf5nxlnh9xzntw3pyedara0kunqrgzqj8we7k;8;1;0.5;22.04.2024;22.04.2024
bc1p00lmm3pewe75wrhjh057tth3uz8ee9nzmml0uqyj4ue7eu29ereq3lud27;8;1;0.5;22.04.2024;22.04.2024
bc1pcwfn4rzxamk7rmqj2cyng4udt9ct4mnym4x8apy6gsjyak9gm3xsar5348;8;1;0.5;22.04.2024;22.04.2024
bc1pecaxa72m3eekzdua7frnswqv9nghwma2rs0tgtaywmvwysx6dp4s89zp3c;8;1;0.5;22.04.2024;22.04.2024
bc1plc6749e40759dqp2lrf2vl4tuujmedd0h4mv40fh9rfyr7tt22mqntas5n;8;1;0.5;22.04.2024;22.04.2024
bc1qhnlx28afxjhrc0w2prcyhdxdf8dgjrz2ljuuxn;8;1;0.5;31.07.2026;31.07.2026
bc1qtu5p36e75rht6ne2acln5zqnnpdhxtznr4948q;8;1;0.49697231;25.03.2022;25.03.2022
bc1q7w8st46qavem7wv3mgedpkhzz7ge4wlwetmcjl;8;2;0.46230965;02.07.2023;02.07.2023
bc1q3tyt7fysvvjzslxqlhy03tkk2dqyau7xn3038q;8;2;0.44160943;04.08.2023;04.08.2023
bc1q0mgd0ytfhyh34mcmhqhaejq6r7wuujvtcg3x2g;8;1;0.42214358;31.07.2026;31.07.2026
bc1qm5gle4ca57x0h0fp4lw80yljhav6ylw7y683e2;8;1;0.3909244;22.12.2023;22.12.2023
bc1qx3wcacvu069sllxx495dwccup94znj8e90n9xn;8;1;0.38967306;30.07.2026;30.07.2026
bc1qrk5qnu6n3uspvch6j2cpvdgtfrwnmyw03fxh9c;8;1;0.38337141;31.07.2026;31.07.2026
3ARaryCHoL3Mxh2UbitGKEuEhSJTMbVTEL;8;1;0.35758744;31.07.2026;31.07.2026
3ATe3P8JyuXr8CPw1KtCHWvGWpp7SBBkCe;8;3;0.35;24.06.2025;16.01.2026
bc1qp59dr9vpusv9pz5zxxyhxjgunu40vn87m20py8;8;1;0.33554432;23.04.2024;23.04.2024
bc1pypws24ahqxza9sjhzfavxqxvqfgkn4sjyg79vj4psshfq6sgk7cquyelux;8;1;0.33554432;23.04.2024;23.04.2024
bc1ptv0ejfqzhm0t3yh5l0e50693mtnxz2mpxl3rh63fh5826uz8s26sna5jma;8;1;0.33554432;23.04.2024;23.04.2024
bc1pth0ue4lcpth63e69ersjd3qykzjkvtsp4hkfpcggghw89hw7grjsgst0w9;8;1;0.33554432;23.04.2024;23.04.2024
bc1p74e435s6t78qqpe5wvy7dj6j6m2062tjx3q7z02rsn2h5htkz7eq6282y4;8;1;0.33554432;23.04.2024;23.04.2024
bc1qyy9nram8vz3y62dmvd2jjhcymurgwady4ph5mc;8;1;0.33554432;22.04.2024;22.04.2024
bc1qf9cnfj8ycu7szhcfwe32prhsgcxr4nrzptstla;8;1;0.33554432;22.04.2024;22.04.2024
bc1q23vf76ljyjhnvms90tmwdqg6ajsvvruhuyvs45;8;1;0.33554432;22.04.2024;22.04.2024
bc1qt49y3yrftueuzf3ngvp2qs95twzx3y97c6prev;8;1;0.33554432;22.04.2024;22.04.2024
bc1qw6eshd9a48van7sw2taz39aenv24g3qc940eay;8;1;0.33554432;22.04.2024;22.04.2024
bc1q33hz4796sgd6egdwd0nhj52nz0yvrdjsxqzwk8;8;1;0.33554432;22.04.2024;22.04.2024
bc1qkfucx6jdtlylne2n7vdxzqtk5nvcdda0vzcfry;8;1;0.33554432;22.04.2024;22.04.2024
bc1qu9mxkum8tjs6em6ukzdkus35t5y83tuf6rtcly;8;1;0.33554432;22.04.2024;22.04.2024
bc1quxexqxl0try44w7luwhr92ljecycqv0ahde9y4;8;1;0.33554432;22.04.2024;22.04.2024
bc1qu0qr37a835f6jptcqe8uervph0mz7kg9jarkvg;8;1;0.33554432;22.04.2024;22.04.2024
bc1p8yuqklqhn9h07a6jqwmvy7qcqtt36lemsudcu6rw9nkpgt3pdpqsje0p7y;8;1;0.33554432;22.04.2024;22.04.2024
bc1pnsn7zmenfvuzydg4zds074yfynw3tqlkzluffzyfq8z2zcq6hnuqkdahtl;8;1;0.33554432;22.04.2024;22.04.2024
bc1qmvrukgtskqvcm6auwdnx4jaw5dykxyfc3gjeft;8;1;0.33484625;31.07.2026;31.07.2026
bc1qwu5s68yqswvytdj06qnavzx0sdgjw272t0hx22;8;1;0.32665358;31.07.2026;31.07.2026
bc1qf6xsx6d8kdf5u7nqsfyjwm6z9mrsr6y2fw0wd9;8;1;0.32209849;31.07.2026;31.07.2026
bc1qme77vs7vuxdj6rxf78m6xenv4v9fk7ftzxtnwe;8;2;0.31129222;31.07.2026;31.07.2026
bc1ps5cmytd9xmxj0ke4g5vlakxy8vry5hxy5cllldeh4s6ds8augavs5ssavw;8;1;0.3097902;30.06.2023;30.06.2023
bc1quc2zlackgr2nd96a0e3ytsfa4y4j3ukd3dhute;8;1;0.30895123;01.06.2025;01.06.2025
bc1q7tk9xch3f7cwucnsjm58kxfk5zcj9ur4ae090l;8;1;0.3;31.07.2026;31.07.2026
3QGhDokWdSwox4PMufzhTfRSEP5cQygVHU;8;2;0.27523856;07.08.2023;28.08.2023
UNKNOWN:0020f318c0dfe6bcd98eb4e81a58b3554d2d7df6;8;1;0.25;09.06.2024;09.06.2024
bc1q0yh73d60ueqx994mf80z9e68mygpupdmlwp3e3;8;6;0.22204;09.12.2025;16.07.2026
bc1qden0c6qylmt477fgctdgpahqg8un7etyppay99;8;1;0.2;23.04.2024;23.04.2024
bc1qwra8gjpcd3yh55rvscu807r2p86y72l47taxh5;8;1;0.2;23.04.2024;23.04.2024
bc1q57kgpdvn5rll7daaqe4jgtkfjsp035076kww2d;8;1;0.2;23.04.2024;23.04.2024
bc1qcjcjn602frtgrcrc0hchw7yp76hpuk6e0vupfl;8;1;0.2;23.04.2024;23.04.2024
bc1qylm5gd0u6eqqt2hsd4w02j8eqxagw5qd6ut6cz;8;1;0.2;22.08.2024;22.08.2024
bc1qyj82ujxhkztu3gtflu4ffdnkme7d9leqagn8xg;8;1;0.2;22.04.2024;22.04.2024
bc1q4n4hu4c2nfpngg3glp5kdsdsazx5hhz47mrj7k;8;1;0.2;22.04.2024;22.04.2024
bc1ppp24yqel9xw2ch8fq9qq9jmjfdkeax765gkx6kcxvqyk365p70msry6rhr;8;1;0.2;22.04.2024;22.04.2024
bc1pxh0z0hs6p8m0kxlj78np5ctwy3mrsfywhl3f5f5fdepgvxk04aeqqpfprp;8;1;0.2;22.04.2024;22.04.2024
bc1pkd23rgds3y44fzqksxlc4lj53p73nmtzad4gmnzh36c6s9mrux8s4anp4l;8;1;0.2;22.04.2024;22.04.2024
bc1perepxhqua3l79qprfpdyq26jx56c5mxw3eunk27w7snxr0prkn6q9yta44;8;1;0.2;22.04.2024;22.04.2024
bc1pa8r44avefquhk6c5rsdy6q2j3699nz96cmhxr6qu9lkmc8ff35ms50glex;8;1;0.2;22.04.2024;22.04.2024
bc1qfrvn827hajwntln3tr2732lvp8hxtex06tz545;8;1;0.2;06.05.2023;06.05.2023
bc1q2r2rrqfj8uwxmpg2u0rsazwk6flylkkk9d0uy3;8;1;0.19960466;31.07.2026;31.07.2026
UNKNOWN:0020daffce10e29621b2404cc08d964e4b44e99f;8;1;0.19913262;10.01.2024;10.01.2024
bc1qgmqhwzxvewzyz84fesn6vq2zl62lgygqr7zalc;8;1;0.19109696;13.04.2026;13.04.2026
bc1p4ape4r86n6mpjkmywy3kagvsknlf20tahm7kwp05m75r8j9pfgrqm5vxsn;8;1;0.14348907;22.04.2024;22.04.2024
bc1pkmnfefz84zv2hfp0cfehdmua2kv5u687dfztwahl9mk924djhu0sc6guaa;8;1;0.14348907;22.04.2024;22.04.2024
bc1qtlhe23rf7g8m30vf3sv7m74s49mt58yj86je3a;8;7;0.13433331;17.05.2025;29.10.2025
bc1pp9h4ff2gswkgkwphz4gcrtd0mg39asvudgvdal2mu8xyklup7cqsglpz49;8;1;0.1331914;23.04.2024;23.04.2024
bc1qypyepnfh3u576xhyvx888ee0ar9ccvr4y2mu0x;8;3;0.12933964;13.11.2021;13.11.2021
UNKNOWN:00208dc5ece41d2edc8e6a01a44c9ae002c3f03f;8;1;0.12268882;09.03.2024;09.03.2024
3Q81rUviAYwgTJsEbT4DaSdadwZDe7urxd;8;1;0.11970899;25.01.2024;25.01.2024
bc1q2et2qq35m9jmsjzc82hq48pqfn4pjcduywlgng;8;1;0.11688297;20.12.2022;20.12.2022
36cDAHz1GQJDYTbwke4AQXSVUSRg1S33F6;8;4;0.11533392;18.10.2024;30.12.2025
bc1q0s6c3hp97z8zzelen2e8wlj9jdflqqky56dtfy;8;1;0.1129378;12.01.2024;12.01.2024
bc1q8r3233jff0tlherm9nwcznxwhtz8tn0ztyvdfv;8;1;0.11196639;13.02.2022;13.02.2022
bc1qtwnv0ndg2d6jldwr8k36jl8gljqp9qm5lpd6jx;8;1;0.11;16.11.2022;16.11.2022
bc1qzfa9cec25sy0c7u4ws7cw65xgst688a02vsusu;8;1;0.1093137;17.07.2025;17.07.2025
bc1q4fucx2f5jqmyxuk7qdxgsthqnqt584vl8l94kf;8;1;0.10452372;31.07.2026;31.07.2026
3F2DWTPJK93hmrmsmUb3WWX7Ak67BQhr8Q;8;1;0.10365672;28.04.2024;28.04.2024
bc1qydc86jun9eqhkcnha4s5sqe56ancymj6txvz0w;8;1;0.10213959;13.03.2024;13.03.2024
3ADBpro4agWxVbgXTukR4HVVFbhMMBp736;8;2;0.10008993;25.07.2021;05.08.2021
bc1qr6n8wk0v9f644zgwpw2sqv6qxeleaqrkgufu65;8;1;0.1;23.04.2024;23.04.2024
bc1qxtxvv4zrv8d047xtuy9zc4wee2wv4kzqj5zhrz;8;1;0.1;23.04.2024;23.04.2024
bc1qd64v6r8lnvnq5nx2yshjsxcuew0xgpuf4ljsxx;8;1;0.1;23.04.2024;23.04.2024
bc1q0vjstlrvmhucu56rkrffmkj5dqx8mydc8h282z;8;1;0.1;23.04.2024;23.04.2024
bc1qe099s0xt2gvajg8h2f3c7vcq8tr2gn8wc4nwkk;8;1;0.1;23.04.2024;23.04.2024
bc1ppahjwr93w8zlade8p4fk9m3rcyfcjgnfd7jl8y5elu0eg5wmju3smxsn2k;8;1;0.1;23.04.2024;23.04.2024
bc1py4fgz93l595k4yvk7f5qdsfr2dlsqmps0jzyguf6t0c97f8fnhxqu8rxd4;8;1;0.1;23.04.2024;23.04.2024
bc1pdm28swsh5hw2dkhr0jv2kt0vhmhjuxdw2ejhl4ph9rg57vsp57wq32jlf5;8;1;0.1;23.04.2024;23.04.2024
bc1p38znpaamqjgvwnedrk4vj4u6udwask8yfvrwxvpm2gn8w0e9qj9qxluem4;8;1;0.1;23.04.2024;23.04.2024
bc1p3tgtvrx5hhnqx0u9maktyxdeq9ytwxfahm9aa5e4wm0u03nmal3qps2yet;8;1;0.1;23.04.2024;23.04.2024
bc1p3arl2dxle54spnc7ssg796sk807a3qqrd48mxm3gcua95ayy8glshs0nj0;8;1;0.1;23.04.2024;23.04.2024
bc1pjt57ljs5kp0rrnru7qm3d2g8pr9z6drkhgfq7lcf4ler98vyjwgqy9xzjh;8;1;0.1;23.04.2024;23.04.2024
bc1p6mnnlgf8sjsjgrvexjdhgpl3yvukumsncy2ly8xyx0qcaz64ncpq5glg54;8;1;0.1;23.04.2024;23.04.2024
bc1qg9svvjpuvun0t8gc8sxqm9vh5qy2wdwtv7cjel;8;1;0.1;22.04.2024;22.04.2024
bc1qf53m2haz4va57l7fjxer87ved4kla07wzrz54j;8;1;0.1;22.04.2024;22.04.2024
bc1qdf6u7v0rfqck7pp8mntp5zj4eh5c2h9sl7pfwg;8;1;0.1;22.04.2024;22.04.2024
bc1qednr3cp0n2leku7f3retkj6hpl929uv3c0w55h;8;1;0.1;22.04.2024;22.04.2024
bc1q75hl5fjs9nncvku09smr3mprn45wferhyjk3dx;8;1;0.1;22.04.2024;22.04.2024
bc1pxl0lld2zs8m4pd0ldkuag3wmjvlw02d58kyq9wqqtt4au9hgselsvxq468;8;1;0.1;22.04.2024;22.04.2024
bc1p2dklsllu35m8t9ldkz9wjhyzzup4ym6khr2yxhf9jywwq8a2q0ksqyzlt2;8;1;0.1;22.04.2024;22.04.2024
bc1pvxym8ldtmlj4euxe4dxp3hjsclz8ns6w2t49tn2jn02aejl04s5qtaps75;8;1;0.1;22.04.2024;22.04.2024
bc1p38ymvw6uunfqyhvgxmjdzmuwdsnmh4nuchz3gpu5ldhx7u6kmrsqzz3hdt;8;1;0.1;22.04.2024;22.04.2024
bc1p3kpkh955uwpetra225drske936g6t0jx5ll5tn8kkg99ey0c9k8szk0muk;8;1;0.1;22.04.2024;22.04.2024
bc1pn7wukdptgvf0a6u7zedm6mupty0fctzwqmzeyaf4n6zwpp4rkujq0sfjh4;8;1;0.1;22.04.2024;22.04.2024
bc1p0v66wspd4vwppmuw8a0wjr06jhz9z8gaqy5lje7wq8ap8jrs2e2spz97sj;8;1;0.09539634;22.04.2024;22.04.2024
bc1p7agpnu0z6jkw53zlql4dye85e70nwyt48ljlulu5fvdcv2cgw3qqw7kc66;8;1;0.09200995;22.04.2024;22.04.2024
UNKNOWN:00205df93347c179c477c898d2544a558aa93e81;8;1;0.07999397;16.03.2026;16.03.2026
bc1qapuc5xe5nxe4qkcg7cgp5qlyerp4uepp5yp93m;8;1;0.07997916;31.07.2026;31.07.2026
bc1qg5pzf630jpyset2wj8kag8whlquak3dc73acv9;8;1;0.07997645;08.09.2022;08.09.2022
bc1q6xr97hqq0d7lfn23kdkp4ggc9ph43tt75ag5z6;8;1;0.07966729;23.04.2024;23.04.2024
1MxG1w6Cn3y8Gf2erCN7auEuzreHF6qKEq;8;6;0.07354982;19.08.2023;21.09.2023
bc1q6a8zz8kupp7a9kt8cqzgfhyp0x9nsfv5dwhcga;8;1;0.0725393;31.07.2026;31.07.2026
35Ar6DVX3arQKsMPxRoVgF2gKCUEqS8fyp;8;1;0.07233032;31.07.2026;31.07.2026
bc1q2qdf2r9m2tvfs3tc4at2quxc3778yls2ucxrg8;8;8;0.06993512;18.03.2024;05.09.2024
bc1qke74wecfrafpsdn7lhxvkk603v0ad3w4wa5lqs;8;1;0.06618884;23.04.2024;23.04.2024
bc1qwtf7m8ljckhdd2dnch7uhnyazc0sytm7q2rny2;8;1;0.05570471;31.07.2026;31.07.2026
bc1q8p5r9u5mvrmh76kawzta9z8u5yntjrcgkqduqe;8;1;0.05420098;15.05.2025;15.05.2025
bc1q2u2kzvahgy6vjql78kqfd5sw4wynvehqr28pa9;8;1;0.05324371;27.11.2022;27.11.2022
bc1qrl7hk047r9p7uhh4xths802gd29hhxvpq5gle0;8;1;0.05;23.04.2024;23.04.2024
bc1q0nmuqx0mha6tz09rq736n4wcna5lyjql2zzep4;8;1;0.05;23.04.2024;23.04.2024
bc1pp82j8kd36q744328cgcpw83rurq6058pkm79xnc7xmx79z3rfkxq3w3fx8;8;1;0.05;23.04.2024;23.04.2024
bc1pej8wa8x3zj0l4kexdtswxrtanufypdv03j03xqvv50paemga4v7sqm6pws;8;1;0.05;23.04.2024;23.04.2024
bc1qx9a73ty46xj6dq26sqreqxyj893h0ftqhj8c7p;8;1;0.05;22.04.2024;22.04.2024
bc1q0dp7xkarkyekdk9jpa90ncjjej5guqqw5gdnyd;8;1;0.05;22.04.2024;22.04.2024
bc1q3g3r3t7rwhrnkl04r8wgy0t8jfg2zpu7cluaam;8;1;0.05;22.04.2024;22.04.2024
bc1qm6ajyfqmnuaxpd3sc9wk8l8e7yua9mwrdfvnkh;8;1;0.05;22.04.2024;22.04.2024
bc1qaup427sdkwef2cr2htrttzh969ad90sat0ztdz;8;1;0.05;22.04.2024;22.04.2024
bc1pqxh7w2karrqmxxfw72vcnvd2gnp6l2g2tvtpffxf3nrlk86qg5xqj55dlw;8;1;0.05;22.04.2024;22.04.2024
bc1pcmfyrclcslsu4pkrt98xs2f38l8yl9nan7kx7ray47gvph58mcdqn9rvkf;8;1;0.05;22.04.2024;22.04.2024
bc1qsjfz6t57mvm05la2a7yej7aytejzrayxceqpt3;8;1;0.04833624;03.02.2025;03.02.2025
bc1qpfkvfre8a53upaultyqvu5gppjctn95juvw392;8;1;0.04611301;09.04.2022;09.04.2022
bc1q99kxmyt82p6ery49v9dq9gghhf4z5hvslzp9w0;8;1;0.0456013;10.03.2022;10.03.2022
bc1qlczs4taahs2v2due52nq508sy98vyzmk6m2xzc;8;1;0.04196604;08.05.2026;08.05.2026
bc1qj3f4kyac3nn9zfjnkqhr5e7gckqzypkaqp6z5t;8;2;0.04070557;12.06.2023;12.06.2023
3LfQ19cg8jFjmsqz8HNb6c8xcLtEAzrRNY;8;1;0.03497322;29.12.2024;29.12.2024
bc1qus7wvvxg3qwvey0jtewqfm3ha4f6k4c263lcq2;8;1;0.03412633;23.04.2024;23.04.2024
bc1qzm8z0w7u32ym4tzwh48dcm7kulhmjek63sa0dq;8;1;0.03188646;23.04.2024;23.04.2024
bc1qx3y3umzegssnacnkeunk7w2750dgw07fk733kr;8;1;0.03188646;23.04.2024;23.04.2024
bc1q8ad7h8gly24zx5rvjgpwqszadas4gj56ans2da;8;1;0.03188646;23.04.2024;23.04.2024
bc1qjukxlvkh9vwjzu7jftafqfvsz96g48nzsug6dz;8;1;0.03188646;23.04.2024;23.04.2024
bc1qkzpensx3hexy7x8r240sthf4mr7ke5pnqlfe6l;8;1;0.03188646;23.04.2024;23.04.2024
bc1qahv9dqqms7e82exkmkzushfllt5he57zclln23;8;1;0.03188646;23.04.2024;23.04.2024
bc1qlz39ccaaprhqjhpd7npz9w2qlnz4v8ee56xh3v;8;1;0.03188646;23.04.2024;23.04.2024
bc1puwdgz9n36npqq3n6qxsvcp800qgukfctsldhavxqac6vqv9g8yaqacrc2q;8;1;0.03188646;23.04.2024;23.04.2024
bc1qrx7035grxsqvz98natz8wsxfvu4ggxdkazheaz;8;1;0.03188646;22.04.2024;22.04.2024
bc1qf2f6tjhr2s5rhdm3k9a5lkuvfvyr37qqve7hf7;8;1;0.03188646;22.04.2024;22.04.2024
bc1pz90a69a4zcee3uvqvkn90zgfesrp3kdlyd3q97qs9g0nvl9cr68s86j8la;8;1;0.03188646;22.04.2024;22.04.2024
bc1p8nqmym7zekm54hlvu8m963g5nj6phz4xa9up4wzchlqh75vp00qs5whsfr;8;1;0.03188646;22.04.2024;22.04.2024
bc1pd3p2gxvtc2ksmaq8ct9nkzz3p5pr38jdygnxvenh84np959rnpmq55cgae;8;1;0.03188646;22.04.2024;22.04.2024
bc1pjqng7s5wfd6zg07xppd4zfdmu2962vqenp6ut0hfsjtva7qk24dqmw02wl;8;1;0.03188646;22.04.2024;22.04.2024
bc1pngp53mfyxlyadvttmy6j00dedvtks32amvurxvt9dfk8x5j8wwtqfm9a66;8;1;0.03188646;22.04.2024;22.04.2024
bc1p5xzehazjg7cmwws5qvpusj0p80kgyehmk85qupwnt2vch5src60q4mewgm;8;1;0.03188646;22.04.2024;22.04.2024
bc1qqjt4qej0j6jw3a082386fzfku2upxnl9a7jdcf;8;1;0.02919236;26.09.2025;26.09.2025
bc1qakxaa9ssssn6ygmmugm00arepp32a288plxfc3;8;1;0.025;27.01.2025;27.01.2025
bc1pwfgvp7hw6rgv04rl6fdv62xv8dpghjjm8nr87dcvfvg5snclt6ysn8nu3l;8;1;0.0248726;22.04.2024;22.04.2024
bc1qn2ankasl47ytr7kynw68p93z3jz86zygra0mpn;8;1;0.02097152;23.04.2024;23.04.2024
bc1qu88s2446eelyafy0r0krfxt506988a9uq6r5v3;8;1;0.02097152;23.04.2024;23.04.2024
bc1pta7x86eejrmvdr6h3744l70yz57tr6wupt4umwcer069y7tkp38sequr4g;8;1;0.02097152;23.04.2024;23.04.2024
bc1pv69t0cm43vd00f0rwwahe0gfw47f05at8h0h54svm32qzgp2xkvqffz04m;8;1;0.02097152;23.04.2024;23.04.2024
bc1qj2n65fqwqdyqqceftzkwvd93nmtct8x8wj6xht;8;1;0.02097152;22.04.2024;22.04.2024
bc1qhcse758vx4gcy2lwteh0u50nue934qq95m9l4l;8;1;0.02097152;22.04.2024;22.04.2024
bc1q6n3d28mk24p4y89hlq9fpvv65y52fq8cwe8x6m;8;1;0.02097152;22.04.2024;22.04.2024
bc1qaxxhqmd8ffln7shsa5xwmfprsdnsazunpxufp9;8;1;0.02097152;22.04.2024;22.04.2024
bc1q7jth2sn08hn4cv8s8lnm3zpgactq2cu89y72kw;8;1;0.02097152;22.04.2024;22.04.2024
bc1prhu43jxjqjvrqrcpy8c7zw85hdfkgua6leywd8t4vgfjgt94wt6saqqtdc;8;1;0.02097152;22.04.2024;22.04.2024
bc1pjua9plccndu5gydfjmq7mzrcvar34r4mzpq43v9ax0u0hc6kj0lqya9kym;8;1;0.02097152;22.04.2024;22.04.2024
bc1p52lc0knzz3v89mwdmajc7pehwq8t3wzz8zznchjrv3pkl8kxd2jqy0zkq0;8;1;0.02097152;22.04.2024;22.04.2024
UNKNOWN:002044a6c7a940f1f16f0467d4fff56974f381a3;8;1;0.02080015;15.03.2022;15.03.2022
bc1qvak9mukew86ntzmx7nmx7kstns8w0pa3efu2ke;8;1;0.01594323;23.04.2024;23.04.2024
bc1qky89awr3hpd5c5t34tjnjmc7zde47x50vzg3p5;8;1;0.01594323;23.04.2024;23.04.2024
bc1qht7grjkm96kyjhfpkmf6djfm8d2wxx7xypefar;8;1;0.01594323;23.04.2024;23.04.2024
bc1qatpzyg5s2jerf6sn2yjve66w3rnenmhm0tsz26;8;1;0.01594323;23.04.2024;23.04.2024
bc1q7p6xqjtjw4f54tjfqlflrgzermdtk2ghyav952;8;1;0.01594323;23.04.2024;23.04.2024
bc1pxxfusay8658sjrv3nwhvv39fxg84jz6nayjyhnjmchdaclsp7pkq4j7w5q;8;1;0.01594323;23.04.2024;23.04.2024
bc1ps5wtslxa7g58msuw4y2qefy8upn6xpysp5fusjy6zsmk55ksjn5s9x8pqw;8;1;0.01594323;23.04.2024;23.04.2024
bc1pme7slyfrgczfyrfj7v54uttzfg83ewvujrsxn3dujux4ksepwuysmh7n80;8;1;0.01594323;23.04.2024;23.04.2024
bc1qyd3rq5ztkyvuxd7kmwd76f4ajxkvldcwfcmwq7;8;1;0.01594323;22.04.2024;22.04.2024
bc1qwu7n0zppf2na74f5c48kvt2ucv9su5fel7rv9w;8;1;0.01594323;22.04.2024;22.04.2024
bc1q74unlyj5d20n0ej6wm62x2k7reyf7dltvml7k9;8;1;0.01594323;22.04.2024;22.04.2024
bc1pvpfaxgvnc8euvs6f5ul7auj86yvcwzv29v5mtxprylly8vn9cdysq0qzq0;8;1;0.01594323;22.04.2024;22.04.2024
bc1phf7fxfzp97wjjaz6s60c0t40q8hw4zq62vx4cnrjs4h8e03fya3sumpu65;8;1;0.01594323;22.04.2024;22.04.2024
bc1qqqh50a696zq8jyj9m60xlqgc909wferr2gafqg;8;1;0.01340977;08.04.2023;08.04.2023
bc1qew0nmsr9e0tcpc42mjrfmvq950w9v2wm05d74j;8;1;0.0121836;31.07.2026;31.07.2026
1EzYyTfTuWrFmTcASUvLbB6gd6y7eWYDcq;8;6;0.01162564;25.12.2021;06.08.2024
bc1qxmrlc0k9rkv0ru8amr5j9dasfu0f095vqwrs40;8;1;0.01062882;23.04.2024;23.04.2024
bc1pqe027pu7q5q3lrykjz4rdqg90epzd3qkgxvtyzrdddynl3d06a6spyarrs;8;1;0.01062882;23.04.2024;23.04.2024
bc1pgqmfk9vxgj7xgxde43n5m7ud4mqy8ul6mxpukd887kuufmy4vpqqq8drf9;8;1;0.01062882;23.04.2024;23.04.2024
bc1p3r2x7d7lcx6gdth0fs9cn3u0ez4q2tqfmv8aj9r3u2s58zahg8eq37dahc;8;1;0.01062882;23.04.2024;23.04.2024
bc1pnjzyt5rw4e5hz9s6eem50y7970crle69v6w5s0g0qj03xjcxls2s9m8r6l;8;1;0.01062882;23.04.2024;23.04.2024
bc1peqqurm86632zfdh060v6ratdrd75yu58m7wk30m9m6gmuvyrtmms35z3hz;8;1;0.01062882;23.04.2024;23.04.2024
bc1pardvgw3kechhar6fsmh69nmz33qgtn20qedm8698kwgk9znmj5fqneg6r8;8;1;0.01062882;23.04.2024;23.04.2024
bc1qpx35rxqj54c4t75eu27du6altjm7y46n7rsj3g;8;1;0.01062882;22.04.2024;22.04.2024
bc1qptaul5ncmjszz7lkx7yxs0s5wwvuty4t7tlz7e;8;1;0.01062882;22.04.2024;22.04.2024
bc1qva4m6x5l8mxjxlm3adwdxn80cx328gsekt74e9;8;1;0.01062882;22.04.2024;22.04.2024
bc1pugntnm37nkmy2cjkh3mn2x7kuav9rr2mp9jrlhhagwd4343ysc5sjeet37;8;1;0.01062882;22.04.2024;22.04.2024
bc1pa3lf88axuffmrr5su5c7zg4cmrgxh9ffjeghvd8ympnqkvwxgzdqmkaepr;8;1;0.01062882;22.04.2024;22.04.2024
12W5ZFygPR9sWjVe78sjzfvvR3KFhmyWcP;8;6;0.00836061;25.12.2021;06.08.2024
3DSP9Jcp4tmD98Hh9CTBwXHjhkYn3hySjE;8;1;0.00638354;10.11.2021;10.11.2021
bc1qxrf5k6rumhghfsw7erqkf22ncv8lw4sxx75yea;8;1;0.00531441;23.04.2024;23.04.2024
bc1qdc2stuvsaeug9s5wy3td9gmjmtqkvdm8temm5v;8;1;0.00531441;23.04.2024;23.04.2024
bc1pfnp2y6t9wfx9c3hg4s7x8gtzagdsl7ml6mhc8fhm7u4a2h6t40ysp6hgp8;8;1;0.00531441;23.04.2024;23.04.2024
bc1pe393vd5xzcc5x9ywtz7vwx8v4j9nhkzqxfnv90pgl4m47czjxy5sqvempj;8;1;0.00531441;23.04.2024;23.04.2024
bc1pu282aurark3eua9xflzhx9sdhwg2qkj5zvegay5wuz8cpmpe0e9q064dxe;8;1;0.00531441;23.04.2024;23.04.2024
bc1q98v464mz46ykczyw5zznk28jgn2p3zpcjauesd;8;1;0.00531441;22.04.2024;22.04.2024
bc1qvjkxahy9nptapl6pj6888qrqjzrnfw40hc44ud;8;1;0.00531441;22.04.2024;22.04.2024
bc1qd2chltqpt034jph3vy2gvyxhqz22gl7lsmk5zp;8;1;0.00531441;22.04.2024;22.04.2024
bc1qkj2x5xlf98atmdmhdgu93sy6gs4t8w4v74x44j;8;1;0.00531441;22.04.2024;22.04.2024
bc1qmjg4a6vdqs5lv6kmnlqg34885kf5ge8zfvret8;8;1;0.00531441;22.04.2024;22.04.2024
bc1qu6pu59g36mkhgah4jwq5ylzzh5h4l93lyehtl0;8;1;0.00531441;22.04.2024;22.04.2024
bc1qlxm8me5z0tz5969kqpj4ygr0uqnvq93939ukj7;8;1;0.00531441;22.04.2024;22.04.2024
bc1pgen5063adh86dx7sjke6w2xfyze88yfsnhf6yf0mjnpjjgftzyysmhegah;8;1;0.00531441;22.04.2024;22.04.2024
bc1pf0dj9z326wm7l9muzrhesjwtgew2djg3grsl4fr5fudr33qywn7s22r7u6;8;1;0.00531441;22.04.2024;22.04.2024
bc1qwrqd0ya947kurkfy7a3tunfdmgnmlxmz2ay7ya;8;1;0.00483055;23.04.2024;23.04.2024
bc1q8lpae9a2d3wuqvsu3g8vmv52rcvwajvmeh4jcv;8;1;0.00376727;31.12.2021;31.12.2021
bc1q2gapspr9g7elmqu8cfdkwu88vz78w8u74fgldu;8;1;0.00354294;23.04.2024;23.04.2024
bc1qdcp6mlaj2l4hfyac74lus7hprs904jgn55zvtc;8;1;0.00354294;23.04.2024;23.04.2024
bc1qk5tfd95k4m665guc8ygx6de9ydg9ymln5usg7e;8;1;0.00354294;23.04.2024;23.04.2024
bc1qugaa2ggdej6ar48adx65zxgk689mtuw9r90v7y;8;1;0.00354294;23.04.2024;23.04.2024
bc1p28eakrthcdtcj58cwlkhnw4sg95exgfl8p7gdzgdgrg2yxzl63us9jhlal;8;1;0.00354294;23.04.2024;23.04.2024
bc1p2j5uwzz3m2w3eqwaek47484z35zlxqdelr5466lw0q9dngrmln6qrwst56;8;1;0.00354294;23.04.2024;23.04.2024
bc1pvm0kw67jnt4zw5wtnm9g2ur6qyxrdzfg8d8u9d5mjwyxt389dp3qv9vevx;8;1;0.00354294;23.04.2024;23.04.2024
bc1pvlwam4zludn9ef2wzsd2t69nhxqncd9c0dt4qhf0gw4czvzmjnrss0e4ml;8;1;0.00354294;23.04.2024;23.04.2024
bc1p0g5vgjce44hx65dallw3ad338exfckwt3nh9ehev26kjzxeuunaqgn3s5w;8;1;0.00354294;23.04.2024;23.04.2024
bc1qweyffhnchuq8ghncewpawseywthzwl6se5az3a;8;1;0.00354294;22.04.2024;22.04.2024
bc1qatwcmjf2fwyfy9p839cf5vclvf95a2tjms76ku;8;1;0.00354294;22.04.2024;22.04.2024
bc1qa6tncawjdgxs0p6w50nxjchas98fl38aw55vse;8;1;0.00354294;22.04.2024;22.04.2024
bc1ql6mgeds3kgelttvq7j98a474uwelkpzgsc33mr;8;1;0.00354294;22.04.2024;22.04.2024
bc1p7f82srwaxc080ptzjewsf8rnt5vse5sx5pvtk5sdg0k836te9t8scg8y0w;8;1;0.00354294;22.04.2024;22.04.2024
bc1qp0j2rhezj5hd93kdhj3rrttx4jwj5w5u2j8udz;8;1;0.00262144;23.04.2024;23.04.2024
bc1q9hgqc5p29vtpq73j4va9m6ynzx5ft2cwn3mxct;8;1;0.00262144;23.04.2024;23.04.2024
bc1q8w3z07z0tvm9h0670a7k2e3lz47k7h9t6fe6sf;8;1;0.00262144;23.04.2024;23.04.2024
bc1q2k0nphe8pddwgqvh0kpfqw48sspzwymcvquh6a;8;1;0.00262144;23.04.2024;23.04.2024
bc1qc2sgquf5jgqjeapsqnvl2me024dn0l5r8gg53r;8;1;0.00262144;23.04.2024;23.04.2024
bc1qgtwxjtrnj6s5fsevhauprenryl4fhqtfgadpeu;8;1;0.00262144;22.04.2024;22.04.2024
bc1qdhhjqs49kq3cyya8vtagflcwp2t23xpqgemvz8;8;1;0.00262144;22.04.2024;22.04.2024
bc1qd7jc4x55sk3k0vh5flefurset5v7rmm0kay7jz;8;1;0.00262144;22.04.2024;22.04.2024
bc1qu5702fzrcq887kq66nhlavu852l5a2zwht0ytd;8;1;0.00262144;22.04.2024;22.04.2024
bc1qamzsqerpex5vwgghtqcapsfeuyagzrh8h2qy3c;8;1;0.00262144;22.04.2024;22.04.2024
bc1pxg0vr868t83559ke6cey4hg53n0v4cfzrzjxemf7d5ag56uk0vjqszmsmf;8;1;0.00262144;22.04.2024;22.04.2024
bc1pkgznhak33xp3kdmpylt0c56wg9mtqhly605yqww6kdf8jmqdaymqk6jqa0;8;1;0.00262144;22.04.2024;22.04.2024
bc1qj22gp2xrwrgkfu22nj6wtyv73musltrlgg6m6m;8;1;0.00236123;22.04.2024;22.04.2024
bc1qpc076ufdvm3vqmassmdmjavpcy90tph0ja36ee;8;1;0.002;23.04.2024;23.04.2024
bc1qtlapegkzqw469ph3cnmemrecptjqsp89amkdys;8;1;0.002;23.04.2024;23.04.2024
bc1quywj60s506xtrlyf3y255atj4vc0tevuppzlfe;8;1;0.002;23.04.2024;23.04.2024
bc1qu84elup5fluju83qpefwu8vfx4cwwz3h7wla9g;8;1;0.002;23.04.2024;23.04.2024
bc1p0pdf0xmsmvg0f70ae9lz80vfj482rr405xk64vjaj0k4h4mhgqusfv6agx;8;1;0.002;23.04.2024;23.04.2024
bc1p3smqe5gyjtedn79lvwzcmndj0m3ajnwv3krcx0gjuh8u4uuknngqam7eum;8;1;0.002;23.04.2024;23.04.2024
bc1qz8uevhjd7r9scj6synxc406mh49teg93gzt454;8;1;0.002;22.04.2024;22.04.2024
bc1qypl7l2fk9x705x5s68cfn4gqhkta6pk9rvn9rf;8;1;0.002;22.04.2024;22.04.2024
bc1q2nu9ppapynyze575trxspnt34n3julc28d8kj2;8;1;0.002;22.04.2024;22.04.2024
bc1qsv07rxfyxg8cham8fyy6qg8ffy9uy34w9czfsx;8;1;0.002;22.04.2024;22.04.2024
bc1pgp5tn0vjykew0cpvgy9wtkz9l7n4ygwxla5p9cmdsvkpmzcuudvqhdf385;8;1;0.002;22.04.2024;22.04.2024
bc1pfzz5e4ter8tynlt38qxyaa4d8t7d9aymvnh72jc763946va5kzvqd0ndcs;8;1;0.002;22.04.2024;22.04.2024
bc1pdl62w0x3quzk8wtuwzrc4sfjueupj0vfrj9dxn2zgzd0aq6pnj5sendjn9;8;1;0.002;22.04.2024;22.04.2024
bc1pwd7e79jj88m5e23vxxhnu6ax09qhlk70zawpek67kdqykgsxy09sdtl43p;8;1;0.002;22.04.2024;22.04.2024
bc1pmz4l3axskq5wxjkt5tv9d8uxrcrzst3al452fl8cq7yh8p7nvzzqvftfna;8;1;0.002;22.04.2024;22.04.2024
bc1palvwx5kpnkk8p0uhy873gadfnasqedjh0553cc966t4zr7x9uylsc44de7;8;1;0.002;22.04.2024;22.04.2024
bc1qn6xkpq8qahp92yn98qa2uvaku4jftk97jglh7g;8;1;0.00131072;23.04.2024;23.04.2024
bc1pnzsskgt2vnqrmctdlg8ex6dwd4624mfjkq0ude2gjkmx3kw2lnrqy6gr4g;8;1;0.00131072;23.04.2024;23.04.2024
bc1qy7spf4qeslc99m8xve3nyywzcquukezjd86c6y;8;1;0.00131072;22.04.2024;22.04.2024
bc1q3en2vepszgr99g7rjakr6yr57xvlweqp6jqwzf;8;1;0.00131072;22.04.2024;22.04.2024
bc1qh8rjylx3k465vmmjfr695glqpnll9qfe2cwyrf;8;1;0.00131072;22.04.2024;22.04.2024
bc1pd7fe2wzxxumqv3sflf28xtwk25uhcmw3f7jrswjdzfen6dchpqqsaztv5m;8;1;0.00131072;22.04.2024;22.04.2024
bc1qvf8x0y73xray0r0xq5mvms4hvsy32cjfnf30uf;8;1;0.001;23.04.2024;23.04.2024
bc1pgmyyhklg7q0dvn3y22kl6y2jqkj4wxvl8md79a4z4k4eljx90tuqy6dwzn;8;1;0.001;23.04.2024;23.04.2024
bc1pj0tmr2negv26wy76prw034hcnhhwv0w0d7tzu8mltqtkfnxrgrts5p86de;8;1;0.001;23.04.2024;23.04.2024
bc1pc2e8fkhml5k60wlg3slv27pc37vcnacnarnlteqg8vjja2vdpmlsrft57m;8;1;0.001;23.04.2024;23.04.2024
bc1puv452avrnjzskw6n54lu9lnza7623tyvksrxmvl4pt8ncmzyvxdsssc925;8;1;0.001;23.04.2024;23.04.2024
bc1qedr02jyn75u0uqmp6857rfd8nhwrfpqgw8qq72;8;1;0.001;22.04.2024;22.04.2024
bc1pjrgpeqz26jrgc4pze8tstdpcvawsn3kkuemqf6v3ypvhkxwhzchsvpf5ey;8;1;0.001;22.04.2024;22.04.2024
bc1p520rd37uaha9ny74va6qfr8nwcfvz6fdvepu7cxncyd9rnyftu8snpa3dw;8;1;0.001;22.04.2024;22.04.2024
bc1pu9rw7f5vjehes74tvezr998sr80csdpz9eyea8cxku5n4370eyjs0l9305;8;1;0.001;22.04.2024;22.04.2024
bc1qyhxnazmrh66p5jky20pddaecp4cw2tcpu3v48t;8;1;0.00065536;23.04.2024;23.04.2024
bc1q8ve44mhj9ty4aelwf6gzx4jqq9z2f6f4wwg0w9;8;1;0.00065536;23.04.2024;23.04.2024
bc1qsdgd0pp32yudgfaj9txwsm4m425rh6un0g9ya5;8;1;0.00065536;23.04.2024;23.04.2024
bc1p0supngpgjnn092w50jfnn226y7ztgj4twffc83j9a2ue4rjh3awsng6m83;8;1;0.00065536;23.04.2024;23.04.2024
bc1p52uqcgvpqp2v6quckhdw8970vdspwnhy8x2t84x9tu05q9zm0kasrstkrd;8;1;0.00065536;23.04.2024;23.04.2024
bc1qnd35a07qe5qa3l9crgxv0s3wrcyakfsu6edeue;8;1;0.00065536;22.04.2024;22.04.2024
bc1prmfhyvvs7fqnpnvs658z9sjadmeu5sgclerqkggqmu2t5dqxtnqqr8ll2r;8;1;0.00065536;22.04.2024;22.04.2024
bc1plwqcdztvjgctcv5058dstaetyx92t97weqjdux3f6e7f3t9tmthqr4kywn;8;1;0.00065536;22.04.2024;22.04.2024
bc1qrzl2ngkmm0vhvs8ymesv6950v548c0c70aaq9n;8;1;0.00059049;23.04.2024;23.04.2024
bc1q8glxft5nflte8a0twcrtva7r9x23lf9a6tf9tu;8;1;0.00059049;22.04.2024;22.04.2024
bc1pr6l3d3zehd9e9az8eej8nsr42y5c6j4tgkky486xqh5lfuddzmmsclae5m;8;1;0.00059049;22.04.2024;22.04.2024
bc1pwgwye8nnfawr2xaunvmnxtjq8hsemvk8vhwu6tu62y6eu5fmtkssa0l4t8;8;1;0.00059049;22.04.2024;22.04.2024
bc1punkd7pp8eh9xqcksdsqgf6f7fkpcs97rjszmx52rszqgtn42uf6skj758r;8;1;0.00059049;22.04.2024;22.04.2024
bc1p05p384ef2zxdxypvragduuwyvdhxeut9j20qvca9z63xj0exnj2q4qv7cn;8;1;0.0005;23.04.2024;23.04.2024
bc1paq5nv0f3uv6pe7r7wn48va2qd6hjsq2tymj679wanpy8elzn2u0qqg0cln;8;1;0.0005;23.04.2024;23.04.2024
bc1q89cpu5n7nejdqzrmqnerzlr2lq80w3l6sspu7u;8;1;0.0005;22.04.2024;22.04.2024
bc1q4gftvevrlgrz82r0ys5xf6xu4w63kntfdnavlt;8;1;0.0005;22.04.2024;22.04.2024
bc1ptugz2xyempygj2rqad23fzfgv0ynkjzfm3hr5ch74ahqrd4hz3hqp082ff;8;1;0.0005;22.04.2024;22.04.2024
bc1qwqyp568mdf8p8xve7j4jd2dum0tnpwtdzymt87;8;1;0.00039366;23.04.2024;23.04.2024
bc1qjnxf73jvhl2s7ecgm0vm73uc8aesrld5pa525k;8;1;0.00039366;23.04.2024;23.04.2024
bc1q52vlyfsphdsnnwhrez5cnww2udt09yxq6xgrmj;8;1;0.00039366;23.04.2024;23.04.2024
bc1qe4hqvuk33qmpnx7qfs7m3ja9g50grqhtz7n0p6;8;1;0.00039366;23.04.2024;23.04.2024
bc1qxz07hwvrycwaaa6m7cfmdw9ftuzxg2geprthdk;8;1;0.00039366;22.04.2024;22.04.2024
bc1qtcg3lfdr0wknlqay84rwcmp3qdndw5w97sw9js;8;1;0.00039366;22.04.2024;22.04.2024
bc1qn43nmw4ercjtw24hwrdafr85hamlrmyvhdc8dm;8;1;0.00039366;22.04.2024;22.04.2024
bc1qgvsvd2e4efxf5vtq3cujkgaurxypn339kw7e8m;8;1;0.00032768;23.04.2024;23.04.2024
bc1qepz9m6xepg5gh3qcs3xyru3jttdd6lv5lfghha;8;1;0.00032768;23.04.2024;23.04.2024
bc1pzen56xmwp0m22l4xa7vvrs22uevamfjput9aq95qxeudulyp5rpsjm6gfh;8;1;0.00032768;23.04.2024;23.04.2024
bc1q9gzdgtdmfhselu3u33pt0hvvm3jenvhwxwhphh;8;1;0.00032768;22.04.2024;22.04.2024
bc1q095ls57lts4xfj2yrhewcl8fpvpuc89dmwmsct;8;1;0.00032768;22.04.2024;22.04.2024
bc1qagulx8gst4qu6t5v0y39u0wxtkzwxr2c8uytwz;8;1;0.00032768;22.04.2024;22.04.2024
bc1pzlspe8d7xz69edzmarf6udddk4kja3a2mda76l6a4wq0xp74872qs99w3r;8;1;0.00032768;22.04.2024;22.04.2024
bc1pywdjyueupaxztzgdxanegttccftcgcxqfacey9xcj90urdp3h72s58r2e4;8;1;0.00032768;22.04.2024;22.04.2024
bc1pnqvjtmc4z2fje4u9ty2sed27cq6sdjkefcwjuwkeekdrdrsm0a0sj6a8eg;8;1;0.000298;23.04.2024;23.04.2024
bc1p6nm72pndc5vhwt5dd9r9v334vezwe9k35k6ereu2snz94sknn5fq3lp6rx;8;1;0.000298;23.04.2024;23.04.2024
bc1p6vtx5rpk6xnewwem42cs3xw47m5tz9u9wvz255r056sea7kvsy6sxs6zt9;8;1;0.000276;23.04.2024;23.04.2024
bc1pk6mqm8sj4mxgdwwr8j3l8xfy30jks5ekx3s4r3zdpw89lmquwpwq28tkp3;8;1;0.00026536;22.04.2024;22.04.2024
bc1pwj5rzzuupd8ey4x7nleydg5lgvu47n75zcj9p99dzus7qvcakerqj4fcx8;8;1;0.00026162;23.04.2024;23.04.2024
bc1p3tekvfw8a5n5f4wuv4xjtstkqy97kj22l495mpy8xsc2afnx35zqjqed33;8;1;0.00025;13.03.2024;13.03.2024
bc1qxd6jzp46mupq5xxvasq5huwslrvedjhju2rjr5;8;1;0.0002;23.04.2024;23.04.2024
bc1qqs8x4lqhdat60rm2m6dnk84jxwz5av7qlgaknk;8;1;0.0002;22.04.2024;22.04.2024
bc1qx87m8ddlsyv8nlst62x02gq53ks0lht0g8em4w;8;1;0.0002;22.04.2024;22.04.2024
bc1qxaf09u95lhvgv73z9jatqdkcud80fac6uhhc3m;8;1;0.0002;22.04.2024;22.04.2024
bc1p9rkq4dm0zq95atxvyuext6pcpaxun8atfkp4kdv79f39mha4vdqqvxwkkp;8;1;0.0002;22.04.2024;22.04.2024
bc1qd959hcs5v7qwtg4encjrtvu8u397cqwna3rlwr;8;1;0.00019683;23.04.2024;23.04.2024
bc1q5ly57l3z2nm80ave7t9rag8vjj35gwdv4m7fuz;8;1;0.00013122;22.04.2024;22.04.2024
bc1pu99xwml709pc5mjdkxdlw5djcqxjm44x3nc9m8dkpf3qmjfea9wqkkfg0l;8;1;0.00013122;22.04.2024;22.04.2024
bc1qw2xk4age6rsqfkkhwy5tp74slkh4unau5pvpku;8;1;8.192e-05;22.04.2024;22.04.2024
bc1p9k2uc5q85tyxvxhhfvktgve2qfvjvhq7kd5ctaw7jx8xcj38xtzqs3hw3d;8;1;8.192e-05;22.04.2024;22.04.2024
3HvESdMekPHf4extVJLFaSheAxkMzbXKAn;7;9;63.87065907;08.04.2025;26.04.2026
33HKvN4odhsfw234DzYtKTPbwohcDzNcAE;7;1;21.31923061;22.01.2025;22.01.2025
bc1qzzlgc8z22l4mw7z5h9p032ytwfj7v5nfpxntv8;7;1;15.47826215;31.07.2026;31.07.2026
3PYRnSiiz32wAQy7PN2b9Ko32sihLSaBf3;7;4;7.0;14.05.2022;01.11.2022
bc1qm05lsnv8wpjnanjtwe6dhrw7c6qsky8au702k5;7;1;6.88510415;31.07.2026;31.07.2026
bc1qk8tjz9a8zeq5k7m95t8pg6tk9ydz4mz68hk5cs;7;2;5.13997385;31.07.2026;31.07.2026
1KVxyfBEjSsDLyEUfM4LP6FBs4NQPtUERP;7;2;4.3721046;31.07.2026;31.07.2026
3AZCyu7NVzAhFsHvWcW1ZjKyy6fmEeJi1o;7;1;4.0;18.05.2024;18.05.2024
3494yZWEMex192UDhr94P6UYz272rnC1KT;7;4;3.82001614;10.09.2025;16.09.2025
bc1qdedpjhffw6quckx8rurnl6hh746v4rss8f5ulv;7;1;3.21796379;06.02.2024;06.02.2024
3NjsttwCFTL33PZweMqiGrLagTfT2RtReM;7;4;03.янв;08.12.2024;01.03.2025
bc1qzh7ldz9mk6eqwccn8pgzz9ey794j5ly7pkgcx8;7;2;2.80068777;31.07.2026;31.07.2026
bc1q7208q4pwsz3yqe7g25gv8zltf7a3enzfl8zl24;7;1;2.73895255;31.07.2026;31.07.2026
bc1qgjqwwgd5v2936gj8h4nsq42mnyace22srudu2q;7;1;2.60039129;08.12.2024;08.12.2024
3Jbx76GM6T3SApBZrhxuzK3Z7dF79tovnD;7;4;фев.03;25.01.2025;05.10.2025
bc1q4ez3x7kq55qq5e82ef0fc9mvec3lrneygwfx0a;7;4;2.40148782;24.01.2026;30.01.2026
bc1qyej8lajzn7zhksq690q38as4x32fa37hp3qgmr;7;1;2.08422828;31.07.2026;31.07.2026
3AF7Bp57ML6T4t6HHqTS9RtA8d4B6Pz9fT;7;1;1.89276348;31.07.2026;31.07.2026
1Kyy44taibvfhqvott7xu8UYCqrHcUF1pQ;7;2;1.862301;08.05.2022;12.05.2022
bc1qh3xvzvkp9xn9w907emf7fukul4022fnzu0qdyk;7;5;1.7505351;06.07.2022;14.03.2023
3L2dpUfeApHth5V7rwegUZaBMVfDDbEDMN;7;4;1.744974;10.06.2026;12.06.2026
bc1qssh9a5p4t0x0h6h28q72llsq8rlsth5py3s95n;7;1;1.72773767;13.10.2024;13.10.2024
3QboCeSsaeGXL5NY8hdPzSxrxjh1UL7o3M;7;2;1.51579556;26.07.2021;16.01.2023
1PtuvZ2bn9LLTexHnYX3DqygLiDJ39XE5E;7;3;01.май;09.10.2025;19.11.2025
3JpRoyNJgzhmLASbN5X9n4vEMQhdDiXxLo;7;8;1.48302326;15.07.2022;04.01.2023
bc1q6kssnzjjt6s2yy9q6mvtxy3mqag9epp8x6ac6x;7;1;янв.31;05.07.2026;05.07.2026
3DgZnov6ZLH6xhYsaPX7UiHr65tpM84vaQ;7;7;1.27921;14.12.2023;19.02.2025
UNKNOWN:0020b832e72b3f38e69ac283eaef9b7b1346886c;7;1;1.20493031;08.12.2024;08.12.2024
3LkoP7WXsphjU1CuMqQRCmFoHyn9QjnyXR;7;2;1.20098535;31.07.2026;31.07.2026
bc1qtygsn7uxc6thsx5cgdrtk2dmhvc0qk4gyjnyd0;7;1;1.17329677;23.12.2024;23.12.2024
3BJMAnPBEJshaLvaVaWchNZzq97VAqZvV1;7;1;1.07313245;30.05.2025;30.05.2025
bc1qw3kyt47wvkxz8e4kdlfvvtunajkcf888k397r3;7;1;1.05522546;31.07.2026;31.07.2026
3AWHJwWv3UmZwW2BmjTwX7iWVjQRX5DeJB;7;3;1.043;31.07.2026;31.07.2026
bc1q2rwkcq2cjlxk6vlvgm8xjupm3qd3p3ejup2txy;7;2;1.01109574;31.07.2026;31.07.2026
bc1q9qj2pfavua8w9nqke3v83pc35w0kyrlklp7zxy;7;1;1.0;30.06.2024;30.06.2024
3HcKfQCDavMQDXipkWJRbdN2k9iw12axnb;7;1;1.0;05.06.2023;05.06.2023
bc1qmqgjxxvctv9jktrhlw2elxphkja3zzgl9aa0mc;7;1;1.0;23.06.2024;23.06.2024
UNKNOWN:00208501c5ad214be735c5306e74f4ad1eff18c2;7;5;0.93213621;31.03.2025;31.07.2026
1Kd95K9jMZrvtuBYQ118t959AC2Joaqcpi;7;6;0.905;22.01.2023;26.04.2023
36iyg6bRRfT9SCGxiDDuS2tiUdmZ1vvSjV;7;1;0.88;15.09.2022;15.09.2022
bc1qejg5lt9y44n5zalx9snvgw56e8n880dswr09kx;7;1;0.8468023;27.08.2023;27.08.2023
UNKNOWN:002014dafbe702955d84a233aed4ff5b37f192c2;7;1;0.76264081;30.12.2025;30.12.2025
3NcQRE5QNeaRfwcpgepovCw1eXG7jmcavh;7;1;0.75037434;31.05.2022;31.05.2022
UNKNOWN:0020d8e288636d0ac9c5fc2502199acbf67b5b70;7;1;0.7207507;29.11.2024;29.11.2024
bc1qwa3y66wna0ltttpjsrskk9ynn96u7r86x8xn4m;7;1;0.5941821;31.07.2026;31.07.2026
bc1qlmahvyyd3ney4565c6nedc9wd8kxyv6fhy0a48;7;1;0.58057123;31.07.2026;31.07.2026
bc1qx3c4mn9xg38gh62w5vqk3su5070fjkprjfch78;7;1;0.57723576;31.07.2026;31.07.2026
bc1qxnzkzhy0g683n5rw9dvkv9g9e9cf40vmg87zgd;7;4;0.57297967;04.07.2025;02.09.2025
bc1qfnhyk7fylntsxhm73p5gxtf2583pk6asf0rxk2;7;1;0.54992155;15.04.2023;15.04.2023
bc1qtfqkapnh7ax8jkvlx67ut59xwplnlkxa26y8h8;7;7;0.50020259;20.12.2025;20.12.2025
bc1qgd2v6vfru3grc85ksfm77j03lufsqchyftkud0;7;1;0.5;01.07.2023;01.07.2023
bc1q8mhccpvrr64dwszf2e4nf3fcwchpau2964hlrr;7;1;0.5;01.07.2023;01.07.2023
bc1qc20n626nj2t033qs4fuadtufqeq6ye73jpd04u;7;1;0.5;01.07.2023;01.07.2023
bc1qtj7zsl67ae24w9weqj3qxefpgqwnfhw5mr89nq;7;1;0.5;01.07.2023;01.07.2023
bc1qlruzt02mays9afnd5prhlhks64gew0ne0p4y2l;7;1;0.5;01.07.2023;01.07.2023
bc1q52d9lus3j3d83ajv5zjtw7rf0kmta0uwdkwavk;7;1;0.5;01.07.2023;01.07.2023
bc1q6v2usue25nafcrea6hgxan4dlh40l3vr6zxqnd;7;3;0.41318904;10.11.2024;20.01.2025
15gAAFY7zAs86K36wT3RfjnsTWFJwcLFqv;7;3;0.39;24.10.2023;12.02.2024
3BzdCjP4SSJZC1YhvGCqFjAXagTENC51tC;7;7;0.37436731;01.01.2025;16.02.2025
3LyzyypTeY7gMzzhuqeFkST55ToNPpTZGv;7;2;0.362;01.03.2024;13.06.2024
3NH2pJ1uxTVT9C4hjDMSS91apf96wvY5xY;7;3;0.349238;10.01.2025;09.04.2025
bc1qcr9wcc6k0dlqgwfze3dfvwlj4xgvnrfylrz5k7;7;6;0.34135818;31.07.2026;31.07.2026
bc1qw0kwtwr9zltn3he35dzt7d5v29fdpy46qgfgf3;7;1;0.3384256;12.09.2022;12.09.2022
bc1q8xymsznwpraypjpfkakkmet5wpjvtw3y9wuztv;7;1;0.33625573;31.07.2026;31.07.2026
bc1qguwkqr0ecrc3rad9vw9sa8weuznlm0tz64qhvj;7;1;0.32582007;31.07.2026;31.07.2026
bc1qdkta8kkwe5jedeg0mfudr5fa9ne34dm5edxzaa;7;1;0.30397536;11.05.2023;11.05.2023
bc1qn4l2fxyjqxtvumtmtf2ptnuw5hu86lur8t50md;7;1;0.28548815;31.07.2026;31.07.2026
bc1q4ntmrfr3ngu7pt62ufh8r7s9ezre2f30r70ttl;7;1;0.2831146;11.02.2024;11.02.2024
bc1qh459cceq3fg9j8gg0fa6j4duh4kx69s4ywn0zx;7;1;0.28250788;30.04.2023;30.04.2023
bc1qpntjv2nheahe56gz7mxvsc67qkn8hxqx9fkvel;7;1;0.26963337;31.07.2026;31.07.2026
3Hru51ANBwxdRUyLQ7o49pycBuQH2k3r9F;7;1;0.26863793;28.04.2024;28.04.2024
bc1qr7mqe0v4nag6y2p82rfxuspnxsv6mqvx9ujxf2;7;1;0.26833679;12.10.2023;12.10.2023
bc1qkv6he9r40qwyxzymj8sklcnw6ywxcazsnumxje;7;1;0.26808704;31.07.2026;31.07.2026
35Fy1cWpiTR8SUhpHtoYfsHbwkBBU5j9uh;7;5;0.26262792;02.04.2022;28.11.2022
bc1q6et8gyjesggvhwpgf78hjp9caw5fhzfz20nwch;7;1;0.26;13.08.2025;13.08.2025
bc1q3wpeuxskdqz3nmt3g54kpgx299xzf9yt0wk54n;7;1;0.25218225;13.01.2024;13.01.2024
3QKVpJqj6gnDyMw173g7f73xLCMyezuhwg;7;3;0.25;15.11.2021;06.12.2021
UNKNOWN:002075a4e55f5ea6a25c7973b0d8c37a6e7535c4;7;1;0.25;13.06.2024;13.06.2024
bc1qezz4dtujn8kd8vn24nt7rls3eqwvh8mqlpl6u5;7;1;0.22633684;24.04.2024;24.04.2024
bc1q4epamwpn4r5vawp9j5t9gm5aa7zg74e6jwmr2q;7;1;0.223;30.10.2024;30.10.2024
bc1qe4tyzatl57rs5kypxmgsqk5njv5mhkur0v52mx;7;1;0.2119316;02.08.2025;02.08.2025
3FqzZHtuX2yLxnyChYDg8FDirRKDyUcqvM;7;4;0.20685989;20.06.2023;31.07.2023
bc1qh6j8u7s4gct4vrgj0rt8s20cu5nmrnf2wh2zyy;7;1;0.2;10.04.2025;10.04.2025
37bnihFv6652oDYPTUnjmYxiodAditKWkB;7;1;0.2;10.04.2024;10.04.2024
bc1qyyh3t946xweu4ceftlk7zn7u4f5lf2g7fd5grc;7;1;0.2;24.11.2023;24.11.2023
bc1qlysjqphdv88xxqqnul4z4rkk00yqg4ur5czw9c;7;1;0.16218999;31.07.2026;31.07.2026
1BDBi2r73np44aBK1itynqsZRHFqLm6QPt;7;4;0.16037082;16.05.2024;15.07.2024
bc1qmaf75wyq7vufjaw262s6pnk362ehldt2wgk9ms;7;1;0.1567903;31.07.2026;31.07.2026
bc1qs9exxa4jwacu9n3rsuewjyskd6z43ss3ugmqlz;7;1;0.15099736;11.06.2024;11.06.2024
UNKNOWN:00202cbe3ab5c873dbb42084308f3add7837c633;7;1;0.14;10.11.2025;10.11.2025
bc1qk87f7mxqxv63rxlp4kl43lltxf866fqhhzj46h;7;3;0.134537;31.07.2026;31.07.2026
bc1qwynv79q4sjs9nuk7v3mgg9w5vmwyaenajh9cx4;7;1;0.12945548;31.07.2026;31.07.2026
bc1qzwrejn6q77jt82gm00r3cv7j3a8w78ljhtcurt;7;1;0.12879801;05.09.2024;05.09.2024
UNKNOWN:0020da2a6680bae5bfb9df4f3118c41001df5cc3;7;1;0.1267555;30.07.2026;30.07.2026
bc1qc0np0nu3a9tp60r0mcdpm2egkly9wdpj5g7nhv;7;1;0.12444025;31.07.2026;31.07.2026
bc1q0276xukyyt9cevj7vdmywjh3rd90pd0h27x35g;7;1;0.12376995;01.08.2026;01.08.2026
bc1q8t4rhzz2gwfangspa0vwg8gpadf37r0q4q6grt;7;1;0.12217357;24.12.2023;24.12.2023
UNKNOWN:0020ec71d4658e66e36eed24c1f5645bb7edfa01;7;8;0.11315574;16.08.2024;16.08.2024
1NFZgJqqQvXff4pgSfihdqZQ4qf8fmo7ke;7;3;0.1128739;15.10.2023;04.01.2024
bc1qdftwdux7h3vp56424mv5v7lea469ag62hjg5sj;7;1;0.10861;30.07.2026;30.07.2026
331xmGnUg8qm61hAAEkv6KerQ9NpwcxzHj;7;1;0.10587121;28.04.2024;28.04.2024
12pvx49dATPwdt5q5zbwE3wNdtz6ewWrhy;7;1;0.104539;04.07.2022;04.07.2022
bc1q9560c6c3ag2e2ggmr5u7u9se5csesc5vx3kmky;7;1;0.1024845;31.07.2026;31.07.2026
bc1q6x675qj57ps4gq0szy6xsjwny2lkad282tjn5k;7;1;0.10013736;10.03.2024;10.03.2024
bc1q8xskw495lrxayy5387ym4n6lmtmvrgvuw6u6ay;7;1;0.1;07.07.2025;07.07.2025
bc1qlyqv603p2hvjan03w3amylu63k9qg4vtpvhswr;7;1;0.1;17.02.2022;17.02.2022
bc1q2yufd89janpc5nt3fa5cjm9h2xs4tat2y0v6a9;7;1;0.1;31.07.2026;31.07.2026
bc1q2889p6y75530d7cduq9zr9asus6fpcjxee23g0;7;1;0.09214893;31.07.2026;31.07.2026
UNKNOWN:0020b3456bc2ab5f08ce1a0efc48fa149b72ea60;7;1;0.08644232;31.07.2026;31.07.2026
UNKNOWN:002020f29bbd1fd13e78d4b667bd5097e8c2a150;7;1;0.08231231;31.07.2026;31.07.2026
bc1q6nh7hx5r99ywlf4jttx0awv5vt00ax807u25z9;7;1;0.05850492;31.07.2026;31.07.2026
3Jx2evEhaMhVd9qRNxByUzxkmwUwg5psaP;7;2;0.05609983;02.07.2024;13.07.2024
bc1qa6j3t9j7ajlncy574mnahss5k43m862slx83uv;7;1;0.05524184;22.07.2026;22.07.2026
bc1qnql86uktqna02pnu5ckywxwszkk2xzhl4k4gte;7;1;0.05463895;31.07.2026;31.07.2026
UNKNOWN:002041656e772b42ebdd3e75a6ebf339b5f9aa90;7;1;0.04997423;31.07.2026;31.07.2026
bc1qapfw53057rakfwp9g4t0cujcczqca6pjj9ym7v;7;1;0.04969209;31.07.2026;31.07.2026
bc1qd5n56le6dyxwlnykjy2n9emdwph8g46952gctc;7;1;0.0397595;01.09.2022;01.09.2022
bc1qjg86w3gmp7an863n9qluaw822g2x0uc9ajzlre;7;1;0.032049;11.04.2022;11.04.2022
bc1q07w9uqax0xw3zs562n55kqdny3e2jr0csvt9aq;7;2;0.03;28.04.2023;10.05.2023
bc1qn7zvd9y7amdjsd8nugkjhx7gsekfzy6lah7ytq;7;2;0.0281;17.01.2025;18.01.2025
bc1qmakr7z86a5dmjyh6w0dwz2ar92xy5rmx2xd4jz;7;1;0.02778089;01.08.2026;01.08.2026
bc1qj5ppjrxqng45xh8k3aptr2d6k669dx6vt6jx2k;7;1;0.02361832;09.04.2022;09.04.2022
bc1qhtf6qfyr939x8y053wa2gfgfels6mwx865qhrv;7;1;0.0208;12.01.2023;12.01.2023
1BJR285yAR6R2R2Ht5UWPeCtemYneouw6B;7;2;0.02;07.03.2024;09.03.2025
37vvbsWV5NpHzECRssAsaft4F4AiN5rKZz;7;8;0.01026261;23.12.2021;12.01.2022
38s6cZMpi7h6Ax9kduyS13m4KJXA7YiNxQ;7;1;0.01004344;15.01.2023;15.01.2023
33UH3LDz8Jdq6Nk77Yd1JHwrfjnUJPRzgH;7;1;0.01004344;15.01.2023;15.01.2023
3MFte5cDNsPv7nwq33AHx9Deq7SkoE1DEx;7;1;0.00728579;29.12.2021;29.12.2021
bc1q5r50aw6z3hxktddvrjsm3wtl2jmv9nf9rkujgx;7;1;0.00704781;29.05.2024;29.05.2024
bc1q7mqtd8ttp76lf0xagl8phht56qag9pwq2zcyz0;7;1;0.00594291;04.08.2022;04.08.2022
bc1qyptc23efufjsup2ylq24cv5m7s2hdna7hhepac;7;1;0.00447651;05.04.2022;05.04.2022
1Ftm4YBuJmHf5YhBQzbCr2z7xjz3rye9nB;6;5;12.43780168;05.02.2024;29.06.2026
bc1qxmykfu3aq48kr7x5pdtpd9phsn2mv9862t4c49;6;1;12.26830682;31.07.2026;31.07.2026
bc1q5u2z2nwu7mf0nr02jrw62yuvdj24zy89vvjfyh;6;1;6.25927147;20.08.2025;20.08.2025
bc1qwejjd8ns95pjc50lg6hjsvpx2d05zju48huzrp;6;1;6.13345663;31.07.2026;31.07.2026
bc1qzywzydplkktugyatadgagdjjz3x9mjhngmhha0;6;6;5.52076228;01.08.2026;01.08.2026
bc1qj3vpauh7482m2pthgxjvaajncjsgcsm448mw7x;6;1;5.0;31.07.2026;31.07.2026
3K2hw7Reyz6dR5Rs4tsbMk9q5ZSnvThMZw;6;1;04.дек;31.07.2026;31.07.2026
3FdKV4n8JUqJ8d46jnsjchMhWpq6EL3oU1;6;6;3.86082242;24.01.2026;31.07.2026
bc1qz4kpa9yasv24gv20jfd02ptl9krp3rsx8n82dp;6;1;3.36119553;31.07.2026;31.07.2026
bc1qp74s60vqa0nkwufflcfzcgh6kpqyzhkmez2gks;6;4;03.мар;11.02.2026;15.06.2026
3LkTA5VhMTVfC4mbVsE3Yh9jBvLwHEUntj;6;1;3.12892655;31.07.2026;31.07.2026
bc1qd85tpwlrqde7a94rfaejpws0yhuj87365xfx8t;6;2;3.03717606;31.07.2026;31.07.2026
bc1q4gkn5wzujr0tnsn33npsyg5jk6m00v2gm8f3zu;6;1;3.00586848;31.07.2026;31.07.2026
UNKNOWN:00205ecbd7eb738ed039d6d75188eab1d1ea7af6;6;1;3.0;01.06.2023;01.06.2023
19HL8gqwDcX64HxNNcJXZYqhWYGbA8GGqT;6;3;2.76705789;02.06.2022;26.02.2024
bc1qra4kdycj2geu9cqht654j8caj7dflwx0c22wav;6;1;02.мар;20.08.2022;20.08.2022
bc1q6ndytpcfn908msxdsh2lrypuzn3c9pdezlpjh5;6;1;2.20413212;31.07.2026;31.07.2026
3PF4DkjWUdAYe8Q93e6EmNYyqAuGwDqxWT;6;1;2.14993702;21.01.2024;21.01.2024
bc1qg4z0ga8ehkdd5fryf03hlzsvzyvssujwx568qs;6;1;2.14825521;30.07.2026;30.07.2026
bc1qy4swz93ws9ama5h3rgar6z2z2jmqdur9nh9yh5;6;1;2.06942;24.02.2024;24.02.2024
bc1q7jacnma99kvl9mdygnqltfzy9r4j0xqqkr4cva;6;1;2.02849912;31.07.2026;31.07.2026
bc1qzk4lmrap83wrmxjv6jusy8njtzay078yf2vgfq;6;1;2.0;18.06.2026;18.06.2026
3LQbkBM1serWNX76iLjyW4kDFQujDnMBc8;6;8;1.89295564;31.05.2024;18.11.2025
3EJ2RUp1vVQP6WfbnvciUY5kCMojjC3TXt;6;4;1.76421956;21.12.2022;01.08.2024
UNKNOWN:0020f6133c80f16f8ae00c03c8f6a723bf362bed;6;1;1.72150617;28.11.2025;28.11.2025
bc1ql2kfuquymdwmdg083vzk9g7ne748d8zj750ue9;6;1;1.69189577;31.07.2026;31.07.2026
bc1qmext42qlfz37p3dt5cxw928xrc6wj8teagptdj;6;1;01.май;22.09.2022;22.09.2022
bc1qxat8gvg02z8ew6n6wpuz5hzs5fuatnkcve2093;6;1;1.47206412;25.03.2024;25.03.2024
bc1qn9s3h35vedh7yq06grf0hhm39dexalr94lk4yc;6;1;1.35678;06.01.2024;06.01.2024
bc1qh0hnck34g8w54pdcw04pp7xxg07celz43rym3p;6;1;1.0097424;31.07.2026;31.07.2026
bc1pv87g5me4sy27tswrz2te832tng0y2v3mfrrs2dtyukzc7k8uqx3sf3fpqs;6;1;1.0027848;17.08.2024;17.08.2024
bc1qp386lgyur8eszrc07qae2twj23sr2kq3rym9jc;6;1;1.0;22.04.2024;22.04.2024
bc1qrygh4d6wf53h7kdn2wjvtyeujuy37fjcj7ws75;6;1;1.0;22.04.2024;22.04.2024
bc1qywjxeedvyaff2e80suz49serjq77u9g9e9jlmn;6;1;1.0;22.04.2024;22.04.2024
bc1qg8s27gmr6l52ug77rv3ehckw3a3tmk8596pk9l;6;1;1.0;22.04.2024;22.04.2024
bc1qg3k2ncwsnq97c3ds8cszzt0ycrzkkwv2h7v2v0;6;1;1.0;22.04.2024;22.04.2024
bc1qf23w8uaekn6837he8832m2kp3v0kfl6z807wqy;6;1;1.0;22.04.2024;22.04.2024
bc1qfm9j6sglade9vv6mu5980tefs04armcrpjhk3k;6;1;1.0;22.04.2024;22.04.2024
bc1q26q04xy2gpp2u9uchz9vkkkh84p8jz0q2zsck7;6;1;1.0;22.04.2024;22.04.2024
bc1qvc55th78ps50pqn5t8vdpa4kp0xv0q8l8we9jv;6;1;1.0;22.04.2024;22.04.2024
bc1qdehszcd32mhps0fhehk9cwx25980ddtvatdwf6;6;1;1.0;22.04.2024;22.04.2024
bc1q3g5szar5rqlwt3jn0m44u6x3pxzqfn2ysskjm8;6;1;1.0;22.04.2024;22.04.2024
bc1qnhv9un4z7tkqqj0q0qypmea3cr8ns3y7vwqque;6;1;1.0;22.04.2024;22.04.2024
bc1qnuxlujpmjra8gjtq4vp2uru97tkkj0k6tv6avy;6;1;1.0;22.04.2024;22.04.2024
bc1q4utk4ugd5nqg8p844puqrejuwax326xp98mcl5;6;1;1.0;22.04.2024;22.04.2024
bc1qhl0yk24fgsg4xs8u9mdluvk99rx9x06dauw897;6;1;1.0;22.04.2024;22.04.2024
bc1qe8gvuadafetq22dz76xg4nyhyny9z9yumhup2v;6;1;1.0;22.04.2024;22.04.2024
bc1qe5h0pyc8cx6rkxyjcdp3nx7pda3f9rxavlghcc;6;1;1.0;22.04.2024;22.04.2024
bc1q7kwvmkf9vhqzgztla6vpz2dvwszyjdf9knys8t;6;1;1.0;22.04.2024;22.04.2024
bc1ql75x9ltp0llg2cacntcqgh92j0puklypr354e2;6;1;1.0;22.04.2024;22.04.2024
bc1pqtc03lvzwnz8t7gdwy8rx4wclmlv2rdter0534x2wq0a2d9wlyvsscluvc;6;1;1.0;22.04.2024;22.04.2024
bc1p9e9sn8rsjylvhm2t3ukkwux55gdr0dh3jq9yvsdjl6lcz5ezaaeqdm8u9j;6;1;1.0;22.04.2024;22.04.2024
bc1p8rszaq9r7w34guwvfer72uxftd9twhfsfamspr3nm0wn262e8gsqelffd8;6;1;1.0;22.04.2024;22.04.2024
bc1ptpg8ffksszwv3gckj2dkyrhlt30dma2fzpfytyw8qt5er88rpr0spwll7q;6;1;1.0;22.04.2024;22.04.2024
bc1phuturfqakh4tzrypsnwplwwp8eu2jjzl2up6htaqwcgl9xk43zpq7y52yc;6;1;1.0;22.04.2024;22.04.2024
bc1pu3kgzr5m7v0e4fhvhegpq043sukxfksuw8gqth0gx4f5rzw2evus98a0e3;6;1;1.0;22.04.2024;22.04.2024
bc1pag57hajw4fxalglssk8zuf5e8hrsh6xfu3w79azmymg0n97vv87sk2ly8v;6;1;1.0;22.04.2024;22.04.2024
bc1padlpkpvdg3ng8u68484qgugfn6hmxwl4e9p2h63wt27qx4eeqzeq9fug0r;6;1;1.0;22.04.2024;22.04.2024
bc1qse7k8x4qyle5ryuw7u2jsrex7386z6g35x2qk9;6;1;1.0;24.06.2026;24.06.2026
3FSTAQCoo9TJUxz2Vgv1EzYsrUCXcntXat;6;1;1.0;05.06.2023;05.06.2023
bc1qxpyvtky4ze3wqlfnk28aahhdqe0cdkaut0rd57;6;1;1.0;23.04.2024;23.04.2024
bc1qxzvkm2t7zmpjupykxkguqc6dxl8ql0eznl95u6;6;1;1.0;23.04.2024;23.04.2024
bc1qghx6flsyxs6f3gct5r67yxmkn73p8jtmv2cjm0;6;1;1.0;23.04.2024;23.04.2024
bc1qttelxwfzgahwyxvv3rtx5etqkqwqvaw7gq7235;6;1;1.0;23.04.2024;23.04.2024
bc1qthmuappqaht593qq4ma3vtlu4ufp7dxrhaygxm;6;1;1.0;23.04.2024;23.04.2024
bc1q0pj9rqv430wjglunvsey3gcazlr8gxek7qvgpm;6;1;1.0;23.04.2024;23.04.2024
bc1qjs6w6d498g59e6wqm9la0wx4sxe4h824pkufrp;6;1;1.0;23.04.2024;23.04.2024
bc1q4p9nxpvaw9grscjkrlcnsku5s7lr6gelym5vs0;6;1;1.0;23.04.2024;23.04.2024
bc1q43jjeyaha93zwm4p8um86lqsw987l4mece6w6u;6;1;1.0;23.04.2024;23.04.2024
bc1qk5ytked0nv95wvktjlt088nshjt9qzcaen8pzd;6;1;1.0;23.04.2024;23.04.2024
bc1qk4aam9u73sxsmgashftz3u3v7ku6e8rhhv2px8;6;1;1.0;23.04.2024;23.04.2024
bc1qh6ae9hrrjdckyn0qlvapvuqrlsespx37yznc77;6;1;1.0;23.04.2024;23.04.2024
bc1qe4fxzr6f4hhwqwu4fy0nt84hspu8w6ezse56fz;6;1;1.0;23.04.2024;23.04.2024
bc1q7vapvqp477uqwqehmfn3q7gr05uuuxyghxnwup;6;1;1.0;23.04.2024;23.04.2024
bc1pre566d740tgc542p994ympl969c4jrcuduerzjd34jwthcg2lqgq84lyfg;6;1;1.0;23.04.2024;23.04.2024
bc1prmxrpd0prp7u0r0s9cnravhfuw9fuzgct2c9qfjz2u7ejxjevweq9vp7dg;6;1;1.0;23.04.2024;23.04.2024
bc1pr7rv05nudwktdcsxa20qeajlfcsvdkd95q6eapzqf2gu0puzmwrsjjfs0m;6;1;1.0;23.04.2024;23.04.2024
bc1pyrj4zvwm20mx4jkqy88ly3jycy0hltcfak56caqyppw6js6lz2qsyaand4;6;1;1.0;23.04.2024;23.04.2024
bc1p8f6s7mc668u3y4vrljdmee7rk6cvr7g2ycwh6m8qfv6jxt2stxcqlthnss;6;1;1.0;23.04.2024;23.04.2024
bc1p8vmmnvdv02hywenfxez4t5gm45ntvdq3aw7shj77q5sgga2evgwqusuq5y;6;1;1.0;23.04.2024;23.04.2024
bc1pgvf2hkptch580xnzmdzarcg2ngpurl873qwjc3qr4l43zn8jnylsd0pj2f;6;1;1.0;23.04.2024;23.04.2024
bc1pgwu0hgtgm3u4wj407ssvsc405scmdgs9lq4uwzwra2vfjhr6lves3mrse0;6;1;1.0;23.04.2024;23.04.2024
bc1pfra3rxsg6fefzdv6h6yvvrmhnjpea6qakcmv55waqad3a5sc5phq5zwrxn;6;1;1.0;23.04.2024;23.04.2024
bc1p26epruu2qfuudvyyepy927m7xta6kn42n96xs80mlqf2v73jdqdsvckwgy;6;1;1.0;23.04.2024;23.04.2024
bc1p27pa09frp3pm9s52s86art2av3egcks9awamt397k6epnjrf34dsgvz9pc;6;1;1.0;23.04.2024;23.04.2024
bc1pt7rdk2feuph238gjfru9ngatk03enld4px7m3uy4lj8j0y5t5lgscdjy4c;6;1;1.0;23.04.2024;23.04.2024
bc1pvqkenk4e6syw5xm2e5ss5cgyl7r22qd49lfnvek9gg6j3fr4ue2szh7699;6;1;1.0;23.04.2024;23.04.2024
bc1pdd5r3yk3lxrcag34astpjtewtsk66p3shtn4lgshe2rxz5axj2pqkxglcs;6;1;1.0;23.04.2024;23.04.2024
bc1pd3zmk3rxtehyxyyatcytvazennwuc4a4s4g29ngdey9zna6zsgmsnysq90;6;1;1.0;23.04.2024;23.04.2024
bc1pwql4nygzr07v42nrftr0kxq47e9j7gq9v32xy29m3ydqymt89vvsstmukf;6;1;1.0;23.04.2024;23.04.2024
bc1pww4g5prgtdjezd4yq8fj6vu337g5g2y8hgsdxvtm8djg7w7zplpqvw3xfd;6;1;1.0;23.04.2024;23.04.2024
bc1p0z3uwwugg0ltaq7hwsug59aahz3yp42dfz8uvv248c00vncx9dyswnm4tv;6;1;1.0;23.04.2024;23.04.2024
bc1p0ja2em0nfma8ewhauc7h6jgdmcurvxzmw4s5xgtuu64h9m66dugqyc3752;6;1;1.0;23.04.2024;23.04.2024
bc1ps6tv85vkwspvsrtrr2ty59flygddvhgcuphaxsrtyjwlu95lmp6sqk22z8;6;1;1.0;23.04.2024;23.04.2024
bc1p30ejf07agzq77m73e3r9p0c7kpjnejldjn0kjdfnwqxhr2jag06qatcq6v;6;1;1.0;23.04.2024;23.04.2024
bc1p5zwcqmg5q08s654cgmv42yarxh4g4z8n9lsms0qc7a5skhgw2zls3uwq84;6;1;1.0;23.04.2024;23.04.2024
bc1p5hg7mfse2dxrkve75wasf3v4unhpp47l5z8vzv6djeldyws9zlgs8u3wcy;6;1;1.0;23.04.2024;23.04.2024
bc1pkmxg7gmy5lqstutuae3wk63rvjz93f9v5rhsplc85jr4s4daqyusytnren;6;1;1.0;23.04.2024;23.04.2024
bc1pe90rkf7egs77yyq6esadnesydqnc55u70r7pp0ajdegxchk2puyqdpgcvg;6;1;1.0;23.04.2024;23.04.2024
bc1p6tl8rt80e04jlx5c02h2m7pkaexmmvt6r9ergawv9wtcp5gsgcps2qfx35;6;1;1.0;23.04.2024;23.04.2024
bc1qf45fdn5yfydmz37qvtmypp045juvkecuwpqduj;6;1;1.0;27.06.2024;27.06.2024
bc1qylq6cd29jhsefy7vcavrsyl9fvkwk9vu0apnz5;6;1;1.0;14.11.2023;14.11.2023
bc1qwdjw76gqaqvlentgq23k6cvh8fcmy4qg32t63k;6;1;1.0;13.05.2022;13.05.2022
3PmHUSzgoATphbtXaMjeGG6tN7STap8TpR;6;1;1.0;05.06.2023;05.06.2023
bc1q7uapft5e4eyp25z25d3umsn3tagf2dhw3klktn;6;1;1.0;09.11.2022;09.11.2022
3JUMzd6fxXbQKYBDuu9o98GLw6WVy5oMJn;6;3;0.99965;31.07.2026;31.07.2026
18DnJPMzbjAsUj1WLh35dnFZeDao4cCnpB;6;4;0.96720076;03.03.2022;23.08.2022
bc1pr77kslr9949deg6rdc7z8m4yc7sxszgy97kxrkteg3p3l040yh6qcl8c8q;6;1;0.86093442;22.04.2024;22.04.2024
bc1qqgnudyjv83x72l89m22lt52c7xwy20qktx8ft8;6;6;0.80231212;10.09.2023;19.10.2023
UNKNOWN:00205a26279bf471bb11d38a63fefef56f6b67b6;6;2;0.77147922;09.06.2023;09.06.2023
3EbthybvWY3b2nfP4uR5q5hxP5tds4TUim;6;1;0.76893585;27.11.2024;27.11.2024
bc1qn8dfpeuvtnssxqgcdmm979d4gxvzswj5e0apfy;6;1;0.69240021;31.07.2026;31.07.2026
bc1qtv8d67ka0pj86pdksygpvhhvg9kfn3qutylf7j;6;1;0.67108864;23.04.2024;23.04.2024
bc1q03ks7y6eyrw46fp7u803dcxhr8ddkf2ewypmru;6;1;0.67108864;23.04.2024;23.04.2024
bc1qskr9sjm4gdmkjmg4nsn2zhsyw0md37hpmm2hnq;6;1;0.67108864;23.04.2024;23.04.2024
bc1pqet6qc7lsrp7em80ye57fm8lu6kacrjjatwqgj3am0r82c6vzx9se633q3;6;1;0.67108864;23.04.2024;23.04.2024
bc1ppd09382v2ya5k0zy5pss0e86w62z8pknrjft4zn8lnrrwv6agxhswe2j5q;6;1;0.67108864;23.04.2024;23.04.2024
bc1p2s3s3hk3m4yu3ejhjgs0g2zfkl980v00crs8sjq99f8lvkvczn5s29jd03;6;1;0.67108864;23.04.2024;23.04.2024
bc1plyyjclmsfr0tcpunew2awnzqdllznjq6ekjm9edgw55savwxqpjsqm8dze;6;1;0.67108864;23.04.2024;23.04.2024
bc1plxu6ss9phn5k0wv69qxel6un5xwf09vpgttpwvr3l2e4davul6pqf6hs3u;6;1;0.67108864;23.04.2024;23.04.2024
bc1qafck58l45sctrcf92ymjrv7nmew0wludjxz2tp;6;1;0.64817079;10.02.2025;10.02.2025
bc1qm2cawffde29chtsq6su0qct42c97kaptrsmwwy;6;1;0.61940574;07.05.2025;07.05.2025
bc1px4y4wj33cja0s6tv753aj6nxh0hn9pc8lxdq4av6ajt3k9tjj7uqapchha;6;1;0.60915152;22.04.2024;22.04.2024
UNKNOWN:0020fa685c32176a30a7533181aa296389e83264;6;1;0.56783859;31.07.2026;31.07.2026
bc1qysykdwujg9n0rytxar6mkx0l6adf6sqvexsjn2;6;1;0.5656554;31.07.2026;31.07.2026
bc1qq46g6uvpjuxg3cnlaefj0hj4gp0gspete40r8n;6;1;0.55521229;12.01.2024;12.01.2024
3Avhbg7tkECPmzeuqcZVN2MuKfdFPjLngq;6;4;0.53091603;19.10.2024;31.07.2026
bc1qtgfhr7ntqvzm0tplnavaum4mtk20n3jn8vard3;6;1;0.506962;31.07.2026;31.07.2026
bc1qthwkvstss38nm3ctfl3xd4wmtnv3x8a6m2hu50;6;1;0.50496248;31.07.2026;31.07.2026
3ExenSMtZGxk4iPdtpBWvVpVtBSxpWrKVB;6;4;0.50202271;25.02.2025;25.02.2025
bc1ql8037908nnx4xvn3aejgpglnwmm3tenk7eg8m8;6;1;0.50015832;31.07.2026;31.07.2026
bc1qdz6ygcdcf9efppye7wduhvqv8k5k56l4lqrrk3;6;1;0.5;30.05.2024;30.05.2024
UNKNOWN:002066eaa878d599fdc3c90bc8b4613c7b034e97;6;1;0.5;31.05.2023;31.05.2023
bc1qltquqll5xzc3z06sn92d5z5l7gjsx88ttwe302;6;1;0.4842744;02.04.2025;02.04.2025
bc1quc3y7x7hepny5mcgrt8xgaumzr3wdugmmnu2hn;6;1;0.4695793;06.05.2025;06.05.2025
bc1q2l4zhhxp8mgj34hgu470w05399awap4ktsahw6;6;1;0.45645135;17.07.2025;17.07.2025
16XoSp6hU9E6YHyPgNwwfXdWvWG1QQq55d;6;6;0.44285804;18.07.2022;11.10.2022
bc1q238uy8fetjf4ap42m7wd9srvclrvete5zgcjcd;6;1;0.43046721;22.04.2024;22.04.2024
bc1q7yv26wpv5kxyj493fmcawv8altgvc2wgt4fx3j;6;1;0.43046721;22.04.2024;22.04.2024
bc1pfp6ldxehde3mqd0t5f44qc2nsey23uk60yzvm2scwjysg9lavhhsxk9nav;6;1;0.43046721;22.04.2024;22.04.2024
bc1pff98u90thzgtxlkx05nhcwsgttm98cjwq67wallxszgdh02rw3gqa9fdvr;6;1;0.43046721;22.04.2024;22.04.2024
bc1p2w9hgnnzrrlhrwe29s7ffegpu5uhv6nzrxm4f9cl6ud65dmu5ths0xkzva;6;1;0.43046721;22.04.2024;22.04.2024
bc1pwrwhth09ceqn85dsgx0czaql9mzut8p63l70jd2f7kklplpjfe3sacuhmx;6;1;0.43046721;22.04.2024;22.04.2024
bc1ps2xvc65pyrqwwdyfrhkn5qqxy5twd9reuys5cn67ww0k20m6vugswau2e5;6;1;0.43046721;22.04.2024;22.04.2024
bc1p34azeaphxh7xtn3muvpqw7tr3t4alkqmfgrenq49xekx82r8ahxqmud3y3;6;1;0.43046721;22.04.2024;22.04.2024
bc1pc3ucad9um0y3sz6f4v7neqxr5myxwp667p9n5xjmushzxhq0u8zsgguggp;6;1;0.43046721;22.04.2024;22.04.2024
bc1pcm74y5ww62lpalt0tpr7spulcq3mz6xx3ka4qjjfq65dl0gec9gsz64sq7;6;1;0.43046721;22.04.2024;22.04.2024
bc1pext0t8eryntzrsn97dfg24fy2mja2a5w7gqurn8xjery659alr7qygxrj3;6;1;0.43046721;22.04.2024;22.04.2024
bc1q0u28z5vmftqjj0qtg8n5x7d6danjw60ffvwpdm;6;1;0.43046721;23.04.2024;23.04.2024
bc1q40epw0qc0x68x33rlvhluhznwtvr6jese4d7yt;6;1;0.43046721;23.04.2024;23.04.2024
bc1pg7aej6ppcjz5lu5v9ndql2s46f8f847hwrc26mrdeg7hunt2y9ws95rh3g;6;1;0.43046721;23.04.2024;23.04.2024
bc1p0yl08n8dwua2z8nd6tg2yamdaxgl6wnl4txd76yw4je2pcdgzjvs5g9yat;6;1;0.43046721;23.04.2024;23.04.2024
bc1p5u93evaa75a5trxgluquey2zxakaet740s8e3y4fy2lx7cpjfuwsfsdyck;6;1;0.43046721;23.04.2024;23.04.2024
bc1ph6ex42qsc9kek9pj7nt8fpvt94ekaacxvlqyveg3nzsxralrmj5q59esr4;6;1;0.43046721;23.04.2024;23.04.2024
bc1pm4e2ekd4r8raatlrmc6g9n9p0f2zphl09ae45303sgppuj0naw6sc6m6nd;6;1;0.43046721;23.04.2024;23.04.2024
bc1pam8wft952s5h7wu3stdunxmf5hap3sv8670v3m0yya62pgsyq8lstet2jz;6;1;0.43046721;23.04.2024;23.04.2024
bc1q9qsv4v3l8pfsp5q96z3celnmmcj3g083t9xc0m;6;1;0.423413;31.07.2026;31.07.2026
bc1qxmrzl2k396zh33r7e7gav345eqq0vn748220tk;6;1;0.41610109;29.03.2024;29.03.2024
3LcRBiCpAhN2urKvQHfvrKvywUh3sDpKBi;6;2;0.40721897;02.08.2022;02.08.2022
35mpUfBRiYopaVGetRjrakeyYiahBSykFa;6;2;0.40221059;03.11.2025;04.11.2025
31oVi9qqWfr2chyEPrUfEjJVk1LqNZUjZC;6;1;0.4;04.10.2022;04.10.2022
bc1qzx06urmnxlnmlpm2729czaylyf7qq8ctd95y0y;6;1;0.3867;25.08.2023;25.08.2023
bc1qnu74l8fzsadnf4npc4he35prat3m6sqj8kjxl0;6;1;0.3739;30.03.2024;30.03.2024
34AUGo52cUUCtMSjhLdn9tTGhpCdZ1wbft;6;1;0.3724494;16.07.2022;16.07.2022
bc1qtgftn7ec9mqrunrn97qdevtyet5rh3yngj4ezs;6;1;0.36408371;04.01.2024;04.01.2024
bc1qxjnyeld2c49px9tyv7pl96u6denvye7hujt5jc;6;1;0.345778;31.07.2026;31.07.2026
bc1qmxans7u8qekzmd9utlgj0c3er7yake53d9pdtv;6;1;0.3315;23.01.2023;23.01.2023
1DGrv9x68NjtyuWA4s9GSoLrGehzBLNQ3X;6;1;0.32909197;03.09.2022;03.09.2022
1K4eQ1JtCuhkZ6fZVh4TcMSwHDa8UvbqtE;6;2;0.3280993;07.03.2025;10.03.2025
14b9EYqcYEo8yJKRtGLkaJwNyywYXgBfXL;6;2;0.318861;30.07.2026;31.07.2026
bc1q07u5es8fupafv6py2ygu8qyxd4uf8j0apd57mu;6;1;0.30607689;31.07.2026;31.07.2026
3PGdMwKsUu5UC1jb682EoR8sWaq15iSzFK;6;1;0.30073843;29.04.2024;29.04.2024
bc1qzs2vmlucnq3e2k9uekgury5ph9ff90wgy7y2qg;6;1;0.3;07.07.2025;07.07.2025
bc1q7hprachqz6rlwcsk782lcytrq9kyc82setmmma;6;1;0.2952828;31.10.2025;31.10.2025
bc1qpsuqxzxcmftvah4n2q672svu4z4m4ywlfsgtgq;6;1;0.28697814;22.04.2024;22.04.2024
bc1q94pk388cmxzhfggrx4ueh6vf4mznc3gzhula8z;6;1;0.28697814;22.04.2024;22.04.2024
bc1qhvk256x75gsec5nfz0r4aq0v4yhnq059e5t3jm;6;1;0.28697814;22.04.2024;22.04.2024
bc1qc6pqdf2enjcnkuy3jnjfugxqjndk2r98l9zpcd;6;1;0.28697814;22.04.2024;22.04.2024
bc1qm2k9dzuwk7nwuy003a0wljqwlngvjxcu9m9enc;6;1;0.28697814;22.04.2024;22.04.2024
bc1prqxnnah93dgqffqj2j4mjqx5g73z9txlyaac6yrg23h5t8cwmh6shjvwg0;6;1;0.28697814;22.04.2024;22.04.2024
bc1pnrlq82yr72dg0jrmru40jhdqq4w3a3fkce70erzcc4ly5r0yvxkszyak2w;6;1;0.28697814;22.04.2024;22.04.2024
bc1q22ucj9mcld2kyltvdsu8asg28kmun30nv97pcz;6;1;0.28697814;23.04.2024;23.04.2024
bc1q39rulnnuv4pcu655sr23gnmkr9tl2wyt2jz05x;6;1;0.28697814;23.04.2024;23.04.2024
bc1qjg2j9detadxz879xs6n4tkc8y74z7wk0vspren;6;1;0.28697814;23.04.2024;23.04.2024
bc1qegt5z7wslarjr9vqj4dddql3uq8ytrn3yg74nl;6;1;0.28697814;23.04.2024;23.04.2024
bc1q6tyjcam69v36cju74h6zhs4a64ntqvgtk5endt;6;1;0.28697814;23.04.2024;23.04.2024
bc1pxv82us60fjlxjkgvqtu02ucpxmhllgzlmstm9xxwwsgg5kl4n9vs6nprsq;6;1;0.28697814;23.04.2024;23.04.2024
3R2NNQ2LaKKDi3QFp7av5yfePb8nieBD9c;6;3;0.2862348;03.01.2023;03.01.2023
3MAhHC3kxnoAXGK7dJzjTyYDM6z8np34Jn;6;5;0.27844782;19.06.2024;19.06.2024
3H6ptzSqfTr8HsbQeifvxsjjmUYK8NiVX3;6;2;0.2784036;14.02.2023;15.02.2023
bc1qmmx85jk09fx9r7vsqxyqcdjh74836m95frs2l6;6;1;0.275;31.07.2026;31.07.2026
bc1qjxyd30mevn43d0xqeeuqpycda6ah5ljzqp5xxs;6;1;0.27029763;23.08.2022;23.08.2022
bc1quvgu6mx7rct6lh9qsvsfh7wk6xzeh3wqfu8qyt;6;1;0.25999718;31.07.2026;31.07.2026
UNKNOWN:002071e871f4ab57225db3832eea270bfb2f6383;6;1;0.25;13.06.2024;13.06.2024
bc1qa9gs97tdu88u2edshs6r9t2jg4sxmmk62a9s8f;6;1;0.25;19.06.2022;19.06.2022
3JDyvLHmJfBLcDzFUdGJMMe5HEwApPfkXF;6;6;0.24216909;08.07.2021;21.10.2021
bc1qus5tx69ur2eae3ssu0e985xajnzltly5wdurky;6;2;0.2381;12.12.2025;14.12.2025
bc1qpk4cl46j8wtzn8gk87gugj2kl8dp74u8g89f56;6;1;0.2304705;05.11.2025;05.11.2025
bc1q5q4hutqe9sn76l6503g5ftrxe8tqph85l8ru7y;6;1;0.22607712;25.03.2024;25.03.2024
bc1qnsmh8ce2a7jhj4uxx94n774u302j0tw04lyjlq;6;1;0.21249759;23.04.2024;23.04.2024
bc1qp8y7d7mq7m32guhsm4l8zlraqefnxl52hx2kjv;6;2;0.2066923;19.05.2025;19.05.2025
bc1qp8vqmcxkuvtltr0gl35640gzzxgh8dlflgvfkm;6;1;0.20456052;23.04.2024;23.04.2024
bc1q5j70klkshqanyrpcalhtyg3cs6me53ga6pg0nv;6;1;0.20066014;31.07.2026;31.07.2026
bc1qpwsqjpustjv8jckj5wpaw0cxwhs2wlkflwh2py;6;1;0.2;22.04.2024;22.04.2024
bc1q9kvn6rsffjyjaa3frdchmr8jxuetuhzzj06rua;6;1;0.2;22.04.2024;22.04.2024
bc1qf0xnpw3c7zvh0ccq04v976s2hhzuaxlrf60s70;6;1;0.2;22.04.2024;22.04.2024
bc1q0x3l7ganx7jwr3z0dmaxzluhttpjsc67g49fuz;6;1;0.2;22.04.2024;22.04.2024
bc1qa4z9j4r63dja5d6ffmugxtu3yllxzexnmlaqgt;6;1;0.2;22.04.2024;22.04.2024
bc1q7nwdwlgtf8amqq9xl96nmuy79mcgm38rxll6sr;6;1;0.2;22.04.2024;22.04.2024
bc1pxp6yynyq0u5ddcdza8qxpxkpf40x22u42539garte0lu38djj3mqsxw784;6;1;0.2;22.04.2024;22.04.2024
bc1pxeckrngxw5cjdqunzu0kn50k84xnmcgwlgy32j2t2ut5zrz7ztas6rqteg;6;1;0.2;22.04.2024;22.04.2024
bc1p2n2es4nvlj2x4wkqs0ylc45qhteh5kdypu60dtc84gdhvalktprqav48n5;6;1;0.2;22.04.2024;22.04.2024
bc1pkcxx5r4u7upruxu7spfd8hsr0tfzmvhre4wxc8ullw7c35df8vhqsvdmew;6;1;0.2;22.04.2024;22.04.2024
bc1plf4ug2afptx4fchhqsd9q8z2wwxl8vge0eml3lm7cm55wkqfd8ssfvhgf5;6;1;0.2;22.04.2024;22.04.2024
bc1q9heum3mslpytarv9azt5frep7k6upq9w04j9ng;6;1;0.2;23.04.2024;23.04.2024
bc1qxw6078t7v3xmvzmm7l8kpuuyu3jdfz6fxjdnxr;6;1;0.2;23.04.2024;23.04.2024
bc1qkxqdl0g0w09pzkjkvq85tj3qf2m8zcpj5t74g7;6;1;0.2;23.04.2024;23.04.2024
bc1qhcakfhra5dz23lujhdtm9yyfd4fx290jh8anq9;6;1;0.2;23.04.2024;23.04.2024
bc1qu5vwcq9g5j2zgua7vjpzne34tg4tlyyvs67kjh;6;1;0.2;23.04.2024;23.04.2024
bc1ppqv32hhmhqtu9j6z9k4uvpgjn8zsnyqgpejcpwxe7328jnrg645s797nan;6;1;0.2;23.04.2024;23.04.2024
bc1pzm9kujnzgsdcyslj59fvr7yj9yd7jp87jft3tep0xwqwjjmhrvequk84em;6;1;0.2;23.04.2024;23.04.2024
bc1py94n4gl0neww3s3rf04f6dk5jlczxjz8hkqcc259f5u2nq98q0uq7903ls;6;1;0.2;23.04.2024;23.04.2024
bc1pmzvp4cgh7z7n4d8x0qslc743n475yalvnlhvul3y8kk80l4hzvyqeze276;6;1;0.2;23.04.2024;23.04.2024
bc1qn8vpelaz609ywpd8spqczt8uvudchesupz0udn;6;6;0.19985708;31.03.2024;05.08.2024
bc1q3w8pg4snwqhd345k5adl5re6lkqlxn7tz95j0v;6;1;0.18899252;31.07.2026;31.07.2026
3GNmKHzGrYu6nkt9LzYGTZLVHuHF8HwXQA;6;1;0.18460537;11.06.2022;11.06.2022
bc1qtutm9a293zxv3zx5zx69qx3pkeq6r8acumdc0h;6;1;0.1774547;10.11.2021;10.11.2021
bc1qxzj697ux26y4e293vcp40tz8yty6kallggv6er;6;1;0.16777216;22.04.2024;22.04.2024
bc1qfqz8hrgn7p3mw2r204zs438r3pnrwazhcd9whn;6;1;0.16655535;16.07.2023;16.07.2023
12PE5mNHreno2E3P79CvDHMkZn1F4hdc99;6;2;0.1627;14.05.2023;19.05.2023
bc1q4pvlmgyfm82v3m534ctjrrxagqfvummj83j3s3;6;5;0.159;26.10.2025;15.06.2026
bc1q7h0zstpr2leyr08thpvarr02vp6w5f9eh73wue;6;1;0.15498468;24.08.2024;24.08.2024
34RxMnPw2Wnjjs7GMezKd9iRM5QqiM9bYk;6;6;0.14810336;22.05.2024;05.03.2026
bc1qv33a4r6ks20n563k84y95tsh9hmqs3l0kt2cg0;6;1;0.14348907;23.04.2024;23.04.2024
bc1qua8xcafmlaxdzhjs47h00sc0lqddpsttdp6mtu;6;1;0.14348907;23.04.2024;23.04.2024
bc1pxc974xl0e74sdx5hvwpc8adlq9qf9z73q83hcsswal9z4h7ahe0q9m3ns2;6;1;0.14348907;23.04.2024;23.04.2024
bc1pthfgs4k5rpayke5ry6sawjs6s6wr4evs2wnx2j48cxg42sg0vfjszwl5l0;6;1;0.14348907;23.04.2024;23.04.2024
bc1p340kzatt7s3xrvh3f2lcj0glclmgvhhf7w7elpjqg7eulze2488qe4qm9k;6;1;0.14348907;23.04.2024;23.04.2024
bc1puw0qdrshkdjsfc2sxwlx4346263aapta3da7kac5ph8yj9cytmhs55wnk7;6;1;0.14348907;23.04.2024;23.04.2024
bc1qacm3742c6pj74xxlqvrss43u2h3gm8r58vutpq;6;1;0.14;03.01.2025;03.01.2025
bc1qxudwr8wuva4zxrtxas77t0p8xf62l8gz4h4jrn;6;1;0.13637;31.07.2026;31.07.2026
bc1qtl4sqfkeqsq9cfqe6f2xa6k0fgwtvzgu4cqg6z;6;1;0.11686196;04.06.2023;04.06.2023
bc1p6jx6p8msqwdvx67464q2qlvapwr57j7evza6fwg4r99k0ernnxfq62sg0s;6;1;0.11668915;23.04.2024;23.04.2024
38cUvac91DYvfgY3UuoHJg19PZT66Jgd23;6;1;0.11451746;28.04.2024;28.04.2024
UNKNOWN:002071dece4fc43afa2f20569be07936864d7a9f;6;7;0.11165673;01.07.2024;01.07.2024
bc1qjz502yty0952et9fgwn832v42ywkqz9f982rex;6;1;0.1099636;31.07.2026;31.07.2026
UNKNOWN:002065303c536857ca64aeeede8e334b303b90c3;6;6;0.10704233;05.08.2024;05.08.2024
bc1qlz4h7hldrvn75s49334zsklec47k7sw4uk7jrv;6;1;0.10616135;17.07.2025;17.07.2025
UNKNOWN:0020923e64eb758cd923f93208302c7677414d49;6;1;0.10558194;30.07.2026;30.07.2026
bc1qsf2ygzm4e2x0c8xmry4k57dyq5q772zs08r04g;6;1;0.10481826;11.03.2024;11.03.2024
bc1qqzx2krz0kukvhlu66qy59nnq63d7jdfl4dp970;6;1;0.10450758;26.02.2024;26.02.2024
bc1qdmqk8x9hwzft3lu2f6xc8hpystjajf2kmr7af7;6;1;0.10310864;25.07.2022;25.07.2022
bc1qh0q8vw6uw5jdkqeh4zems853m0nnm0xypsa5zv;6;1;0.10009984;31.07.2021;31.07.2021
bc1qgycp6xds4jf6t0klg8lwtvdvgdhvnnrlnp67p4;6;1;0.1;22.04.2024;22.04.2024
bc1qwelgchtzfevu0l6vfarv6mrmf6zn9vqlwclk5c;6;1;0.1;22.04.2024;22.04.2024
bc1q0zvj6hdkp7tnc0zlcy9f4t8qz0flah4d823aev;6;1;0.1;22.04.2024;22.04.2024
bc1qam6ll5nedl0zu7zelscekp7nt68s0zlu5c3eu5;6;1;0.1;22.04.2024;22.04.2024
bc1qldt4y4zmpvva0zahdvlkqvzh3ktnzlrrdu8nvx;6;1;0.1;22.04.2024;22.04.2024
bc1p9x0g0arvr5pdc3afhhwevxmh4f0aj9agvw53kan407llwmw9xz5svtyn9k;6;1;0.1;22.04.2024;22.04.2024
bc1p5s7mgtmpcmq7ka2y23wneu3nwk0ukk7l75w5uq2htx89yfd0ug4sc4psqm;6;1;0.1;22.04.2024;22.04.2024
bc1p47mwqs9smqgmjmhr9htvcfeldyxta7uv89n3374n2re8gh85l5dqnl6xka;6;1;0.1;22.04.2024;22.04.2024
bc1qptu98wy7d832chkgfvh38c7clqj65k2gar8jrq;6;1;0.1;08.05.2025;08.05.2025
bc1qcjvqhyuc23f4f9fmv3pf4t4ysqrppk956tw3ju;6;1;0.1;05.02.2024;05.02.2024
bc1qky4h6xg0n6g6z9w2p5vrw9jw5p9t4x68e9d4qq;6;1;0.1;29.09.2022;29.09.2022
bc1q0egluc48jjyzarnw4va5sxspftdjek26n2nwf0;6;1;0.1;23.04.2024;23.04.2024
bc1p3a888cnkzp5savu8e5rcfgf4a5pln7xth4hf5v8lttmxaqelw98s0wp9xa;6;1;0.1;23.04.2024;23.04.2024
bc1p4zt6826n0fsn2574y44afkvmxuv67hcxk63ettjwdjxa3wn0sgnq5ma56m;6;1;0.1;23.04.2024;23.04.2024
bc1qxvh5xl3pxkjetelt3xa2lzel79rhf70tghfl8c;6;1;0.1;15.11.2024;15.11.2024
bc1qxcc4p9d44ls484vmq8h3dlpw3khwegsert2sgc;6;1;0.1;15.11.2025;15.11.2025
bc1q9xg0g3243ws96hpdevnt95zkrde2feezgqyqda;6;1;0.09993623;01.09.2023;01.09.2023
bc1qmdmgxy3gstvpc6h75cu37md7m2xl09lzv6xlj7;6;1;0.09808821;23.04.2024;23.04.2024
bc1q2dwf3w8g3aspdupaha3g7chw69yl990mn3x0z5;6;1;0.09664567;31.07.2026;31.07.2026
bc1q25guyveyxpkaxsc0kje2x7pgy0nnx4xle0m3ug;6;5;0.09625319;16.08.2024;02.10.2024
36ga4fuq5xaB8egXqDGfSBoiuyAj4noZDp;6;2;0.09065047;18.06.2022;18.06.2022
bc1q6x90nafqy428hp8m89x040uxuhlxmg32gnedts;6;1;0.090441;02.08.2026;02.08.2026
39rQpf3ahC9Qd5ghEjLoUCdtCoSUzPN6Q4;6;2;0.09;05.11.2021;05.11.2021
bc1qpuwzy5maeeuhsez2k6zpwdhgyl76l0kavfyf0v;6;1;0.08879744;22.04.2024;22.04.2024
3GtNcvfJ515j4nyU2gVD1toAEfPX7qjV8D;6;1;0.0802505;09.12.2023;09.12.2023
3JTJTYUm2YbVvKpoNK473o7RY7sFv7WfJd;6;1;0.07875635;30.01.2022;30.01.2022
bc1qel0c4v0nde7frf6xztv7yedmejnaqls94vqdfn;6;1;0.06934934;29.07.2022;29.07.2022
bc1qq7uyzq4c57hrygvg5mdmlnvzstxnvvcpwyvjza;6;6;0.06218359;24.12.2022;25.07.2023
UNKNOWN:0020723cacc13c4ab9bb0a590db73c83bcb165f2;6;6;0.06172005;18.03.2024;18.03.2024
bc1penhxqn6khx29cxuuexev74e2h99spfap88lz7rpwerl8vzz4e2eqharw0d;6;1;0.06123987;23.04.2024;23.04.2024
bc1qswlpg6xw7uwrld5h8t3eryguh2zyyecpz97hu6;6;1;0.0603;29.03.2022;29.03.2022
bc1qd57r54kecv32qelp965empcqq0cm4xvj03qqtl;6;1;0.0584738;19.03.2023;19.03.2023
bc1qa5kuw05dam887v68vfht9fue5m0av2fm4kg245;6;1;0.05074039;31.07.2026;31.07.2026
bc1qzzvhvj0jpjltmxkz9dvh6qt47rjaqxc8h9rs8t;6;1;0.0505;22.04.2024;22.04.2024
bc1qdn0ml77mcgfjlnkz06ptp3f8hj930eevaehn0n;6;1;0.0500294;11.09.2025;11.09.2025
bc1qqttngmhy0jq57g7uex485felpldrtsz5x6hu8w;6;1;0.05;22.04.2024;22.04.2024
bc1qrrutjr22nhjdwhuy5x42cm3zt98qpfapwnxdgq;6;1;0.05;22.04.2024;22.04.2024
bc1qy7757krhp2ylp8d4chkwevkq66cwq95pwuxx2p;6;1;0.05;22.04.2024;22.04.2024
bc1q8gy7wqc2epv3mhqhpsdzmm38ggjdv7rcemwdf4;6;1;0.05;22.04.2024;22.04.2024
bc1q26vsuq47un5ghxya8l83rlygvnpnm44hvwmpfc;6;1;0.05;22.04.2024;22.04.2024
bc1qtn3alymjjjxfg6x8sfmwdjxyxrvlsrs07umey6;6;1;0.05;22.04.2024;22.04.2024
bc1qkh3sh0cjljnhrgexuswv2d7n4j5lrn900g8hl0;6;1;0.05;22.04.2024;22.04.2024
bc1qcrt7dr4vw59z5k06t9807p8cuyx2hp57tyfc4j;6;1;0.05;22.04.2024;22.04.2024
bc1qmmx2njf2jge00mtvuz8hacltk5myruku76uegl;6;1;0.05;22.04.2024;22.04.2024
bc1pf7lwwmlzmg3d840evd45w8v06rm8hcnfurzp9pmqkcxkmrwngavqxqywx7;6;1;0.05;22.04.2024;22.04.2024
bc1ptyrdcdvnhdk9put890q953emauxlqu92h62wpkctk9t36umaqqhsuz22xc;6;1;0.05;22.04.2024;22.04.2024
bc1pvkht8stjjza4uemtey9p7vmyfadfu952rllfx7f88vk8fpytc6lshsspvd;6;1;0.05;22.04.2024;22.04.2024
bc1pj229az07gt38xjuypf0qhn4nt7hmppkpa7klrq7y0nq6djd965us3698xn;6;1;0.05;22.04.2024;22.04.2024
bc1pj72tx64y4czw6f3tc7gngw9qnsl9nas0evhaqd6hqeexcm9u6gfs9sq0ay;6;1;0.05;22.04.2024;22.04.2024
bc1pat3m4n4x9xrdnw0w8h867l007mdmjdg078wgl7yf33rc8wnp8d5shl7zwd;6;1;0.05;22.04.2024;22.04.2024
bc1q9nwdvv9wmpy0mxfdwmvcr5es4sqv9xcye0zz7p;6;1;0.05;23.04.2024;23.04.2024
bc1pf8c94tugjyfjd74necc03j7squdejd5kxsawzfqecd6sch7wagwqkcsg2z;6;1;0.05;23.04.2024;23.04.2024
bc1pa35ez20rw42rf25z22xk3xcmr65wm8s5qyxxwlw56s5lxjjkh99qm8r8tr;6;1;0.05;23.04.2024;23.04.2024
bc1qr7fs9hrmn4zms7sxmgrhq6snyf78ga5tacsp3k;6;1;0.05;23.01.2025;23.01.2025
bc1q0wj2dvxfem9j6zuflmhhqnjzl3gwuzs2ggghmn;6;6;0.04641219;03.06.2024;16.09.2024
32ouRRcSGmTvtwCJdzyiEXdpguWE4JSyRV;6;1;0.04403871;31.07.2026;31.07.2026
bc1qgz7s89vp4rvufz5d3444nyqcp3p6fgqtg24rf3;6;1;0.04;03.03.2022;03.03.2022
bc1qeyz4te8gz8hcjy53fu846nct4jp23r6phudpjg;6;1;0.03739917;19.09.2025;19.09.2025
bc1pcdm3x859twwukcrx0swszrjcmu2rmg58zx9697p5je2ezkq7gnxqjk3k29;6;1;0.03735179;23.04.2024;23.04.2024
bc1q6ded5r7k9g5327mnryv3adznxzh04vlj72jwar;6;1;0.03188646;22.04.2024;22.04.2024
bc1qmw3vxjke906vmyvs60ykkfdl8hjsq7506x77m3;6;1;0.03188646;22.04.2024;22.04.2024
bc1pq4vu94f2u9eqm9k538a8yptkxw55tz5q75c2lcwgz74yrrcc76fqmw0zj9;6;1;0.03188646;22.04.2024;22.04.2024
bc1p82zgxzq7q6mmz29j04rxrtt3yla3yugqzyez2c8gentyvtdqq4jqpg5zkk;6;1;0.03188646;22.04.2024;22.04.2024
bc1p8ep0umsggttd2260xmkg9s5dvfr950y4qw4cgu58qnd4gry65jnsqrv7w9;6;1;0.03188646;22.04.2024;22.04.2024
bc1pt0hx7tavxj6sd9lgv9dfu7eh9usn0sztlys6kqtgdqnnq5jjprdszzhjns;6;1;0.03188646;22.04.2024;22.04.2024
bc1p0zuzp8mr70e94keerp8zwwl0k4q6q0kmhu9nc0fq55v8z2kfrw9s0qz2h2;6;1;0.03188646;22.04.2024;22.04.2024
bc1psyh2cevvz7f679jjh4x5azfhgvnk8dl4j7s8pwxcdfmlhl7ctrmq56wtht;6;1;0.03188646;22.04.2024;22.04.2024
bc1p3phc3w7fz7h9ugdp2af627yd43e0m35qxkz6g57jnglc8zyftsqqfstdhh;6;1;0.03188646;22.04.2024;22.04.2024
bc1p3w04m7rpmxqc7ltdqux7h38d4vh4nwfaet4ud9gy24ta44kypn4qfgwl28;6;1;0.03188646;22.04.2024;22.04.2024
bc1phq6d0x022av8hgfsmuvah7jcfrxfqr2ad27nkwejjr89ujjn4sysk2w32z;6;1;0.03188646;22.04.2024;22.04.2024
bc1pc95t4wwx09ev70sltmzfh33z5a49yp9upfdt0v7e3m9vj6upzm5sqlsz7l;6;1;0.03188646;22.04.2024;22.04.2024
bc1pckkfyggmm9333jydjhxjuae0m630s9dlr7jsvchwal0krxjzf2jqezhks0;6;1;0.03188646;22.04.2024;22.04.2024
bc1pcmx2mhfspkxkwaecd3a5scqg0pshru25ludfengf55d9fhtj0jzqqcv7lh;6;1;0.03188646;22.04.2024;22.04.2024
bc1pm59vqw8ts7nvrnu07nacul0aqr8ps2n7swmexg4s73rnlyljjswqlpz8k0;6;1;0.03188646;22.04.2024;22.04.2024
bc1pak4rvmjm8yrwjz0jyz45j72sra7tz9jh7rtsj93n6dgc5ejk3uvsef9xzs;6;1;0.03188646;22.04.2024;22.04.2024
bc1pa6aacm9hw82hkz09274d08hmr77av0hsshtykz6vdg6959852j2qfelnhq;6;1;0.03188646;22.04.2024;22.04.2024
bc1qq4czqu5gatcwdhgsl0qnrxqhmjt6a0expzq6kq;6;1;0.03188646;23.04.2024;23.04.2024
bc1qq7agzxsje5ql84xhl5hsucdg0vlyqld3pn0y0h;6;1;0.03188646;23.04.2024;23.04.2024
bc1qru60dnl8qka2c3pl3ks7fgqmnlq5amnaa7h96y;6;1;0.03188646;23.04.2024;23.04.2024
bc1qyvlarpk3aaquzauvhjwvghm2hvv64p6s7t03nl;6;1;0.03188646;23.04.2024;23.04.2024
bc1qf4ysl6vrsw56qx7jchq8jx3ukw2m0h0fn7j4cd;6;1;0.03188646;23.04.2024;23.04.2024
bc1qwsprnd8sjqrfpdpna75agnhjflm6cts8g73u0m;6;1;0.03188646;23.04.2024;23.04.2024
bc1qshl82wpdraf4xwnwdxuuf4sfue4r6zcjq6fcqk;6;1;0.03188646;23.04.2024;23.04.2024
bc1q4ys40vwtrh2mrf3f2wdf40qxe2etj05zaqmuzz;6;1;0.03188646;23.04.2024;23.04.2024
bc1q6qu678h9qkeaper08a8nd8ds3rldw0h88652qx;6;1;0.03188646;23.04.2024;23.04.2024
bc1pvv4us2hj6jkrcdpvl0zn46e5n5v4wcxcq57xhgr2xjy3gmhgxews9a7l7c;6;1;0.03188646;23.04.2024;23.04.2024
bc1pvej6fx0jsxcc4x7zj07ee99tgz39qa4m34zyr4pr6lvwukchnxgsn0gtv4;6;1;0.03188646;23.04.2024;23.04.2024
bc1pdfelek3d20ee5jxuax3g5jk73p65zumcpqm6czf73sknkhx6dz5qp7n2wv;6;1;0.03188646;23.04.2024;23.04.2024
bc1qke4792jr05atp8ynhj40hkfryw6equztpkvwm9;6;1;0.03119741;23.04.2022;23.04.2022
bc1q8shdd8sveqtjz7py8prszshv2sf5kqd6qet5f6;6;1;0.03034683;07.01.2023;07.01.2023
bc1q7whklznvfw3w8ac3stv7ch6xaq7m4vzdunc282;6;6;0.02860454;05.08.2024;16.09.2024
UNKNOWN:0020e989c8a4e14d28c969b8f1b2d17f9a62f9c4;6;1;0.0281838;22.11.2021;22.11.2021
bc1q8mk2z82wqcd0q04nalm2wt46eu64dyatjyrwvy;6;1;0.02801173;19.03.2023;19.03.2023
bc1q2xl8ega6p0rypk2036e8uzx5023v3ymjfk3qh0;6;6;0.02727503;29.10.2021;15.11.2024
bc1q0y8nt9mu6863x26sx9df036u936q66669x5vn4;6;1;0.02541915;23.04.2024;23.04.2024
bc1qutfhfn5a47ta9h4cdcx8hlv98qqx3yzq8hlv8f;6;1;0.02446322;01.09.2025;01.09.2025
3KiiM1W3xefGL2aigtG2CmULdZ8fsUQcpb;6;1;0.0236;27.01.2023;27.01.2023
bc1qx4x8zxm5rqwa0cc03kz85x0grnatn33ukagulg;6;1;0.02097152;22.04.2024;22.04.2024
bc1qt02d0pse4zmltlrljt7ep0ce5e25fqaf2jhkjg;6;1;0.02097152;22.04.2024;22.04.2024
bc1qt7mtjd2w3p3upjkpl5tcgcv2ew52d70k3jwt4r;6;1;0.02097152;22.04.2024;22.04.2024
bc1qstw8ejdy6d80xv0jpc4vtdw508thjq9eyzys87;6;1;0.02097152;22.04.2024;22.04.2024
bc1qk96h3syzvmsk7m7ht9hdl5lv9gt3gd2haydygm;6;1;0.02097152;22.04.2024;22.04.2024
bc1qmww2l89yv6aypynrmj6nwax4nmmuzcj560cm4d;6;1;0.02097152;22.04.2024;22.04.2024
bc1qu3x54vlwqsvjwq5mmqs7682ll53yu8h98m99hu;6;1;0.02097152;22.04.2024;22.04.2024
bc1q7stgsxqn82ykq7t6sv7453dztxk09agw7l8nxm;6;1;0.02097152;22.04.2024;22.04.2024
bc1pzy6y0dj0cp8zh7gm6vzav7sj93ylazx3ak7uxxem5d0ygwmjwx5qh8aqd5;6;1;0.02097152;22.04.2024;22.04.2024
bc1pxaye49zq7ha2765s9wvdg99qpp7hmp0ykqls43hau34njk8hju2qx3u344;6;1;0.02097152;22.04.2024;22.04.2024
bc1pv83s30wmmd0ulqgkcqqhgl5zdh5z2xfkz9t5enz2c2wtgnjn95hskv5gvm;6;1;0.02097152;22.04.2024;22.04.2024
bc1pd92ndxvrjqclj6qzjj4t2ea0x6rywxqcnjgugdldvhuqjg7ag70q5tqy22;6;1;0.02097152;22.04.2024;22.04.2024
bc1p3kgup3qw37ummtr2t0dqpjklph8n4algp2tp06arlfhkylk8xw6sfk0e2s;6;1;0.02097152;22.04.2024;22.04.2024
bc1qvhxa5s6y9s6eacy9jfl9zup8fjp070arlh5wh3;6;1;0.02097152;23.04.2024;23.04.2024
bc1qkp70kc2gqq6lua2csd2n57hnp43z0rfftcfwhv;6;1;0.02097152;23.04.2024;23.04.2024
bc1qc9lkt89e69xf4d98ywtw97hh0xen3xd3hfvxuf;6;1;0.02097152;23.04.2024;23.04.2024
bc1pxwrqt4dr04c24gcv4pq4sf2aqqxy3t3rkvwdx24c6rsww73wqrrs5fkdvr;6;1;0.02097152;23.04.2024;23.04.2024
bc1p0h3ukyh6euqucagwr38mfsld8vl3me7h4l3csah608mae2garejs4a094h;6;1;0.02097152;23.04.2024;23.04.2024
bc1puvpmttud7d384u36a29s3eraxd5ljzjvwe3793dr6nnugknnteqsx84xk7;6;1;0.02097152;23.04.2024;23.04.2024
bc1p74a0yve9qpulu4uzjxr2wmyps69pm47arhfqc6gl7smz5k9v460splnzql;6;1;0.02097152;23.04.2024;23.04.2024
bc1p4gefh6teemwlg5zcf63jjptqxly4ell8ywye9y2z9crt2ju5l24q9fc7qa;6;1;0.02000857;22.04.2024;22.04.2024
bc1q37m8frc5m60thq4afa5zakd5978s9r97dj80yz;6;1;0.017;14.01.2025;14.01.2025
bc1q79ufpv4ee9cqelw6pxqtlug8fpqr9g8xpqpucq;6;1;0.0169865;02.01.2025;02.01.2025
bc1qht7zl2wxre0ku45azf2gagxqfkym7e093dh9ag;6;1;0.01599165;04.01.2023;04.01.2023
bc1q9vsatkl3vrzqdh84arvfnqldnhzplj7gswx8rl;6;1;0.01594323;22.04.2024;22.04.2024
bc1q8cnk5l4fp54q8q9h24zmd5ug4y9csnfvjfgkmx;6;1;0.01594323;22.04.2024;22.04.2024
bc1qglv5mz6nlecx93vvlhttcryhst5v93n4d5m564;6;1;0.01594323;22.04.2024;22.04.2024
bc1qwns9t6ff9wmsy3neke4sz3qkhq9v83y50eyva5;6;1;0.01594323;22.04.2024;22.04.2024
bc1q0al3w3c0xynah96hsujs2m0qc87uvhqdq5hwsp;6;1;0.01594323;22.04.2024;22.04.2024
bc1qky63kmpmzeuc02rdhck4jsrfqq4v5kmh4u2zpw;6;1;0.01594323;22.04.2024;22.04.2024
bc1qedwql37ferj2upujnx8r9eyd7al0s68vfkafda;6;1;0.01594323;22.04.2024;22.04.2024
bc1qah0ezmd39796d40erjxm3jx0srfpauad7xhulp;6;1;0.01594323;22.04.2024;22.04.2024
bc1p9wf323glta2t067vzra8a0tp3xwrm5yfmt450juuy5auf0kdm92q436rux;6;1;0.01594323;22.04.2024;22.04.2024
bc1pdyk20aky53tzz6en3csf0xh7zm88xg7wz7ygxt65ytukxs9cgjkqw7jj2v;6;1;0.01594323;22.04.2024;22.04.2024
bc1paz3fcr4a3w64xyst2tef3jttv3jxxs6fxjquc5qjxankqqndmrhs5d9lae;6;1;0.01594323;22.04.2024;22.04.2024
bc1qxftevgln29k4m07uaj8he7fznwte7sjcdzt6kw;6;1;0.01594323;23.04.2024;23.04.2024
bc1q28lpm9qchen27c5fzrsydxf96hwnfa79sus3y8;6;1;0.01594323;23.04.2024;23.04.2024
bc1q4qk03dm356psgesxnrxw8c2dhk7r2g5ajpj9gn;6;1;0.01594323;23.04.2024;23.04.2024
bc1qets49j9x30zw2cg32azz9puslz7ajjtvh3dpyp;6;1;0.01594323;23.04.2024;23.04.2024
bc1qe6mt93dlhcepdn2l2xpzkefyr683ryanthzw07;6;1;0.01594323;23.04.2024;23.04.2024
bc1qmwkjy5kum4u5cg6djsuzl3jzajfaje7p9h8g0y;6;1;0.01594323;23.04.2024;23.04.2024
bc1phase9q3zlshfkla9y3lschru3natk2atza5mw6pgrgacepez95wslqf5sd;6;1;0.01594323;23.04.2024;23.04.2024
bc1qe2mztdp0z5q88t9ym9ty26zdxvdg4afv4q994j;6;1;0.0151;03.02.2026;03.02.2026
bc1qrznfzwkx8sahttsndg3xw6ygurdf2dru4msgqn;6;3;0.01381279;28.05.2022;30.05.2022
bc1q73v5wfgqys4df4xjnaw0y0qvvv6787p9l7yy44;6;1;0.01232485;03.11.2022;03.11.2022
bc1qrfaaw5m7kzvp0setrrxtst68mknm3hpqr8ff99;6;1;0.01109696;22.04.2024;22.04.2024
bc1q7aergrs0pf4h2fk7nr8xy43ktq4hr37qy8s44s;6;4;0.01083183;09.01.2022;12.01.2022
bc1q3qd4hxkpa6eh7p4xj0fs2c03ere39u4c2f258h;6;1;0.01062882;22.04.2024;22.04.2024
bc1q34r4tt3v683mk2rsp57nmlc937g8umls58ej85;6;1;0.01062882;22.04.2024;22.04.2024
bc1q5jlzud8tv50fsalvxu4v8f5ygx9x3zy0zl2tgt;6;1;0.01062882;22.04.2024;22.04.2024
bc1qey0p6cxp86xlj0vfjlru4zucrgjdma2h3ydxpn;6;1;0.01062882;22.04.2024;22.04.2024
bc1qajsynhrsz80npzu4tszp8qq8y3swdmaa5v06ev;6;1;0.01062882;22.04.2024;22.04.2024
bc1qleq2rfk6d624ukxdj8vck6p6s0qvxxxp367xv4;6;1;0.01062882;22.04.2024;22.04.2024
bc1pfgljk8ncszamx00hj6j3lzcgfx39dtm9xwhmda5wvajh59kgqx7s9wlnk8;6;1;0.01062882;22.04.2024;22.04.2024
bc1pwy5h5mp2zjt8d7x7xuz540k8dv57qr8x05ajdcgry3dhgzkl8x2sksfylx;6;1;0.01062882;22.04.2024;22.04.2024
bc1pjah5r9xkk2rfe5l3y7ads2sseftl947vldq6vpv7sx550hwkm48sptzwac;6;1;0.01062882;22.04.2024;22.04.2024
bc1pcej2h2kpz3uh7l3f8u0vtscvp9wzwpakpc25rznmc22j24yxqj9s5m93cq;6;1;0.01062882;22.04.2024;22.04.2024
bc1p64xdugwucslv74g2etf6rvhgc9w9mlpxre6zlfv3wyzasygvswrszq0f80;6;1;0.01062882;22.04.2024;22.04.2024
bc1plejsj9h0f0uux9tr9qt8e87chvh5rfejn25d5cpxjnmgrtlglshq8qmcuh;6;1;0.01062882;22.04.2024;22.04.2024
bc1qqnecks8f722pgt6wgy48hgjyl4tkgu58ccdkfn;6;1;0.01062882;23.04.2024;23.04.2024
bc1q82unar592agtx5xr3fy578xmw5dqklpxcwznl2;6;1;0.01062882;23.04.2024;23.04.2024
bc1q52026srwa8cu6s3tpl8874h8cch8m2ctgs72a8;6;1;0.01062882;23.04.2024;23.04.2024
bc1qk6w39a07ffnaf5ysyhcvtf70q6rcncun4s98ft;6;1;0.01062882;23.04.2024;23.04.2024
bc1qc89rumxmh7rtqh8cyw5j85wqngf9m3th2eqcss;6;1;0.01062882;23.04.2024;23.04.2024
bc1ph33kmjuht0t472420lrhhzlp0gq7ww82quh864ph7zyw8gqycw2qfpwxqc;6;1;0.01062882;23.04.2024;23.04.2024
bc1q3zqx8hun4hqrlx5qjzk8mc83l54df098tfy330;6;1;0.01048576;22.04.2024;22.04.2024
bc1qeug6mqnw85thdxx84lms2mx683aelevdvvtjy3;6;1;0.01;21.01.2025;21.01.2025
bc1qmlr5ewyqrhaq635aa8fdw8z7sgft8nzg0gz7eg;6;1;0.00853833;06.12.2023;06.12.2023
UNKNOWN:0020499c3170ff59680914fae3020b81d0db54de;6;1;0.00812934;31.10.2022;31.10.2022
1G4c856c7f5yqm4QeWfKq6vBxPkLEe1HaB;6;5;0.0077913;25.08.2022;24.02.2023
bc1qtgmngrghuct6kq48q6mhngftujcq5mjyfx3mgn;6;1;0.00756471;13.05.2024;13.05.2024
bc1q3mtcdmf6wrfgxn56ka37kndz9ycm440l35hp2t;6;1;0.00691098;22.04.2024;22.04.2024
bc1q62svg496wglkawguvxff083l7eqlghwh8scpde;6;1;0.00559779;22.04.2024;22.04.2024
bc1qqvnqz5m6vyw8k0gcw2ny0ft3rmaatm7nassm2g;6;1;0.00531441;22.04.2024;22.04.2024
bc1qt6czjz483v64kct8yfsrxzx798hy47up54kkm6;6;1;0.00531441;22.04.2024;22.04.2024
bc1qwpht5xdvnd82f5cj9y2u7z3xr7g025eepskzp0;6;1;0.00531441;22.04.2024;22.04.2024
bc1qnegg08eevnx6qvkjf2u2mgugyz33ja62d6yf78;6;1;0.00531441;22.04.2024;22.04.2024
bc1q7gjy3mj2mlephj990fkqq36p24mv32vdmhkwtd;6;1;0.00531441;22.04.2024;22.04.2024
bc1pz62kvt638rx5sefcfdv4953y0p4k54a8ensll0skepmqukvekruqchzhqq;6;1;0.00531441;22.04.2024;22.04.2024
bc1p82h4xy9dlgnkycqvzz0urf34nv8v3u2fh4mw9r5k77gdgyc42fwq9mwaja;6;1;0.00531441;22.04.2024;22.04.2024
bc1p5yp564nukhwhqvy8hhqqh2d24yeg3uyelmhjfrsys8qar8j0j69qk5d2lh;6;1;0.00531441;22.04.2024;22.04.2024
bc1pl8040x4mwxqw2pp90mjhacgvzypztksnqs773huzlck0zgcc9jhs4cz5xw;6;1;0.00531441;22.04.2024;22.04.2024
bc1qrd8yv0vkj258z4hyv0cmu4hlzc9yy67cn74ydy;6;1;0.00531441;23.04.2024;23.04.2024
bc1qx4tdv2x6v3g22q4lhv89lmw9yyyts5u8lehcl0;6;1;0.00531441;23.04.2024;23.04.2024
bc1qh4zp5kkz7f060027zh8yushqvyue0mrhls0j6s;6;1;0.00531441;23.04.2024;23.04.2024
bc1pzsplzreuw683wupcw02042zzanpx4wrjqdn6f8cuaqt9lsk07egs0ktzxp;6;1;0.00531441;23.04.2024;23.04.2024
bc1pgdw5xsc6hphyjfy35w022ec344e972rnvuttwm60hues5l4k7ewqu5we4y;6;1;0.00531441;23.04.2024;23.04.2024
bc1pthmlr9r7xqx2ure0946376an3et6r08z36754ly8vfn5w3g5lxks86afgm;6;1;0.00531441;23.04.2024;23.04.2024
bc1ps8x355q92c83vexlcs4fz0xfuzjqkmmquhkd5h2ad789czpa974sxxdwdt;6;1;0.00531441;23.04.2024;23.04.2024
bc1pl59ddgskcesnhhh92wwtyc4cujunnd0zgzrt6cvpvk8jfkufzxusqn7mm7;6;1;0.005;22.04.2024;22.04.2024
bc1qp24pcqy4l0rgk95zmvmlah50pesudpa8z78mle;6;1;0.00354294;22.04.2024;22.04.2024
bc1qpkmgr5aggz2pwk995tmepz76ccffhgcd8r2c6c;6;1;0.00354294;22.04.2024;22.04.2024
bc1qpcvz8d20uw8knsju8k0d2l5nkxqjxx5w9ewtwh;6;1;0.00354294;22.04.2024;22.04.2024
bc1qyxuflwjmpf39v90w70u2pl66yj3qyaxwwzmqq4;6;1;0.00354294;22.04.2024;22.04.2024
bc1qy53neg3fmafpmcpyyycmx3kheglx7u6980j9ev;6;1;0.00354294;22.04.2024;22.04.2024
bc1qxe3gxq0qzsvzapxy8z7kwcdmwka3qrt6w6nvt4;6;1;0.00354294;22.04.2024;22.04.2024
bc1q2j8gn7mq2gj2w4k9ue05x0p7ug8jupdrec5hkh;6;1;0.00354294;22.04.2024;22.04.2024
bc1qs8lm80ggfxmj75ftphr66mcdspguspxcysyu3v;6;1;0.00354294;22.04.2024;22.04.2024
bc1q3z04zrjrwcyja6xsv4xu47lttwy0j6juqtt5lc;6;1;0.00354294;22.04.2024;22.04.2024
bc1pd46de4w7y06k2h3h8amqlzzw94yhd05ur5kel78r2y2gd9uq0j8s903mf9;6;1;0.00354294;22.04.2024;22.04.2024
bc1pk7cmnhrxelw4ypjt7hzepyr08lk8kyxf2jejer7qcy5gfed6la9sgamm5n;6;1;0.00354294;22.04.2024;22.04.2024
bc1qp0t5dckuf23lwzm43kl88ka6zmkjwuh06t05ze;6;1;0.00354294;23.04.2024;23.04.2024
bc1qmmt6a6q2uht4spser8vea5egv43et0a4xhlmwq;6;1;0.00354294;23.04.2024;23.04.2024
bc1ppwz3fzm0at8cud0wrk27czh3n7lcqj3edw59adm8y80guz6ejxlqrkqjjm;6;1;0.00354294;23.04.2024;23.04.2024
bc1p28sghpjvd7qnysw35ary48pcdqjx5dy7g2q0zgvavauyydp0u3pqfrmajf;6;1;0.00354294;23.04.2024;23.04.2024
bc1p0jh3afsffkxpn3703e6rquewg30hcwfv3xrct0kgqs2twsjk4qms09z2xf;6;1;0.00354294;23.04.2024;23.04.2024
bc1p54kj5auh60q3atnk4swkxj2gdvctwejfjj699xytrn9enk5kjxgs439xkh;6;1;0.00354294;23.04.2024;23.04.2024
bc1pe7y6nh395tr9354w6plrw3m3nv22u6ucgafck2cc3rzxhal2p28q058e84;6;1;0.00354294;23.04.2024;23.04.2024
bc1qh5rhmuwc0gvtlrtedga4kta36qe7vj23jtcaz9;6;1;0.0029126;02.04.2022;02.04.2022
bc1qx926kfyxckgumld0pq8g2yxxvd8tg2qhlsd9h0;6;1;0.00262144;22.04.2024;22.04.2024
bc1q8yj6ng4gqg7tjecytdxn9utjxzctru92r3m7l4;6;1;0.00262144;22.04.2024;22.04.2024
bc1q3ktnw4qrvpwa4l7r99mp37dex65wdu6n04ggzq;6;1;0.00262144;22.04.2024;22.04.2024
bc1q4hdapklvk46cat3l4y8p8qzlnfqwskn6kwp6eu;6;1;0.00262144;22.04.2024;22.04.2024
bc1qexnrpyd946fvj45qmckl4ze39mg2850qf9305x;6;1;0.00262144;22.04.2024;22.04.2024
bc1pyqq75gsfp8kg5eepuqr38j33h9qf9l7xmrcafm443dsfs3h55ckq7wqmxs;6;1;0.00262144;22.04.2024;22.04.2024
bc1p9gs0fmq9zcurgxvq9pweltfqzzfdtnh00ra662gyvrjekpedlm2qxfqg2p;6;1;0.00262144;22.04.2024;22.04.2024
bc1pvy22r8nzjsnxul8ja92hwvy00ndghv9ljv9fung6pjhunfzj029stgucvr;6;1;0.00262144;22.04.2024;22.04.2024
bc1p4ce82n0e7xwaxxue3eas66ulnee2p8a8kx78d9hlfq6gkwk3j0wq6wj6uj;6;1;0.00262144;22.04.2024;22.04.2024
bc1p67kknrq04ezqne0zws4qye2gtv4uskq6z46ctxghz6x5fl63u0qskqzrwt;6;1;0.00262144;22.04.2024;22.04.2024
bc1q94emrf6tzqemuqfc6tm9qhzvescghxcdsmr899;6;1;0.00262144;23.04.2024;23.04.2024
bc1q5hp9nu53gugaxplevf07lf8ztyg6p9m0zau6zu;6;1;0.00262144;23.04.2024;23.04.2024
bc1qk9wjuemqdujqskup3xdx6kecrn8gc8s3y5pccu;6;1;0.00262144;23.04.2024;23.04.2024
bc1qc4dwlnqhmxyxtmsprxw3djvhhmfcm9u06z7yue;6;1;0.00262144;23.04.2024;23.04.2024
bc1qlxum9hpyhdnwxn902vvjfvj82a6a4yxkg4hvnl;6;1;0.00262144;23.04.2024;23.04.2024
bc1p9h65rskpu89fl5fzx8ww3yj8sx30xhmx2a5dzday4v20ddatst9sj0hs4e;6;1;0.00262144;23.04.2024;23.04.2024
bc1p3nxupnprrjesx6t0dft68x4nj4f0zd52lk5vsnn5szjfdhtfn3xqdn9tss;6;1;0.00262144;23.04.2024;23.04.2024
bc1qzttsl7dxtme9nxhqxla79t3aacwa9qt2q2y7wr;6;1;0.002;22.04.2024;22.04.2024
bc1q2yeg9tpnht6udyxk34gted4d5z64vmqlxlj36p;6;1;0.002;22.04.2024;22.04.2024
bc1qd3zy23qeslfmuzrlhytuj8xsygj4es66gfcka6;6;1;0.002;22.04.2024;22.04.2024
bc1q06l0znkfe2vjk84vsqj86a02zhuphhtk5q9uyx;6;1;0.002;22.04.2024;22.04.2024
bc1q5sdtsqdgemt5ecqhfrxk750nrlz4sau4dz7aj7;6;1;0.002;22.04.2024;22.04.2024
bc1q4x4grr3j8nq0e6agrcnxwrmgq2d8dyr5pamp5v;6;1;0.002;22.04.2024;22.04.2024
bc1qcheppcxw823ghmrlvq806autlc7evp63584pus;6;1;0.002;22.04.2024;22.04.2024
bc1qeu4y943j58yvqjpd2u4h59ar0tkkvkd52768jl;6;1;0.002;22.04.2024;22.04.2024
bc1pq8h3g9jlcw84qcv7vy60dv0072th7fh6zluxa7s6r9u86gxray3qvrlq5s;6;1;0.002;22.04.2024;22.04.2024
bc1p8jhd95y6rn9cednszw4vug3jj43dj7wlhwdtfjapu9pwvq9zt53qh23wca;6;1;0.002;22.04.2024;22.04.2024
bc1pkjq0kn87qw3vnhuej7zpwxzkfuvvuaec4xptw6qhdumh5cmtrv7sw8zuhk;6;1;0.002;22.04.2024;22.04.2024
bc1ph703jw0jvjvwgck0g8pymgc49qz2aal8znl4qgcwdwrc5thl3nzqpadpd5;6;1;0.002;22.04.2024;22.04.2024
bc1qvyvf8seclr048u07xqjkxuvzuf74xw7wurhrv8;6;1;0.002;23.04.2024;23.04.2024
bc1qv9ka6adg8ry0e9vy5ca0tj7cjxahy8kqauqan9;6;1;0.002;23.04.2024;23.04.2024
bc1pg89hgjxlnq9ykcsgcghxauwwfmwfzrwydfje4gptsz008dt86kys5heepz;6;1;0.002;23.04.2024;23.04.2024
bc1p3g8sd9kydmama4j9k855660g3qn52mwyvc0ne550g724gv40240sum9y6t;6;1;0.002;23.04.2024;23.04.2024
bc1p6d8stdkcjmsefhzg7n96svgv5hv9dkt5gwtz0j74x262ryn4gt5s8tlv8g;6;1;0.002;23.04.2024;23.04.2024
bc1phmat0h704m474v5p9dmc5hd9zvknq76tf8ynk3ewf0kcx526k7xqw594t7;6;1;0.00177147;22.04.2024;22.04.2024
bc1pffkujr2s6pq8n2l7gjehrdheq2ptd97prz8pqr4fr7rlvjd97cgqc9kkd2;6;1;0.00131072;22.04.2024;22.04.2024
bc1qjd3szu4t2mt7jzjesmwejhwv2qwuc5qz6fkh05;6;1;0.00131072;23.04.2024;23.04.2024
bc1qh36ghlfre23gpmt49ypdkp3lf9g368cds59wek;6;1;0.00131072;23.04.2024;23.04.2024
bc1q60smxjxzuzuvtsg9us68jugeq3gn05r6m0wc4w;6;1;0.00131072;23.04.2024;23.04.2024
bc1p6t3l5grec7ua8nu0hscr6u0ky0kg3pa4lunwjygxrvahaqe2fehsqzrl3w;6;1;0.00131072;23.04.2024;23.04.2024
bc1qqqnwle2lz7r0t7yezgwanswjep8qlqj58mvsk3;6;1;0.00118098;22.04.2024;22.04.2024
bc1qx293zhmk46yj67xtpfhn7jl4pmswhg305xapl4;6;1;0.00118098;22.04.2024;22.04.2024
bc1q07lca6m6suswt5kvllsh0shpu9vufqcua80wuj;6;1;0.00118098;22.04.2024;22.04.2024
bc1qeuqutyh294zde2lwzklh69asce3c3xsfzcq7cx;6;1;0.00118098;22.04.2024;22.04.2024
bc1pyw76qjcyytjd4ndkwmtad46v85vld8e3lmjkzh5577r4yhrywumskhcwhw;6;1;0.00118098;22.04.2024;22.04.2024
bc1p3d795px969cll0kxx072623rucjq405l9k5lq97nnur88y5dnpvs3q42vt;6;1;0.00118098;22.04.2024;22.04.2024
bc1pjz56x0y5lhdf0na60atw9v74zp4nu59f56ua0ym6f0duavl3u9vqcdxgtp;6;1;0.00118098;22.04.2024;22.04.2024
bc1p4sqqxjyctul0u5xmfq8vtgdlaunnk95zxt9rx6dpes46qclfuf6s9w96ke;6;1;0.00118098;22.04.2024;22.04.2024
bc1phpa2qhaeqp8um57xm7362lwx9ux2sr7s42pkrvpu2lqtqdl2yjlsncm0vy;6;1;0.00118098;22.04.2024;22.04.2024
bc1pau4kkk5wjrcqskta2xhslskg0v76zw3qcaj58w9qwut6qncnaa8sj74ytd;6;1;0.00118098;22.04.2024;22.04.2024
bc1p7jwern9mkzmt65pv4qelqhnzanjhnemswzgcp6rx83hpzn3rsk8spal8wt;6;1;0.00118098;22.04.2024;22.04.2024
bc1qzmr84ruxwsa7uvk2lmg8qms5thvjamvmznwqpd;6;1;0.001;22.04.2024;22.04.2024
bc1qf787pmr6tafjp5aa3gj06tcu8h5kv7np928xg0;6;1;0.001;22.04.2024;22.04.2024
bc1qdvwcv2z8snpd24f37yjdxgmq6ej04f8vn4rpkt;6;1;0.001;22.04.2024;22.04.2024
bc1qnhl6ffmty5q9uwm230pet9t5zex68mdqu8uulh;6;1;0.001;22.04.2024;22.04.2024
bc1pw3vwu53war2dd2t87cfcyua0pgecss43wmcuvsny9g7n0j3kc6csaxvee2;6;1;0.001;22.04.2024;22.04.2024
bc1pc3s2lsm25hlg6jvqswk9zpjw2hmd76gy4mfepkvtqrqm78am23pq5nevh0;6;1;0.001;23.04.2024;23.04.2024
bc1qz5807lx3fgf7d3g62gu5je6f0hk3rktwjfy8v2;6;1;0.00065536;22.04.2024;22.04.2024
bc1qklc96yzmj7wqfjgzclyhadh462rxtxr4heqreh;6;1;0.00065536;22.04.2024;22.04.2024
bc1qljpwse50pa0jg6lr23s0k0myegkwmfuwuevnug;6;1;0.00065536;22.04.2024;22.04.2024
bc1p9nf6u9kp3j7ss2t3nfvggtlqm5zlltdgmdtnf0ruvk3k9xn4y37qfack2l;6;1;0.00065536;22.04.2024;22.04.2024
bc1p2vlq6puflche6dfn8k5uj8pgr2atpg9asg96fz69pe3wg73qsjnqgc2pvr;6;1;0.00065536;22.04.2024;22.04.2024
bc1pd4kkkmxykmgjeqf8y065vn8aeqgd0zwhd7nq0djge3jktrmwldgs74960j;6;1;0.00065536;22.04.2024;22.04.2024
bc1psyual3aa6pzpqen8mcw0xanwrcgguzep9t43d3s6jvhzc20hkhgsc6pjdu;6;1;0.00065536;22.04.2024;22.04.2024
bc1q00vvypw7kxpm8cxrf6mrwaevf7ssp5vwg8hyyj;6;1;0.00065536;23.04.2024;23.04.2024
bc1q9928smpkngjzluaeulfw6tqjk0jlm27d6exf86;6;1;0.00059049;23.04.2024;23.04.2024
bc1q5t3r4svqnv33qdzhrldx5pd57kxwdwq2u6cly3;6;1;0.00059049;23.04.2024;23.04.2024
bc1qqm5l9pgmkj4j35jqn3jwg0swlgctdyyqzgnfg0;6;1;0.0005;22.04.2024;22.04.2024
bc1qlfnyv9h74e3s5w05q92kyq6j3v9my2ytv3zwrp;6;1;0.0005;22.04.2024;22.04.2024
bc1pwt6tvpgcyt79cacsqm0m30dmjtg87uccjxp286wf9ntfvyjpvazshvc8w4;6;1;0.0005;22.04.2024;22.04.2024
bc1ps9yawjynmzfss9k2jn5jnq6v9tla8vgv7uqnvnzty8yuxqmqgmaslpse8c;6;1;0.0005;22.04.2024;22.04.2024
bc1pezy6d9ru5v4pe90rre3gm6tk395f2ktea06qu3aux8mce8pq50yqvxmysa;6;1;0.0005;22.04.2024;22.04.2024
bc1qhr6cjx4lvrt0xtr49hzr5rk32vvdc2xu7xjfr9;6;1;0.0005;23.04.2024;23.04.2024
bc1pa45ymnuvl0ll0yr5zkqf4422stx4uxwmjwutfqedvy9lt2plda7qemvqye;6;1;0.0005;23.04.2024;23.04.2024
bc1q87azawnqq6xwzp6rltk6w0f8pmqumyatdcq42d;6;1;0.00039366;22.04.2024;22.04.2024
bc1qwm9pfngz6thg3seaelhc2pv6t9quq8avca3gre;6;1;0.00039366;22.04.2024;22.04.2024
bc1q0lmtdwcr3qhrq98a3mgcfq55s3cpuvpzapgwwm;6;1;0.00039366;22.04.2024;22.04.2024
bc1qjljzy5ay7naynj777rth4y80pkp5476tkh67tg;6;1;0.00039366;22.04.2024;22.04.2024
bc1qeq6j0cgwd3aw96wtlmx4vymulndk6szvtej0xp;6;1;0.00039366;22.04.2024;22.04.2024
bc1quvht77694lrwusu05er83mg33tat8qam2qfdg9;6;1;0.00039366;22.04.2024;22.04.2024
bc1pxrkc5tkuu3x5rctr5gtq69sdenf0nphk73cl7y542hg6qvz4gp5q4wdgrv;6;1;0.00039366;22.04.2024;22.04.2024
bc1ps2a8epna2vwx9l99ld0c248l7nehhw5kgc82f305f4c4z69pfdcs07gd0x;6;1;0.00039366;22.04.2024;22.04.2024
bc1p4gh2vvykl6ptvpj4ujm96ehdslch766rmm7y8r94u3lppz9qwxnq8rha49;6;1;0.00039366;22.04.2024;22.04.2024
bc1pq3e3pk0z7d3pdn03aqxcjxkmn8fw5gkf9q3p6tslgcu3yqqp5eyqpjld8l;6;1;0.00039366;23.04.2024;23.04.2024
bc1pp26z8fgpa8wzpz8h0eg3dpz44zl9q9ceqc2ehac22qmhnm5tadmsczr4fv;6;1;0.00039366;23.04.2024;23.04.2024
bc1pf0rhyhzn67tecqtnk6svh8ym8lsq5q55k2kdjsf2vhtv0euuykaq5mve06;6;1;0.00039366;23.04.2024;23.04.2024
bc1qpy6y5wy2c9zezutz9ksekgnh2pctng6469u856;6;1;0.00032768;22.04.2024;22.04.2024
bc1qxd8ndkwxvhds3nwt7e9kdqqxjht5h3pc7w2wud;6;1;0.00032768;22.04.2024;22.04.2024
bc1qfum993kudghcx2wzrxt8glzt27gjjj5uhn4lxl;6;1;0.00032768;22.04.2024;22.04.2024
bc1q579g999wfu9vy5l4gh5aur4qvgcq5wus6eufee;6;1;0.00032768;22.04.2024;22.04.2024
bc1qejzsj28vpg85u3e3a9qgtavdaefnp4j29n952k;6;1;0.00032768;22.04.2024;22.04.2024
bc1p2twrfl6pkathm54jqs978t67uck52dcwttmghm4qc8lnzqegswwqzvkheg;6;1;0.00032768;22.04.2024;22.04.2024
bc1q08chsltyfmf27wmsg4mgd69ckvtx5qvt362dfn;6;1;0.00028384;23.04.2024;23.04.2024
bc1puydruva5l8m7ayy9ht43ttnpn2hq7qs2mphvq3jpz9yvcrdew5fsq6n348;6;1;0.00026326;23.04.2024;23.04.2024
bc1qtcxg6la7etyhuzphkwjlgn35w0ka4ue9jlqfwe;6;1;0.00025964;23.04.2024;23.04.2024
bc1qttudv8gkj9a446jjpuudzefr7v4ulkj4n8yyu5;6;1;0.0002;22.04.2024;22.04.2024
bc1p3f304uf9g97wl4jzjhrrkhxzhzz77s5qnqhkt9k06amt23lx7d4q775ctl;6;1;0.0002;22.04.2024;22.04.2024
bc1q9cwwle04uazcjq5g5ajf8whmpq4rhmr355skdy;6;1;0.0002;23.04.2024;23.04.2024
bc1qm4kceglzzvagrhldg0vwgtgf6sg3qp865r3wv6;6;1;0.00019683;22.04.2024;22.04.2024
bc1qnrfakfcxhnuv0uxvy9hm9ap6aexlvuay6vzxrq;6;1;0.00016384;22.04.2024;22.04.2024
bc1pq7tgmm28h8ck9zavqgljj46ldu553nplvkjp457qg3huheedqpkqhvadhd;6;1;0.00016384;22.04.2024;22.04.2024
bc1purjeh8awflue5rm97g7q8nfma4gp5n7ty4dackrugem46pgv0nusnspqvu;6;1;0.00016384;22.04.2024;22.04.2024
bc1qys0p9aw0arv0ry7z6utqq4jm3yd5qdawem24lx;6;1;0.00016384;23.04.2024;23.04.2024
bc1q22xh3ggwwssdz6nu5mzp2733yspctq0kp6ts0s;6;1;0.00013122;22.04.2024;22.04.2024
bc1pgv7xjzlsu7fqlnuxv5el2347gx2guzv93f2d6gpywn4700ze5paqlk4nnn;6;1;0.00013122;22.04.2024;22.04.2024
bc1pkm5tvmutap7srkakge7y5xgaj58n87vfa6vavgy2h2nnrsd7plaq785c7g;6;1;0.00013122;22.04.2024;22.04.2024
bc1pumx5tfdlzcauxvmhqjcyrxwamcnvjwkydjxx97ehezvuhhumldqsnhww6v;6;1;0.00013122;22.04.2024;22.04.2024
bc1p7wr0nudg3xdttlrlgyl9r3lx06d7m5a3ar302u8l4umk070e94msxdqchy;6;1;0.00013122;22.04.2024;22.04.2024
bc1prfj6ckcx75pewmcfs50s9fdrztusqygn5tchd4tr7tuqn5d7m8gsku3sfj;6;1;8.192e-05;22.04.2024;22.04.2024
bc1qm5revz08elh3mp32jrhzpdh43arn28t9kgypex;6;1;6.561e-05;22.04.2024;22.04.2024
3Krg9oRtKskm7ZPNjL3N6ujx4YWhrLMejk;6;1;4.468e-05;24.10.2023;24.10.2023
1Atm5H6L7jK8PqZVs1gidoYGZcGfviUmTb;5;6;77.6512;09.05.2025;16.03.2026
3JioR7goMBGRoDicGKCjJoMbbuUFSjFwxz;5;4;22.1022;06.06.2024;10.04.2025
UNKNOWN:002080de87a28150fb9ab79ca8e03509d74b9f67;5;1;11.00836229;31.07.2026;31.07.2026
bc1qfrmrzurl0x5639ptzr4shjeunm8ms8rlgkcq3z;5;1;6.00131056;31.07.2026;31.07.2026
bc1qjgpdc7y4vy365wyytz9hvf0u3nd8pksdfs5ryl;5;1;5.79658446;22.01.2025;22.01.2025
UNKNOWN:00205e894b41ca896da9be7a8d0a219449e04cf4;5;1;5.27003799;30.06.2025;30.06.2025
UNKNOWN:00207b04b1c45f51f9c8b3a9cbaa871c2500f2af;5;1;5.12501231;30.06.2025;30.06.2025
UNKNOWN:002061db107cd5cd7c2ac370bf36dd068c8e7c16;5;1;5.09083551;30.06.2025;30.06.2025
UNKNOWN:0020de2306fad08fbee1194df9dde454d6f426c6;5;1;4.99999607;01.07.2025;01.07.2025
1DYLAbcVuibVodpMDzX4f3LaK2pZJTGFNc;5;2;4.9966229;03.01.2023;11.04.2023
387r4CppRrWW3ZnmsoYL7t7PG3g1aTGyzY;5;5;3.99982568;18.11.2021;18.11.2021
UNKNOWN:00204c27b0ed6d08acabfcaa153d99df06a1e7e8;5;1;03.май;08.04.2026;08.04.2026
38z94DGzbGYSQiboQxFEZ96q4bpEHZs4XF;5;1;3.1977113;31.07.2026;31.07.2026
3JSVFB7UejkhweBjMFXgtSB2sceGYPf2mD;5;1;фев.07;31.07.2026;31.07.2026
bc1q0key6r0gdmc3da22grwxp2cd0tp8kny5pyu0mp;5;1;02.май;14.03.2023;14.03.2023
13DfT2R9TGZjgj9ns3qWVGDKVqgEXjYv4H;5;2;2.40565512;20.12.2024;18.11.2025
31mUBWk15t78yQEaTUKTJ82fgvKxLnu7KJ;5;3;2.2456348;26.12.2025;26.12.2025
bc1qjdpx0vuwgtccu6xzyv2yses262y669kg4prdy2;5;1;2.14756439;31.07.2026;31.07.2026
UNKNOWN:0020cccee7aa58cb63ed6b8794764f2d7e80a7c7;5;1;2.10569749;19.09.2021;19.09.2021
bc1qrlm7xt6675dj8k2yyj4ej9tdn25jvz5tav57ph;5;1;2.00623666;31.07.2026;31.07.2026
bc1q8krc9904p76s2k3h7aa6p2la3aygtq4853v775;5;3;2.00578379;26.03.2022;18.03.2023
3Ku12cGcj9AQQD7eT42vYsih5TMrN1FC7X;5;3;1.9999771;09.07.2025;29.04.2026
bc1qqm8e7kc6nq854kxjyumusds3fwysw5vt3zvwdg;5;1;01.сен;24.02.2024;24.02.2024
UNKNOWN:0020d5c930904e5539983b3654b04fc5d5164759;5;1;1.74732294;06.01.2022;06.01.2022
bc1qwfvvxyte4hmjae80786x7k40x9dqda80mcnnh6;5;1;1.70494402;31.07.2026;31.07.2026
bc1qg7m9x0nmng8gp4mrw97dzpgn84xgkqkwm9rwgg;5;1;1.62779751;03.06.2025;03.06.2025
bc1q75gu02tlnn56z6sv5gn6cs94mkuh8pdraa7chv;5;1;1.58670551;31.07.2026;31.07.2026
UNKNOWN:002091f47eb251c57ddd69bebd1dbdec19cdeecb;5;1;1.57965707;07.01.2024;07.01.2024
3Q4hQpDubcXavd3KXFqGLvrWgbJtYRjRLs;5;1;1.53128941;31.07.2026;31.07.2026
bc1qaersqzvlnuu6409shrkzrukuplkmfk5pvmv4fm;5;1;1.48392432;31.07.2026;31.07.2026
36BdjMyC9PK8fVNYzWqCvnBSQEr6oLwt4X;5;3;1.44998532;30.03.2025;02.04.2026
bc1qdw7hzsc76yhwzaehy5ye2vs930q2drrgdt02e7;5;1;1.2779808;31.07.2026;31.07.2026
397d8kunVSzL3XZ38xPmGX8SjcdNDNRSiQ;5;1;1.19652623;02.06.2026;02.06.2026
bc1qvfsyum7yfj27scc4qv9hmu858zysaglaa22sjq;5;1;1.12085852;31.07.2026;31.07.2026
38hKFoVZ9oSnKkq6R36evrzZRAoiwEFwPD;5;4;1.10678162;05.06.2025;15.07.2026
bc1qprrs0m87jy87zg982h5rw2hcfuzhv5d9jdxzd8;5;1;1.01106969;26.01.2024;26.01.2024
bc1qudhtqq2jq8f9hljclaqq238pgdkhjh5mhf84p6;5;1;1.0;04.02.2025;04.02.2025
bc1q56uq0xl0q9erj47xc9gwu4shca3cj4a0cu02xg;5;1;1.0;21.06.2024;21.06.2024
bc1qys639ddfczzy0ahykywydw30vce5nul4je9rc0;5;1;1.0;24.03.2023;24.03.2023
bc1qaqe4uwn56jee96uzl5lwhp7cmepfxu9rgtlugc;5;1;1.0;08.06.2023;08.06.2023
bc1ql80wltvlqdjqz3477dyd5t7y6c583402570s4v;5;1;0.95596919;01.08.2026;01.08.2026
bc1qes4je72xj53lhe9938cmkrvcxzqvq6u2n06ln8;5;3;0.93960372;23.06.2024;20.03.2025
bc1qght6t7cjuj7uxalpl936vzthxpw8a9yfcslyhk;5;1;0.92257794;06.12.2023;06.12.2023
bc1qcme52wp0tswq3gr3ykmljxr5dndfwe35dnlqr6;5;1;0.913;20.09.2022;20.09.2022
bc1qq070gvvat7chlhdpgnsjjwrzc5ctl9zt76cnsx;5;1;0.86093442;22.04.2024;22.04.2024
bc1qzfznyzsjjqxdcmm5lds2stcma4u2nexnfzlum9;5;1;0.86093442;22.04.2024;22.04.2024
bc1qxclgw0zcqfa2g2cuqwrdkjcvq8tjv8zc29l982;5;1;0.86093442;22.04.2024;22.04.2024
bc1q8n7xy8nl5c84v98haac95n800rsaxwgegec2hr;5;1;0.86093442;22.04.2024;22.04.2024
bc1qfgzdq5t5q5e7mzlhnte0rqzj728csc2kanh4mg;5;1;0.86093442;22.04.2024;22.04.2024
bc1q22zgnp0r5vke5v7wmsk978awuggec9tm54wfhz;5;1;0.86093442;22.04.2024;22.04.2024
bc1qttqt98fnwg5whxpaknku45gfxe275gcn2rrp30;5;1;0.86093442;22.04.2024;22.04.2024
bc1qvcmupk5t9at0pud66qzfgaxd2mwsvqmdjh5mm6;5;1;0.86093442;22.04.2024;22.04.2024
bc1qd6qgtcgknyyrmxpg58suu2zhc9lm5c5jypngtk;5;1;0.86093442;22.04.2024;22.04.2024
bc1qw3f9hrjh506e9hpaj79h04ssv8aul5m3xwm564;5;1;0.86093442;22.04.2024;22.04.2024
bc1q3ufpxgv62mfny7pnqvjndwtpms7j3nc7pw40vw;5;1;0.86093442;22.04.2024;22.04.2024
bc1q4qh6ywju50rqtdyq8hsnac8m66zwwuyful703c;5;1;0.86093442;22.04.2024;22.04.2024
bc1q45efvjx54j53nzqt587t0ue5w4x0sahvdegw6v;5;1;0.86093442;22.04.2024;22.04.2024
bc1q4klljptlrj8utep9htp92gv6pqehcl2zjy054g;5;1;0.86093442;22.04.2024;22.04.2024
bc1qk6cp3fusu0vsk7dj5sr3awq4xqlg9vp6dxry95;5;1;0.86093442;22.04.2024;22.04.2024
bc1qm95qqsgs4qucnetcvsmkv48nkr338g5n58pmrv;5;1;0.86093442;22.04.2024;22.04.2024
bc1q7kpvtmrxyrp0v270fe4svtduxzdlg3h6kj3xp9;5;1;0.86093442;22.04.2024;22.04.2024
bc1qlc3qxapxyq9ghmkxgplvaxjaw30rrdg8ysam2d;5;1;0.86093442;22.04.2024;22.04.2024
bc1pqkwgs54qjuvu02cze8d7lum6dqm5kc4tj9wr6kzxe50kzyz244qss8t6u5;5;1;0.86093442;22.04.2024;22.04.2024
bc1pr9y9sd0925vlz5cyhrffuwf9fxjueys2h8h58grfdzqh8dt9339qnx7w8t;5;1;0.86093442;22.04.2024;22.04.2024
bc1prk6fqaak52ct23rk6qfu6g5fdes5acuptwpfetvlygwc0n2df6pquvlm34;5;1;0.86093442;22.04.2024;22.04.2024
bc1p9znu3anzjlwmm4fs3tqelsqnkz3dhc7daszpvd9m3n4k9t9qtdpq0s5fxn;5;1;0.86093442;22.04.2024;22.04.2024
bc1p86kjqfq4ajl08c6ed4tz97ezmg5mhfggueu8fhvq44jpvh6nvsaqdka7se;5;1;0.86093442;22.04.2024;22.04.2024
bc1p87rt3dh4c0kxyhphlz0gsjluz8rfj7cmdjn7s6kumz8ylp6ldd4qhvy53l;5;1;0.86093442;22.04.2024;22.04.2024
bc1pfgx9kxevqf8ydq988wal7t92mtnaa69magh9lejpfcrkquahfyuse4ju5c;5;1;0.86093442;22.04.2024;22.04.2024
bc1pdgwam6tx0vvakg0ccau4z8eek9lk6rwc9u3dgrdtw66d64ywensq5g24ak;5;1;0.86093442;22.04.2024;22.04.2024
bc1pwthfvp5najk66yuqycaypfpfkggnnrxxpct4p6sqym0l2gyja5ssl8498m;5;1;0.86093442;22.04.2024;22.04.2024
bc1pjveefvpyq04m90hr96pjqhceasgczevxmxqu8nq2gcfzal3d9pgshdk2g6;5;1;0.86093442;22.04.2024;22.04.2024
bc1pj0ygzc0wkxqn3n4xwejuxnc44rasacg4e2z965m5s070aa5w5l7qv3rpj5;5;1;0.86093442;22.04.2024;22.04.2024
bc1p4kr23qlg65gyt6wp526xnke0mum4ez07d55gkjuyvkcq8ev9mgxs64e6f6;5;1;0.86093442;22.04.2024;22.04.2024
bc1phqk3888u4mvhlqmmsmx2vq7sdvvam0d96mm5m7mctzf2kw79gnesktjj2s;5;1;0.86093442;22.04.2024;22.04.2024
bc1pcdpe9sj8lcalvrg7rvqltymkehnp94xpl5kgghfslkxg5djr5dvsz7w4ud;5;1;0.86093442;22.04.2024;22.04.2024
bc1pcu7kwjpvgw0e22kwfkvclqnedmcwnlcutz89ps4kze40ypvfs0ssgmmwyf;5;1;0.86093442;22.04.2024;22.04.2024
bc1pca06rse700ryt669can3kqt0pr3vpe2qs5az3fhwpgv27fjmdnfq2udvjq;5;1;0.86093442;22.04.2024;22.04.2024
bc1pevzlxqmlwdmh824xm03fzscx756jtz7eqs4zak2wlgmszd3zl4xsd624t3;5;1;0.86093442;22.04.2024;22.04.2024
bc1pev0glsmuzm95pkclwe9qwshp4v0j52jcrxqwud6s69k9h07jm3pqs66j98;5;1;0.86093442;22.04.2024;22.04.2024
bc1peup9dz6uhxl7k7s4pm04t4uzwa9q4xtcs8t8nlzq42qayfse09zs8ajrcl;5;1;0.86093442;22.04.2024;22.04.2024
bc1p6vv4fesk72e4m8dwlke79ae426stgh0p4w3ycmgggksxk08e0j9q42f9m7;5;1;0.86093442;22.04.2024;22.04.2024
bc1pankj86jvfjyxmnzu6sea4wjvf46m2p9a7mmnld9fa2g294t83x3qm00qc9;5;1;0.86093442;22.04.2024;22.04.2024
bc1p7puqqhldsky5fdldjw77zu0dvmd6e4jjvus5gwj2cj4r600794dsdwwfw2;5;1;0.86093442;22.04.2024;22.04.2024
bc1plq3dgg95qmm42y7748mqgsct2rt0re9vx7cy3fgyagru6hyxj4ws0cm23s;5;1;0.86093442;22.04.2024;22.04.2024
bc1plgdduaa99s47nkrsn35k3e6dahf2yk52zh0xftxdtvjl89xcsszsskc0wg;5;1;0.86093442;22.04.2024;22.04.2024
bc1plgeugyfnvv5h4dh755ge5dz45fvf6tq7k79fv3xtuu0t48e6da2qkvvrtj;5;1;0.86093442;22.04.2024;22.04.2024
bc1pluchytcmx8xcw2d6u3u7txwusuz9g3phjru48endg88xfvykzzgsd4syap;5;1;0.86093442;22.04.2024;22.04.2024
bc1qcm0n8j2p0h7mg2s358eu2a5lcckzv4p7vu2lqh;5;5;0.846;21.11.2024;11.12.2024
bc1q8trz3enknecmvtgsfnu7f8gut89luw9w99h0z5;5;1;0.835363;31.07.2026;31.07.2026
1L63qAmKyNU57BhvWiekHRXh3k2AKifZ6g;5;5;0.83368551;07.10.2022;28.04.2023
bc1qqedmwev7fccgn5ldaw3y38hzlvntl3w0y3azgg;5;1;0.77292321;31.07.2026;31.07.2026
332pSLPfsi7AJE9anKyR755CqEmScVKU7c;5;5;0.65;19.11.2024;22.07.2025
bc1qnl53pcx42gsq35a70ykhtpkkleugadgwqc6gnl;5;3;0.641;17.04.2026;18.04.2026
bc1qavht9q3y6k0l97st7hpsh54ak0zxka7dtt87f7;5;5;0.62764105;24.06.2024;12.10.2025
bc1pte5j8pfkmfyr900pq0syjf83ptz9u23js2pghllr56thkhwkppzs4ly8y6;5;1;0.60790158;22.04.2024;22.04.2024
UNKNOWN:0020e0385cee9bbacb5e39b4cdb16c44654602dc;5;1;0.58039255;01.05.2023;01.05.2023
bc1q7hpr4uz6mfuqrkfadvazul2awlvfaqrln796yz;5;1;0.56988435;04.01.2024;04.01.2024
bc1qkua0sm6pgl0acqfcuj74tp0hh2d9hgaj2m7prn;5;1;0.54183185;06.12.2022;06.12.2022
1MnBtPk88Uy4EjYXQktbiJuAnEBZf5gHxX;5;5;0.54154851;13.08.2025;17.10.2025
3FufwTnrFHgJEh7NNWESzU6cfTgKSwBD7t;5;1;0.53289839;09.08.2022;09.08.2022
bc1qq0hmmg3e9w9pqjj0m48v8lle6eg8sls826wvp3;5;1;0.50968316;03.05.2025;03.05.2025
bc1qdgz4a0tgqndgz2a4wtq8jfzll0nz34ckx3an0n;5;1;0.50963665;06.05.2025;06.05.2025
bc1qgqxvarvlzw5xs405nj9sgdyqg63dkynmk5le35;5;1;0.50767869;07.05.2025;07.05.2025
37iFfD9RLFTMM8eXkPwzSP3QJPr3bB1LbC;5;1;0.50389322;31.07.2026;31.07.2026
bc1q8zyzgx3e49le0v0wellyafrzlpthtppzklhn8p;5;1;0.50371322;07.05.2025;07.05.2025
bc1qy9stf6j852wjzlr7ta7wsgvk2t0fg5lk6c5pvq;5;1;0.5;22.04.2024;22.04.2024
bc1pz4kw8e2mxdhuwj5wav6ttws07jqmuf39xy4seta2aymcj39dmjgqvd2per;5;1;0.5;22.04.2024;22.04.2024
bc1pzc4exuw603zypndg0q5z567deas55ts5jgyjprvnvpv0u294zngqspvwkv;5;1;0.5;22.04.2024;22.04.2024
bc1p0v99wa2pw8tefhyjah8e23amltxytk3cv9grwjfsplmankgh0s3q6t8kt9;5;1;0.5;22.04.2024;22.04.2024
bc1pkpx0ufltcd43cs2wrvtztavfx2d62j9543clfkav7fngzw0lgptqglvq96;5;1;0.5;22.04.2024;22.04.2024
bc1pep2neqvq5djt5xg38ce4adn94pjfc8jdd44chw9x8hg4alxhjaqssug4je;5;1;0.5;22.04.2024;22.04.2024
bc1p7xsxznkrkqnrgl4gjx9wt5emhu4p2x4mscj6f5mk7e8rgxzmq2fsnczxuy;5;1;0.5;22.04.2024;22.04.2024
bc1qa7t5nyvay8a64pxldayct9fpdf5jfdgszpzgrs;5;1;0.5;01.07.2023;01.07.2023
bc1q9w0pwp84lkpduy7pa87ynlgum2mpd86nzlw3cg;5;1;0.5;01.07.2023;01.07.2023
bc1ql0dy3cfpe4zxkkcew2u7u3n4y4yvr3gxjznw2t;5;1;0.5;01.07.2023;01.07.2023
bc1q7359nqtlmhh4xa6na5g77nc3hcrvwva9zjulnk;5;1;0.5;01.07.2023;01.07.2023
bc1qgex4547s3h74stf9m9m8thvfd086r3wzt84txa;5;1;0.5;31.07.2026;31.07.2026
bc1qcvzcwzhyd2j4ldlqpewzx46ry6lt5nstqs99nu;5;5;0.49528004;12.03.2026;26.05.2026
bc1qmrmpmm4mf6vns7695p6ym9ztcp2udlzavhgm8t;5;1;0.4801751;16.08.2021;16.08.2021
bc1qu7u36fj76e6m43xe44ejv9gqs2j6whh78cu5cd;5;1;0.45;11.11.2022;11.11.2022
1E7vmftr33Pkp6LWtejYFJfZEexuBECH2L;5;3;0.44;28.02.2025;02.07.2025
UNKNOWN:0020d282c025660a666934fb7073ca8b8e813c9d;5;2;0.43413461;22.03.2026;22.03.2026
1KFNXxScFFyvTJSf1jzPn6extrctmDh1r4;5;2;0.41993873;31.07.2026;31.07.2026
bc1qtutx6qtyf0swuj0p438mvka3d0hx8qejtsye87;5;1;0.38297044;20.08.2023;20.08.2023
UNKNOWN:002010fa30efe9a5a7cb3871c4a439d2318b469e;5;5;0.37572967;30.12.2025;07.05.2026
bc1qehkh3y7rkd6yefceu308k9serce2zs2ta6nfsw;5;1;0.37238114;22.04.2024;22.04.2024
19PrCPapWrXbvC5qKCtmyjgHGPo5nadVZC;5;1;0.36886814;20.10.2021;20.10.2021
1BmtU95TjsiscMGdRvrpLivdEDMvRRmKzi;5;5;0.36814496;27.04.2021;20.07.2021
UNKNOWN:0020b64e1d02bf20d7147b185fea5d8b8eb10e92;5;5;0.36607281;23.01.2026;04.07.2026
bc1que36tm7q9wpy6rwk6h3u3sc7sq2kjwkn9mr2hx;5;1;0.35095227;31.07.2026;31.07.2026
3G4FM8b4FTywy6H5HcKhu7t1mAfLwrX8is;5;5;0.3425;06.01.2024;03.02.2024
bc1qsqutys49chgnutucsleu7u77pwuqxgsjwypzpf;5;1;0.33724806;22.04.2024;22.04.2024
bc1qthg5x9lmtu9y7rhla7tw4lstj8092k56fhpgnd;5;1;0.33623192;31.07.2026;31.07.2026
bc1qdhqun35gt993y8jzq4w5v9x4nsm7rmza8gdz9q;5;1;0.33554432;22.04.2024;22.04.2024
bc1p8ks7v20q68uzk9f2cttv7y33lw6f5pvvu44k5wgvzg6qfqs8ae0q3x4tgf;5;1;0.33554432;22.04.2024;22.04.2024
bc1pd3h8nqxk4dlt54raldln8xdzfjtff3ucjvs4lxr8399kdjsyew0ss9nv6z;5;1;0.33554432;22.04.2024;22.04.2024
bc1p0c3l7cv7lcu23ns599wg4pkyxw94fnu2auxgeznwn7pd0t0tqt7swjrhxh;5;1;0.33554432;22.04.2024;22.04.2024
bc1pnl9477gdp3r65tjp67xdughzw8rgwq2d7dn3cgu8mvm5m2lkn0yqzxammp;5;1;0.33554432;22.04.2024;22.04.2024
bc1panz4thy682sdg7kdplhltanqv3f4ql7zeec25zsxs96hulhw6qrs6nc39r;5;1;0.33554432;22.04.2024;22.04.2024
bc1qnxnkswn7fkj0zc5veq8kldayzlpf47qhlgzudh;5;1;0.32606817;31.07.2026;31.07.2026
3BFZod3ENmawRs8smBeZV3KrcG8t1fzwY7;5;3;0.31267068;02.08.2025;03.08.2025
39aAJnwaTcLDwVECuWHY6ySCkP4sSKkrTL;5;4;0.30786258;20.11.2021;10.03.2022
bc1q2vrvyg8fyljggrwg6gr5eeur4la39ah0upy9um;5;1;0.3;01.07.2023;01.07.2023
bc1q3spw5z00hfyjnwx36uvexp8m73tvrx8f22sp5x;5;1;0.3;23.01.2023;23.01.2023
bc1q2xjl8mwgtmpatfhw9lggsuq5nuhgmugqzzjdqv;5;1;0.3;31.07.2026;31.07.2026
bc1q49arzuw8uf86dkpp0vg8t7uux90esg4fl0ukz3;5;5;0.28627365;31.07.2026;31.07.2026
3L1h99dovCEBpWR5WxYnnpjQbA2gqTmMdY;5;2;0.28106286;28.01.2024;14.03.2024
bc1qahvfcax6sptvkgxj3hh7z9xz39xtnmgt559uj3;5;1;0.26726818;05.11.2025;05.11.2025
333KP9VRXx4oaqh7coPw3C1xHv7rtxMx8K;5;2;0.2634775;31.07.2026;31.07.2026
3MLoeg7iQQrqXnC6bbrpvWdNSj7XhF7X5m;5;3;0.261;09.08.2022;18.08.2022
bc1qvum7xqsjrlu4x6zejq6cvu7v4jjka06p8mrjzs;5;1;0.26099618;21.08.2022;21.08.2022
334YHsgL4X1CEYPPDci3SG4PqojJ8dRA5x;5;1;0.25865699;28.04.2024;28.04.2024
3CttvyFg9rGaRdHNbjaU5z1vHDm2RMFsis;5;5;0.25623806;28.11.2022;21.12.2022
34TkhqZfhXAiD7hsQXsdpewHDvB9V2frKK;5;4;0.25302352;15.10.2023;11.11.2023
bc1qe6wvzkuj8ha9qyqxfm2whw2dhl3ddsqd4m22kh;5;1;0.25072936;31.10.2022;31.10.2022
UNKNOWN:002015caa974cbd4c3746f6320fb2af5a32ba923;5;1;0.25;09.06.2024;09.06.2024
bc1qkptuymg0c6j7p9sz9unmsyhnrjc95nl5aperu5;5;1;0.25;31.07.2026;31.07.2026
bc1qu7ycs8lk6kgdd8ftgypzlxew688zx8dw7gzah4;5;1;0.25;23.03.2022;23.03.2022
UNKNOWN:00207a3f24f3612cc432ad3327db438a5f4ac367;5;1;0.24982595;17.03.2024;17.03.2024
bc1qx7jg6ftjtj7wx5x53kqnrx442pa0tq4j9r2shx;5;1;0.24;26.01.2023;26.01.2023
bc1qhq3rffsxn7l8kma3un3l7ev8r7s956q27jj2pj;5;1;0.2357143;31.07.2026;31.07.2026
bc1qcl0j8e4yxwfcgxn53yl2yn3rvp8wudue570zu6;5;2;0.23338183;25.11.2021;08.12.2021
bc1qvtkh3706lzjydllrv6m2q99zy07avwcux45h55;5;1;0.22898651;01.08.2026;01.08.2026
bc1qyy8q9aw9qup8kffzrrvwfema0scztfa0yg7m3l;5;1;0.22630554;31.07.2026;31.07.2026
UNKNOWN:00205cb2de5fa40b2c677f65d3366bc1c1a1f05d;5;1;0.21974688;28.02.2026;28.02.2026
bc1qjgef5ytv2rd6fyajlf2wxql4wnlaz4ahhm69s2;5;1;0.21932563;31.07.2026;31.07.2026
bc1qy9pdgcmefshpr8vv09qp27n9jf8ys02ptal05m;5;1;0.21064562;24.06.2025;24.06.2025
134P87UAwAhyats3nNaW4eV3Gi3m36TP7Q;5;4;0.20917373;14.11.2021;19.03.2023
bc1qxkf6ma828ln7fat92twfwfcw9uhgdmv3reqx6g;5;1;0.20422195;31.07.2026;31.07.2026
3QNwg6X7w8GxU7aB7qWn2f2p5kT3ua9AMS;5;3;0.20401762;29.10.2024;21.11.2024
bc1q56h3x7cxspf7szs3fcumth44gnyx0f5me2dwj2;5;3;0.20271558;23.08.2024;09.09.2024
bc1qzhl5zt6pagzea4u0l0f408xuw8avnlg3wv4c29;5;1;0.20053764;31.07.2026;31.07.2026
bc1qtpx7x5vpg2cuteyll9de59rddsreqfak8ps2x0;5;1;0.2;31.07.2026;31.07.2026
bc1qkc3t4uu85j6g49tk64vwm8fsnmgyt63ggjv0sn;5;1;0.2;31.07.2026;31.07.2026
bc1qrjnepl6yj7t46jl2vwg5hv4twvgp38vh5jqejl;5;1;0.2;22.04.2024;22.04.2024
bc1qf3a27ejkndf4nmv5fwfzcqyr7p46f5f0apnp65;5;1;0.2;22.04.2024;22.04.2024
bc1qv0ttwuw0pqu93xrnu3p8r0yrcz9l3pnsruj5u2;5;1;0.2;22.04.2024;22.04.2024
bc1qw57j73jr07exsre7mm4vem5ndewpdsl8trqj6p;5;1;0.2;22.04.2024;22.04.2024
bc1quhansc87x5tknre8uc4m4rrty4dm2qyjelf3yc;5;1;0.2;22.04.2024;22.04.2024
bc1pgfwt7a70k7r26mlsyytel4hfu2s5zzua8jnrwgdqscw3tezt47zqtvec38;5;1;0.2;22.04.2024;22.04.2024
bc1p2px6redquttpglwp795xa9d9f3klj47wy88n9pz9xjp5nqxr0zcsr5qz3l;5;1;0.2;22.04.2024;22.04.2024
bc1p285cy65tthsraqpc88qjk6tsy948a74dffh6vjvqecrje82c05hshzl0vy;5;1;0.2;22.04.2024;22.04.2024
bc1pd490nfweq7rnlhqhf5ezdnjqawlqhy3ujdls3qk7wqssxqcasdeqjrsegj;5;1;0.2;22.04.2024;22.04.2024
bc1pdagwr8hkc4zzq6a92l8xqqq2zvzp8dg9fur5czu798aap8hztneqlfd3vk;5;1;0.2;22.04.2024;22.04.2024
bc1p4699h9y23yln5ruwchkhhzsjyj7xrzu08m86ma6nxpyphhkq5e5sf9jf7v;5;1;0.2;22.04.2024;22.04.2024
bc1pkmzhqcmy532lcdkd4gvckrz5qey4d040h9yzh29slz3epwlve0ssdlr0ms;5;1;0.2;22.04.2024;22.04.2024
bc1plejx7xsdhcqcrmjxmfmk90z7uj6wtpdl53nf2jwapz0k9ue322vsm0s2tz;5;1;0.2;22.04.2024;22.04.2024
UNKNOWN:0020d2d37f71424b34ff37d503d7a2b6cac243b4;5;1;0.1997424;18.04.2024;18.04.2024
bc1q40cvwvurvey3afnegfges4mzu6z63yx70t5sxa;5;1;0.19940761;31.07.2026;31.07.2026
UNKNOWN:002085708686b814fd70c5bd27c42c9186688c9b;5;1;0.19720076;04.02.2023;04.02.2023
bc1qmegnrz3tj0kxp2z8mj0c80eg84h663nymgwkyx;5;1;0.19344649;31.07.2026;31.07.2026
bc1q3rhcetrxxjnxdu4sp54vp2ldwxvv0ftq04muzr;5;1;0.17832225;31.07.2026;31.07.2026
bc1qzefckynah3p6uzenep59feqlnelkncuwt5dvqz;5;5;0.17784568;01.08.2026;01.08.2026
32g33Mxmq4KcUpWeZKcmd8CEf52P4eQUDv;5;1;0.1733089;04.01.2022;04.01.2022
bc1qaxsm5jv3fhfdvm2alt06639ww0dedqzsjnp8z7;5;1;0.17239487;01.05.2023;01.05.2023
34wvLNUYKpS4C61wsyNmQRkGZDcVE3AaA4;5;1;0.17218;09.10.2021;09.10.2021
bc1q35869nswdsudxfhketqcr7cnemzaxt02suq6mh;5;1;0.17093368;31.07.2026;31.07.2026
bc1qccvkkxnxrd57t9t9txgzmtqahgp0fpa3x6reqc;5;1;0.17008623;23.02.2026;23.02.2026
bc1q28zq0zzn3eqc2vsx7q7pmy36zfudv6ujx02466;5;3;0.16631;14.08.2023;15.08.2023
bc1qrrfea3qwz35fs9khvty9cykkrtedt3kjh8vkl4;5;1;0.16484707;15.08.2024;15.08.2024
bc1qd7wl6kydglpfa0g7durqfsphs7h6jlqf8qf3w2;5;1;0.15887902;12.06.2023;12.06.2023
UNKNOWN:002040c21c9794973af51de2bdc1b15c92f18066;5;1;0.15569592;12.04.2025;12.04.2025
3BMW7GNTsG8CjdZhZZh65pVGCpy8TuFa4C;5;1;0.15283041;07.10.2022;07.10.2022
bc1qnx5kll05qsh9r7w3842ptz3r92k3z8nu9qudtd;5;1;0.15234277;12.01.2024;12.01.2024
bc1qsnuk9grgpak4nczsfa3ccd73a009gcp7e7ecsg;5;1;0.15152454;06.05.2026;06.05.2026
bc1qzspnlv87vfg6pld75gd5uw42sw90j5q0rxefv6;5;1;0.15;03.01.2025;03.01.2025
bc1qj4algugu6nvyzhydk5k973rs8g778sxjxuzrfu;5;1;0.14972886;31.07.2026;31.07.2026
bc1qf8zqaa0xt5qhthnz9vy6qeveweg08s62ea54c7;5;1;0.14292022;31.07.2026;31.07.2026
3NEqBV4LxuBTSgQk7s6CHAfgNwvX1XAmqS;5;3;0.13882283;14.08.2024;16.01.2026
UNKNOWN:0020777122b836bb9271975d4eb6eb12c5e1dd2f;5;1;0.13305678;10.01.2024;10.01.2024
bc1qe7m9fsl5ue5fptcps2aqc0axy742q7cczkdj2m;5;1;0.12229785;31.07.2026;31.07.2026
3N5L1zNtD5YQimFnPdSbaMAmxbjd8RgAqF;5;1;0.12;03.01.2024;03.01.2024
3EVzcLjaQ2WZ76LddS4ntQK8qjEFQLqt2K;5;1;0.11882057;28.04.2024;28.04.2024
1BKYETGCDMq1DXW3zYDKvfxxb3gqN9hctM;5;1;0.11858624;13.06.2022;13.06.2022
35Q8o1X5QLWtET4EMmgeJLHkXxXzupVEGq;5;1;0.11711588;22.01.2022;22.01.2022
bc1qzcvpey3dhpjene9fmngykj82v28t4png32l89u;5;1;0.11598803;24.03.2024;24.03.2024
34M8Ke6gVqirLLYpVKPS7SUojRGEfCnm38;5;1;0.10669888;28.04.2024;28.04.2024
bc1q8q5u9x6mrsr79kjrfde0w4sxw70vsmp7l7hprh;5;1;0.10521381;17.03.2024;17.03.2024
bc1q7fcgd53zh64lteufjs53rpy3rdx3ghhzpunfwp;5;1;0.10406412;28.08.2022;28.08.2022
bc1q87rjumwcz6008nmuzlxfrqtgprmdw93svst6kr;5;2;0.101;06.06.2025;06.06.2025
bc1qf2ujfj04y6605e7rgp9zwnwt2gmefpxrjvqzed;5;1;0.10098593;17.03.2024;17.03.2024
bc1qw8az5m89wksvyg5twc80ens44qy58c4jjkuj99;5;1;0.10028834;17.03.2024;17.03.2024
bc1qtlss0lvj832u3uz466jp65ml6stxvf77pmmd9h;5;1;0.1;23.11.2023;23.11.2023
39ofA8eJ1kqRsNrNwrsnCTdh2XTQUSEp7n;5;1;0.1;05.05.2022;05.05.2022
bc1ql7mkphdax05du885xp9h4s92cax9s3us3dnlwv;5;1;0.1;04.04.2025;04.04.2025
bc1qdpsa3ywfwpeqmj6y7h5c3vjatlanfya2k9cdzd;5;1;0.1;22.04.2024;22.04.2024
bc1q7c90clwx5cwkxlnk9wgkmtxtyx5ax7ceaz646s;5;1;0.1;22.04.2024;22.04.2024
bc1pzkr7p9t9wq4uwhymtn2rw6pn8uk86shkqwgqedsqf4jlhx77z63sv92qah;5;1;0.1;22.04.2024;22.04.2024
bc1p3fd8m3x64wurph9quhvqrfsudzvmuz4t37hdv8rsy6za2nru3mlqgw2u83;5;1;0.1;22.04.2024;22.04.2024
bc1phppau7pe4nfv7sj72m86u4kvclgu8glg7tx3vcdsqn50c7acramqvp24ge;5;1;0.1;22.04.2024;22.04.2024
bc1puand9m09e9pua6um6ggg6r077yuh98e7l95084mfmfg0vkt5tp7sxp7tzu;5;1;0.1;22.04.2024;22.04.2024
bc1p7ecs0tsnd02qjl2evfyggdf94x74huue5nghc2a2sl22cdd9er0shdz2ww;5;1;0.1;22.04.2024;22.04.2024
bc1qq6jucyvc887te6jsrnhh8zx8vswkxurpvnv29f;5;1;0.1;13.09.2023;13.09.2023
UNKNOWN:0020d1e56eb898722485947e9953a098cab1d473;5;1;0.1;14.06.2024;14.06.2024
bc1qhusll3wmzcyavee0pksztr0atlmg36kmsv8yxj;5;1;0.1;15.11.2021;15.11.2021
bc1q95m5srfmgvenzkahjfq0aufdceg0fs2xmzalz6;5;1;0.1;31.07.2026;31.07.2026
bc1qhav0e6428zkwf3n9acm9f00zluy92eg5yptpdt;5;1;0.1;31.07.2026;31.07.2026
bc1q3y07j5prz5yan0awqffl8r0kxt3wste43nn03w;5;1;0.0992364;31.07.2026;31.07.2026
bc1pkpe9g57tdchtm0sglvfc2fp99ykmnzavxdlejyx8v6027avtr9lqjspxwl;5;1;0.09565938;22.04.2024;22.04.2024
bc1quhmfaez3xyn5hsk6swsjqglnlw6jt32vr8lqq5;5;1;0.09;31.07.2026;31.07.2026
3HjujwCZN2jR4B1kpjyjGFZHt1TBZDekGv;5;1;0.08838397;19.10.2024;19.10.2024
bc1qhpn548qtrrrfmzqjwz4980m30j4625s9n8awpp;5;1;0.087;27.07.2024;27.07.2024
bc1q3shnhkr6nnmxvczl9ple46agv05g94n73pfjat;5;1;0.08221987;31.07.2026;31.07.2026
346hCogaRZGULCz9bxjFFgykEzExwkNMua;5;1;0.07929445;22.10.2023;22.10.2023
bc1q0s9hefpeyzlpdqz8waq8e47gzqkm7cw9gfv4n0;5;1;0.07698987;31.07.2026;31.07.2026
bc1qne96x8r0ec7utx2vztyea5ydnavw3gq8crmqzx;5;1;0.07627328;16.09.2023;16.09.2023
bc1qnmn6fymkm38kgvvy6dgul3vw9zq7vm04za8tcc;5;1;0.07621917;01.08.2026;01.08.2026
bc1q5e8qggxdc0yzkemmncm69gfy784kvzpn8untyj;5;5;0.07075666;30.09.2022;09.12.2022
bc1qpgg3dy7ax6y4qs04j2hrej2vf0c2t75hdmuw76;5;1;0.07066729;17.02.2024;17.02.2024
bc1q5cj2kd83vfl859e0c2209zwyqp863eqrhf3nmq;5;1;0.06882359;22.04.2024;22.04.2024
bc1qwnlve5vy8hhxra87p3rjefm774kx6uw56xg8lu;5;1;0.06750877;31.07.2026;31.07.2026
bc1qwal2kmqgvpawlkjyd4cyny29yyaqllyvdr9r6r;5;1;0.06552463;31.07.2026;31.07.2026
bc1q9c6a0u3cn8upp34n3n9qgp25xcf7ewxx62dqwa;5;5;0.06538869;17.06.2024;16.09.2024
bc1qg0vl5pva6xjwsvkxfqa5q7y2q6w9fwqucm93x6;5;1;0.06426164;25.10.2023;25.10.2023
bc1qcrpfpxhl94zffhrrvgep0d3hskxtqx69u3lvld;5;1;0.06;31.10.2023;31.10.2023
bc1qmhlf7plkavtpygsz24w52r2dwhu3lr0my0e6pz;5;1;0.05964263;23.10.2023;23.10.2023
bc1qcxtn80c4vn5pelexf7724036c02qelqgq8s8zx;5;1;0.05898808;17.01.2022;17.01.2022
bc1q7rylxq6ah7d9uf2m95hd9n3spdm2vqnh7sdq04;5;1;0.052;15.01.2023;15.01.2023
3MCBW4QYvZwwZByexRHfRLbpzGWTXLRnWM;5;4;0.0507003;26.09.2024;26.09.2024
bc1q9svhgpssuzu7dfrp3vq2s0cwjmk7rp2cdfn9w9;5;1;0.05;22.04.2024;22.04.2024
bc1qhzx5znyac2mhs845x4v8z0q2y9208cxzq3u5fu;5;1;0.05;22.04.2024;22.04.2024
bc1pkftf0954wqxsy3gr27aqkq07tfxr0td78txs3sqxg5yw853msckqnsm58q;5;1;0.05;22.04.2024;22.04.2024
bc1p7vzpnky2upl3qf7t7wnvhqxyvaqg3suvum40nwuegnmj9826dmeqwdwzqv;5;1;0.05;22.04.2024;22.04.2024
bc1qvxjwz97eeeu77mx9x9md22yrfpyvc88jz0ha39;5;1;0.05;02.03.2025;02.03.2025
bc1qqtjl5klwg25tzctevvkuskndyzvqv4h5kuea3h;5;1;0.05;30.07.2024;30.07.2024
bc1qarf4z0tyv7tl5gpyumpne50wrckaj2xpl7n0vp;5;1;0.05;28.08.2024;28.08.2024
3C48655zYjDGyaYNpsm51h8pnNVEQ2ax7n;5;1;0.04901013;11.05.2022;11.05.2022
33BiAU9F8oNctVWU1MXvhRFmkVhPkCZRcE;5;1;0.04889569;24.09.2023;24.09.2023
bc1qstjcrq2xdjz9y0cshn87h20y40ju4p3at0ex4k;5;4;0.04704239;05.08.2024;16.09.2024
3PH1uqzdRbvbWMTwoZAhqvJVQ7poXbsLVk;5;1;0.04623002;11.07.2025;11.07.2025
bc1qn3pmty6aduplvlpnfujp8a2z27wmfq3ve27v3u;5;1;0.04541026;06.12.2022;06.12.2022
bc1qs475kqafjcj3qwclhn8z6gsnj03wy8a423qklq;5;1;0.045;08.08.2025;08.08.2025
bc1qtfdzc882nn4sszcjfs2fcs0lfle7j5szasyg44;5;2;0.04128146;01.08.2026;01.08.2026
3EUpj8tekJvHGxpd6ait6D9mNk63tJ2oP8;5;1;0.04044937;17.05.2022;17.05.2022
UNKNOWN:002078f2cbb49d8b890dab94b9df23204056573f;5;1;0.04;20.02.2025;20.02.2025
bc1qhplhfzs9j56wy9un9g2a84653e7gey7egxrzhr;5;1;0.04;24.10.2023;24.10.2023
UNKNOWN:002061df68c6e88949f3460e3d11d46ee6e01f4b;5;4;0.03626556;17.06.2024;17.06.2024
bc1qz2jez94k9ycxzlfu75flwa3tk40ryvdralrsw6;5;1;0.03524649;31.07.2026;31.07.2026
1BBoYkuQeHKKtkG5tXARKE72q5J1BAfM8Z;5;2;0.03408;05.12.2024;05.12.2024
bc1qz8258vutke2j3gu5d6ddf3j5kgc4m53jpkfnyg;5;1;0.03342531;29.06.2023;29.06.2023
bc1qal2nwkt0zt7vvr20vqpdyj5gwt73gy6lnnrshh;5;1;0.03332021;31.07.2026;31.07.2026
35Me5tMMZBvGP88R9LmQw1r3W5uMvLLe9B;5;1;0.03278015;22.05.2024;22.05.2024
bc1q92gwnl0j3kwrlwslrx8xl55urpnmt7uxplktl8;5;1;0.03188646;22.04.2024;22.04.2024
bc1qgaej36yvrd3rswfxk0z4vuwn20fyre2fztjdqx;5;1;0.03188646;22.04.2024;22.04.2024
bc1q2a4pwj7tsd9pwx20chu8mvva8cl6dtrn0622yj;5;1;0.03188646;22.04.2024;22.04.2024
bc1qa2jrke4u6r54fsn38ashkajnlw75edt50w8xfu;5;1;0.03188646;22.04.2024;22.04.2024
bc1pqq7hwljg9pjq6pemsu8era0udannr4vjgmx98x3afeda77z68qesh393ak;5;1;0.03188646;22.04.2024;22.04.2024
bc1ppmklpwcvch3t7xztzcrtqf8gyruu792zn5h99759t47slp3p904qj7lyeh;5;1;0.03188646;22.04.2024;22.04.2024
bc1pplrvmejzf3e7gsk7w742tenwj68h5ac2p8q7nwsupurl8fl8zgysa5u867;5;1;0.03188646;22.04.2024;22.04.2024
bc1pze8chktq7fse7uau9wnkuld7s28lj46eqnmg7errwkyq3xsn4h0q44kywg;5;1;0.03188646;22.04.2024;22.04.2024
bc1pg4cx0z66dc4s200xwkqld76mrpe3dyh0qtfu065gvw95ta3wqctqpvxkur;5;1;0.03188646;22.04.2024;22.04.2024
bc1pfdtz3smkg9pufl2hrhq2geuslhjnvw8t8cy79j4x0swgxpw4ep9q3z8t3v;5;1;0.03188646;22.04.2024;22.04.2024
bc1pvv0v2wsrrc0fm6g43vdwu5z27ggr905yw69up8chx8ryeet0z3rsnv3jlu;5;1;0.03188646;22.04.2024;22.04.2024
bc1pdc3pys3nel55v690lmr4ftamr9ut0amngvmgh27t0dr3c2qjc2mq2xekwa;5;1;0.03188646;22.04.2024;22.04.2024
bc1pe3rk3cq2xqcqxjarqqkvwx5jpkyaptk3r25dtq3qxklgt0ndzhpq33ymjl;5;1;0.03188646;22.04.2024;22.04.2024
bc1parf8amkccyrtylgauu4j56wqs3n6x490gd0yv6wu7lnct8ncumes5yhhmj;5;1;0.03188646;22.04.2024;22.04.2024
bc1pa3qwsj3qdkxcyuqn8wchjxaafsqzjzsagy35f4ewmy6rsj0h07qsrsqsu2;5;1;0.03188646;22.04.2024;22.04.2024
bc1pl3zk5d63vq83ajs6yruz6xmf4lv3mrfl4a7djnxn6qc4sf2t8unqp6cxh3;5;1;0.03188646;22.04.2024;22.04.2024
bc1q8xrd93c4c7sznhe2ujtjn8qxfmznxppjdd434s;5;3;0.03141303;01.10.2024;10.10.2024
3AkuR4su1qhi8ijWyVwc5sRKQSw5aLjY1r;5;1;0.02780781;26.03.2022;26.03.2022
bc1qnt2na6y90epytyjj5s89938nfxgeymky9v8xrc;5;1;0.0273;03.06.2022;03.06.2022
bc1puhqx0fctcmzvg570rjrh9anmmj9ca4m8x22y96yctf07ms58lqtq0vv35t;5;1;0.02610938;29.03.2025;29.03.2025
bc1qde7sqm6p44p9d4kyws7fnq30jc3gwxmu6z8ja4;5;1;0.02405032;24.03.2022;24.03.2022
bc1q0q40mc8mfaaj8t85eh2ygqjzhlk5mhvza8f3vg;5;1;0.02379;29.03.2025;29.03.2025
bc1quwl30rz8et88xdm227hvnfpm5vmepddf5gk9rm;5;1;0.02293214;11.01.2023;11.01.2023
bc1q5jjyde0tlzs600amldefexwurwn9y2zk67vdl4;5;1;0.02186685;25.02.2023;25.02.2023
bc1qsjf6p3ysgsdqw6eddcz95mpza7pxead8pzn2yc;5;1;0.0215;08.11.2024;08.11.2024
bc1qpnq384lfqhu34xnv7ruzm7u4twg2ffdp56asa4;5;1;0.02097152;22.04.2024;22.04.2024
bc1qy7s7kehms4m6sy94k0spjnvaj7jp8zne46vgcc;5;1;0.02097152;22.04.2024;22.04.2024
bc1qf9y90g20vs8xmx2uzpxxr2hccd0uxauhkas3lw;5;1;0.02097152;22.04.2024;22.04.2024
bc1qud3lxn2mpmv0vmgest7ge3zzpklr7j9ph3vjs3;5;1;0.02097152;22.04.2024;22.04.2024
bc1pq55mvvj65jue90mnrndajz6vunu75hrex4z7j8nmwt3yw7z92w2sexddxp;5;1;0.02097152;22.04.2024;22.04.2024
bc1px3v4ntplp9twa5a6t7xtd5l7xndsz9sq0zk7jmvtp3jzn869ak2sk4agea;5;1;0.02097152;22.04.2024;22.04.2024
bc1p8x0mc4d3a5fu0wczw3jnjhec7ptd0gqtlv4qs0txwuyan4wzm2lqsgtau2;5;1;0.02097152;22.04.2024;22.04.2024
bc1pvkqw089q9mzzfx4p3l9hgrj3w8e5wex8jv5mxzqst0cswhmj0zmqytmdug;5;1;0.02097152;22.04.2024;22.04.2024
bc1q28f89ll33lqwgeemza6sflvvyje273k46t7y05;5;1;0.0207701;31.07.2026;31.07.2026
bc1qdjjm3j966q682halghtm7yajv7e30lm5ag9ndk;5;1;0.02063315;31.07.2026;31.07.2026
bc1qh3krn9ml4zf5nuw500kjue8rfctvux8e57ag5p;5;1;0.02;28.11.2022;28.11.2022
bc1qpgpanflhljz0m0z2kagkdcuc9q8879umxqfmjf;5;1;0.01996468;31.07.2026;31.07.2026
bc1qq63dv0xhdnfqwkqwxyvk7kuk0wgklmlpemg32v;5;1;0.01594323;22.04.2024;22.04.2024
bc1qxfspvjwnt0dz7ea3meswv5h9jqevlfrc5admat;5;1;0.01594323;22.04.2024;22.04.2024
bc1qte90xwpw554n0g4y4gatr95szy78768uy0yc4v;5;1;0.01594323;22.04.2024;22.04.2024
bc1qd26dslnczx5xanzg5vlelk3tly77z5e2gd0kjz;5;1;0.01594323;22.04.2024;22.04.2024
bc1qdcxr6s5zsa4yts4gmmfqk6m9gluprqvx3c70fg;5;1;0.01594323;22.04.2024;22.04.2024
bc1q0c6sxrk54fm9a7k90y0jcx60jlsv22xnhlez5f;5;1;0.01594323;22.04.2024;22.04.2024
bc1qnph2q55gun7f0hc2jugfzjx3c4zy49gtlvc4sv;5;1;0.01594323;22.04.2024;22.04.2024
bc1qmwx9wrzhxeyzj5qyk76tlwc9ukex0x2yl5ffaw;5;1;0.01594323;22.04.2024;22.04.2024
bc1qawnskh0h7h085zffyl40z5r9ns6jln8m6qu95u;5;1;0.01594323;22.04.2024;22.04.2024
bc1pxxwutvs829qtcx5lx3v7ws0tr34vdruyz734e5azuul35nqwpx3s36pmte;5;1;0.01594323;22.04.2024;22.04.2024
bc1pf4wel5lrpt8u0tdtc7qt08wpwkcqy3af0fmsn7d0h22uvf5m9l5sk25ckz;5;1;0.01594323;22.04.2024;22.04.2024
bc1pw24a3r9xc2ff29qkv4txrm0exagn8gthy6r2akmzyc5xvv3w9rmqn8xhfx;5;1;0.01594323;22.04.2024;22.04.2024
bc1pnkc5h02szg3ffp5a2zvjw92svcg8h4me2xxc769kfya4sj55yuuqhn9pph;5;1;0.01594323;22.04.2024;22.04.2024
bc1p68al956cf7mwzesksz7mva3r4slgvefuy7ruzcyfse4lpe3r64eqwxu4h4;5;1;0.01594323;22.04.2024;22.04.2024
bc1qfr0x73fnyqxwfzrn7kz8ted6sgnhkt227rc2v8;5;1;0.01503;09.01.2025;09.01.2025
bc1qwxm29xw2l7n6ph63zy63uqq4stdn6p9dneztl0;5;1;0.015;24.11.2021;24.11.2021
bc1qa5ryamjv47dz3mu7nnqj4q92m93tazf920c5ql;5;1;0.012;30.05.2022;30.05.2022
bc1q2myemcvkkjhgt3mscxqrz29gws2e5qhq80avxt;5;1;0.01191046;17.05.2021;17.05.2021
bc1q0y3vvazh5p239lrn7a5p6ntrqtf3wcnfv7xhad;5;1;0.01169195;29.04.2026;29.04.2026
bc1qnqdty2vpx6daqctx8a7klgqlxr55aqntkz67rf;5;1;0.01139149;22.04.2024;22.04.2024
bc1qafcfkxqmq657xxpr6fkuqeafx394e4kalgqkfw;5;1;0.011;19.06.2022;19.06.2022
bc1qzlz3p6nr854ymee4yvw2sdnkuvqp4544w8zgal;5;1;0.01062882;22.04.2024;22.04.2024
bc1q0fjwm6g4fnzcpk9mxj8s7kcr9hzp8xe3vn7px6;5;1;0.01062882;22.04.2024;22.04.2024
bc1qng64c6ekwrfptl8l96gfhf9054ytz7mtx9ucqf;5;1;0.01062882;22.04.2024;22.04.2024
bc1qhed098p5932pghjd933w8su758hfl0l4lk33y9;5;1;0.01062882;22.04.2024;22.04.2024
bc1p2rw3hl3cmzkcfkvvyuem4ff9h4c547f3dzqnahs65x0lhmr84h7q9x7e87;5;1;0.01062882;22.04.2024;22.04.2024
bc1pw5h9hkwjwsvzwhnla07jsjudzqel73vccrmt7uqegx6echrqk5dq9khn93;5;1;0.01062882;22.04.2024;22.04.2024
bc1qlfw70ncvlgttg0y95r4ex4nlfpjauxy00jppq8;5;5;0.01020197;13.05.2024;19.06.2024
16Kzr7ocw1pTDhR5FL5vvFWmiSz4iFpygS;5;1;0.01;19.10.2022;19.10.2022
bc1qy20tlyvj2spmqj2jvs0n6lynxsjfncpsqenydg;5;1;0.01;03.03.2023;03.03.2023
bc1q4why2ltsvzruw7w5a96j0rvuufxkwxfwejuwa6;5;1;0.00775999;23.11.2021;23.11.2021
3P1G1A6bZLausUtVHeVeqwVhkZoCheaeRv;5;1;0.00758446;22.11.2022;22.11.2022
bc1qvct03efa46puktknrqelktarar4n5ys6rx48xd;5;1;0.0075;07.03.2025;07.03.2025
13XhZYidP7Pouvnqu7JCPwV9jw9jjEdTZp;5;4;0.00690571;22.02.2023;16.08.2023
bc1qshq6dzmzresttkg8x4qcslj29tm6qffmer67uf;5;1;0.00675;11.01.2023;11.01.2023
bc1qpthy5ur5q08qkczxgz7dv0l0lj0xqf5ygptyke;5;1;0.00580497;22.04.2024;22.04.2024
bc1qgh7q89ncw8k86y8smxgnsn9mlwtgsqxpeymntw;5;1;0.00531441;22.04.2024;22.04.2024
bc1qdavtrju7f38823jy4zfy9kvh9w77vdueu29pk0;5;1;0.00531441;22.04.2024;22.04.2024
bc1q4d3k8lm0u2vddrt5usyp77t4zd5pxj6j29lmnd;5;1;0.00531441;22.04.2024;22.04.2024
bc1qhwp2we6zwlwq9pju9zlj280rfjwhca7etdyrcd;5;1;0.00531441;22.04.2024;22.04.2024
bc1qu5f6kazvz3gevuptgeqdzgd0pj80tfhns47gjc;5;1;0.00531441;22.04.2024;22.04.2024
bc1p9vlsslul2lju662g6y48d7uuthv83tnc89sduav2a47vuphmfnusa7xzqn;5;1;0.00531441;22.04.2024;22.04.2024
bc1p3nepkucpjw7wk5x4ucsqyw477p6lc5l3xcxg4q5fvaddpdynhn8s34zzmc;5;1;0.00531441;22.04.2024;22.04.2024
1Jn7AEXG8mkjPp1VvfJNpDMqbBzQAPrcXX;5;1;0.00521185;08.11.2022;08.11.2022
bc1qg955gxwqcn95y23veafmxf7wc49maekkwv9dss;5;1;0.00482266;28.11.2023;28.11.2023
1NVVLyy745iW4gYXHTSg9uHfTjScE82VT;5;2;0.00454772;23.04.2023;22.05.2023
bc1qtfn74q5tt0hmd8gckw8mughjp87xjc3dhw6cmw;5;1;0.00386423;26.07.2026;26.07.2026
bc1qp52zlwgzgcpmk8trundf9rvgxjck4gs8nv7tg8;5;1;0.00354294;22.04.2024;22.04.2024
bc1qzqr2ug6gxv83y8ctdahyv50kz9aalagj3r7upr;5;1;0.00354294;22.04.2024;22.04.2024
bc1qrkhle5rjx5nrdxntukkan4cshgsjtz2umaa84a;5;1;0.00354294;22.04.2024;22.04.2024
bc1q950sztud76skg62adrvvlhgzs7hlguhh579wrt;5;1;0.00354294;22.04.2024;22.04.2024
bc1qvklh68qgx9ul4rnccdml0ehzzqrjsy5qt60h2z;5;1;0.00354294;22.04.2024;22.04.2024
bc1qmcmgs7eyssrckerfqf3d85mj76dthnz6j0c2dd;5;1;0.00354294;22.04.2024;22.04.2024
bc1q7vl4lw3pe73554d70jkj2frwz9w278kwz7z0dv;5;1;0.00354294;22.04.2024;22.04.2024
bc1psd2xvtauswhva9xkdm59nmqt6qty7qv843lfm9nc2qzmeyrmjg9q2hexru;5;1;0.00354294;22.04.2024;22.04.2024
bc1pemf7423f0m3j2mra5vd9e7ja68mvc0qknypasmq4wysv6t7suz6qjeq0eu;5;1;0.00354294;22.04.2024;22.04.2024
bc1qd55838l8ecrtj97n8nm325v0ts9c33feqh9sku;5;1;0.0027198;13.10.2022;13.10.2022
bc1qvhc02nvgckcfe6aqaesn4z7ws55csnj59c5sru;5;1;0.00262144;22.04.2024;22.04.2024
bc1q4pm8ma2ntkc6rwm2kjsq6yfydvp7k2s7d9c205;5;1;0.00262144;22.04.2024;22.04.2024
bc1pz03nlvaqjvt243lul4r3cxnuqfsmq43cu764c2v3fqvkh7x6le9spv5vcl;5;1;0.00262144;22.04.2024;22.04.2024
bc1ptekvn8cqu039mcjezlfstmsz5dkjl6s8n9ctazkfdp78k2zvtntqj206u0;5;1;0.00262144;22.04.2024;22.04.2024
bc1p33332ftmkpv68zkrxjnfy8pgfz8f50adw3zcjyncl5ctd9shvz6qekkuze;5;1;0.00262144;22.04.2024;22.04.2024
bc1pklep9x0qyjjxmpcxglwpnlmcaegkd7lvtg4fp25v5khr8nvjrvaqd4upwd;5;1;0.00262144;22.04.2024;22.04.2024
13eAub3Pf7X97C9pBfgE7NkmkZS2LphHFv;5;1;0.002178;04.05.2025;04.05.2025
bc1qp2dzh4q9t6jeq8r4f0n095j5qpnz5vafyyqu9k;5;2;0.00200907;30.08.2022;30.08.2022
bc1qyzp9ge28hxmefw6tar2tw2za0k4um0tzquqfp9;5;1;0.002;22.04.2024;22.04.2024
bc1q9aytx98xfzvf2s4s4t8jfyfzycsw5ntm53wlv8;5;1;0.002;22.04.2024;22.04.2024
bc1q2rvq4lnazyxfs949n7udjhgtkd7xc9sulsz6ut;5;1;0.002;22.04.2024;22.04.2024
bc1qvss222jwccguvgdlcgkf9jgfkcd2m6w9tl00dv;5;1;0.002;22.04.2024;22.04.2024
bc1qd7zxyqufpkmtn5jdwj08p4l3740dm70ax953k0;5;1;0.002;22.04.2024;22.04.2024
bc1qjzgk4ggd33m2yq24c039dv5mhlykzvcplde8gq;5;1;0.002;22.04.2024;22.04.2024
bc1q5rcwtn97qlynl6ak53y7pv339pfqk0d4u74mmh;5;1;0.002;22.04.2024;22.04.2024
bc1q5t3l0fwlu7n3tmq0htlkafuwj7h26cdaw8ka27;5;1;0.002;22.04.2024;22.04.2024
bc1q4mdvpd0553f8m0wu5zh54tk6a2wxg3d67ytp20;5;1;0.002;22.04.2024;22.04.2024
bc1qc8rtgvsg9y7frta777gxtppshylswledhg5fwu;5;1;0.002;22.04.2024;22.04.2024
bc1q7pnhhhv4w7v7z0l372xxd2vtclun52s9yqhs49;5;1;0.002;22.04.2024;22.04.2024
bc1pyzgevpa5vmykm8eg07xfg8ztjl2sgvg88s3xdrvtrjz9wt73h92q00qyzc;5;1;0.002;22.04.2024;22.04.2024
bc1pn606tcvadqqt7dacgfcsct4yvyfqx70zg8yr8fee8pr70ar4avuqessqhn;5;1;0.002;22.04.2024;22.04.2024
bc1qll0xn6twecdfg7myjh53ds4l42yd388t33fq4q;5;1;0.00183042;07.01.2023;07.01.2023
37m2n2ae3TQpr4JJKRcKRKsRf8xtsgTpdN;5;1;0.00141952;27.12.2021;27.12.2021
bc1qx4wrngdx2rn3mp7u7cn6r68042usga0uy7pkv8;5;1;0.00131072;22.04.2024;22.04.2024
bc1q04h3829fwcyduft35sg5y2p4sf7l0sx2q66hvr;5;1;0.00131072;22.04.2024;22.04.2024
bc1pva7ktdqtdd7eyd5h8vkwetz8004ta2w7txtu6n5gv5ugw6lqlvxqgre8tq;5;1;0.00131072;22.04.2024;22.04.2024
bc1p6k6n7zerakx96qcf6pu79qc75q9m3qw2x7wjh7kuw8jv9qs3jrzq25mnnm;5;1;0.00131072;22.04.2024;22.04.2024
bc1p6lf0h23rqhvjlmvqh3twjdam4cpkqlazc3wrnesc03cgnzjxmhpq9uvzm9;5;1;0.00131072;22.04.2024;22.04.2024
3QdPn58yAV1RLax1jakrUPsMNndtQ3QLtb;5;1;0.00128094;20.01.2024;20.01.2024
bc1qmyx85upmzyx8tk3jkp6agfqwft2swkqhlhyx88;5;4;0.00118492;09.08.2021;13.08.2021
bc1qfes4ujctvus6754wqe7gya6vrngnr0nc3v0x99;5;1;0.00118098;22.04.2024;22.04.2024
bc1qq00tqnkw8stvzr2543gyxjjulsdnqpa6wtjmtp;5;1;0.00100302;09.04.2022;09.04.2022
bc1qp6qv6zgfg6l7gdhehd0cx0zvx5n2z5u7aqazry;5;1;0.00100302;09.04.2022;09.04.2022
bc1qp64duqx40fcd4539eu8jhwe5hpv4p54zv3gsvv;5;1;0.00100302;09.04.2022;09.04.2022
bc1q93p6qtzx6m938mx8a0kf3a3k22lyaep8nne33f;5;1;0.00100302;09.04.2022;09.04.2022
bc1qxfxkg4a68x274cf23c32u3qzuwt9zdlu5v2qyv;5;1;0.00100302;09.04.2022;09.04.2022
bc1qxdjwpgrm0u2r8lfdcy475xa2ke3hlk0ql0asm3;5;1;0.00100302;09.04.2022;09.04.2022
bc1q8la83jcyyf6ctqz7stms6jn5t2znv2ghn39f7h;5;1;0.00100302;09.04.2022;09.04.2022
bc1qf24vqr3x7e09un39aqg3sl4yffm703d5cul5rv;5;1;0.00100302;09.04.2022;09.04.2022
bc1qfjsafwlucl986mp48uzvtvpndwkjveed73dmk6;5;1;0.00100302;09.04.2022;09.04.2022
bc1qje9vcvj3s2wwsc3d33sgf47lrj5872nrpsk6ku;5;1;0.00100302;09.04.2022;09.04.2022
bc1qnpz5k80cm3pxdqvjwgafr7tafr3x4srm45hfr8;5;1;0.00100302;09.04.2022;09.04.2022
bc1qnf8yxx8jcxx3uca9tc2c45gjc228rxpahq6cv4;5;1;0.00100302;09.04.2022;09.04.2022
bc1qnelxqtzd99ufcectxklzkgwe839g3yd2hsl2fw;5;1;0.00100302;09.04.2022;09.04.2022
bc1q5apq6g4zngxpkcwae3ke8hkryjj5509082dyql;5;1;0.00100302;09.04.2022;09.04.2022
bc1qk8mpdcnzxcaapmce53la8tyggeewr3v272q2lw;5;1;0.00100302;09.04.2022;09.04.2022
bc1qe2758kqwft4fkuc934z7frkaysxsv5mqhrk80r;5;1;0.00100302;09.04.2022;09.04.2022
bc1q6cdgxxh2f7pgf4uyedcphdk9y75mwetkpkvj6v;5;1;0.00100302;09.04.2022;09.04.2022
bc1qmwtvc6wx87tg3fs002ql8wqxp4kde59s3rxfcj;5;1;0.00100302;09.04.2022;09.04.2022
bc1qu2yfgx05jn3dyhaklurygx2dm5y2cxqf6zd8qy;5;1;0.00100302;09.04.2022;09.04.2022
bc1qa8u2xtz8e2yt4lvra8rjuj45uyj2qgp8kqar87;5;1;0.00100302;09.04.2022;09.04.2022
bc1qawch77pt8xa5zx4f87jrky7s9w0n66lyle9wny;5;1;0.00100302;09.04.2022;09.04.2022
bc1qajvv7c5l9nmssnh3h26tq4hp2ar3wa8aklw6je;5;1;0.00100302;09.04.2022;09.04.2022
bc1q7fvmyn5yr6uu706sggpjq7022c8u3a8zl57k2w;5;1;0.00100302;09.04.2022;09.04.2022
bc1q7km20aq7k5aqmm6uejw5qwf3kw64zpwwrcqsd7;5;1;0.00100302;09.04.2022;09.04.2022
bc1qlkm6huqsv4mvgdzrhal6f7r0r472w8sgdymw5r;5;1;0.00100302;09.04.2022;09.04.2022
bc1qgplvgk0skt8w69c0vgpn7fgf3sylflqhaunss4;5;1;0.001;22.04.2024;22.04.2024
bc1q0d8j20gj5082p86jr6k6ln7njds7843fqncj5n;5;1;0.001;22.04.2024;22.04.2024
bc1qu8zlusu4kk273eczwf4a86vjwxmratnsfglrtu;5;1;0.001;22.04.2024;22.04.2024
bc1pq204k6t9p3tcwfert8cur7n82y2nqu78d68qfzx9kuhhj2q6jscqff0c3v;5;1;0.001;22.04.2024;22.04.2024
bc1pmjupn4ftmfw035t9kewvsffaa86h50fwu87ul4sefg6ajzumazdq0jxuma;5;1;0.001;22.04.2024;22.04.2024
14ZHzohShT6ASPF9zoapWoh6UaYi5azWuR;5;3;0.00068417;10.11.2024;12.11.2024
bc1qfyrslntv8w9d88e0ld050ldnxtyg9julnyygxh;5;1;0.00065536;22.04.2024;22.04.2024
bc1qfc9ltsjznz8ymx2dd3hequdsrgn9rkzrk8e36m;5;1;0.00065536;22.04.2024;22.04.2024
bc1qmakc3rupqfxe4g8en2c4jjhgqz6uetu5evhxe7;5;1;0.00065536;22.04.2024;22.04.2024
bc1p5s6jqkjk30ecmcykqrsgtvvug4qc2xdnhshg2ek4ryyv95twh73s0wxkew;5;1;0.00065536;22.04.2024;22.04.2024
bc1qryz8yddmlmhqz40sa9ka6jphx7wj86etwqpwzp;5;1;0.00059049;22.04.2024;22.04.2024
bc1qmz9le2nprc7ls9r7merhmszl9209expewszum9;5;1;0.00059049;22.04.2024;22.04.2024
bc1p94laers29qxe5jfw6lxkjgpekj3ezps9xmg6gtus0tux0gw9fsrs5mseuj;5;1;0.00059049;22.04.2024;22.04.2024
bc1pxtjnqekqlpz4sal3nap43rl522amdct4tnfk3jh7k9cgfxj2m2psr9q7nr;5;1;0.00059049;22.04.2024;22.04.2024
bc1pf6f6zs2vlkyj4ca9s2rqghmgr73c98pn8r6zqjd845dtkxhlchlq9j6u6w;5;1;0.00059049;22.04.2024;22.04.2024
bc1pw7uzmldmp8g75695nwlt4zagdj36964vsjra9yr66h4l2mg5ddgqrwjtc4;5;1;0.00059049;22.04.2024;22.04.2024
bc1p6q552lphtvprewhe67z3ufkslfc3h4das4j3avmyg89ulyhfl9csugmyzm;5;1;0.00059049;22.04.2024;22.04.2024
bc1q49tlcs3mg4jkgjfsjfg7s3agkw2w4sfu03g897;5;1;0.0005;22.04.2024;22.04.2024
bc1pvzcs78pefvuz8xj89rupe4t2lmlqmpwglydgml2qenaww4ltxguquueswh;5;1;0.0005;22.04.2024;22.04.2024
bc1pny25zec0vf3cxl2yrld05qwh3z8xzufladc9hxwha6g5gtd44cnqmpt85j;5;1;0.0005;22.04.2024;22.04.2024
bc1qsnrsxkrfac57vh4gyt6xrq3gtyqsspt5qtn0wz;5;1;0.00039366;22.04.2024;22.04.2024
bc1pws9z5mdngkhezn8k9dc464lvcfvx4cgfx4yj6u4rzj93twrwly6qssr6a8;5;1;0.00039366;22.04.2024;22.04.2024
bc1pjzvjjvutvs2nakytgynvj7je9dtf663xt6q4qc9tprkh4ttrk36sumjdy9;5;1;0.00039366;22.04.2024;22.04.2024
bc1pahqk9t76fncm3luxj5ys6h6279r8lc2r5l8umvh4v5gx33835hfqh3sj65;5;1;0.00039366;22.04.2024;22.04.2024
bc1qpt7dc2xg4dmpm2skvcad9w6p3c6zhcfv5krv4x;5;1;0.00032768;22.04.2024;22.04.2024
bc1qktnaucjzx8a9emdgjnkud42pgc8aph2taercxe;5;1;0.00032768;22.04.2024;22.04.2024
bc1quyzkz4mj4yxknpzseqsrqvwmvl5s76dyt8t7xt;5;1;0.00032768;22.04.2024;22.04.2024
bc1p3068t7e4sy4gjm897gc4hnj9c2q9t9p9zpac2rjchxc7403tfjuskdxv8u;5;1;0.00032768;22.04.2024;22.04.2024
bc1qp2ft2tjlrk2k4kg5r4nmfefzax6q8yfhefdtys;5;1;0.0002;22.04.2024;22.04.2024
bc1qpndv7hftu5r2whmkfhhm2ga5d5a3qygt4cqc2x;5;1;0.0002;22.04.2024;22.04.2024
bc1qzsp2wlfgfere3mlmlxn824ke4mswwd2u7afqhx;5;1;0.0002;22.04.2024;22.04.2024
bc1qkrcrry8aq4jt8jhxk629ec3glcqjv2kezktfv8;5;1;0.00019683;22.04.2024;22.04.2024
bc1qpk4yplcsf0aqxvgrgzh8t9m8ftsvjzmvuvweuh;5;1;0.00016384;22.04.2024;22.04.2024
bc1qyyvprg22efphrva94reesle7f6a7jqeyh8s0m7;5;1;0.00016384;22.04.2024;22.04.2024
bc1q4ejxdj0vd9xrrdz8apstx0gdqrdmyg4yvaxj3l;5;1;0.00016384;22.04.2024;22.04.2024
bc1qlfl3xf65qj86j8j3rzchnkj73tjl4dxm587ffe;5;1;0.00016384;22.04.2024;22.04.2024
bc1ptgu3edj3aw29e3tp8ayuq3290tnj5khg2rpe05z9sjv27pg28ncsrhgw9y;5;1;0.00016384;22.04.2024;22.04.2024
bc1plywkcx55ceypnrqppjc4txddnn09yv7afmj5nfekv7dj6r32x4nsyhefur;5;1;0.00016384;22.04.2024;22.04.2024
bc1qpgvu200tnx3xhhf2v56sfukzqppx674fdu5jzu;5;1;0.00013122;22.04.2024;22.04.2024
bc1pvzx5yny8tv5m5era4pmt8mcnczsam8hp2sdr8hntgx3m5kuu3tksvgh4v2;5;1;0.00013122;22.04.2024;22.04.2024
bc1ps9e3zl7063578af0ms67llkemz02fl20gdrd9tnhhyaakj4jglqsw67fem;5;1;0.00013122;22.04.2024;22.04.2024
bc1pa3ky9dawysc974n6s8wjqk979n9nn8ctqk534yw7ftusvkgs39yqe7zvfw;5;1;0.00013122;22.04.2024;22.04.2024
3PbAdkyykTK4HbfDbzht2i4L8WjXTPsX1o;5;1;0.0001;09.05.2022;09.05.2022
bc1qdfsjfrpmllvrhlslk557n7fgyecqlmye8esyel;5;1;8.192e-05;22.04.2024;22.04.2024
bc1q8cpguylak8ezf3v8l3knf69nu6wtlj3cmm6t78;5;1;5,00E-05;09.04.2022;09.04.2022
bc1qqj50trj48xnqsck2rusulr6rjuyzrn2yhj8pya;5;1;5,00E-05;22.04.2024;22.04.2024
37bvzoSRhfbWGf2ANcEoYiPmoNzFdUaN88;4;1;30.09886074;19.07.2023;19.07.2023
1PchPNfqoryzaB8ZWiVL3PNyiHjJSJBzzw;4;3;22.79314036;15.11.2022;15.11.2022
bc1qg3yvcmkkr66f66lz2nwnc08ev6lxyfjg735776;4;1;12.0;31.10.2022;31.10.2022
bc1qace6m64vgvkmks9fgcrm8dlfn0aven6ssgp97c;4;1;9.98999435;04.03.2024;04.03.2024
1BejyDDds1eoT9PwAuAKW5xe6fGxsnqFLD;4;4;08.фев;24.07.2023;19.08.2023
1NWcdUimhT7K9UQWPFuJpjY4qJqg1RTNRB;4;4;6.88266241;09.11.2022;06.06.2023
3MWW6HuoxvvcChL2vQdNtgMAoqXVEetkeY;4;1;4.99997656;19.12.2022;19.12.2022
bc1qlgxvyaqy0wfup2et0e0e6gr6cpl8vgf47xwj08;4;1;3.98706177;31.07.2026;31.07.2026
bc1q2s7j2696f4arggwseghrfwzlmes7rlyur0t6xn;4;1;3.84327314;29.01.2024;29.01.2024
1PCE53tELxmSHoT5NmBNLKU4dePTRAkcsa;4;4;3.72896735;12.08.2021;19.08.2021
bc1q6z46wepnvf6a6uy5karpvkjnkcepp6sdvnurcz;4;1;3.46208872;05.07.2025;05.07.2025
bc1qj0jvqefr8kmd5g4hzjjrzj8nghdlk3l3h8c3kd;4;1;3.31669225;31.07.2026;31.07.2026
12BVkkWq2QUcN79VjWQN5TRMgiD9JECyjf;4;1;3.1485218;01.11.2023;01.11.2023
bc1qguj8vkg8tc4stqslwj54k4aspyujdsxgxj89va;4;2;3.00698569;31.07.2026;31.07.2026
3A2B6tYpvNqqDFYDnVDkHN9LEHMkSRSfCr;4;1;3.0;22.11.2021;22.11.2021
3QaA2Qfmq6SxaZvSPGVb8SFSs2WSm8Tun2;4;1;3.0;31.07.2026;31.07.2026
bc1qqw57zhedrpen38a86u7fzlx7az4ms9zksek00v;4;1;2.99923256;31.07.2026;31.07.2026
15FzpKnYfPvDfEoJwU5u24g7i5N21MgPpt;4;1;2.999;07.11.2022;07.11.2022
UNKNOWN:00208251df22204a2fd7804e386dc7e252a94d05;4;1;2.89331531;03.03.2023;03.03.2023
bc1q7y5sfq3smpcxtw6uqg3dhq0ee2e5639zzp8z03;4;1;2.8116371;31.07.2026;31.07.2026
bc1qp7626rhnd7tlvudh2ch8m82cv9ys3dvu5ce9lq;4;1;2.71291563;20.02.2022;20.02.2022
38mD9H1bCxofFFhuZmdU48f5aj3KGPyg3u;4;1;2.18756181;31.03.2025;31.03.2025
38PZxghhxXQ7BdeTT4qNSs877xoFQabzb1;4;4;2.12412739;26.09.2024;14.11.2024
3DYvjEk5cr48C8BfHmpqkbjyVYxDzrFtWy;4;1;2.1050217;31.07.2026;31.07.2026
3P8dhW6DVKwz5xvAQ4yvV3dsiwpVyQc7TF;4;2;2.05060713;05.07.2024;05.07.2024
bc1q3eaqnrf06h5wa6mcjxgkm7zw8glmet94krphev;4;1;2.00680114;16.09.2021;16.09.2021
bc1qhy526ljhuwrl8ksjxt5tucqzfz7xkhvga4lmt3;4;1;2.0;31.07.2026;31.07.2026
bc1qasg4vw2jd3ngagt8myj6d5yez694fhjljw67kg;4;1;2.0;15.07.2022;15.07.2022
bc1qxpvaf9t3xjmufzg0mxqeaym5ces8aqu63ws8px;4;1;1.79715469;01.08.2022;01.08.2022
bc1q67ytvkcscs80d26ygtp95xtj94e472sm352lnz;4;3;1.79590263;23.04.2021;16.05.2021
bc1qhyac7jzv6vpvzukkq0gc84k539dcmyyt9vu5fv;4;1;1.70142571;31.07.2026;31.07.2026
36S4gAeobmNN2sAkiY7AAkUDg8QpnsBSdF;4;1;1.70058085;26.01.2026;26.01.2026
UNKNOWN:002067cad05708ae3d75df43c616d5ed89cd72ee;4;1;01.июл;14.06.2022;14.06.2022
bc1qdsmpn7hk45uruhqc23etwth06dhyjqa4khmg7u;4;1;1.69030364;27.11.2022;27.11.2022
bc1qmkgvl4lg47ugkjkqlgdy0t5uc6amxvmr87ny33;4;1;1.62268919;31.07.2026;31.07.2026
bc1q0z8gv43rmlvtdrlfcun4a04xfxw2223j2x0rdq;4;1;1.59101729;17.07.2025;17.07.2025
bc1qhetp83m9rrh6jvtvlpe65mc49x2nl46fr744cz;4;1;1.51070634;31.07.2026;31.07.2026
3HHFRoYAhpdf61Jb7XUBsTAGvUeDKyvH9R;4;1;01.май;15.03.2024;15.03.2024
bc1qsxygrn4ql2zut6d03jplugspj00gtyjasqk7za;4;1;01.май;09.03.2023;09.03.2023
UNKNOWN:0020bf81da1557b6e6997959ddfb00693f758ec6;4;1;1.49830031;21.01.2024;21.01.2024
bc1qs7qc6asc0c932rg8l7a92uwmrgskrya5h62j0n;4;1;1.49552691;08.06.2021;08.06.2021
bc1qas2afu4flq7mewae7hq0uv6ehr5unnwn8pltt4;4;1;1.45399379;21.11.2022;21.11.2022
37Z2asNS6gmAFWRvZTBffquyZQ75VnRBLh;4;3;янв.05;15.03.2023;16.03.2023
bc1qw04dmm9m4fmuzv9gfyxde5ghwgl7gz6z5jd206;4;1;01.апр;21.11.2022;21.11.2022
32aNdxQh7v68KfcQafzyy1kpeWBG3ckUP9;4;2;1.25024536;17.02.2024;17.02.2024
bc1qnexslz5qvjfg4px0la9jnce2ff4ajgd57hnuw9;4;1;1.24273916;31.07.2026;31.07.2026
UNKNOWN:0020c62e0c4bf0ad731909d177ce7ecd3a5cd02d;4;1;01.фев;12.09.2021;12.09.2021
3FEgjvUTrCnuMGboSswBP7AKZV1wiXJD3Q;4;4;1.1743853;28.09.2021;29.09.2021
bc1qxwpnynm82fm9ayza8k0nmaafqc6vhyf9nzg6pt;4;1;1.14496974;20.06.2023;20.06.2023
bc1ql85pr4s2tk84ys0lfk62yj543thl3pqgxne338;4;4;1.11901721;08.08.2022;04.09.2022
3HdUJrHzW6akPZYN1UUunsub3GGXjaWx3z;4;1;1.112;13.11.2023;13.11.2023
bc1qzjc2zlqrsyurx4unlun977xvqy2s2fqxe64nug;4;1;01.янв;30.07.2026;30.07.2026
39uDvkNSJAKdQxYC17EAk2xjWDU4zcKLCu;4;2;1.08071381;08.07.2023;08.07.2023
bc1q3ndvjl899ssyjkv8shkdzq368mu6lrp42chlf7;4;1;1.04942188;24.09.2022;24.09.2022
3HUtsyaYvdytGnWLQZKWsX4Htx7VMy5o6t;4;1;1.04836566;10.06.2022;10.06.2022
bc1qx65nw6zy7mwm22g3hd5fv4ky6l6qmmkhajz6ks;4;1;1.04611652;21.12.2021;21.12.2021
bc1qrpz9jry2qgfvcs0elf5dlgvnrdw0lq44ugtslf;4;1;1.01378756;31.07.2026;31.07.2026
bc1q7kwz5k8w0m5qljkc0z8996wt02u0vgdxem6jsu;4;1;1.01267977;31.07.2026;31.07.2026
bc1qvu5yvp8h8edvnumm2zuf95l9ec0ay5d0hdxg5d;4;1;1.0;03.02.2025;03.02.2025
bc1qgt0uc7y4dglxj79zrcxwemz0cpczm3wvcehl9n;4;1;1.0;30.10.2023;30.10.2023
bc1qc2a9n9k9tpw585fcl5eez384g6ld39yds9z6ta;4;1;1.0;11.11.2022;11.11.2022
UNKNOWN:0020498fa01920dba5871d20329b59c23f8ee5d4;4;1;1.0;31.05.2023;31.05.2023
3GKr3hNu9FEibZ96KKGYnhac8aM7BBsGhV;4;1;1.0;27.11.2021;27.11.2021
bc1quhyg0zn6qdhe0s7gly0tp6psl3hvlet6v7zd2z;4;1;0.9989916;31.07.2026;31.07.2026
3PLRQiWkPLDnQKfQd1FkJao15ug2Xa9dV9;4;2;0.99890165;31.07.2026;31.07.2026
3A8kFyjJzsqtCSt6LoS7p4cFUqVATrvhCG;4;1;0.98;23.03.2022;23.03.2022
bc1qqpq5t8n5v24v495m3x6m0cv9w6wrl84m0n6gcp;4;1;0.97749909;27.09.2024;27.09.2024
bc1q97veqj5vclwh43qknv744adx6delsvp0l66hx4;4;1;0.96376327;25.03.2024;25.03.2024
3CkFoUKRFqPvPMnyZSGsxgubn3WvJgmbju;4;4;0.94452459;01.03.2024;20.10.2024
bc1qznettjhlyk6vn6zk68su40nrtc5n5qhhtqqqfp;4;1;0.92671091;29.04.2024;29.04.2024
bc1qz8lg337fkyrhkjrpvsk98g24xgaue7gtcryr2m;4;1;0.92034206;10.02.2025;10.02.2025
bc1qgf6xt9c9u3m7nye0aykrcxt43uskl99q569rz6;4;1;0.917084;20.02.2025;20.02.2025
3LAuE1VjsuuWmvGu5cpwyk1eAZXM1rzLuu;4;2;0.90317453;19.08.2025;19.08.2025
bc1qp8t5yhxgagthnykx8wsx0d6py30ntxn3getafq;4;1;0.86093442;22.04.2024;22.04.2024
bc1qpngcgtfsaglkjdfjtvdefyml5mdz74w4tfg06h;4;1;0.86093442;22.04.2024;22.04.2024
bc1qp4ggkeqs8n2ausr9xy662j6322688jmxvu7fy6;4;1;0.86093442;22.04.2024;22.04.2024
bc1qpcxc0pt9x4n4t3l0xhhfdc8h9453tye3wpaehe;4;1;0.86093442;22.04.2024;22.04.2024
bc1q9lhr82w8854s07nutfdda809j5577r49qvcvpk;4;1;0.86093442;22.04.2024;22.04.2024
bc1q8r0srlferw9r2tn2aj5a9mxw22nmnm05tzremv;4;1;0.86093442;22.04.2024;22.04.2024
bc1q8v79xwp88fg3ash2st64k2te633pje4grehrkc;4;1;0.86093442;22.04.2024;22.04.2024
bc1q85y0mea8xqzl4j0c34ex5venxz4u3rgp3j54ms;4;1;0.86093442;22.04.2024;22.04.2024
bc1qg4x92lh0sw78673efmez89wsnlq0y3czth36up;4;1;0.86093442;22.04.2024;22.04.2024
bc1qfr64pfkanw27av5z8wqc08h530nwxyml67ezul;4;1;0.86093442;22.04.2024;22.04.2024
bc1q2tnjmccf99pzfp5s0c6uzgfyfl4vg6rr4uknpc;4;1;0.86093442;22.04.2024;22.04.2024
bc1q2k783lsdxqfxnt3ejur6gmpal6q8mmr7dnhdn3;4;1;0.86093442;22.04.2024;22.04.2024
bc1qtt7qmvte786ns332lv72ntznv52zxcxn0vdglm;4;1;0.86093442;22.04.2024;22.04.2024
bc1qde72x4rhcpk38n4q08p0gs2gtr22ahyxc4dm0q;4;1;0.86093442;22.04.2024;22.04.2024
bc1qdltm0z7zsgegsg4z977nh5gmcmgh9087pjtz35;4;1;0.86093442;22.04.2024;22.04.2024
bc1q0te0cu7gfmrdcgyfqah640dqgpd8syp7jwx884;4;1;0.86093442;22.04.2024;22.04.2024
bc1qsrpg6ncswe7z20f5r9ym2e0hak6zj0jcg7nykg;4;1;0.86093442;22.04.2024;22.04.2024
bc1qsw0n0adks8zca9w0sjkhghamufgfnqfe8t9alx;4;1;0.86093442;22.04.2024;22.04.2024
bc1qjqyp0qypwxa437kwelrq4kj09u0fqgrhd8st99;4;1;0.86093442;22.04.2024;22.04.2024
bc1qjkvw0y0xavzz0kyptwtwhwwyts9dm9gqur4alt;4;1;0.86093442;22.04.2024;22.04.2024
bc1q5fwdu6gerf8kwaahyzk9f9fs8l3szc8k958337;4;1;0.86093442;22.04.2024;22.04.2024
bc1qk7fzrmz4wz9n97zyreh3zm6c28w6fcpr2jxxwf;4;1;0.86093442;22.04.2024;22.04.2024
bc1qassuqxjczq0almezcvtk2kek3qa6tp4qyt526t;4;1;0.86093442;22.04.2024;22.04.2024
bc1qahm8ws7jmgx5598dwjwt6al5kkuplj4a8spuzy;4;1;0.86093442;22.04.2024;22.04.2024
bc1qla6yntsu8y88vp4jlpxnqlqtwne8duz5sy2k04;4;1;0.86093442;22.04.2024;22.04.2024
bc1pr7m39x427rvdmypzd9g8r2alw36k7n3les07rdrx2e4pw9et8awql0ma2k;4;1;0.86093442;22.04.2024;22.04.2024
bc1p8qe0c8c03yrgmdgsljnpsljhswfg08exx59zwqfz6pkp7jzt5jwsm4f9tu;4;1;0.86093442;22.04.2024;22.04.2024
bc1pf2gx0vgcfcn9tm70sapzc9r9hvs8kx6gklgvtmfu8zgjdpcahfjsgtxj96;4;1;0.86093442;22.04.2024;22.04.2024
bc1p2zqd00p6cscnhcu68ycf4cn0tr3s9kmdwlg8cap7ct2pw5nu4mcslxy0mg;4;1;0.86093442;22.04.2024;22.04.2024
bc1pw9hvnc0mukv2fdz3kts0rkyuf65x6hs8nvke3v703xaperp68qmst2y0du;4;1;0.86093442;22.04.2024;22.04.2024
bc1psrqwkynrwlrh0gfdtf5x68wvapazwlug5al38ykkpafssjc03chqm75ek3;4;1;0.86093442;22.04.2024;22.04.2024
bc1pex99wkyz0llcsfxdjycqg7j7nkxnvnfgvyvfjawr3yecxu0nmeasxfp7pr;4;1;0.86093442;22.04.2024;22.04.2024
bc1p7543fj8qdu93yjn7dqy402mzvy6hz59yqgaseukwsa7ksn9r9mws5ykqel;4;1;0.86093442;22.04.2024;22.04.2024
bc1plmjasn2qyv55tza8ndef7055sd6wcqf4427qr4qvctl04nuhvcxq7akkn3;4;1;0.86093442;22.04.2024;22.04.2024
UNKNOWN:0020da23bab50c956e823679545fd6c67efc589d;4;1;0.85625139;29.06.2025;29.06.2025
bc1qjzyzn95qsqtnqnjjanawue9vmtl99zvx0r36nz;4;1;0.81459631;31.07.2026;31.07.2026
bc1qr6epqekfsveadtu9yp2srsnj2upckvyejj7l2q;4;1;0.8;31.07.2026;31.07.2026
bc1q0wve9p4l5dkks0ssx9lldcft9eh7usv8g0k3rp;4;1;0.78902877;11.09.2023;11.09.2023
bc1qa57uwrt0f7vh8r8x7m2q4tcveckxsh7khc22xl;4;1;0.759688;31.07.2026;31.07.2026
bc1ptjaervyxw5vlx2nl5l9h8k7xu336g62kdeflgpcm22gg5lzh0a0qhpcunv;4;3;0.75852579;23.08.2025;23.08.2025
UNKNOWN:0020ea841bd69469f8a9a8ccfe18938db660fcc6;4;5;0.75105196;01.02.2026;24.02.2026
3PHYhyaUWm5ZR1CraZSEy88EzLrmENzjZm;4;1;0.75099304;31.07.2026;31.07.2026
3PXasxN1xvv9weZqKHuqMy4fJLHAV4bV2G;4;4;0.75;27.12.2022;30.04.2023
bc1q36zx2pk0vtmmgkdp5jmut4y8q6zcnafrl4y5tx;4;1;0.70142693;05.04.2022;05.04.2022
bc1pjdwglkt226wl2tv6eqr29kfaskr3v6k8r9wxmzeld7ef8gwneqksg4cmvt;4;1;0.70020815;22.04.2024;22.04.2024
bc1qmuf7qw72v2ken2qssd80wsja3cu78utfzfp9zu;4;1;0.67930247;07.09.2024;07.09.2024
39D3JtpFbkhrr2vuSuyMUD2o3kKyNwzF2C;4;1;0.67586919;12.10.2024;12.10.2024
bc1qmmuj02m3tw7f3wv8uv73w0gd42h0hkwmen8fek;4;1;0.66228965;30.04.2022;30.04.2022
3C7bP3mfwytXbEG9YnRRxQ8Jjt3WRXhBqq;4;2;0.6193142;31.07.2026;31.07.2026
bc1qh9vk30s2ne04lnn9f4eslt0w9pv4kqmray8kqx;4;1;0.60677453;31.07.2026;31.07.2026
bc1qapqg3pdl0l0ajpqz7068lzmvzrum08dvqy6tqh;4;1;0.60421388;10.02.2025;10.02.2025
3AxHrMMxFE3fWUgZyLxJm4F9AoysVAA7L5;4;1;0.60009179;13.12.2021;13.12.2021
bc1qag2hy0fnu4gd2jpajsllk9fdyam7sljclvcenc;4;1;0.6;05.07.2026;05.07.2026
39iyzhHvLXR389PcKvmn75vTCDAtqQ9bKx;4;1;0.5999;05.01.2023;05.01.2023
bc1q4fv85wwpguw4zpjkzpkerwv87fu8g48w979ch0;4;1;0.58263273;24.11.2023;24.11.2023
bc1qsygqll8dv6nlem5avz0e2meknx94swy20fdsr2;4;1;0.56263123;02.05.2024;02.05.2024
bc1qvqsf7yjlglul8lfpf2tym323zxfxawt3gktx9y;4;1;0.54134105;31.07.2026;31.07.2026
3LAcMh1CZzrAzGzeWveiCd1WZgxutDYLN2;4;1;0.53640605;30.09.2024;30.09.2024
138RFoRUEaVLtFKZB7SXd3EgD5VWFgSSCS;4;2;0.5284;20.01.2025;20.01.2025
bc1qvqtgestwd5tauflzsfnpx628ttg2atwweugcdm;4;1;0.52811333;05.02.2025;05.02.2025
3KyNAtZaVfHbcbeGox6HsBMspHKH9dojVQ;4;1;0.51678;19.11.2021;19.11.2021
3CDRJNtdufwSjJ4vGmnWURrE5BMTzcpU8w;4;4;0.50780995;23.01.2025;09.04.2025
bc1q630hj3rynzz9pgpjejcveenyucx2vgu0lfjvky;4;1;0.5;14.11.2023;14.11.2023
38HAwR7jhf8jedhGzVFPQbkZAD9dSSfCnh;4;1;0.5;02.11.2023;02.11.2023
bc1qsr4fnl5zkncslfr9ksrhe08gadsyvh7e4q628a;4;1;0.5;22.04.2024;22.04.2024
bc1pzrky78kk2d6zl2p3ehg3e80kmethm7dnu0yxspxnh78wznrxkf7sr3am9a;4;1;0.5;22.04.2024;22.04.2024
bc1pzgycd0skjwhdenpwj2np8d09065ta4620y7lurxufyxepayyd0pqd57073;4;1;0.5;22.04.2024;22.04.2024
bc1p0fz066aft68790ss6ffwl8zhrryu3fv6fx5kdgckcgdq090x3rhsru0ypm;4;1;0.5;22.04.2024;22.04.2024
bc1p07vqtr9rq95gq48sgucp82xmhxknqcw6plqjuft2hzk583vxs70s6h9r88;4;1;0.5;22.04.2024;22.04.2024
bc1pn4zcxrh3l0ljxvueqxxnxn6emv7xkcctnl8pawg34pedgzx0nt4q0tuh75;4;1;0.5;22.04.2024;22.04.2024
3CVgU4SJpD54nydrNq5HpKH1ngbzLpcY9z;4;4;0.49979692;08.01.2026;09.01.2026
bc1qul53ykkvxg5aehv2wm5z46a90tcr4ky0ctuemp;4;1;0.49714591;18.10.2021;18.10.2021
3EScVjCr4RrYFnyJyPs4twgUjt3ZnRoL7B;4;3;0.49022475;30.01.2023;30.01.2023
3NWxovde31X1YEmJFbPmM17ivSx4Wz7E1Z;4;2;0.47190698;29.10.2024;04.11.2024
3L4RRCCdQQ7WZEz1aCGbVBR62KHEQQbUg3;4;1;0.4586008;22.02.2022;22.02.2022
35FQS2PgaC7MhkPrX5C8X7RDsRTRxbWjf5;4;1;0.4507523;30.06.2022;30.06.2022
3HV6wAZ5M7RfEtHcUNtLFWmy1Vim9NnN5T;4;1;0.45;08.07.2022;08.07.2022
bc1q8asafepmwewqv8yu7k9uuzhf5mwv29g0x6yywr;4;1;0.44520906;31.07.2026;31.07.2026
1AU816tniknkCDf23nBQYW4e8CjVX8iWLz;4;1;0.43707563;23.12.2021;23.12.2021
32EBn6iuzaYY8qHG32snYaN66kAdRWSvX1;4;1;0.43386958;09.05.2022;09.05.2022
bc1qvtw2j499n0hhxnr62v2gup753juptx6e795rca;4;1;0.43350047;07.12.2022;07.12.2022
3GQvTdyQwBMum1wjjZrpMtzMbqJsM1RHmi;4;3;0.43235395;02.08.2025;04.11.2025
bc1pn8jg9k6q34046djqv3060jaxafjfftpzftldkm9kk6t8hn9ty77qp6v4cu;4;1;0.43046721;22.04.2024;22.04.2024
39UaXUrbbfEK4P4uYEgJzjML92G2ocGzNR;4;2;0.425;16.04.2022;30.10.2022
3FdoK3y8qT9UKqZ9vz5eEkkis164PANy3g;4;3;0.40188648;02.09.2025;04.11.2025
3QfcxDNubEnN2oBd1sn1Gt6mdqd5KCBt7y;4;1;0.38737653;11.06.2021;11.06.2021
bc1q9y2us857gxhyt622l25jxfply8hkeufnav72g0;4;1;0.37525906;31.07.2022;31.07.2022
37Xv9ovNphkVBFe23TCMWoZWWYiCpNmBiA;4;2;0.37;04.06.2023;05.02.2026
3AzNsYXoJViKWmsqUNa8gmXrsE2ud2crXE;4;1;0.36251042;22.04.2023;22.04.2023
bc1q0mqkjlhhehqen3eseyhatwgwjygk6xjr0jglfs;4;1;0.35374653;31.07.2026;31.07.2026
33S4nyLFEKAG6XRu5whEEwLVm9AjiFZfdS;4;1;0.35202026;09.11.2023;09.11.2023
322aw4LoUgLCpyi13xff52MBDKWvD51NUp;4;2;0.34534471;17.09.2025;04.11.2025
3PoNikPCFtPv9ewd84JFQyWaWePfeecxg9;4;2;0.34512878;26.02.2025;26.02.2025
bc1q0lqaugmrxmj3rs2qtfmqy0psf4lzt5jaf2u360;4;1;0.33554432;22.04.2024;22.04.2024
bc1qnpvl6sdjmh9lu92flty507ylczk0s49tzvd69h;4;1;0.33554432;22.04.2024;22.04.2024
bc1q4ukffm6v3a4ewdus3mqrdrt6cpquql9ckytswc;4;1;0.33554432;22.04.2024;22.04.2024
bc1qcrgsffvskacryzq3yj92lrnxrv6wwtccwggsf5;4;1;0.33554432;22.04.2024;22.04.2024
bc1q790xt43jnx3p7gf9x0s0r247wwlu5uw6wzpwfa;4;1;0.33554432;22.04.2024;22.04.2024
bc1p9davgnff4wc3rxwktywpj65ukewnvfxrqtw84rssl07y7j7lwmls8zwfvg;4;1;0.33554432;22.04.2024;22.04.2024
bc1ptqkkvms64h443x932d0grr7qsjkqzwr838yx8yh4hkatyrxec47sm9t69y;4;1;0.33554432;22.04.2024;22.04.2024
bc1pvatg4njyglr3lfmtjqw07qcemexhs0t4f9yg59tvxq8hvr9ynmns7evk83;4;1;0.33554432;22.04.2024;22.04.2024
bc1p08gla0jfxcmteeazydl68dhjc0rhyefneetrkgl54pfuc9frvgusjekpdh;4;1;0.33554432;22.04.2024;22.04.2024
bc1phqhtkpenv3dz8gcfn9x9t9cfspqds588ej76xc30l80rn67e9gvsuajwdh;4;1;0.33554432;22.04.2024;22.04.2024
bc1ph99rad5c0qpmg98rp8ynmh7cah4dxl3tfkv5ukpynhqna4hul04svazxut;4;1;0.33554432;22.04.2024;22.04.2024
bc1pa9eunljsj6gg5fvpnvsv4fk0s688vy8px2pv5vz9ctgy2nudd47qlygt02;4;1;0.33554432;22.04.2024;22.04.2024
bc1qk5xxezk0sywp9wae0c7pqtzrt2awa7gsj7vgp0;4;1;0.33350207;31.07.2026;31.07.2026
UNKNOWN:0020b769f957369922dd0a4b3ef5691f3335d564;4;1;0.331;10.02.2026;10.02.2026
3Di7McFYCiczFRNPF1KJ1FkqT3Qu1hbgky;4;1;0.3042187;28.04.2024;28.04.2024
bc1q3y4nak9pxs6n6y2uztz57930alrak8n9myccjq;4;1;0.3;15.06.2025;15.06.2025
bc1qn9cj3h8m2vlfzv58lxwhs4nlg4w8gem7su354w;4;1;0.3;05.09.2025;05.09.2025
bc1qwz2t9rjh005dgaf6yzkm9jtc6r8xdyt4jg9m7c;4;1;0.3;30.10.2023;30.10.2023
35GdPo3EUdXyKbmcZEFjjTgP1BWxxocdgr;4;1;0.2875124;05.03.2022;05.03.2022
3BhUUpwiZ81FAm4zJN991k3fiTWXfDPBgm;4;2;0.28558642;31.07.2026;31.07.2026
bc1q0eds8q87hl4yw4aap4g9q0ee0h2uduc6ewn7x5;4;1;0.2850667;03.09.2025;03.09.2025
UNKNOWN:0020fa705a67113832b097c1bea018bf049e4f7d;4;1;0.27562052;31.07.2026;31.07.2026
3Frk275Drvght5D8ihAhAUWMrcKYUYJtsv;4;2;0.27258451;14.08.2022;14.08.2022
bc1qq2ecrmhrghpvsyeg4zcy22tvggjsszz04sj0ve;4;1;0.27158188;31.07.2026;31.07.2026
1Ns4ziyZrdNTJKZjbnRRwXS3Um76piXMJt;4;3;0.26555969;25.08.2023;26.08.2023
bc1qznw98rdxtw6mulf55y5tp0m2y6f9x0xyz7ufhm;4;3;0.2543556;16.08.2024;16.08.2024
bc1qz2fdnfzhwvyjv65v0uzkf8fkuavacykfjdhnlw;4;1;0.25403905;18.09.2025;18.09.2025
bc1qs3te69s50p2xg59v38ss3cgqr23cpechg2fnzv;4;1;0.252;07.05.2021;07.05.2021
19qeTLpVHfzgNCUFfinhsdNVNuD44vnSi6;4;2;0.25030066;02.07.2024;02.07.2024
bc1qkngfduxu4gsqjh4tjlp7cgc6nw936a993hk4zs;4;1;0.25014675;16.03.2022;16.03.2022
35nCsYW1Anj8wKMDyxBuzP6CHYyUTKRzaZ;4;1;0.25;25.12.2023;25.12.2023
bc1qy8ekf8uunyl8gsl5v6lhq94r82046x2eam9ku9;4;1;0.25;02.03.2025;02.03.2025
3GxgvjABjzZTggi2AyDY2sswYcrfbyGYBU;4;5;0.24099503;26.09.2024;29.01.2025
bc1q4dcttcezp95nq65zfkkvgmjufsfvkxud2u4ssn;4;1;0.23982677;31.07.2026;31.07.2026
bc1q6lradzmn29ecqph88h25yh08yzcskmux8c39ku;4;1;0.23904655;31.07.2026;31.07.2026
3H3WCTjYKSNNwo53yD571ZF28s6NPWX9Kx;4;1;0.23311501;01.10.2022;01.10.2022
bc1qmk4mr4lcvl92u74aedfqpaw57vshltyz28qln8;4;1;0.23210882;02.06.2025;02.06.2025
bc1qcznjxwh3hjk8weh8v73ae3rnjthe9d79ruph6g;4;1;0.225085;31.07.2026;31.07.2026
3EpjMWn6NDak9qW6EgfeucTLRbfztFoQwQ;4;1;0.2222392;17.03.2022;17.03.2022
bc1q0ty4skr927cp733sr5kz6us03d36mmfhn2kw06;4;1;0.21621658;31.07.2026;31.07.2026
bc1qaymdrgw77f7r9prufx63egjzjhdkdhuwd4wx3f;4;1;0.20931389;31.07.2026;31.07.2026
3K972FsLBVq9FEYyfg1nBDZYaUCropGAeW;4;3;0.2084954;15.11.2023;05.04.2025
bc1qlc82ycg0c4n7ypchz67m7ds83ffwvql3u9slgy;4;1;0.2032909;07.05.2025;07.05.2025
bc1qn65gfk8mjy26plcfs5jknfy9335eem3u56gk96;4;1;0.2;25.02.2025;25.02.2025
bc1qyl3t4u8esewaj6vdafkvuerrhd4upyffft4xlv;4;1;0.2;22.04.2024;22.04.2024
bc1qguujea0zjq69v54cel5r50vshtf2ej68snsjju;4;1;0.2;22.04.2024;22.04.2024
bc1qmj94gq4k3dy29y49y92w2c5yuk94wjz0507m80;4;1;0.2;22.04.2024;22.04.2024
bc1pzsaflvzmp592ndy2l28e884fakr3gz6qnnerj979yg69azrmkfxs2lv6sl;4;1;0.2;22.04.2024;22.04.2024
bc1pyr0qmjx922ve5kkdgxs556mr05cvwkac29l89xa3yzlv3ejaq2hqqcgwez;4;1;0.2;22.04.2024;22.04.2024
bc1pyjmfrtzj24g9swmuqjuz60w0x2xca7y24zq60aztpze73mgmmr6qg89gl8;4;1;0.2;22.04.2024;22.04.2024
bc1pxpmjp5ttmwtpegjjs8eq2upa0sc46xcggszz3whqw0ta6e9j7pyqvpxkjm;4;1;0.2;22.04.2024;22.04.2024
bc1p8s5wncp2ffx9l2j9m5dfheklsqx4erw0k97duhgcw4exweg4uhnseygttj;4;1;0.2;22.04.2024;22.04.2024
bc1pszenvdeulmsrq26hsvr3tpde4f87h3d55p94e3gpwlrchxu0429shrxlyy;4;1;0.2;22.04.2024;22.04.2024
bc1p3d0w9enh9v965jxz60v9kkw0quzhfdu0ej5mvmalx5xkqu8srdvqlt32d2;4;1;0.2;22.04.2024;22.04.2024
bc1p7speu708q9kffsyew975xgvhzkg0yjdphcmxulej8z6qntkw458sd9lpp2;4;1;0.2;22.04.2024;22.04.2024
bc1qh5tkxyd84jtrfl6mepxllj4663v3ycth9cu3cn;4;1;0.19502553;31.07.2026;31.07.2026
bc1q3tn5kexu7dvcka4pvd69e9jpll0fqjr6zeeere;4;1;0.19423579;31.07.2026;31.07.2026
3Gocz9BSM2ffqHDWxJYR4XCjAUA1TVqyDd;4;1;0.19218;18.08.2021;18.08.2021
UNKNOWN:002059fa359859009fa645b0c0193618eaee29ea;4;1;0.185;14.01.2025;14.01.2025
bc1qnp83uqddmjldh5a8pzk98ygmf67js5ped8kpn0;4;4;0.18176536;22.09.2024;01.04.2026
bc1q8wncg6hn6hteak8lzhem8qfkq6pm5nsd66p8js;4;2;0.18054749;13.01.2024;13.01.2024
bc1q3cz3mtsgv4egzydde6950xkprtn67qhl3rry7h;4;1;0.17861346;21.04.2022;21.04.2022
3EtLUHq276D9xZGqjCsKf6xyE3k8x2rmPw;4;4;0.17254834;11.02.2022;11.11.2025
UNKNOWN:0020c4f6b17656684cc8c36b11c1fef0de2c5556;4;4;0.17224074;16.09.2024;17.09.2024
bc1qcv0fjvp94ux7qs7u580sqnv0k80xp9ejcl24aq;4;1;0.16733757;11.06.2024;11.06.2024
bc1qafyxaa4duuahn6myxmc9lph49ussv2q8c2u88f;4;1;0.16682019;14.07.2023;14.07.2023
bc1qgq5dzexcf55swpgagvzkkcv6xpfgzwv5w5r7py;4;1;0.16646358;15.07.2023;15.07.2023
bc1qe4gx84vtgkwkvraezknl03e2h2w90463cs70ea;4;1;0.16425236;15.12.2023;15.12.2023
bc1q00m6utakz80jg9yp6z706dgetyjmx00sxdpssg;4;1;0.16152231;15.08.2024;15.08.2024
1EZBkC22GR6mQrrZNie25JTuqWWsD6LktS;4;1;0.1535;20.04.2023;20.04.2023
bc1qlv7m70mm74d6nztm5ma0nfzyyprnazsl99agkp;4;3;0.15042;12.10.2021;12.11.2024
UNKNOWN:00209852e23978e4572df29016b226140e272e3d;4;1;0.15;05.08.2023;05.08.2023
34jWtxcukjpiVy2dAXcWNB5eKYLdZYsNdJ;4;1;0.14786503;08.12.2021;08.12.2021
bc1qch4cpslmyrwg6j2quu3m2c2edqp5jankxg4a4m;4;1;0.14348907;22.04.2024;22.04.2024
bc1qasdjwu3p0r9qtp8xfjpxtvnu89s0guj7w9axpr;4;1;0.14348907;22.04.2024;22.04.2024
bc1pwv4dddn4jttxhcwj950j8tw8x0jl4r8yfujy0cmayhe3705hngus9zxlev;4;1;0.14348907;22.04.2024;22.04.2024
38hZzdZPoDMNJc32n82GoS2jaMRtbuydWE;4;4;0.142;01.01.2025;03.01.2025
bc1qgmhcgf0te8ajpyagjtxtw23yx4jdlnncp5r8td;4;1;0.14170523;15.03.2024;15.03.2024
355EM6QqqtRgD1FYXSzb2cbKZZCWfpufDd;4;1;0.14007819;15.02.2022;15.02.2022
37GCKDxw1PwrrGYzsexNB4DRrBzxuKAAi4;4;2;0.136;27.09.2023;28.09.2023
3J69rBAsaWo41PU17aDZkCKfNtLWp2FToR;4;1;0.13219996;04.07.2023;04.07.2023
37W7TNh4QGhuHFksQbEj4kA37s4Z32qwn6;4;1;0.12852569;28.04.2024;28.04.2024
3Hf8Bk6NKVPLa865MmKxzPBip39MBtJhVx;4;2;0.128;20.01.2023;20.01.2023
bc1q5pqlucvd0q6ml237a77lgz2zs2mv3s8w4vaa4h;4;1;0.12706934;31.03.2025;31.03.2025
bc1qamlalaersf2sk0ljt6zsj4rvmg8j9rd53sryp0;4;1;0.12417459;31.07.2026;31.07.2026
bc1q9jhcgltcr6ljt7saa7nmej6ljksr5qmdkn0fsx;4;1;0.12351044;16.07.2025;16.07.2025
336pPEPhtpBSRMm3iXA2kjemTD8WnwJbS5;4;2;0.12339083;19.12.2024;04.03.2025
bc1q3pr0ae53jgpuhlfyzd38n995e9fa5pjvv35rtm;4;1;0.12327371;30.09.2025;30.09.2025
bc1q6k4vyvuwpcylxh3evrgk9hv8zeu38yzen3lax9;4;1;0.12304452;08.04.2022;08.04.2022
bc1qyxv3pxyyu3da2znpx3qn87n0m9vqmrt3vq6728;4;1;0.12;27.06.2022;27.06.2022
bc1q2a37mdqdfrcs9zatzgkxcpm2lflenhmjl672j3;4;1;0.11995787;12.03.2023;12.03.2023
bc1q98mh5x3ztjc0rv27aq92s9mpjd0p0a6r7ttwrj;4;4;0.11685937;01.07.2024;16.08.2024
bc1q04rr4l3249kj9pxgjl3e9fkc9npractfw3uj2r;4;4;0.11542833;16.05.2024;16.05.2024
3MPTmibku1LfGs3kS7rnMrajv6T49qkHep;4;1;0.11516513;28.04.2024;28.04.2024
bc1qal6zz5c24efdvztc76fk0fxe785a3e93nm938g;4;1;0.11373615;13.02.2025;13.02.2025
bc1qdacmewg0ucv4jg2f6wvc5ngtnhusdjteqrcyap;4;1;0.11359682;19.06.2023;19.06.2023
bc1qehge2uupjs9ru9r77ruuzfwaj3wnh6pgky0c62;4;1;0.11251283;31.12.2024;31.12.2024
bc1q5rz7c9c4h9xuxten4el8zjm6vdldl3e7dv3njn;4;1;0.11022874;29.01.2025;29.01.2025
bc1qzymras4nctvy4a9dw5vz7vk7wqa8a2vrcdgw4d;4;4;0.10927929;01.07.2024;17.09.2024
bc1qw390kzktlyva8dka422ut2uavvyc4ztv823myr;4;1;0.10754392;15.11.2024;15.11.2024
3Mjekr7GNZ1QWz4QB75XS6PxGL5fMK7TBa;4;1;0.10673927;28.04.2024;28.04.2024
bc1qf4nf4desvdynp5pjdnxurhq3ss2tgaj07ak47x;4;1;0.10516556;23.08.2022;23.08.2022
bc1qn5cyqyap2ymw6afy9dhkzrgh648slflre7ay7w;4;3;0.10089863;04.06.2026;30.06.2026
3EKrAHz6mAfxntm3LRG5t4JjsfsQpBU9rL;4;1;0.1;07.12.2021;07.12.2021
bc1qmryuz5uj0xkl2jcgstp9rp25a4kkc2kewterat;4;1;0.1;22.12.2022;22.12.2022
UNKNOWN:00209928d818c66a166944228ba7a1f6fc92c100;4;1;0.1;18.05.2024;18.05.2024
bc1q5zwzlfnklss6h262rsr0dl0tmx26q2c7luc3pf;4;1;0.1;28.07.2023;28.07.2023
bc1qgl577rgjchwdanzwu9wnnknguuknunnmwcflqt;4;1;0.1;22.04.2025;22.04.2025
bc1qw60gynq5t9rrdjqrxlt04e5ytgg3fz9un0hua7;4;1;0.1;22.04.2025;22.04.2025
bc1qd8c5f6fqec3xf8c6g7773n5rg59at4gmkgftm5;4;1;0.1;22.04.2025;22.04.2025
bc1qajmpx02s965qmjx9gevcaqccwf6xw3nmmvptfr;4;1;0.1;22.04.2025;22.04.2025
bc1qzr7rehcf6y37r8e3zc05n4a6al4fv8hpyk2km6;4;1;0.1;22.04.2025;22.04.2025
UNKNOWN:00203faba93afda6464474cb88a4f9c20a5068ef;4;1;0.1;09.06.2025;09.06.2025
UNKNOWN:002004395ce6283c3a91337bebea35c774c2631f;4;1;0.1;22.10.2023;22.10.2023
UNKNOWN:002068b100dd49fab36f99e12605fb6f75dac416;4;1;0.1;25.02.2024;25.02.2024
UNKNOWN:00205928e0a0373d191ce37075cd01efec4ada0f;4;1;0.1;13.05.2025;13.05.2025
bc1qxf6xfw4hcyds5tn4y6m369yv67x7zw4mnn5pp5;4;1;0.1;22.04.2024;22.04.2024
bc1qgc0z9jzgd6kmmf2gpw9dqnq62xx0dgep44c7t6;4;1;0.1;22.04.2024;22.04.2024
bc1qgl5yzzj5txk9tfwa4w3tw2e37r2dyys84pvggt;4;1;0.1;22.04.2024;22.04.2024
bc1qjld9vvrytmfq7xzjq4z848lxep5pqc9eq56xzy;4;1;0.1;22.04.2024;22.04.2024
bc1qm2nyefh346tsxepgnp7z860s4euq82pmuf0nf7;4;1;0.1;22.04.2024;22.04.2024
bc1q7vj4vekamdpe8dt8kzpjck8thca53nu65h8flt;4;1;0.1;22.04.2024;22.04.2024
bc1pz66wxmgruykk2zncuy87wfl0ktnpvwehgepxyzmz6q3k7scxan6qewmghq;4;1;0.1;22.04.2024;22.04.2024
bc1p9czrdv9gctwydjp0zk9swx4mzxjh6nnnse8gmvkdra4t4ugeetms6mqzgk;4;1;0.1;22.04.2024;22.04.2024
bc1psmrszjhswq58e2flc86c4ujphmafmakz0rgvejcc79t8g29k8xesz7qnfn;4;1;0.1;22.04.2024;22.04.2024
bc1p5kl0efr99wekcwhh2rl3rrv9rjtayhhc6cy8mejr794hkf6j2xnqu9qck8;4;1;0.1;22.04.2024;22.04.2024
bc1q6qgwx4ay538znxmsfv4kt8g4a5ssnh6ffc8255;4;1;0.09746869;31.07.2026;31.07.2026
bc1qdqskl2t350n6wejy4ewfn666dwup7qhtry9eus;4;1;0.0967;29.01.2022;29.01.2022
bc1pe7wwn8p0gftncndhn7vj9vcneppkxaaehw6lt8r2z50nvmee5h2smnx3jw;4;1;0.09645554;22.04.2024;22.04.2024
bc1qhcnhsa4tmexh059c9z4ncf4d7kezwfj4zrk4n7;4;1;0.096394;31.07.2026;31.07.2026
bc1qnjfjeuwdgrlp00tlmpe6uv4e72k8tkhkt8x0lm;4;1;0.09628517;17.05.2024;17.05.2024
bc1qdfmd58xh03udrufrtfnsfe0q0z2508kan24yze;4;1;0.09151998;31.07.2026;31.07.2026
UNKNOWN:002072636621ba7a8f0acc779059e71d51ebe649;4;1;0.08667781;31.07.2026;31.07.2026
bc1qqcd4e30wrlw9ruc48267dfvtr4xt5zz779zajs;4;1;0.08655996;31.07.2026;31.07.2026
UNKNOWN:002003c697825eff2c0c7ec48bcac72d0a7837d6;4;1;0.08544412;31.07.2026;31.07.2026
bc1qn0kknqq3fkljnwj4puqz4vuw9cgt4wf07nfmp5;4;1;0.0849;18.03.2023;18.03.2023
bc1p7q04nznnswtq6uwnwvsn765zx6zfze68x5d3xjz8jwwn6835krcqm80mh4;4;1;0.08293784;22.04.2024;22.04.2024
33QnhGgJcdq8SqGP5XNytCLcMyLBypN8Aj;4;1;0.08007456;16.08.2021;16.08.2021
bc1q4qqn35ae4cmwz85p662zf9c9pflszkmjztejlw;4;1;0.08;20.09.2024;20.09.2024
3JAyHo9tEpnqp2cNohRTEJWk9JPBBybyJP;4;1;0.0790698;18.03.2022;18.03.2022
bc1q305g092jjed5n95qx4pzp4ststv4as5w7zaudt;4;4;0.07836575;16.06.2024;17.06.2024
UNKNOWN:0020c4bf3a1dc86ac79407e68bfe6bfcee67277b;4;1;0.0745215;05.03.2024;05.03.2024
3EG2GrTbXjNEWsrwvaubsrr8GhqJbCfLhc;4;2;0.07448657;18.03.2022;06.04.2022
bc1qpsm07sedefftf9sry40ez07yyvxs49c8mh3cn6;4;5;0.07176828;05.08.2024;05.08.2024
bc1q5uvn7cq77q2td2sjp7fwnzdkpkg03a8waeaxgt;4;1;0.07;31.07.2026;31.07.2026
3Co5iSMo1DKvBL3HRvPdoZHvAFRdj8SKVr;4;1;0.07;10.04.2022;10.04.2022
bc1qepgz6v3dkh99m29hlj69l7f2qk4k09a4ynk8r2;4;1;0.06907754;05.02.2026;05.02.2026
bc1qlves7ec34a86ndepc7jrq7chwxxflpskyzw4vd;4;1;0.06736686;14.05.2024;14.05.2024
35izP44kahZpWZZoXR5qWHZgGAk5ie19Qu;4;1;0.06693826;25.04.2022;25.04.2022
bc1qjx99cdlfhtsz7pjmtntnk7crgew7dzj6vs7n6z;4;1;0.066;19.05.2026;19.05.2026
bc1qg6xufmdm4070py3wuyd60gjwe6zgfzftpt0y9j;4;1;0.0651202;06.04.2023;06.04.2023
bc1q0y4pxkn893xz2vgrtf50y9uffxh5v68rm5tn2a;4;4;0.06127771;17.06.2024;05.08.2024
UNKNOWN:0020570b5a8e99589a0f62e1943f22fa9350280b;4;1;0.06091275;04.12.2023;04.12.2023
bc1qzaw3knecwx4fhc9x78p220ava7mayhu8sly9at;4;1;0.06;19.12.2023;19.12.2023
bc1q4rhpdk0tnrre29ckyjmzrsrjw6efwrfrrh8pfj;4;4;0.05994398;01.07.2024;02.10.2024
bc1qssw3s9z9xdfd2nxrkqhu675m87hh6t97s6czux;4;1;0.05978324;31.07.2026;31.07.2026
bc1pn209cuhf7rsnhad48talzlssyvh0neleda7xxylrrtl4s30fkxnsf3fvxr;4;1;0.05944464;26.12.2024;26.12.2024
bc1qmqcca588ywtfaev80ehpjxd6jlkuax7z6gyfhp;4;1;0.05692249;13.02.2024;13.02.2024
3CzXbEeUvKv3G1nf8SujgqoARppugBn6Nu;4;1;0.056;12.10.2023;12.10.2023
bc1qdq4xxrxa80hrd30sjzmmg4vjdcn6m20gugwh42;4;1;0.05539965;19.02.2026;19.02.2026
bc1qmxhlglwpdv2zues290wrcyf4yptc5pxegzywqf;4;1;0.05526588;02.02.2026;02.02.2026
UNKNOWN:00205b6e47614199e220cb7a8f8a632d807e908e;4;1;0.055;11.10.2023;11.10.2023
bc1qu6srgpxe4la2gj4j5x0wfvg8mj7vsqs3lzcr0h;4;1;0.05386968;29.03.2024;29.03.2024
bc1qjzx7fpzpnsn8fxuarnd0cyrjfuvpadqdrxjnwz;4;1;0.0521;15.02.2023;15.02.2023
bc1qy5wdt7en6z92leshmp00f704sm9egth75yz55p;4;1;0.052;13.06.2026;13.06.2026
bc1qllgag299gumn84enfsck4yr2gdr285qde3gdw9;4;1;0.052;25.01.2023;25.01.2023
bc1qfx6jg5lnp8ucjmzqh0hhs6paxta70u0xgfdq4g;4;1;0.05183473;22.04.2025;22.04.2025
bc1qyerdnv25u8w607rz8lqf2m8wjf0kkd9s0e4psp;4;1;0.05134297;10.07.2026;10.07.2026
bc1qwjukqf7h2zfrj9gcq83z60wlm8q47mglnascpa;4;1;0.05;19.05.2025;19.05.2025
bc1q7lzt6xjwrw5j5uk4yqcx5vmvgc9gu4vadgwl08;4;1;0.05;26.12.2023;26.12.2023
bc1qvw85a6jp9kf3k8euc77mgq42zf042020ca5ue9;4;1;0.05;06.06.2025;06.06.2025
bc1qvfewpwe3j028fk5e9sv5e9gjsrnp8qp5alv6td;4;1;0.05;22.02.2024;22.02.2024
bc1q0ddssknv4444x5987pydgyfgecwq6kqlypp36m;4;1;0.05;15.11.2024;15.11.2024
bc1qpfpqrrgxlhx0xeeds9wnhe4ac3uz6urag383ll;4;1;0.05;22.04.2024;22.04.2024
bc1q9qu07fjet7cjx4qq2md8s266ge8tskwc6yndvs;4;1;0.05;22.04.2024;22.04.2024
bc1q83xpagj7h2y8eh2xmlnukqaedhj239tksfaaln;4;1;0.05;22.04.2024;22.04.2024
bc1q54fytmx8687k06awmtj57q8xucq03yzyeh8zax;4;1;0.05;22.04.2024;22.04.2024
bc1qh02h99ers05jlg8j49gh2fdgspxf80dhrsl2gk;4;1;0.05;22.04.2024;22.04.2024
bc1qlwajcepuf30vtlyzv5g06z4nt2mylz6jrmmu65;4;1;0.05;22.04.2024;22.04.2024
bc1p2ruhzxwq4exl3xm9yayspc2tw8au9xzghxrpmf05tw3sgrfpu46qmhrdjz;4;1;0.05;22.04.2024;22.04.2024
bc1pm39skd9qkw7d7cqu0gjk2wufm6f73pxp3aczxhn2vegumrvckufqsm8rjs;4;1;0.05;22.04.2024;22.04.2024
bc1p7sf2q7qne5ewqj6tf0nxepzhn9stjmc9sqywxlgzvyaytwj7g0nqs8a5gf;4;1;0.05;22.04.2024;22.04.2024
18bEzdedTuQGZi7r91pq3j6TgR4qpwn16u;4;2;0.04757936;09.06.2025;09.06.2025
bc1q557dhcsq6htqpw4mzr63kr2ua6wa8lcr8sh8ag;4;1;0.04725784;31.07.2026;31.07.2026
bc1qylc7j4v3w9fhkkx6tjvzfne92l9sr4l5kakrdh;4;4;0.0459485;16.05.2024;01.07.2024
bc1qrfa8myw0mf6ymrf4swmw6kya989zee7calkndy;4;1;0.04471718;31.03.2026;31.03.2026
UNKNOWN:00201e6d13c445148977fc7177e0e5faa38ab4e2;4;1;0.04412798;03.10.2023;03.10.2023
bc1qaqk40cu85jejhnrecqtqs3yyfsr0myzn8tyx7s;4;1;0.043;08.01.2024;08.01.2024
bc1qccfynwhw85xz0aw9tspw94tqzjvej85c8ps5vq;4;1;0.04157545;19.03.2023;19.03.2023
bc1qpy8utp804r0gv2guc4aka3f27yng0a9vckmjg9;4;4;0.04121861;17.06.2024;02.10.2024
36k4xvzRU9LUASKNXje72GLrQ5QFauuEQm;4;1;0.041;07.10.2022;07.10.2022
UNKNOWN:0020633f382b0c6b184ea87115a0a084b416dcb0;4;1;0.04015729;31.07.2026;31.07.2026
bc1qpt65en8lezxmnl07r6wrgel4jqz69we3ym0x3l;4;1;0.03968726;18.03.2025;18.03.2025
UNKNOWN:002026e4604a8bb2893acb4924778c4a94b4ac7a;4;1;0.03961385;18.12.2023;18.12.2023
3NSrif5ew9Ge22Y4eDNTFUy5RKYYrkhLFj;4;1;0.03947374;05.07.2025;05.07.2025
38cu46bBbzcA3SeGTUz3rWGJmwKTDApkax;4;1;0.03893005;27.04.2022;27.04.2022
bc1quaympk9fnr9kxul9t97zxehnndw6attw3m0j0n;4;4;0.03684369;14.12.2024;28.03.2025
bc1qsj8k74fvgnvfjaxsflns7ffkt3gyn6dlqj09ma;4;1;0.03513218;27.09.2024;27.09.2024
bc1qa2f4erm8ra0x8k43anw6ah425rx0gjm9er0nyx;4;1;0.032;28.09.2025;28.09.2025
bc1qqll0uydg7utrgjxw5s258u6wn0f2kmjar2n36n;4;1;0.03188646;22.04.2024;22.04.2024
bc1q9ckvq7pu0ry385nkwtvlavwml2p5w87j0xalql;4;1;0.03188646;22.04.2024;22.04.2024
bc1q4qnj7v2qs4ynp5552hev2wjfj7kl29kthw2gyn;4;1;0.03188646;22.04.2024;22.04.2024
bc1p9u6dfwe0supaz8l5ft3fv6gl74nd70r7x3rg05navmmjucxt4h6q05w6cg;4;1;0.03188646;22.04.2024;22.04.2024
bc1pf2puv2cq86rp8dg8g678z70d2v0eyt4xfzz2rltmue9qlzk6r5qqpkl26p;4;1;0.03188646;22.04.2024;22.04.2024
bc1pfnqu4lf2njgynq9klgpumawk8954pwpej28tf4wylutqlg6mq63q5wywrs;4;1;0.03188646;22.04.2024;22.04.2024
bc1pdsz46m08nucrqt7lxse67zpyxgeeg724n4wsesef3qqkjlk9d2esx25hd8;4;1;0.03188646;22.04.2024;22.04.2024
bc1pwxpwupjpxplexslz46fyj2hrp2wv5pgnq6hzeql2uxgz2wmpahns3nksaf;4;1;0.03188646;22.04.2024;22.04.2024
bc1pc9wpmd6qlphd40twk3qg6c9slqkup8w4stvq63q6jk75ul8rh0dqlergs5;4;1;0.03188646;22.04.2024;22.04.2024
bc1plc6nlmpvhfuuds8gldupd2ukmfyadkpcfufzjpwvp90a0n2x8ezqytnhsj;4;1;0.03188646;22.04.2024;22.04.2024
bc1qzcdmdckhwrvkvdsatt8drdfp0afmtqfagq9kzz;4;1;0.03161059;31.07.2026;31.07.2026
bc1quyk8ytp6dt5v8cxyg3npujg5wc3j9c4fxeackc;4;2;0.0315;18.08.2024;18.08.2024
UNKNOWN:002032d427ac4783cc7dddc896278f0e8e848394;4;1;0.03133741;15.04.2026;15.04.2026
bc1q4h754zg0z2w5qdnxs4pnkex8588wrcs4340l9n;4;1;0.03107088;13.09.2025;13.09.2025
UNKNOWN:0020da5f142dbccfa577fb1e9f619db814c7c234;4;1;0.030955;13.01.2026;13.01.2026
bc1qdp0fzyw9t8geh7dqe98trle7umk6uj9n54tsce;4;1;0.03091553;31.07.2026;31.07.2026
UNKNOWN:0020985b29a5aa636099cbbb06eb26c927813719;4;4;0.03052756;03.06.2024;03.06.2024
357a3So9CbsNfBBgFYACGvxxS6tMaDoa1P;4;3;0.03006125;27.02.2022;15.03.2022
1A9r6uuY7ga1kgTgb6WsxgKR8nxfTseR7p;4;3;0.03;31.08.2023;05.09.2025
bc1qxhq27m55eja76m2pl8r9dga3cd7fqckrczzdv6;4;1;0.03;13.09.2023;13.09.2023
bc1qn7vyv7lxxj0z2nxgu6xmawrw44rulhdsary2kt;4;1;0.03;17.11.2022;17.11.2022
UNKNOWN:00200b4c11162fe4c7ee956c5f7c32588d44cadd;4;1;0.0299859;10.02.2024;10.02.2024
bc1qqrzv79g2rugmqt3mqp8l6j8yeh4skyy5s94ew5;4;1;0.02927893;04.04.2024;04.04.2024
bc1q9jgtvjjk2ppcxjz4ql7k9jjv2r22jx76la62ps;4;1;0.029;29.03.2023;29.03.2023
bc1q82830x8ntzncrapg63f7amrf6dcz863k0jsma9;4;1;0.02876704;04.11.2023;04.11.2023
bc1q9u9sksc2k09zksqqmmqjnyqyugxt4cqskldure;4;1;0.02810049;03.12.2025;03.12.2025
bc1qxxpvdvq0cfw7vtaltttyw4swjfnv5qwax8evn6;4;1;0.02753458;21.11.2021;21.11.2021
bc1qtahg4e4uwq7lamgzukrk7a02fs23yka976vx56;4;1;0.02753385;25.02.2022;25.02.2022
bc1qp87kajvh0evuyyyefvm9rrn5sdsca00rhxdr3s;4;2;0.02701925;22.02.2022;22.02.2022
1AUSGLKM2cyse7hJjmz5zGvZvh5aTwJQNk;4;1;0.0264;23.06.2022;23.06.2022
bc1qd7svy67ekqsxfyj32jny7vz8knqjt54jzpm5gx;4;1;0.02551703;01.10.2023;01.10.2023
bc1qq5324smn6jwpsun5aa5vvhlw8gpxruug4gnsf5;4;1;0.02510151;31.07.2026;31.07.2026
3EtYDUHKpir1hwLtVyEzG8xLsSrwD8RB2A;4;2;0.025;15.11.2024;21.02.2026
bc1qe4lew3twyqpug9hd8cghju0mag290ka6vzn2hn;4;1;0.025;31.07.2026;31.07.2026
UNKNOWN:002063619d987d69abc774970bdd307f205d6567;4;1;0.02387258;12.12.2024;12.12.2024
bc1qa5jpgwnwvs6s7kc3y09n03r7d4mnzh52rz9400;4;1;0.02354717;31.07.2026;31.07.2026
UNKNOWN:002094673ddabeb0c0a68fb8f59ea7dcb215d9f8;4;2;0.0225;05.11.2023;06.11.2023
UNKNOWN:00201f2d21895e59f94d3a8a31bb7df687776d38;4;1;0.02247;26.01.2025;26.01.2025
bc1qe2gd4p65f74ureahj0ga7rv4xrq7dz928pvxl5;4;1;0.0223;09.01.2024;09.01.2024
bc1q9gvp4wz25ddr0aplzce5a5s98s89ujz70lyyjv;4;1;0.02197945;17.03.2023;17.03.2023
bc1q237rgrfantu53f3jmnjwwhtnkgxzcewt7lvmxc;4;1;0.02097152;22.04.2024;22.04.2024
bc1qdphqzsjkm82hek46y34zdpvlgjcakren22fddv;4;1;0.02097152;22.04.2024;22.04.2024
bc1qnkxycff5vld2nsxkc2sf9kufr3vxvxsgaq8f88;4;1;0.02097152;22.04.2024;22.04.2024
bc1qe9yjld8jmccw6qm8ru9fe5yhmlc9jlwzamfxcd;4;1;0.02097152;22.04.2024;22.04.2024
bc1p9njzxwn96fzu9673flhua2tkvszsr75e59x7hzzvqsw2v8uvm0uss623lu;4;1;0.02097152;22.04.2024;22.04.2024
bc1pxxjfkzfwndknwjxdv04afsqt7smduq8n00ngvh6xjszh3cn2tluspkdue4;4;1;0.02097152;22.04.2024;22.04.2024
bc1p3reuwflp2m0g2pu9vj0xy5dnfd4gq4xn3kj5qt02kwv9hkzpejzq50zd3d;4;1;0.02097152;22.04.2024;22.04.2024
bc1pkmrvw6zt3dvc2qhevspuqwuf37u65wsgexajgu2znyf0day39maqak33tv;4;1;0.02097152;22.04.2024;22.04.2024
bc1q63squ9r5r6fnpkqwrq9ga5m0cjl3lcvjzrfljk;4;1;0.02092604;21.07.2024;21.07.2024
bc1qfv5gkrarzqf9ywqslznvd4egymytyhsfv8glym;4;1;0.02057003;31.07.2026;31.07.2026
bc1qr5w6y46s058lt96lygln4nf63zm6kqmllvgpd5;4;1;0.02;22.05.2025;22.05.2025
bc1ql9g4r3s6zzc0k9hd79j2qvjt797m72glcarax6;4;1;0.02;05.05.2026;05.05.2026
bc1qzs7lvhpjjfn4pk07tj6m3tshs0xwmw0zvg7gs7;4;1;0.02;13.03.2023;13.03.2023
bc1qawygm4t3egmt54ljx98nqmy2pe7nguu5feuwuh;4;1;0.01979077;31.07.2026;31.07.2026
bc1qvns8darzmnncap2z6dntkqgf2am0r6qq38fphk;4;1;0.01962661;18.03.2025;18.03.2025
bc1qhpj2pwaxtv7vhytwyvfj7wx2ka5lhc2m3eexzy;4;1;0.01951905;31.07.2026;31.07.2026
bc1qpyzwc46jzumy0d23pug6q03l999fthgp78s4mm;4;1;0.01852229;18.03.2025;18.03.2025
bc1qwf4v50rr5dyyx3dnjtevchtmryfem7y43tu473;4;1;0.01838326;31.03.2025;31.03.2025
bc1q9q90vhz7p7fghtnu737xss4gqhzw7sr5q2zk47;4;1;0.01753946;23.02.2026;23.02.2026
bc1q63hckfnsws74usnutqn0lj8t0a5vlplvsk25m3;4;1;0.0175;05.04.2026;05.04.2026
bc1qm9pl6jyue05au76ehrcalhasseraue9f9vszew;4;4;0.0163475;03.06.2024;17.07.2024
bc1qzalx5smk6ym76ctzjevunfnxalftygwwtqyc7m;4;1;0.01594323;22.04.2024;22.04.2024
bc1qtzwxmt2nnza2fyt04mmzvun4e2rusyh52d5l28;4;1;0.01594323;22.04.2024;22.04.2024
bc1qtf0xjh93kdaxgla7c8tuwk9rr3lknqrccczvuu;4;1;0.01594323;22.04.2024;22.04.2024
bc1qdcxh74749qfgw6jmgpsk2llcu4ynzaqr4cj67e;4;1;0.01594323;22.04.2024;22.04.2024
bc1ppyslzrsaypsqsu0urpzupp83ay4wnm2484mu79hfna258crkpepsp7wwxf;4;1;0.01594323;22.04.2024;22.04.2024
bc1prsejw56n069uv07cvr6ayhvska576yflzh9e4p5jcmazlz2g4eesnajaln;4;1;0.01594323;22.04.2024;22.04.2024
bc1pvwsrs92uaw0jz258sp9rth9j9aal246x04dgmaxfhqkru8hf6ghq22gzet;4;1;0.01594323;22.04.2024;22.04.2024
bc1peqvt36j02adsfr7tlufy5j8djywtmzfzfs9rpdtt3p0evqtvk05q5lmjk8;4;1;0.01594323;22.04.2024;22.04.2024
bc1pumvh5tw6nx3q2tjteykktmypf3c7pxeugvkmfs0kjwkwnmcwp5hs3eysat;4;1;0.01594323;22.04.2024;22.04.2024
32QxTrGxrwvrDatExfuFtEqu8B1HoUd7Vx;4;1;0.01505281;18.09.2025;18.09.2025
bc1qjyxrksqkn6mtnau2d9ape7zvs9hrc60yydvr4q;4;1;0.01473688;05.02.2022;05.02.2022
bc1qcm65rffnettgzjs04848mk3dxz5m09g4frlp7q;4;4;0.01341241;31.03.2024;17.06.2024
bc1qh46w2nz25zhv9adeae8jqr6tfhpxy0uu93gu04;4;1;0.01309339;31.07.2026;31.07.2026
bc1qjlrgjm3cwwn7qpuwenry0nsyf44ax5ky88pnh9;4;1;0.01308718;20.07.2024;20.07.2024
bc1qd09jzuuvg7z2a9tzrlt3zh6szxu3cwf284sn0j;4;1;0.01302;28.03.2024;28.03.2024
1A9wAJKawcdxKBrwXYfLFKH8pLjFoGbxFG;4;4;0.01296418;06.03.2022;16.11.2023
bc1qjhzkes9hw4st25jml5wq4hykfrw2ertvhu3jq2;4;1;0.01293167;29.03.2024;29.03.2024
3BeEXeELgNbDdXyKdtRx2s1uEJva2n2fzd;4;1;0.01229476;17.01.2024;17.01.2024
bc1qs82g4apv6tfvw70y0e03r04mgwn0erhwr2hjh6;4;1;0.01199;04.03.2025;04.03.2025
bc1qzdj5ze2394uzzmlp5sy2ktgnul43dcr9r6at43;4;1;0.01086425;31.07.2024;31.07.2024
bc1qrrvytk2xkly6xaqd4quu69rje5wevj7xuj20zs;4;1;0.01062882;22.04.2024;22.04.2024
bc1q52whh3g7r3tqlmf5sdznwuc3z8ywgcz394f0pe;4;1;0.01062882;22.04.2024;22.04.2024
bc1qclak44q25j4x5kr9yntewtsvfs570a779en5sp;4;1;0.01062882;22.04.2024;22.04.2024
bc1qezsaswm3gwntmgkzyl0zutyteyl4x63jazz55y;4;1;0.01062882;22.04.2024;22.04.2024
bc1qyypqnj9j6k4kcg6yaqmtwac88nury0rlg3h7cu;4;1;0.01058311;11.03.2024;11.03.2024
UNKNOWN:002057c04428f13c05db0f55ad7a01610a881c96;4;4;0.01057;26.12.2023;05.08.2024
bc1q9v8flkwzlemw2hx55twg6dtq6hsctphg4cqf6r;4;1;0.01003327;17.07.2023;17.07.2023
bc1qggv4rvn2sexhkjv030dhqyah7nmvqfd43crx6x;4;1;0.01003327;17.07.2023;17.07.2023
bc1qg0k2q0vgyr8yrjcdlw2eq8gfwr39ja3ew88672;4;1;0.01003327;17.07.2023;17.07.2023
bc1qg47me3hzm7urqgw8t2pttptn63zdedpqqurax5;4;1;0.01003327;17.07.2023;17.07.2023
bc1qtvyrarj58jrf33tkr59lx78phuvfgqlva7hvvt;4;1;0.01003327;17.07.2023;17.07.2023
bc1q0jyjd8utuzsu5wqscjuznsty7ugncxyy3x57fl;4;1;0.01003327;17.07.2023;17.07.2023
bc1qjdhy5jgsjmucx63g0ha02tzdvyv4lre9pf4c7q;4;1;0.01003327;17.07.2023;17.07.2023
bc1qj0nlkqd0pc0sj5k58wgucc8t8tjeenvc9qj6hd;4;1;0.01003327;17.07.2023;17.07.2023
bc1qhzs394xkt359jwh0cwrwa98vd72ql0tlanjmzk;4;1;0.01003327;17.07.2023;17.07.2023
bc1q692zcws3m432xpwh527xqraw7mdk07vd7922mc;4;1;0.01000861;14.07.2024;14.07.2024
bc1quqcp0s6r0jvjnw2d2q7e035yt3e93tpcrfflz6;4;1;0.01;10.03.2023;10.03.2023
bc1qa3wp9wt47g7p7nwh95xt4ynyc7vux4n8jg9tnq;4;1;0.01;18.12.2024;18.12.2024
bc1qfxkt6p54hccu6kqlraam970sedmghwhnn8edlx;4;1;0.01;01.04.2025;01.04.2025
bc1qyurk4mh9458uk65lr3klmeqlr6xjzezqpc29qu;4;1;0.00993964;13.03.2022;13.03.2022
3CpLPmCDK3JCnREduxzmmh2qJWYWhERvsY;4;1;0.00911;05.01.2022;05.01.2022
bc1qpqnq404hczt698va9rkprtg4kmxde8qz72x63m;4;1;0.00905038;27.11.2022;27.11.2022
bc1qxunfh9307twfe0t6xvx7c8zv84l8e4qcavse3h;4;3;0.00887696;01.01.2022;03.01.2022
bc1qve5prj0kcagftpnch4hspmx8ppjd9tyzc5re7c;4;1;0.0084208;31.07.2026;31.07.2026
bc1qeyh5eywdp47nwe25t3cngurw7wvjhatselw4rx;4;1;0.00823976;07.01.2025;07.01.2025
bc1q0lmxlwj4uden26rlptucp3hpld99tyu5vfsreu;4;1;0.00816386;04.10.2024;04.10.2024
bc1qc0hghpn7st7klwamlt5wevdjnyvxdcy37qtgdk;4;1;0.00782736;10.11.2021;10.11.2021
bc1q8jkmqq3m3tkhhfv0svzwag0w7leg89n656v5ql;4;1;0.0078103;17.07.2023;17.07.2023
3E726T9kJoQ81ptgryuVBsUsWcnyPqiweW;4;1;0.00744444;17.04.2022;17.04.2022
17PPv7Wv3yZiRPNqtszFBfws9pNUTxmyT2;4;4;0.00730251;05.09.2022;30.11.2022
bc1p09736wqny6394gp5xum3wyzsw5p6fs6edwxq0dnesdqra73wrgvq3xlvdt;4;1;0.00701002;28.09.2025;28.09.2025
3Lbu7kstQMufq1r7czUDVhjrpPM4v2zCcf;4;1;0.00691831;22.10.2024;22.10.2024
bc1qu3pjqluhvcg45l8m4xt006r04p2z6jm67af6na;4;1;0.00675509;23.04.2022;23.04.2022
bc1qjm9wmf2fhsamx9nc35tg0zjpsnffet794kfac6;4;2;0.00654933;27.07.2025;27.07.2025
bc1qqwdfr7ff4ss0xzafhdyevujemn92hwf4nyyje7;4;1;0.006175;22.05.2024;22.05.2024
bc1qcp00gsz4tdm7k8aydvt5dc34tca9leu6ss6z2n;4;1;0.00609408;30.09.2023;30.09.2023
bc1q9hr8ynlk24gnhkcg8jp0ss2khk9wjk993rcpfr;4;1;0.006;14.10.2024;14.10.2024
3PRCrWTRrWsnwKrXaChvHDgbtWC2tpNvsf;4;2;0.00580621;31.01.2022;31.01.2022
1Mp47wKLV6qhG4ZED2UvHTYbVvnTswjge4;4;4;0.00572241;25.08.2022;02.04.2023
bc1q68dc8cq9zet0pavpylp44hy9m4zv97y6t4kqmu;4;1;0.00568111;18.01.2024;18.01.2024
bc1qmc905a748248kxn3vzz09lsjvglz87jwg989z3;4;1;0.00557415;31.07.2026;31.07.2026
bc1qfe37gxgcg4cmrx7vy8fukvhypkkg6m99qnsaul;4;1;0.00535863;23.06.2023;23.06.2023
bc1qk5y4z40qcgrl0ugk00jyxy2dzvgtxsmd2696qe;4;1;0.00531441;22.04.2024;22.04.2024
bc1qcakny00srsygpm0r4pdaux6fkja09f577jlkyy;4;1;0.00531441;22.04.2024;22.04.2024
bc1pdgqh98khpkpgqqsfxkczz7kumle2pm6usrxfapcwatapcav992hsuejgex;4;1;0.00531441;22.04.2024;22.04.2024
bc1p3wderx8hsdxqludr4j7jtty6t87apr9xkdgnj8lhp4jfc7mw7pvq470psl;4;1;0.00531441;22.04.2024;22.04.2024
bc1pn9sw82yua4jxy08fn42d0tprlck7x2nmc3km50gp20vhwmsu9qes89qsua;4;1;0.00531441;22.04.2024;22.04.2024
bc1pc9ycls7za5994syfhzxjtw98mlqk6g3v67th7uppquz9rns0t8pq2jxujv;4;1;0.00531441;22.04.2024;22.04.2024
bc1pa9gvv2pzd8yqj4yhllhx07q6cxskhqgereyr3mg0taheg9klqx6qmtpmld;4;1;0.00531441;22.04.2024;22.04.2024
bc1q8dvxjsj0dn0gcps2zz0k3mvehungead4mpxtg7;4;1;0.00494442;17.04.2023;17.04.2023
bc1qy3ev5erre7aysetvgzqnc7v5rgx3yzkkqhkvmm;4;1;0.00489664;29.01.2022;29.01.2022
bc1q74g42hrvh6h2p7vpsmhjrwr25hzggpxn58nea3;4;4;0.00421991;03.07.2023;19.08.2023
bc1qlz5r8znm55r37wmqgwxpfvel4ycmh4y6prc3yt;4;4;0.00418893;08.10.2021;25.10.2021
bc1qpwg4xhenlakagxpzzc0r0mg9ck28unk6mgj2e3;4;3;0.00410426;06.07.2023;20.07.2023
bc1qzlttla88zjhts34np7athynz65crdr0d2xn0zw;4;1;0.003988;29.07.2024;29.07.2024
bc1qe68vnmnzv04wfnnzrh09kwtylvanu8q6ejp3j6;4;1;0.00398741;22.04.2024;22.04.2024
3GooQWfkk4X6cwvWGD2nKYYKMnQGTxEeFf;4;1;0.0038;21.09.2021;21.09.2021
bc1q6zun3syltpqsqvw8t672u50mxx7rf5rwdkyyz5;4;1;0.00375167;07.09.2023;07.09.2023
bc1qtr2ss8k2qswcuz5p5w2rfxacvpy2em574k53ss;4;1;0.00354294;22.04.2024;22.04.2024
bc1qh2x627js6v3uh9fzsdfnqyy98nzyzpndpnct8s;4;1;0.00354294;22.04.2024;22.04.2024
bc1q6l2d08nfdw7mtghack7jar870j5mfdtnysdlad;4;1;0.00354294;22.04.2024;22.04.2024
bc1qm0qnm5law3adwfvt63ql5nsn6vjek3pv7f5tce;4;1;0.00354294;22.04.2024;22.04.2024
bc1qmh3zfal05gm9tavfgd6yz6lj3va9yylaewamkp;4;1;0.00354294;22.04.2024;22.04.2024
bc1pqz0zdpdy5vs3ze6kh0whhgtj4t357k0cldyyvfra5sesg0f3pzjqc3cptg;4;1;0.00354294;22.04.2024;22.04.2024
bc1pd5n43rhygd0efukwvs8zcqnvck69zsjlu5wgzxr257f3quan20rsuyqrcn;4;1;0.00354294;22.04.2024;22.04.2024
bc1p42kjkf22qsuykpq4pjgl58g4x0cyvymywk53n6j5jm0jxrrrfues88sh9c;4;1;0.00354294;22.04.2024;22.04.2024
bc1p44cqdzw7pesg5l67xq4ve4cklchx2uqk0czgnmrmxhpj8r3cnscspgmw7s;4;1;0.00354294;22.04.2024;22.04.2024
bc1pcgnr5cxt9ydk975dfkq37jpvuvq9v353uxmtsa8qcz59qa3pha6qg479cn;4;1;0.00354294;22.04.2024;22.04.2024
bc1p7xyykmf6qzjwfq89gp26hxzscvezmzgarjndt3lqe5dw3mhytajsmza4l7;4;1;0.00354294;22.04.2024;22.04.2024
bc1qqtnawfzt08mj77xs9k00trjaslvrz3379z7x39;4;1;0.0035225;15.10.2021;15.10.2021
bc1q9lx2qqckcxjwaelawnpx98chkfmy00kknwkpnq;4;1;0.00346232;28.03.2024;28.03.2024
UNKNOWN:00202cc2717b49f4851dd22e4d94ec6184b5ab3f;4;1;0.00337;10.03.2024;10.03.2024
bc1q3cljhm0nfmhk8uhc5nspn02lkwkv5xud3tnncr;4;1;0.00336041;01.08.2026;01.08.2026
bc1q375y0vevg3ddk8y3k63mk957ph4w279defvkxv;4;1;0.00334682;06.01.2023;06.01.2023
bc1qmrspxedfew0k8tdemkdv333vah4erj2f0y5996;4;1;0.00324511;22.04.2024;22.04.2024
3Q8n5yYazBf1DfeWtRtj6R3skHxtCYbYYd;4;1;0.003;10.04.2022;10.04.2022
bc1qa48fffdk52s9q7g4apnz7fpe54ej3n3c83mpz8;4;1;0.002709;22.03.2026;22.03.2026
3JWoreicyNVJnuyyE3xAP9wbqFfZmMUVZx;4;1;0.00263;21.09.2025;21.09.2025
bc1qyzhzla5y76lt7qr8l9lv22ht95ramkxy9gyvcg;4;1;0.00262144;22.04.2024;22.04.2024
bc1q9qakrm74wxvtnzu8znexhkvx6d5wr6glwpe5pt;4;1;0.00262144;22.04.2024;22.04.2024
bc1q0qc7wvgwwll7gajvhlanv90myjece8mjdz7tay;4;1;0.00262144;22.04.2024;22.04.2024
bc1q3234zsxasjs3k4tylzeee6qwq5vysj2fqmkakd;4;1;0.00262144;22.04.2024;22.04.2024
bc1q4wkun9sdqsmuqxjzn5p5u7jlqcgj8wwuvmyzr5;4;1;0.00262144;22.04.2024;22.04.2024
bc1pyhqqfgrrzhyeucmkuqsp5lh8cztmge3yqf7hakteq5nlgc8lwv9sxm6nxe;4;1;0.00262144;22.04.2024;22.04.2024
bc1ptthjs8f06xmuf0y2f6c7pmj0e6gfhk2kk87rhgeshg2ppc0s5h0sptgetc;4;1;0.00262144;22.04.2024;22.04.2024
bc1pjytt34whclu5c25qgzpe66w70dw8vgekg895j0dtmqv8xpql69xq5dqhmc;4;1;0.00262144;22.04.2024;22.04.2024
bc1p6hqr7gjk7tsrj2vrpcy6smac8hxypk5ndccj3h7w2ghythrrrclsezgnm9;4;1;0.00262144;22.04.2024;22.04.2024
bc1plwga4hzqk53xptwhsjf0an5k0rfv5vkt2q4un2x5yk5w9amtrm5qdjk7yl;4;1;0.00262144;22.04.2024;22.04.2024
bc1q23zt6kddmtq4z83ellp7yle2uvsq3m6e9nvyp3;4;1;0.0024437;01.12.2024;01.12.2024
3MvWGJMJ9FR8T3CgNcXc2LCbKojRrR7GYN;4;1;0.00244281;21.03.2022;21.03.2022
bc1qpkpskeevq3xwn8czzdlgzugs4v4fghqkjxpa6r;4;1;0.002;03.03.2022;03.03.2022
bc1qg8lp9p7autkkct4y0rw8fjwvzt9w0j3n6jmams;4;1;0.002;22.04.2024;22.04.2024
bc1qspe90wzs9egfzv7hz55s5n5h3vm6m3tlufs8m3;4;1;0.002;22.04.2024;22.04.2024
bc1qj70r34s24ufk7hag5w82xuwfw7s9k8mxhxtlg2;4;1;0.002;22.04.2024;22.04.2024
bc1qljwg4u7qz9hvm768q70devf4nvy2jxpqdwlgyx;4;1;0.002;22.04.2024;22.04.2024
bc1py7vj3qp2qrh34z4glqyjx4m04dszr07fltr2m23a9hj73vnyqm3srmwg8q;4;1;0.002;22.04.2024;22.04.2024
bc1p9fyd2x38mt2dszga8sem2hqg7qjujprxpd47hmrez5pcszakv9kqqsf75j;4;1;0.002;22.04.2024;22.04.2024
bc1pxdnp6hpkpjz3tkg4ds8lwjd77jrxj58440ccvp6y6ul8pe3wvd9qwhgcjs;4;1;0.002;22.04.2024;22.04.2024
bc1p8carnmehnxehumx52gpy3ek3qjmccmf5xhzpxa5unyandtay5x3qaww7f7;4;1;0.002;22.04.2024;22.04.2024
bc1qpdgl6p94atx6u4xq2pn8tsjfv9af5nhgk0ygjs;4;1;0.00199994;31.05.2023;31.05.2023
bc1qnlw8yj2hxrszxzy52gx5wv9gtcr56a5ral5hyu;4;1;0.00178046;19.06.2024;19.06.2024
bc1qu6qyw4ch5htv2y59uka9j93nnwm5wlh0eqs3fv;4;1;0.00176;07.02.2023;07.02.2023
bc1qd52ue2jxnde220luma65ldp2r5u98gccx2n9n8;4;1;0.00170005;23.05.2025;23.05.2025
bc1qeav2wzqqsruq9rx5q2tt7ddukl45r3uw0es3vx;4;1;0.00151541;10.07.2023;10.07.2023
bc1qpul4ep9ve72wg2le06kc08e4qldhufdl8qeuvr;4;1;0.00147039;07.02.2024;07.02.2024
bc1qk2x83cjhg2a0tcd3dl3ty8y03c32s34yvn0chh;4;1;0.00146106;15.11.2024;15.11.2024
1Lhoi43wAkTgei1WK5drpSF9V8Y76jnj89;4;4;0.0013397;30.08.2022;07.04.2023
bc1qa59wvdzvej344h5flqju39gf8njm5va6399k7l;4;1;0.00131072;22.04.2024;22.04.2024
bc1puyrtdu3926n7yqh5ahlx3z9n8mjq9zq2r5uhv6kp3h7yy6txfjeshk928c;4;1;0.00131072;22.04.2024;22.04.2024
bc1qtp06lqwz5ukxh90wng3fga5nq629wjgmkx67xh;4;1;0.00121906;08.10.2021;08.10.2021
bc1pw63zlf0g4yaspxsrgqsyehjlujqxkhwggt5sgtpf3qzr4fmcwfms4af0vq;4;1;0.00118098;22.04.2024;22.04.2024
bc1p009wcfafyaajmtdal5taxy39e9rhmv7w8l3upnc0n9rarhep3nuql3eyfd;4;1;0.00118098;22.04.2024;22.04.2024
bc1pjma7lh2w54qdkz64ycvuvxh933n8tqhnwhn097wfp4ra4tz3entqz9qq08;4;1;0.00118098;22.04.2024;22.04.2024
bc1qlafzzrykr9whh9vqryqnnwg0epcfmfyqjddyre;4;1;0.001;07.02.2023;07.02.2023
bc1qy4eah2umd28690y95hfm89yezl6wugs92glruh;4;1;0.001;22.04.2024;22.04.2024
bc1qsgwevm97vzlm5eueqs5a4k79x5uartrx7xqzug;4;1;0.001;22.04.2024;22.04.2024
bc1q4pd3q8z36kwkng9cw8qrmf77sq5uf0g5zmpz7m;4;1;0.001;22.04.2024;22.04.2024
bc1pp6kp0dksjpsxrdutsmp8mnc4yalgx26k4pdgxxy98qgfk4r4aglquxkhd0;4;1;0.001;22.04.2024;22.04.2024
bc1p9r8s6gxqdprp7phz0g7eyf20f526tk66gqg2ne7laqrgsr9g80tqtk0d90;4;1;0.001;22.04.2024;22.04.2024
bc1p8lr37fj4aez4hg0c8dhe0m398uzp5spknk0m2ur5lyqj90f3rjtsr5je2n;4;1;0.001;22.04.2024;22.04.2024
bc1p2etzw2se4gf3h5ld280z65yrnr699q0w5ruveh27dd0xn0nswp8sxkynw3;4;1;0.001;22.04.2024;22.04.2024
bc1p4d8dh4llmt8ffkupxae3laua84dj4j65lrnyjd94lysre5fg7vjqf7w2qc;4;1;0.001;22.04.2024;22.04.2024
bc1qp5zzj0tnlfwn0ps94kaj8v4uvfxdd45nzar7l6;4;1;0.00092612;31.07.2026;31.07.2026
bc1qxshcp08rhhps8jz3kmsq694etlq4cy7w7x6wem;4;1;0.00087879;10.09.2025;10.09.2025
bc1qp77kfg6jhq76ew4qwd7m99c2ekly5zcus4s70q;4;1;0.00065536;22.04.2024;22.04.2024
bc1psnw40h62ftdzqa6rjnu6zt0pjpseel765vthg2ssk3uxdtuzkecqs42dcu;4;1;0.00065536;22.04.2024;22.04.2024
bc1p36aztgspnnae4kzjvpqzg6g84su6traflj4ctjplx7f676cf45cqusq45u;4;1;0.00065536;22.04.2024;22.04.2024
bc1pm0cju8rk38mr8uvf0mvf96r4f6degd62cc4w0c576ejdg44u8e7sjxypxp;4;1;0.00065536;22.04.2024;22.04.2024
bc1q5t86p0m37ndckx0hx6cs60mws579qgrx6eqnj7;4;3;0.00061;08.11.2024;12.11.2024
bc1q6hfy5q0rzk8ws925rttpyh6nf20kwrhn24c8g8;4;1;0.0006;03.11.2024;03.11.2024
bc1psfqlqm5s6fwkd6ap04rd44mktp46mceu0qszhnyxyxlu28jzxq6qmm6j0d;4;1;0.00059049;22.04.2024;22.04.2024
bc1paatctvu5cusp25f4j05t9qewv52vwg6w5r5pwwquhkaptlauxfeqltuhf4;4;1;0.00059049;22.04.2024;22.04.2024
bc1q04xqqc087lve78jd96l6ksjgzst63m6eyqlj9g;4;1;0.0005;17.07.2023;17.07.2023
bc1qz5agjplsda7qym7zmmmnfegg2fgj2rm8fumu9l;4;1;0.0005;22.04.2024;22.04.2024
bc1qtm6dywm32rq3vsnhveg0kvvwv7kj84e6uywl2h;4;1;0.0005;22.04.2024;22.04.2024
bc1ps557m33lw7vt98e7c3cy6t723rx2fpr95psy209lea5lqtn4rygqhph7m5;4;1;0.0005;22.04.2024;22.04.2024
bc1q9ancn2kw5malzz25395009zssmk6k5d443kjv5;4;2;0.00045813;31.07.2026;31.07.2026
3Bs2QAqnvLUT7BY595QBUVyZtFHdyFdDic;4;1;0.0004125;24.12.2021;24.12.2021
bc1qvslf4r9602ndxskjuex7plp6405mcq23p6ehp6;4;1;0.00039366;22.04.2024;22.04.2024
bc1qd83euhfkry39fykh094yrx70d9pjt9mfy2elpw;4;1;0.00039366;22.04.2024;22.04.2024
bc1p2rv4r6kv9768kt90fwt6xtzvjgnrtsnjdu4y4zjnekqfd8kdxyhqrlre42;4;1;0.00039366;22.04.2024;22.04.2024
bc1ph5nskcjzdns85q0w4xud5meunxwuang48te5ysnt8tz6pktyr0xqwehwxy;4;1;0.00039366;22.04.2024;22.04.2024
1MZRioiBQ5TDHACXJXzjQnmAW2Gerdjspj;4;4;0.00039051;13.10.2023;20.10.2023
UNKNOWN:00207658848ffef6caf1aa3ad6cbf776b5acca69;4;1;0.0003343;18.07.2021;18.07.2021
bc1qqsv5hra4je0vd8k495nw8826m3rdtrm4ex8q6p;4;1;0.00032768;22.04.2024;22.04.2024
bc1qzkufzwg068j5v4az6yy35jex9laaaxjmr0ru53;4;1;0.00032768;22.04.2024;22.04.2024
bc1pyx5rsp7hr23l4vslluhr0n6qca7qmst7wf76wx5j3weaxxks75zqmgkfm5;4;1;0.00032768;22.04.2024;22.04.2024
3GuG15QeWxa4vjiNRvfuTkoG3ECLdfNw8e;4;2;0.0002;28.10.2023;29.10.2023
bc1p2qps4qfrsek8dkjy9umm80k4qenuvffzdvt0hmswv8ze3k8fk8hs0dkqpk;4;1;0.0002;22.04.2024;22.04.2024
bc1qkp43frc4u0hvm9w2ax4j0v4kvsanzds95lqxqf;4;1;0.00019683;22.04.2024;22.04.2024
bc1pzfzladmtkck4unk948f75dmcsnh7re9p09nkhhgk0hrt0r0xaruqx3ypqf;4;1;0.00016384;22.04.2024;22.04.2024
bc1qgpqwvrdv6r2vrh588u5w7pn2pc3d7wxx5ugtdk;4;1;0.00013122;22.04.2024;22.04.2024
bc1qg6n3h703lmm9dga04wqqljr0x22rzltmkg7kzy;4;1;0.00013122;22.04.2024;22.04.2024
bc1qft8usryymzvye6gclwc64hc07duchr8gqmapln;4;1;0.00013122;22.04.2024;22.04.2024
bc1qd9f9mqhkpn6l5plaqt5vmw4hudagfpn73usyvg;4;1;0.00013122;22.04.2024;22.04.2024
bc1prv4kz0hev0sy9xq932rs96pyejj7tga4kkhwkhy28dp6j54c5hjss7mm7l;4;1;0.00013122;22.04.2024;22.04.2024
bc1pmt9vl8l5zcmsusg7ph0vhqzcmn9j96hnwpjdpzq7zd7ezjcs8z7s25hmqh;4;1;0.00013122;22.04.2024;22.04.2024
bc1q0ea8f94ngtxgj4w0wjh8kt8lee869qupvkwwqr;4;1;0.00011855;19.04.2025;19.04.2025
3EFZVmLSqg7N7VLZ8CPiH4fgSA6PTEPaiA;4;1;0.00011;19.11.2021;19.11.2021
bc1qc6cdu33kklm7ne7vzk7l5fspgx6rght6pee6nu;4;1;0.0001;22.04.2024;22.04.2024
bc1pvpvmmtvjcx7q8f8ff8eytm0p0ymcd9juqj5fjmdjkw9zupf4fkssydak3a;4;1;5,00E-05;22.04.2024;22.04.2024
363Md1qgSTJhbxrXNb4VHhrFtSSWUedSVa;3;3;81.25783402;06.03.2022;31.07.2026
13jb3tRbtSnB1r29mL7wAjsuPu6EMpXo2J;3;3;23.68773724;13.04.2022;18.06.2022
bc1qcy435zznvpnlgpjx45f35uaqhxul35kemgwvyk;3;3;20.00204346;25.10.2023;25.10.2023
bc1qtxfdydtr9g2ap5xzx3rulun622wfgsltx76q4t;3;1;11.3442033;05.06.2024;05.06.2024
bc1q6s438wams96pepcy5jv9gnd4au05e2z8djny66;3;1;8.74372564;27.03.2022;27.03.2022
bc1qw905ztushspejfxdfhhkkja354988x4d32vwcu;3;1;7.0;30.08.2023;30.08.2023
bc1qdy8qhg6gjdrdnhdp4lksacyxpkdvrw28t73fze;3;2;06.май;04.12.2024;10.12.2024
3MwNpw4X6b2izgyL5WGEbemHoZEQxnb82E;3;2;5.6612168;18.02.2025;18.02.2025
3N1vTu4UAnvV2HR91qZng4XwtwaXW1Sis5;3;1;5.59654287;29.12.2022;29.12.2022
352HLJrLjp53JDUBL7G5Af4gwF97MHD5G4;3;1;5.0;05.12.2022;05.12.2022
3AFDq6B7Aw5kQ63igGo65GiCYuGnoWJvyu;3;1;5.0;03.01.2023;03.01.2023
bc1q8cvnwkze5xfwd5xsxdqdjt8n9alhnqajfrwt67;3;1;4.9147507;28.06.2025;28.06.2025
bc1q7xkjty26jk52r4neq0rvxqe2j8jq0cudn3scmj;3;1;4.0;13.06.2025;13.06.2025
bc1q86d7aysg03e332gtzmpz3zntl5g0w35nc593p6;3;1;3.88067916;31.07.2026;31.07.2026
bc1qm8hj4eptsk7hcq749agu06z6jzg04nw53lhrxg;3;1;3.84011588;31.07.2026;31.07.2026
bc1qja5qgmxvhj3g39s2su6g6uz4saczaza3qlhycu;3;1;03.июн;29.12.2022;29.12.2022
34AhodkKQBoaXAM1ZAnwWN4ZRTbieQNege;3;1;3.49711751;02.12.2024;02.12.2024
3EKTy6b43U2QJrHHfqZ4L6kmBFKnxGtU3m;3;1;3.0724698;31.07.2026;31.07.2026
bc1qt285rnv6qgfgf2vc6es96wf6v3u928yk7lr2k4;3;1;3.00425774;11.05.2021;11.05.2021
3EFdA2AkHWGw6Xw95LW79V7M2exT7jGuxR;3;2;2.98212727;24.12.2024;31.07.2026
34RkzUf5ZgtBUvn6sTzJFohi2BgRr6SdBw;3;1;2.72995634;27.06.2024;27.06.2024
bc1q055dg870yc454nu33xypj4j3kp7ke8c6tfvawq;3;1;2.38929069;17.12.2022;17.12.2022
bc1q6kfvrvwhmgqk3aswglf6xz8jhuvydasfst0pj2;3;2;2.21362508;13.03.2025;05.02.2026
34NErx8gyKmGTJYBUUm6pj6t7jmc65vZ4A;3;2;2.11602544;06.06.2024;02.10.2024
3P7ekmPHNEBuzorGyxzJw6gWrhcpNonDoa;3;3;02.апр;18.04.2024;12.08.2024
bc1qefekmp7v2385xyvgwemqw0vp0kdvya0gp7avvn;3;1;2.03248523;02.08.2026;02.08.2026
bc1qytlcl6c3jxv3mled7487hh6y8rzkjgrcejzxpw;3;3;2.00005;30.05.2026;30.05.2026
bc1qmlxse0xp26y3eknxq24ajx2ke6wl3dzhzd9qwm;3;1;2.0;31.07.2026;31.07.2026
bc1qjjj4q53jav0kdnv8pkv8vw8h02lqtz0rnjgyk8;3;1;1.94292093;04.05.2026;04.05.2026
1DRRoGJinMY7wHyQbBimgrBeTET8m8wbqv;3;2;1.93480472;12.01.2024;13.04.2024
bc1qnpcj2r7jq6hgen69wy6xdrluwy700q0e2yujam;3;1;янв.75;31.07.2026;31.07.2026
bc1q2xnfc3ne0mqlyjgulenmr2whn449y4mm6d8g77;3;1;1.73374285;31.07.2026;31.07.2026
35McfBscqSJAhAok9R9hNnpFufvs5oPNMf;3;2;1.69196415;12.01.2023;12.06.2023
bc1qwr4qs8v07g6u3yj5fl4gy824myl0rvkt36up2j;3;1;1.64999092;16.09.2025;16.09.2025
35463pwg7XbNY6xdSDumfKYLPyu3pbJMvn;3;2;1.54698146;27.11.2024;27.11.2024
UNKNOWN:00209250969564943660e88b2a2268aae038ce53;3;3;1.50091443;14.03.2022;14.03.2022
bc1q2u3ummk79qvyr2kf7w32dcu0yn864t4fsyzj36;3;2;1.3719712;25.04.2022;25.04.2022
bc1qzlvvlstxj3ej49lrspfaws70ruhkfsxpzlqzjh;3;1;янв.25;19.09.2025;19.09.2025
bc1qg3nhqx4wcwv0lyxyw3ay2ra7e6e2g0x3ylzezz;3;1;1.17702623;31.07.2026;31.07.2026
bc1q3zrkwcytfnrdfy6x4x9dlnl645k47csyzrfnnm;3;2;1.14547896;23.11.2023;24.11.2023
bc1q7uf2k6udq7hzlhrlucvd7f7wx4qrfpk0vsw58s;3;1;01.дек;28.12.2025;28.12.2025
bc1qwvvzgzak7yxnpksyfdy50ymakjf5jch289c6fv;3;6;1.09678909;07.03.2024;24.09.2024
UNKNOWN:002080b99c6d5f6c296114644bc7726cec2ba76f;3;1;1.09145384;18.02.2024;18.02.2024
bc1q32q3umha7cnn7pf5m5dpkmc70u7man3w2xehk3;3;3;1.0769989;14.10.2025;14.10.2025
1DRLtv4VaE9eBQbShhamb2efJGnGN5KT7v;3;1;1.047154;14.04.2022;14.04.2022
bc1qc6zjxflx0whszytrm7s4dspy6zv4e3g9csxkcx;3;1;1.01859208;31.07.2026;31.07.2026
bc1q3dkr0uxrxd7sk2yam2vt7jjhkvagx0kpaqyh7h;3;1;1.01407372;04.11.2025;04.11.2025
bc1q2vx6skumglza37qnhyjhqvd3259zx84zhctu66;3;1;1.01324576;18.12.2024;18.12.2024
3FpT6643JDpGvVjoN1uinDa8qtkGEbYW3f;3;1;1.01018863;31.07.2026;31.07.2026
bc1q5m2d808z2jqfr4mtlutc4znprscfr9htntgnnm;3;1;1.00804875;31.07.2026;31.07.2026
bc1qtzs7na0r8sce28p5hmgw35shd9he30646pasx7;3;1;1.00698134;10.12.2022;10.12.2022
bc1qq2pjehsdyxj0y2pzvexm7qx2xcsech7cc2q7nk;3;1;1.003;09.02.2025;09.02.2025
3EbqisfBYe7sYvwPDYr6kGfSxNvG1EWfgf;3;1;1.00256799;01.08.2026;01.08.2026
bc1qtxt3k5ug9jv8hpxn0lgkn8tqf7mpjmm2zpprse;3;1;1.00074888;07.07.2022;07.07.2022
bc1qk5v8r3w5qve2t08993ajsuchk9yl08y2e87xff;3;1;1.00041545;31.07.2026;31.07.2026
bc1q5d9l5wtfap56s7jagp73ng8l7r0d5xyscz3e96;3;1;1.0;02.02.2025;02.02.2025
bc1qhscw5qgh6urhp9skvkqwxygn57gs7l50m5tlvk;3;1;1.0;04.02.2025;04.02.2025
bc1q23mqk0t2puqygu3vwx5z2zaczvfs8gr2jnwq3c;3;1;1.0;22.04.2023;22.04.2023
35QQD3LABJNoxjtfeUsHZoa6o3sghdJYvh;3;3;1.0;30.09.2024;06.04.2025
bc1q0xcawrjw66s8260qgnv6u9yatesncfrexsazed;3;1;1.0;02.02.2025;02.02.2025
3AyQ12w75jHKeQ1borpBdsFL8yK2nSNF3z;3;1;1.0;07.06.2023;07.06.2023
bc1qannhtfymgmz9p88m03d7yk3vwcx63x0994jy7a;3;1;1.0;08.01.2025;08.01.2025
UNKNOWN:0020eaa791f857f19af69e9d5057e4083cabc090;3;1;1.0;06.06.2023;06.06.2023
bc1qg2fvsq74whvh7sm0zh6qeesf29h88m4nau6l86;3;1;0.99765861;24.11.2021;24.11.2021
bc1qmqjg80g06ucks8sa8w6me7upmwetd6papurlf3;3;1;0.98798918;26.05.2024;26.05.2024
bc1qh6enyte0vzy3pf2072ak9gwukhewsmd9gszjv5;3;1;0.96348373;27.02.2022;27.02.2022
3PtH3aEswg2YXMg4D1y1sVTYpQcNZBXBn9;3;2;0.95156149;25.12.2022;25.12.2022
bc1qz28f06unhf4kj28aemtvgj4d0al7rxdk7883tf;3;3;0.94;05.02.2026;25.06.2026
bc1qg0v7ay3j6en08yjyhzny4xsv3j0w49n6shvakq;3;1;0.9166862;09.07.2024;09.07.2024
bc1qk96m7zqu55c9u2xemhyv9f9h5z4jf2jnh2kvf0;3;1;0.913;21.09.2022;21.09.2022
38wRqAeCEapYLoiTmj4tZ7KmRhNxXmEkMT;3;2;0.8991;14.03.2023;13.08.2025
37QHYxwwMbRZt1x3FSc7X9SGKddvXkhm6R;3;1;0.8897851;31.07.2026;31.07.2026
3CPFNJn6uPJSj2Ao2Yeq3DVKupHMBmZ9Zd;3;1;0.82890738;22.05.2021;22.05.2021
3F3LXQXFb7woTgqVL3Cf2wzvjLxtdz578d;3;1;0.82167808;04.11.2024;04.11.2024
bc1qgmt388090pzwaf9vn7cwpu3vneqgws397rqswv;3;2;0.78978622;01.08.2026;01.08.2026
bc1qngek8vxw5nr849cy2yrw0hq8gyem3mf2pce256;3;3;0.78866772;12.10.2023;12.10.2023
3HT23jqWVEdYFNAmYeSMHj6ADEhEtRKAAg;3;2;0.77934528;22.11.2023;22.11.2023
bc1q5y3scgvtazda62pml4mpk9lestp63zeutsrga4;3;1;0.75002636;10.07.2024;10.07.2024
1KHkRNBEdfa7NiMm2epVdkdvVdQWUFUBbg;3;4;0.74752145;23.09.2022;09.12.2023
bc1qk87xawrjapw3lkr7nch7wjm7zst4e5gjgpp9ey;3;1;0.73637724;31.07.2026;31.07.2026
3HjywwU1BPbd7rvyexDQM3T9wm5wtGsBQu;3;1;0.73276296;26.03.2024;26.03.2024
bc1qlyjdvlm07nfvtrpukzs42a7r04z8prwvtwghmv;3;1;0.72166026;10.02.2025;10.02.2025
bc1q0xkqv29j65c8f75mmxgyfhax8xma4jfhuq5dz0;3;1;0.71989295;14.10.2025;14.10.2025
3BUw1uMCxEqEXsZSHu7mUfagzZAoDGAbnx;3;1;0.7192186;27.10.2022;27.10.2022
bc1qxk39v8xyszxvjjkjhrdp9jfwj3vza4fgh5nznh;3;3;0.71;28.03.2024;08.04.2024
15qYwm2WEW8WkqMxBfsgCRYZr2ee2TRyiQ;3;4;0.70565776;02.08.2023;21.05.2024
bc1qll5ykvdhlf4kgycy5y9qlfhejgclg4z5vywfe3;3;1;0.69300942;28.02.2022;28.02.2022
bc1qd5gnsea6lqnuzunan7akmqtvja30wat9u28svz;3;1;0.68761731;31.07.2026;31.07.2026
bc1q4s2pku4u4j28m7sum5c5e5y40rgw4547yth9kw;3;1;0.68392242;01.09.2022;01.09.2022
bc1q5q0p2c24qzye7z6gzl028dze32fuzd59wjpsh9;3;1;0.67631977;31.07.2026;31.07.2026
UNKNOWN:002047fcac61a0245dab4647c51e717fac77171e;3;1;0.66782643;23.10.2021;23.10.2021
3DoFjNdfJEJEdCtPAvbGWMAnD1Xtnb3w5h;3;1;0.66502732;29.05.2022;29.05.2022
bc1qrveafsk39zaks05r3ck9xz6vny0h9slnfnv86z;3;1;0.66195404;30.04.2022;30.04.2022
bc1qwn3z05kzd3ee2atvvnn8khe50ut9mny03kkcw2;3;2;0.66;04.03.2022;12.05.2022
3A6dsiaA2Yg8PSo1wxy5Gz7PWb7JkrBczn;3;2;0.64998389;08.04.2025;15.11.2025
3DWY46Nux6sgTC72bYq4GK2Rc1kzuDM1AD;3;1;0.62379247;31.07.2026;31.07.2026
bc1qh7uvssw240jxv77ca29n35sqnqfpyyg7w7hxcl;3;1;0.61868951;29.03.2024;29.03.2024
3CPuBnNriai8mWGm64NfmBeZKg1c1LuU22;3;1;0.61466;08.10.2021;08.10.2021
UNKNOWN:00206af412a14a401cc2956885903b58b7728469;3;2;0.6006;01.03.2024;04.03.2024
UNKNOWN:00203762a6c931a78363e04e02881ac9d8d6dad5;3;1;0.57448353;04.12.2023;04.12.2023
bc1q7r7e0wqhklwl8rp9wp2gl8a2yc2f6hyy2at4uz;3;2;0.57311544;15.03.2022;15.03.2022
3PCM6nhAQSYDLBdcQkNKdTiCmT7T7TjVBa;3;2;0.52572379;24.03.2025;07.04.2025
bc1qejqtekmkutdkxhynfa5qx945qznm7rcyvm8s0d;3;1;0.52335315;14.04.2024;14.04.2024
367J821PUsy94i9JHDymvz8bXUJDG7AWww;3;1;0.51920046;13.07.2024;13.07.2024
UNKNOWN:0020eaedbc0e7db9d71f93792d132994148ae2f0;3;1;0.51548265;31.07.2026;31.07.2026
35qBvgicjdedS31wusbMAaRySYHRxC6Kdt;3;1;0.50719322;14.01.2026;14.01.2026
3Pz4zUy3RdpKJWTNopj4TMxogXBf3n3UFs;3;1;0.50174813;14.01.2026;14.01.2026
3AgkhxUKfFVXfEMQSchGifnrTDfrNCX7wU;3;3;0.5002;23.10.2025;28.10.2025
bc1q5l77nnvthkt8vfrgu37rz566pnw23z3t7qtx3y;3;1;0.5;02.03.2025;02.03.2025
bc1q9cfq4mt9ufxf49w94w6m8jls7s9afdfwtemcyk;3;1;0.5;14.11.2023;14.11.2023
bc1qz25nkjcp936kygyyjhfqf9ghcr0rk78999dpgh;3;1;0.5;02.11.2022;02.11.2022
3NK6h9u8RzkWQZ72N3GEd7fuZUZU9PBpeZ;3;3;0.5;28.07.2025;05.12.2025
bc1qxeqm8zfmqqvsq862wz4lv2mpe4277xufysswpu;3;1;0.5;20.06.2024;20.06.2024
bc1qll7rxlxncu0lq9rsyuxhexame399vk2efudhea;3;1;0.5;27.01.2025;27.01.2025
bc1qc3eplr5mcvjt0nw0rcx6r8w73cr6kdzu7scqze;3;2;0.47762254;17.01.2024;05.03.2024
bc1qdanwqfjg3drky6g6kk2a5q6a0dw94dtqmfpep0;3;1;0.45329642;31.07.2026;31.07.2026
UNKNOWN:00204b635043062c91f53f10a7035278ae99c722;3;1;0.44575627;06.08.2024;06.08.2024
3L67Vbaw76evLp971exdY3E9zxsaBEHyKf;3;3;0.44033409;12.06.2025;09.07.2025
3G3sy6sKfHTH7MKCFzgdShZ9s75mR7Va79;3;3;0.44;26.04.2025;27.09.2025
3DFLUsX8MP9VnDTEGi6f3aGkPL6Z4XLSci;3;1;0.43640017;28.04.2024;28.04.2024
14USnnh4qN1DbYZZRGy8QjRMnbnkLwE8Mo;3;2;0.41996562;19.12.2022;29.12.2022
3QYBY3WgCTiA5iEsRWdrckJzJaerahgEJg;3;2;0.41339082;08.07.2025;09.07.2025
3MEsnHiuMMns4aVeTDkqBdhoeKPCnGJANK;3;2;0.40918801;02.09.2025;02.10.2025
bc1qxhu8he3l3kukw32csdp3666u2rm45a85d8up02;3;1;0.40760383;31.07.2026;31.07.2026
bc1qg4eeuly85y7quc5nrq6e78zr0rt3zzf97h94ve;3;3;0.4001;02.08.2023;02.08.2023
bc1qu85z2jwaa0yk23qxr9qjvcthdz7hark9367grs;3;1;0.4;31.07.2026;31.07.2026
bc1q3zah3l8f90dxquzdqaa3d3kukzxw5054755xml;3;1;0.39998687;31.07.2026;31.07.2026
UNKNOWN:0020ef9d96cc605c84ec5279c12a2dc5f750ccc1;3;1;0.39186311;31.07.2026;31.07.2026
3FWNADz4D7NDp4McXgUsKp7BiLEc2aVbpU;3;1;0.38140534;19.01.2024;19.01.2024
bc1qzypdv5wyqsz5lmm5qytny7lu44rpjjhnhgthfg;3;1;0.38;26.02.2023;26.02.2023
UNKNOWN:0020f1327c5b11e2ef8d384ab3259a98583fe4de;3;1;0.37870208;10.01.2024;10.01.2024
1Aom8tv4JdDoDCHW6mRX6UPBoJWGhFk8V7;3;3;0.365;11.09.2022;29.09.2022
bc1qgnprpwe97hh6n0a92fkaa3d6k8jl2mwr32zlxl;3;1;0.36477961;07.05.2025;07.05.2025
bc1qeutmjv4k2yth852cx49w5jj40t657acnu97e2w;3;1;0.36;01.11.2022;01.11.2022
38HqVby6xmoPGpMJhiC5gmBnsK8R7Vc9fi;3;2;0.3545;11.01.2022;11.01.2022
bc1qr9pc94ptqyleekx72g8nkw6s87nz2l4qydj948;3;1;0.35441691;31.07.2026;31.07.2026
bc1qac4a0lgdmy6dsqpu29flcgp9pvksaj87md9h4u;3;1;0.35047819;31.07.2026;31.07.2026
bc1q6upeuztzjh2ngkek6l9x3ecmujtwuey707cswp;3;1;0.35;20.07.2023;20.07.2023
UNKNOWN:002088bc80360206c3313c47e792ae2571f0b811;3;1;0.35;17.07.2024;17.07.2024
bc1qa2jx2jspwq6c8rupsa5yadg446lsxdtpxf5vcs;3;1;0.34555566;05.02.2026;05.02.2026
bc1q80h43p8qv5r0ghk7lguaf2xvxv4rak0m2y0x72;3;1;0.33220089;30.05.2022;30.05.2022
bc1q4whym6a0f6t4jvtj25p3vjr37wjaad7f7emcfp;3;1;0.31809368;31.07.2026;31.07.2026
bc1qpqzgrl2xxwd3cg6xh2zsat3l7d0yfhnxn4u26z;3;1;0.31590899;14.10.2022;14.10.2022
3B3vrY85GKwpXTN7vgFtaWKsm2XXPc9A8U;3;1;0.31288099;31.07.2026;31.07.2026
3CcLXzfLRavDJCA7KLbyrmsVAUurC9yWzV;3;1;0.3125535;28.04.2024;28.04.2024
bc1qt0zta9cnrj3skkh4zqf9rvsv63raggffnft6pg;3;2;0.31009;17.07.2025;17.07.2025
bc1qxghl7vuxg5y3crc09nyj5ugnewackpwvprfcmv;3;1;0.30576597;31.07.2026;31.07.2026
3Dq1gy9o6UBXcDyEMgrjaFC6oCpKd41ZMc;3;1;0.3043458;05.02.2022;05.02.2022
bc1qem8v4s7z2mutsc2tdk055nwxa4t6e8kqt8qn7p;3;1;0.3021777;20.04.2026;20.04.2026
3HF6Td5ree3fvnj2jDBRqrPfXBfDvQGuG1;3;1;0.30036165;31.07.2026;31.07.2026
3GPjT8jqa4pd5f6XBcM3BAzpnX46TNoP3L;3;1;0.3;29.06.2022;29.06.2022
bc1q3r87gk3j72zualv2jdxjrqz7m0s43ejmlfp7gf;3;1;0.3;01.08.2026;01.08.2026
bc1q2wjcx2hp9nv7sy30fk274u56htfvj38up5v3ee;3;1;0.3;31.07.2026;31.07.2026
UNKNOWN:00201395bf384f289671f3385f2cdf5fbe1e35f7;3;1;0.2936;11.03.2025;11.03.2025
3HX8NbE82xtHehurw8fjeCbH4QtT8FoSGo;3;1;0.2931313;07.02.2022;07.02.2022
bc1qul06mh7fj9ludht3mehtms4twjup99t2tzwpk3;3;1;0.28700634;31.07.2026;31.07.2026
bc1qp8lyasw0jd9lgp2fw3y7t3lpzfd0sw55a3mk2c;3;1;0.28526728;31.07.2026;31.07.2026
UNKNOWN:002009422e0dd9252bb85f5df40191d1b4b8a1da;3;1;0.28220674;25.08.2024;25.08.2024
3HcSZwUYzJ4Zp8X3Ee4aAnmx7VsmvteDPk;3;2;0.27834941;03.11.2025;04.11.2025
bc1qzz4ss3r2lqfx4kq76jlj23fz6kzj5dasf6hpnn;3;1;0.26454769;28.10.2022;28.10.2022
UNKNOWN:00209d8f708d7caab64feb55ab9c8c44b630e121;3;1;0.26410111;10.01.2024;10.01.2024
bc1q60uwuhtpq73yecwhv755g47v8608hl922w7f6n;3;1;0.261551;31.07.2026;31.07.2026
bc1qycfp50qweac5ydrvfep8elm9hhz5czxpqthx9k;3;1;0.25792679;31.07.2026;31.07.2026
1AqiqxocRwforTZnSdRsHMv1Ptb4Eh6RUp;3;1;0.256;17.10.2022;17.10.2022
bc1qh3dyu3cwel3hsn4vmuml6pu2lan9ka2x773268;3;3;0.25535969;04.08.2026;04.08.2026
3JUzZEu3iDksWo7m5iS5xVjk9RHAi2Ta3t;3;1;0.2547563;24.03.2022;24.03.2022
3H1Z5SWxnBVQW95rXHGB7YyCSRvgxPJ5dy;3;3;0.25010674;13.09.2023;19.08.2025
3Hev1BeQwqPovFA9KCaVzzpSVs13PrKunL;3;3;0.25;26.07.2024;15.09.2025
bc1qmhraahffqq7q0mw72japn00anpkmz06gcqnwjr;3;1;0.25;19.06.2024;19.06.2024
bc1qe5zhc5guzhg46egfel4jwm8hyjy8c5r235lwew;3;1;0.25;31.07.2026;31.07.2026
bc1q96dkqemu45ph3m5cefvjsnem5r8nmp63nls9tz;3;1;0.25;03.05.2022;03.05.2022
bc1qqqzcfkttcn6z9nu8elhdxq5uezyld2khausw6l;3;1;0.25;19.06.2024;19.06.2024
bc1qn3q2am03mf4aj38mcvuz3022hszwcm7ujw24zr;3;1;0.25;23.03.2022;23.03.2022
bc1qcw7vwrle86hs6mjrpdh8nvpyq4wf0w3qxvqcyt;3;3;0.24262011;05.08.2024;05.08.2024
bc1q56hrrewlsly03kscwkggf0y4au6lrx2wup7p6q;3;1;0.237443;31.07.2026;31.07.2026
bc1q2ta3yzmel3g8lmj33zarv6dvn0rannj7zjrrpt;3;1;0.2371405;03.09.2025;03.09.2025
bc1qhhmlj3uqfl5203lm4uvgynu8d8p3hhajehw6n0;3;1;0.235966;31.07.2026;31.07.2026
bc1qrzyxnj73pp988asuugc9nz9us6z4jnj9qgrxz6;3;1;0.23389838;31.07.2026;31.07.2026
3MyBwTTmac6y6g3bzBRo6wiWduscxas3tF;3;1;0.22153519;20.01.2022;20.01.2022
bc1qjun35t4zuhwefwfzdkmgn5697l4m3jqjnhah3u;3;1;0.21271171;04.06.2026;04.06.2026
bc1qkj6xy4wh77lz6hueaggvamhrpqpchmknuplu86;3;1;0.21;29.06.2022;29.06.2022
15TxMzzpcxz6xgL12pPNYFjsXLJdDWZDH8;3;2;0.20540496;07.03.2025;11.03.2025
bc1qzhpxzdvdzkyhegtg0p6ekpk35t8gu2e8cvrgtz;3;1;0.2038;31.07.2026;31.07.2026
bc1qvl5h8c8r2f288cuun8ck499fzp7hccg7568z82;3;3;0.202;15.05.2022;25.06.2022
bc1qe25tu7ahfurj6q88rhmnkl9auktk4m25d8nv6y;3;3;0.20022488;07.11.2023;28.05.2024
bc1qtyspnhtvkchkzs0x8knhgtauhquh2ax3fse2ll;3;1;0.2;15.03.2024;15.03.2024
bc1q4py03vssxy8fvjxmgtpxajsrud4dngxcs47s60;3;1;0.2;11.10.2023;11.10.2023
3DDYB1ZxFazTe58qGBxEbMPtTY1XdG5B5t;3;1;0.2;23.03.2026;23.03.2026
bc1qnk0xtjwfkhffvwgqxelsy37ynwsgq59rrasprl;3;1;0.19498018;31.07.2026;31.07.2026
36AuRRVRHoX4nodGekEtSA63jYqsvqz5qb;3;1;0.19456928;06.11.2024;06.11.2024
bc1ql2f7zddggvgnlzak2d9kejeagxv6f8s6yh8unl;3;1;0.19171832;31.07.2026;31.07.2026
3Dd4kNA1rDVe5Pbaa2wtNZhzqAN5qycTKS;3;3;0.189;12.03.2024;12.03.2024
bc1qk05dhaucegz2xs68txwnj7jpexk4u5tc936e46;3;1;0.18355818;25.08.2022;25.08.2022
bc1q37uxcfzp882h5tq97szt968l7yrch58la3zdp8;3;1;0.1781106;05.12.2023;05.12.2023
bc1qvfa0a2jmn3cjwgl0ak2yhaen2ylf33fep2s579;3;3;0.17576004;27.03.2024;28.03.2024
bc1qwkqpmtegjjm98drt62fcdcc383t2rw7mp7upj9;3;2;0.1701;22.11.2024;22.11.2024
bc1q9w392dj87qzpdt9ukh83hd5yzjy2thfqfckd5a;3;1;0.17;18.03.2024;18.03.2024
bc1q0qg6urtyehl8h9mcue9z7gu5ksrlt9uxy8vp6x;3;1;0.16827172;31.07.2026;31.07.2026
bc1qwv6rntzjxzyh58tnt7n90swfrrjxgxzvj8dznq;3;2;0.16662435;12.06.2023;12.06.2023
bc1q37x2qy78d8jph7stl5zyjgjk9nj78wcaftz6l5;3;1;0.16497752;14.04.2026;14.04.2026
bc1qxtzj7patmg04k3ndccnzuhlp0gknewlg0lnp0m;3;2;0.15902891;21.12.2023;21.12.2023
bc1qupgeenx6em6u8ef92249j466cxm25lvgcmr25v;3;1;0.1566885;19.08.2023;19.08.2023
36wRL9qoYWHeQG3zaVPCM8GMbh9osC4Udd;3;1;0.1535;17.10.2022;17.10.2022
bc1qjccu5r9csz65rxnd8wqt7mvnzeyyq97x2asa3l;3;3;0.1528728;01.07.2024;01.07.2024
bc1qax3d6h7rww6u4rmye7gxns80cg9m9kwsqtgaqu;3;1;0.15208235;31.07.2026;31.07.2026
bc1q3m0fjyscvwcrdxl7h6wvp456c0gchzs0eyeeg7;3;1;0.1507014;14.08.2024;14.08.2024
3ADLkRL1RkyMs2RGuQMaAzSFSgvkYtNYon;3;1;0.15;03.01.2025;03.01.2025
bc1qmxwp9fzypgca2aa3f3v5exudtszrvpcrhdhkf9;3;1;0.15;31.07.2026;31.07.2026
bc1q5qlplvfzjyn8vmd7x7d6e4ek4s74g7wm9reazd;3;1;0.15;28.06.2025;28.06.2025
bc1qlr7k9m0dzhxmdgdfz0wtater5kqn5cynavze5h;3;1;0.1474582;23.11.2023;23.11.2023
3Lbodm9ya88p2GB7gC9jh9rWiTDoBYg6J7;3;3;0.142211;26.11.2024;14.12.2024
UNKNOWN:002081d14d6871efd3c3e7f01e98baeab6e1672e;3;1;0.14;25.09.2023;25.09.2023
bc1q5z9gl2kl736hhwkrpau9m8n8656veyu4phew4z;3;3;0.13353831;31.07.2026;31.07.2026
bc1q2tat0clnqdxlxe8lly7gfccvr9v66c6eeafjvw;3;2;0.1326;23.10.2024;23.10.2024
bc1qwadphn2xlwssy5mxuvwgzyrx5yzwlq7a7p6h22;3;1;0.13170094;12.07.2023;12.07.2023
bc1qqsntgaa6d8dlevq7udzvywlef3562z3j3qftzv;3;1;0.13107362;12.07.2023;12.07.2023
bc1qz65tuja57pzqqqfvjpw5kp5aw8ywm2m5tsx5ql;3;1;0.12962782;31.07.2026;31.07.2026
bc1qu9hcc82stc4ktnxedjm2yrqsymuya2xlxxxys4;3;1;0.12591173;31.07.2026;31.07.2026
bc1q3rdgfv2c5mz3m0rz735mvqaaqpv2af2qss2edu;3;1;0.12462912;17.08.2022;17.08.2022
38fjfrCAhhgEWRdFjC5fZCsSkezYwur6G4;3;3;0.1240835;30.07.2021;28.09.2021
bc1qtdmsyvv6k2whmaqptldh0qmah4pa454qqafzpy;3;3;0.12176551;16.04.2024;16.04.2024
bc1qm7fej8fd2q5g4vwms46e43lspdtxacw8dvld5a;3;2;0.12023753;14.03.2022;14.03.2022
38XKxti7af5qWtmQgohKgEAy1PkVGKDzc3;3;1;0.12;21.05.2022;21.05.2022
339c26o8EbBnm6goisu3y5BsRxbeQaFi3t;3;1;0.11977406;07.07.2022;07.07.2022
bc1qhlu49cz3f3gajs3098pt3tsnw6wxf6rw9av2rq;3;3;0.11745703;04.02.2024;04.02.2024
bc1qy4rmu8d0ga08unp0e64ydvsze9wp9ft40ep763;3;1;0.11675906;31.07.2026;31.07.2026
bc1qdacfgply5xy6g66ydd26sdupux6k6qqu69dlls;3;1;0.115;23.12.2025;23.12.2025
bc1q7tkw0xcuyp5y5ysw2ukkx9sr22f66ydcf7hlm5;3;1;0.1133762;31.07.2026;31.07.2026
1Fnw3qZJ7WskASnn3mxigWYzoTBWZaWbzr;3;3;0.11255878;27.06.2024;28.06.2024
3CyzHCe3TPwtKrpqLQ8ssb5TkxHL4sD4Y6;3;2;0.112;31.05.2023;31.05.2023
3JzAT4wNkJFkQT5gdfcJwUsmMojyaUeveY;3;2;0.11156772;01.11.2023;01.11.2023
37JzLGBSAUd5C2Hr6g2G5EZ5bKjDp94Gqk;3;3;0.11129528;31.03.2023;28.06.2023
bc1qdrw5tljgg77vuy48mqxermpupnka9pynzrqz9g;3;1;0.11024959;02.07.2022;02.07.2022
bc1qnq5x55ukd32z7n4fcnvudp4pdv0dtx2a6ntyku;3;1;0.11;08.07.2025;08.07.2025
bc1qhey67qfj3fl7vzg8rr3rxahvzs8kmpze6r0sle;3;1;0.11;26.01.2023;26.01.2023
bc1qgae2d5ed60xlxh7xp9w07q8a9pqf7a6u5lrmuw;3;1;0.11;19.01.2024;19.01.2024
bc1qhrf4tqh55heqnn3x0mnwnc25xqnkv9rdk4ekrt;3;1;0.10826271;06.04.2025;06.04.2025
bc1qaws3xsmmyxkzv8grnaqvjx0z2rnc7mc06lymcn;3;1;0.10603727;16.01.2024;16.01.2024
3JhWbPNGJ997621RnxtRi3D6LCibWApQuL;3;1;0.105384;01.05.2022;01.05.2022
bc1qeuehnc5qxste63upwaldaqcz4gwrf083lp7wcf;3;1;0.10485202;31.07.2026;31.07.2026
bc1qa3f35x7weejfat0695fljrwxmeccduhk95sd5x;3;3;0.1030704;31.03.2024;31.03.2024
bc1qaerunpcv9tu0aymf05ykpuyyc0ltd465r4pjv8;3;1;0.10270066;17.07.2025;17.07.2025
bc1q9pw0r8pvp9thqucxcs2p8dyr7ze57s04nwwwlw;3;1;0.10175198;21.02.2022;21.02.2022
bc1q4ezqtpr46mq2ka7f8pwe8utvkewhkuqmsq03hq;3;1;0.1;13.04.2024;13.04.2024
3MohJpSJ64saHFE6Z6ySU6yHVNfqX3CeqQ;3;1;0.1;24.07.2023;24.07.2023
bc1qrse92l8ww2357cufu724g6gj7r6n8s3el39g4y;3;1;0.1;04.02.2024;04.02.2024
bc1qs8k4njvf53gp0u6l5x9yeyft5fegunuphxm7a6;3;1;0.1;06.02.2023;06.02.2023
bc1qwj93fy9r472lttq8r6m5mac9njczptcy70k5kq;3;1;0.1;15.01.2025;15.01.2025
bc1q2nd8cd0u9g4xepmuh797hr5qnm5tyqkfqxhaeh;3;1;0.1;31.07.2026;31.07.2026
bc1pyjvlc8v2setxuv0pgddh3skn480wgmnjah28n0ruwzlyk0wlwlcqsnparx;3;1;0.1;19.11.2024;19.11.2024
bc1qvjzmgvcrqu9m86cv6gcfjfhuy9hs4t8lqxr43k;3;1;0.1;14.01.2023;14.01.2023
UNKNOWN:00202a891b44d534c3e62cb074f94c8fb47ae170;3;1;0.1;28.11.2022;28.11.2022
1F9eFbfCcQzhTMpH36n8LrzQ3jQrivf2ox;3;2;0.09998067;21.04.2022;05.05.2022
bc1q78xu05lkymqn3xgsnna0x3uaqmcjgzme90te3e;3;1;0.09963505;31.03.2025;31.03.2025
3Gkn5MMem8DG7Arb2k5ELvXDsr3JJiaUUK;3;1;0.09807783;27.04.2024;27.04.2024
bc1qseqwfqf7mrflss2t0dtq4ddqgemnaajz0k7gx2;3;1;0.09566274;31.07.2026;31.07.2026
bc1qw68krm8r2xcel8nfpx5uzjs8wn6j6mhgp8sg79;3;1;0.09435198;28.03.2025;28.03.2025
UNKNOWN:00202a71e6139d7f51cd1d9095df074f4b24a0c3;3;1;0.0937;29.01.2025;29.01.2025
3ABjWpBcYwT92iHbYJU5KxqmCt3gt835mj;3;3;0.09146768;22.02.2024;22.02.2024
bc1qn27vx675kvaxrsguu7ylyjwwj5zv2937falqeu;3;1;0.09123624;30.01.2026;30.01.2026
UNKNOWN:00203394e06d93a82fc4212efe674476375358c4;3;1;0.09062481;30.07.2026;30.07.2026
bc1q8p3lx6zt5gv4vv42x70y2qptswqxcaa244gh7f;3;1;0.08997182;27.09.2021;27.09.2021
UNKNOWN:0020d0fcbb0436ad6379320c2cf7bafdde545c37;3;1;0.08975665;25.01.2022;25.01.2022
bc1qgnme87puvkyv9rfwg3nyxt74mkf3fq72pd2fr2;3;1;0.08352565;23.11.2023;23.11.2023
bc1q7thrt4d7d7n5t9h0ayjnmg8vgm29yxdqw33ydv;3;2;0.0829;03.07.2025;03.07.2025
bc1qrzt5hxerp9fp9q5sedypz596pvxqq823gl6qz6;3;1;0.08111512;03.05.2025;03.05.2025
bc1qr5xxtn3w5s0yd6zjusuzl2g4x8l890rz8y9gt0;3;1;0.07979964;05.09.2022;05.09.2022
1n9g8Tiajfb5gSoCGLeHej1T7266dQACb;3;1;0.07941116;07.08.2022;07.08.2022
bc1qrurd0qudfjn2wu5gpst6wl06fs69l0uht6ewlt;3;1;0.07752444;31.07.2026;31.07.2026
bc1q4m7yxh9y6ppgmcfr84y9ggmqgkq4a3ghrk053a;3;1;0.0769;05.07.2026;05.07.2026
UNKNOWN:00204ee092e06ff515acdb660044d6e893ce4a01;3;1;0.07620495;22.06.2026;22.06.2026
bc1qkrqv3nuxh43kr7rhlysrexuyr0pp58ttyyh2w7;3;1;0.07603936;31.07.2026;31.07.2026
bc1q65zf9w70ag4mqadlvq6dnsmcyn604etnf47chp;3;1;0.0756972;03.08.2021;03.08.2021
3KSabn68peVJXqWNXLspPrjj4peDTZkzyB;3;1;0.07530162;02.01.2022;02.01.2022
1J8FD6eAWFLWwWjCExZk7QKf4zxLAWkPZN;3;1;0.07521957;03.02.2024;03.02.2024
UNKNOWN:0020eb83da82d0f32efae2701b24001368e2cdbb;3;1;0.07447861;18.05.2026;18.05.2026
bc1qyr07jelqx4fudmkj3elyq7lyhkdd5nqn28zgqk;3;2;0.07433333;18.11.2024;18.11.2024
bc1qslv6mgehanhpaqd5xh4f3fvhmhsh69qcken77y;3;1;0.07319881;15.01.2023;15.01.2023
1LpgZxkDdz6XRk5AYGJ1YttjWYsiKDfCuX;3;1;0.07262661;12.04.2026;12.04.2026
bc1qmg8sp5kztzh8ta0p3cntruucyk9y4ml2qyngrc;3;1;0.07229845;31.03.2025;31.03.2025
bc1qegcnc3ss25a5ru84tn4mytjmr88cl2ry3gzvkj;3;3;0.071;11.02.2023;22.06.2024
3CrANxb9tx23XQ8ATFMKBYkwiVMngS1HBQ;3;1;0.07;28.06.2022;28.06.2022
bc1qgalxemfxrsh3ecuz2xpqsl4mhet88ne0w59e3f;3;1;0.0667;26.08.2023;26.08.2023
bc1q5mv2w963vzat0qxfwjfgutnncsezg9wdyqwh0c;3;1;0.06558869;30.07.2026;30.07.2026
bc1q05p0zc6a26axv9rh62s8mdxrae27aqt8nu63j8;3;1;0.0643958;31.03.2025;31.03.2025
bc1qcps5xzcs30xlwy62csht5a8kct9ufd55mhst94;3;1;0.06406771;03.02.2025;03.02.2025
bc1q3avzmdy0s88z67gjn0hprkg8vd0qf8ssmz6yg7;3;1;0.0638671;31.07.2026;31.07.2026
bc1qw88ywg7f275q30qw0pt7mmntg0ddhafgyw0kmv;3;1;0.06386394;18.12.2024;18.12.2024
bc1qnwhgfhhy30uvnv2e49dsjd8rrk23z7wx7tu0dj;3;1;0.06305189;31.07.2026;31.07.2026
bc1qeuu9twhpenzuj5638y4eusmtry3ntj7xj5yd4u;3;1;0.06298986;07.11.2024;07.11.2024
37R9vVcpJ7ENKKJbiy1UnEkAX3kSXkWQeh;3;1;0.06294665;18.05.2022;18.05.2022
bc1q0hfu2zmd7qgrrtxgull0wa88ts690pmqqdp0ys;3;1;0.06278022;31.07.2026;31.07.2026
bc1qnctkc85f4rcrwnc5xnr8xdsu6kcga0jf4thadm;3;2;0.06193245;31.07.2026;31.07.2026
bc1qyzn0w3529eqm8md0f3gcsglwuaxct02mdms50z;3;1;0.06184859;31.07.2026;31.07.2026
bc1qd2gxg8mlvuspmypa38kdgksqr3fg289wer43xd;3;1;0.06171186;30.12.2025;30.12.2025
bc1q2zfa8tk75lx6kfaddpy387gl3syhngfgszdxpu;3;1;0.06149653;14.07.2021;14.07.2021
bc1qp3p59cesvca98y4y0h20w8rrsu4wczs9unzcxt;3;3;0.06085833;13.06.2024;09.10.2024
bc1q3qsu75g6dwha9s8r6zdg0g9z7n7qrupvy2hmp4;3;3;0.06041651;18.03.2024;01.07.2024
bc1q957junyf3htyd7wz9e2kxz70eg0jw6u4uq9u39;3;1;0.06010162;31.07.2026;31.07.2026
bc1qaqwd32klwgflnhhm494xyfa4qpcyxl7n9y5k9m;3;1;0.06;22.02.2024;22.02.2024
bc1qu45twaxmpl3kmh3zuyves8rxls46tlt5jwetjj;3;1;0.05999752;31.07.2026;31.07.2026
bc1qph9rq0tdjgfzec9jya8l8ruwd73fne2jkvfdrt;3;1;0.05760246;31.07.2026;31.07.2026
bc1qhshe2unegdyrwu6md2g3peez0sgwt6mzn7jk5u;3;1;0.05741362;04.01.2024;04.01.2024
bc1qchgwhl2fcxpnh2t83egrgld920d3wpllldmn3v;3;1;0.05538742;25.02.2026;25.02.2026
bc1q2chxlc6jmll6h435mrjgdscsz9nnmv55cpvdtu;3;1;0.05488709;08.01.2025;08.01.2025
3NMb1gbkZEB4VGzBNxkSvhUy2HDYo9anmF;3;1;0.05436578;02.11.2021;02.11.2021
bc1qm39mug80rcx5qw5yfxzczw3g82p0q2uq4fjwgv;3;1;0.054;12.12.2023;12.12.2023
bc1qj6e38wwn59xrvxz5nkc9scuzt5t80h7s3u8tky;3;1;0.05308532;03.02.2026;03.02.2026
bc1qwme5mzltl7j55wvwr3h6tkkvulzv4a7j83c7ky;3;1;0.05299338;31.07.2026;31.07.2026
3EMhrmVgBhMyvSiKY4bivRYT9vocK8Vhh8;3;1;0.05291755;12.09.2023;12.09.2023
3HHLED62QNU8LLE2ZzUvVR1BuDW3hnnjax;3;3;0.05279555;16.09.2024;26.09.2024
bc1q9trh88t2dy7xl8rr4u9gq2uag84fee423r4x5y;3;1;0.05173368;26.12.2021;26.12.2021
bc1qjz6l8n9t59gpq2gcw8xmgy3q22glcgwl2eahn9;3;3;0.05095837;14.08.2024;16.09.2024
bc1q7tpcd2zrfp0ydrjpqn29sgjqdu8dfcx7r22xrp;3;1;0.05089502;24.05.2023;24.05.2023
17eqYYUyWJga1LLR7mZXJVo2ZKPHNC2Hr4;3;1;0.05088;05.12.2023;05.12.2023
bc1q8zrndj3qxx2c2qzmxdtapckjs40gw349ejc2ph;3;1;0.05020582;05.07.2021;05.07.2021
bc1q5f44e7ga6esvsqnkadppz9ddqgmqskrc6c66c3;3;1;0.05;08.01.2024;08.01.2024
bc1qxxw9q9r88kp92y96tqqkvs0j7w0uysfj2xz8hq;3;1;0.05;03.02.2024;03.02.2024
bc1qc8smwjrvh954zfx0tr6ql7xps4k3a25gtvxe0h;3;1;0.05;05.01.2024;05.01.2024
bc1ql9qgw6te9pc4zlf8jc23ghcwwmfn7vcyuqqzd8;3;1;0.04979996;30.07.2024;30.07.2024
bc1qesl66nlgx4hwx4k954wj3xvjewx34hqx69exsz;3;3;0.04977238;05.09.2024;05.09.2024
bc1q582e7kxurd0vu06kha086cxxaz8c3cm5l8578v;3;1;0.04885864;31.07.2026;31.07.2026
bc1qx06nz6hht2vwm4qs46sgtxyf24fzpjp6ftz2re;3;1;0.048;07.10.2022;07.10.2022
3FUFi1CehPMF25vFxNkhG75uicoHdX2DXE;3;3;0.04669561;18.04.2022;20.04.2022
1JHxexk9jLN8MBFX4R6zyvToqScSD8YNQ2;3;2;0.04630322;16.04.2022;17.04.2022
bc1qmkslacjylh05trd5cucw75tn9sng6lk8m4lxhm;3;1;0.04600501;31.07.2026;31.07.2026
bc1qqgvsfxw64gjtj6qee2ftsffckcd9jdzcrxt8z3;3;1;0.04595583;13.02.2024;13.02.2024
bc1q2q9lkqthzsv8fn345nfm6td8a7x6vwcwpzejfs;3;1;0.04586174;28.06.2025;28.06.2025
bc1q50pg0275l7x7k7cl0mm5jvclexlqc8cajjuera;3;1;0.04573081;28.12.2022;28.12.2022
3HThhaBonmv1hNUy5uXhPVu3Cm2e28Py9k;3;1;0.04526306;30.09.2025;30.09.2025
38eZ9UnM2uqKRihn1J5YdRHuiYbno2NDPy;3;1;0.04524988;31.07.2026;31.07.2026
bc1qqgnyswv3uckx0s56a6pj0nuzva59t2jnnu90ac;3;1;0.045;18.11.2024;18.11.2024
3Qk3GFQFwHzyZDrsy6aboDXQ9ZiJKebqQN;3;1;0.04476743;30.07.2026;30.07.2026
UNKNOWN:00201045d2d9fce86c5d511c9efc386f958ce8b5;3;1;0.04385215;31.07.2026;31.07.2026
bc1q3js65jks2akh9tvwt4z94fsem6qczsat5vjfs7;3;1;0.04336226;16.03.2022;16.03.2022
bc1qlwez0wwsc83gyrszzuukemz6w7dxn4kzke2lzq;3;1;0.0425;29.05.2024;29.05.2024
bc1qa7jrznxgdvc47d5x8yrfhntecl5mm7tndt0z0c;3;1;0.04235344;31.07.2023;31.07.2023
bc1qae9z6d9jv5dx7dyeag4lnkv62ecahr3dn5xf0z;3;1;0.04215526;03.02.2025;03.02.2025
bc1qp2q4ukpp44fleu7rteyx2ply9na3euwxkrljst;3;1;0.04190908;04.03.2026;04.03.2026
35TqsKUXkfUhYkDmaoWWDWkzphHa7Gwm5w;3;1;0.04133393;29.08.2021;29.08.2021
bc1qag6v46ay7lpskzwsapgvnns7gk2ztunjfu729t;3;1;0.04111599;19.03.2024;19.03.2024
bc1qy434m82mt4ln24rckd0vpgj8dq56mj0veeu5lq;3;1;0.0411;11.06.2025;11.06.2025
bc1q3m3dn7pfqyw4f0y3kj0xrsmrevk3x0vvsxk69q;3;1;0.0409224;20.03.2026;20.03.2026
bc1qkuavy2csgywm8t9d08tphjgcfuted5zgyt885w;3;1;0.04;30.11.2023;30.11.2023
bc1qnkqn8d9facnvgu9p0xza68v6kdvygj9jrxynsg;3;1;0.03870361;02.07.2025;02.07.2025
1624p4ej8t4NbCaLUMrBGWAPY9udRsnsB2;3;1;0.038;05.12.2024;05.12.2024
bc1quf4gfty7kgjuz048kcs9pupjaw3de2pkzkcmfx;3;1;0.03792251;04.09.2024;04.09.2024
bc1qdm2njrkx3srs64l3s9f50dv7h2v8a346r9dkm4;3;1;0.03738737;03.12.2025;03.12.2025
bc1quqvfyt65m9970jju37ajwsengvspfvvutqe0pt;3;1;0.0362;16.03.2026;16.03.2026
UNKNOWN:00204809b4bbabef47bf454154b00b0b7d960158;3;1;0.03605384;31.07.2026;31.07.2026
bc1q3ys2zyc9y28e62zzatzq0eg2fgjpdxqh9t550p;3;1;0.03501267;01.05.2022;01.05.2022
bc1qjp63jxn0xwc4zps9zrm467qssa5hnlm970uahn;3;1;0.03449433;31.07.2026;31.07.2026
UNKNOWN:002080079adcdb0b68cfd4b28b52e8c3931780a7;3;3;0.03438929;01.05.2026;07.05.2026
bc1qyw5t0lv6r0tm7zhe6zsn95cndsp2ugfqmm639a;3;1;0.034;16.08.2024;16.08.2024
349hjDpDYmTyrMEBSd1FDWxkk8PFJX3XAY;3;1;0.03397446;28.02.2023;28.02.2023
bc1q760077pjnwy8ayltgmgf0kyuyyhdcjp00ynq0t;3;1;0.03375963;31.07.2026;31.07.2026
bc1qfgrzlstt0mvkm8jftkh9tm0fttdnla50uune2c;3;1;0.03359023;31.07.2026;31.07.2026
UNKNOWN:0020dc51de9040f4cf4e4e189c2e941ae4cf152c;3;5;0.03356138;31.03.2024;31.03.2024
324eAMnKCnUPF4VXJyRXBSBJjR9W1pSq2b;3;3;0.03262975;17.06.2024;05.08.2024
bc1qj6kg2hqqu8ptygca44vllvxp5x7xphakghjy4x;3;1;0.03170298;13.09.2025;13.09.2025
33SqAFkDP69MuVtFd8sXArYriV39YwYBM9;3;1;0.0312104;19.02.2022;19.02.2022
UNKNOWN:0020121bfe03f72795faa976ee0c27f69642ed5f;3;3;0.03038523;16.05.2024;16.05.2024
UNKNOWN:00201e685a14ff3a388fa76bf47d530339719069;3;1;0.03;21.11.2021;21.11.2021
bc1qa65wd6lkss469n3g7jl6g7ngm6uyumllmwy560;3;3;0.03;23.04.2025;23.04.2025
bc1q5temeywagfzr5ue8d49422thpm5yrykm60uadm;3;1;0.02999446;02.05.2025;02.05.2025
bc1q69ue25ylu7lumfqumecn89ywm27w0lnxjhdzge;3;1;0.02999425;25.02.2022;25.02.2022
bc1qjejwc2g2tu3y846hreertffz2l74nj5vd4suk8;3;1;0.02839726;24.04.2024;24.04.2024
bc1qy45sj4nmzatu59gvgns9thl0gxpkd78lmyyzn0;3;1;0.02834073;02.06.2023;02.06.2023
UNKNOWN:00204d09dfadd7013ddfa3bb2ebbf3270b7fd5d4;3;1;0.02715919;04.09.2023;04.09.2023
bc1qn0gne9nt2wugn9nsqeu7fclm7759lwf6yscxsq;3;1;0.02681461;03.02.2025;03.02.2025
bc1qx88sje2ws234jwsk0fujpsmfkynt5zjf2payuj;3;2;0.0268;03.12.2023;04.12.2023
174DHrWwXyiwXFfo9xWqnWGoFex1XMuxgy;3;1;0.02675166;14.07.2022;14.07.2022
bc1qexuz7lvdpj260s0zxncuku8gpl5mqc9lmnrazc;3;3;0.02616885;16.05.2024;03.06.2024
35JXQemmEPdx3qDXNhHbzPdaZH43zCTeqr;3;1;0.02554661;27.04.2022;27.04.2022
3CruHRPTRYzQEVk4SgJkUGsJz1Lg1XKnG7;3;1;0.0251986;27.05.2022;27.05.2022
bc1qpa9ltx5xvxqnmum5q200mk4wckpfap2fvesdf3;3;1;0.02489222;23.05.2024;23.05.2024
bc1qrn6vr4gwc83qflju6nh6wfx4ufwsmdleq6sy3d;3;1;0.02445483;25.01.2026;25.01.2026
3DRum7WoWZBDzJiTTRmmJJM7URBanCnFsV;3;1;0.024;13.07.2025;13.07.2025
34HpjWLcNRoJMjiExhEms7vXGHxnGHafyF;3;1;0.02365894;03.05.2022;03.05.2022
bc1qw44pwz74l5nvt38nawkl7s7z2f5ufd46lfau4l;3;1;0.02340638;31.07.2026;31.07.2026
3BZzkufD7TaV7LSTD4bZxZTUYR7sF77n9V;3;1;0.02298;11.02.2022;11.02.2022
1BDVEbKCx86ZtUXKW2LPT9aQAnbzacfptW;3;1;0.02290846;22.10.2021;22.10.2021
UNKNOWN:0020fc5af4660833f90c61f1f0f0d8fd7a59e185;3;1;0.02172834;10.08.2022;10.08.2022
bc1qk8l429schag3aws9lneygmvelgqqrf0lu5lt74;3;1;0.02162356;03.11.2022;03.11.2022
bc1qvjd7emxy67ayfgje6455r0dc2y6y8r6wnn74xx;3;1;0.021;15.10.2022;15.10.2022
bc1q5z9txxcwlx0yjret76spjalyjzwupxclgdktke;3;1;0.02079987;23.11.2022;23.11.2022
UNKNOWN:00206b61e2f0f0e898f4a50fc7c2daf8db5198db;3;3;0.0202;30.03.2024;18.02.2025
bc1qreqqe300sycwprcjp5d2s5y32az3uqcjc43fry;3;3;0.02006617;03.12.2021;05.12.2021
bc1qx7znp0wgg64p4p8evejs07264wma28ckaljaw8;3;1;0.02;30.01.2025;30.01.2025
bc1q8942crjyw8nhg8e46sqwe544nczcr468z4c3tm;3;1;0.02;26.05.2025;26.05.2025
bc1qv0affv9xcqw5vu5ckpzf0xkxflelv7ehavdw6u;3;1;0.02;05.11.2022;05.11.2022
bc1qaahm2v2s39rtxfex0ln4r9jy05mavh8mh4q8kn;3;1;0.019962;31.07.2026;31.07.2026
bc1qttrpd8gge6hmqr8hsahpaumurpkyw3ek4usj4z;3;1;0.0194929;31.07.2026;31.07.2026
UNKNOWN:00208f26a8baf4c7c6b87cb29f6e696ed40bf1bd;3;1;0.01948306;04.01.2024;04.01.2024
31nezjJjVNCagnwjEbB2pPXtBuQZDMwrmU;3;2;0.01946798;22.10.2021;13.02.2022
bc1qvfmrfxmsgjyturxfaegj72xygsc03cqdnqq90j;3;1;0.0185598;02.09.2024;02.09.2024
bc1qhntvuemzyjjkke6jqje2qfcymg3l88qczmqykw;3;1;0.01849079;28.11.2021;28.11.2021
bc1qddjenaxc80754evxls9l2p38nvlmqg8rtv27kx;3;3;0.01780483;03.06.2024;16.08.2024
UNKNOWN:0020523c6f1eb716ade941ccf5b9dd7d2759c9eb;3;3;0.01779927;16.04.2024;16.04.2024
bc1q62yj53zt6e4dmxr7jk9m9v8fyma43vxj9stn2c;3;2;0.01774342;25.10.2023;25.10.2023
38fuaT6prAFUM9zxQkNkaSEb6QAmWv6ZKS;3;1;0.01755792;02.03.2022;02.03.2022
3JY1zQEaErtQP3q7BBGgABXKKe17CvKw87;3;1;0.01707049;21.10.2022;21.10.2022
UNKNOWN:0020d0aaa4b82ecbbd0045d64b2b737d5152af20;3;1;0.01667666;08.05.2026;08.05.2026
bc1qh66q7dv3gzfz0xkjk7l7m8erklfeqwxgwpv7u8;3;1;0.01661884;27.09.2022;27.09.2022
338189Ck6kPBTVnn1Z89qDHTpNTGuZpQhE;3;1;0.01647121;22.01.2024;22.01.2024
bc1q96npzk9jlsqpp3py80dj5uh45s9xm5qth0djwp;3;1;0.01639132;16.10.2022;16.10.2022
3P8hQq9gHpfG3q2p5BzG5WkAdFjNuHTEvV;3;1;0.016379;31.12.2024;31.12.2024
UNKNOWN:0020c2464416c2d0ee81ab84bd941c78f29809f7;3;1;0.01633538;25.05.2024;25.05.2024
bc1qqd888dzylh4jpr8phc2g7qxkur2j85gwlx5ael;3;1;0.01629922;31.07.2026;31.07.2026
bc1qt3v0jlpau9gw2lm940j2tlchmkadyrhkw4q9s2;3;1;0.0161136;28.08.2022;28.08.2022
bc1qc2hx9qx428uge5vu3v98f7utkfcvmnvmc0tjzw;3;3;0.01592539;05.08.2024;05.09.2024
bc1q4xegy086k9nxnly4sfjv658zzdyzve3cefmpjx;3;1;0.01566458;16.10.2022;16.10.2022
1GSwjZhH1cU44YmJs1vd44VzMhCTGBwZAG;3;1;0.0151454;13.03.2024;13.03.2024
bc1q77a32aj7ud90wqkfhj9j4wn69cm3recdrde9yk;3;3;0.01498962;15.03.2024;31.03.2024
bc1qy37jc5lzush6mhrx9r7qvpp5rq66eekwt8d9ex;3;1;0.01467278;08.04.2026;08.04.2026
1H3TDWY2fDk7snYsQDMBoHxCMwH7pYZuQk;3;1;0.01462;10.03.2023;10.03.2023
UNKNOWN:00204cbf385666097a6ae1286a8d2d7e302af666;3;3;0.0145;26.09.2023;27.11.2023
bc1pu47cue94szlztpwygepldtnpj3fwtkyfl88stc5tt564nup67xus54rxw6;3;1;0.0141219;14.03.2024;14.03.2024
bc1q4j4r4jnaufu6twr2sacjfcttsfwhst3elqxk7e;3;1;0.01332859;16.02.2026;16.02.2026
bc1q52n609nmwxpjjjz2fywrfdrxm8snmeazw9ew7a;3;1;0.01324556;20.06.2022;20.06.2022
3A61MW92gujRBTAswmMHr23d5VcMN6FeGw;3;1;0.01299931;09.04.2022;09.04.2022
bc1q5zqlg66me2tp40nf6vn9cgte7ay8uss294acgu;3;1;0.01275798;17.01.2023;17.01.2023
bc1qf9ah27uju0krx84c9ycwxluh7qs3pv55x3x82w;3;1;0.012;05.11.2024;05.11.2024
bc1q9vzcpsk6nqrdfvsl6s2q3kcmghudu9qerf96uf;3;1;0.01160878;07.05.2026;07.05.2026
3Jj9Ak4Fy9btCfnMLV6TafBs6htZUFMbu2;3;1;0.01138208;24.04.2022;24.04.2022
bc1pmpm8t07l4ghjqn4rpdh2xp9jn2epgxhg3d0axkfj89ws9um4l24sqw8z5h;3;1;0.01117805;02.02.2025;02.02.2025
bc1q3y08mg63zm8g7pjt6573s4ge3f47ykjllwn5hx;3;1;0.01114755;16.04.2022;16.04.2022
bc1qrdwj5rqztg96dnlcrmaptl3q0pqas8tguvk7rt;3;1;0.011;26.02.2023;26.02.2023
bc1qm98x47r62p5t5efdknamp868p538qhd79aj2yu;3;1;0.01077036;31.07.2026;31.07.2026
bc1q922jl8z7wt08ghsvkpdzd2ftu4rd8gumw7hw8g;3;1;0.0105;09.05.2022;09.05.2022
bc1pattkq3f7qxa4e22uvwfchf2jrn23xwcgl2qzddvl8h425qvr3umq9a3hvu;3;1;0.010212;06.02.2026;06.02.2026
1f7FjTPbY9Fq2eFWUAafAwU2AfPhRPSL4;3;1;0.01;22.12.2022;22.12.2022
bc1qqlw77m6quea47rypmwkx8ptqp7wk3p9szhdn5n;3;1;0.01;23.08.2023;23.08.2023
bc1qdqh5jhqk9x5hjqtvlf8r2qa2gdyvuae3n3ayf7;3;1;0.01;23.08.2023;23.08.2023
bc1q7lcegphmw4puedpgf9lvfk2cl7f74mcxvjkw96;3;1;0.01;17.12.2022;17.12.2022
bc1qpx7y6uu4etdu0wnw0g3904vf8lkk8sspfszdh8;3;3;0.00994491;19.03.2024;16.04.2024
1KekGtxJBMDpDLk5i6ShkgB311AVq8gtRd;3;3;0.00955883;30.03.2022;11.04.2023
bc1qu8nfn0t9dshyrvqljm4wfjcadze55y2d9r3t4y;3;1;0.009366;10.08.2023;10.08.2023
bc1qf5fnqnlw48vw54ymh50r3u7cx8csmascyspmw4;3;1;0.00862967;16.01.2022;16.01.2022
3E91TgGMVxaZNPUxavVjt2a9ZyDiguvkRA;3;1;0.00821414;27.07.2021;27.07.2021
bc1q5an3l229zltka9vj3ax46l9z7gz2s4hkum94ut;3;1;0.00783306;24.01.2022;24.01.2022
3LVUbEEtZVgcDFXmHNgzPX1wjLBxrLTELF;3;3;0.00777528;22.04.2026;26.07.2026
bc1qg625s43fjuv8cfk6v2yh90qvpnx9jep5p3l0cl;3;1;0.0077589;03.03.2023;03.03.2023
bc1qxm46m2g0z5emqk36pxzys0fu3k6eeyz3l5v5fz;3;1;0.00746039;27.12.2021;27.12.2021
bc1qpar5dreuzqr4l8y2h9dc5hujrhkzmyekft337c;3;1;0.00733942;24.05.2023;24.05.2023
1KoLuiSVYjpx57nm5xGjbt1jSrN9aC7Rj1;3;2;0.0072;13.03.2024;04.04.2024
bc1qknzfu7sfwq7tvtpxkdqw59ldaumzh99d5ku9e6;3;1;0.00705718;31.07.2026;31.07.2026
UNKNOWN:00204222e50a18d52a44e8b96fd1b42c818d2ea3;3;1;0.0069;12.03.2022;12.03.2022
bc1q7760gmus9zcu4jeus4gkugg5mrffdrh89jx2u7;3;1;0.0067;28.09.2023;28.09.2023
bc1qwv4uqwrkah72hqf62mrvaem8d0j8a5x3zuqm67;3;3;0.00662478;20.03.2022;20.03.2022
bc1qmxlhcrtlqafjjjcjf4qv240h37q3kwvexhky2s;3;1;0.00622703;10.07.2021;10.07.2021
UNKNOWN:0020dfef2c3bbc02351bc2f74cb0721db1882228;3;1;0.006;01.01.2024;01.01.2024
bc1qpgqpyfcf4eawvx5x3uquc8ul2haqyflralrypv;3;1;0.00593764;02.02.2026;02.02.2026
3DheZVUYbKVLHDzxR2kTbuieEyVF4BdS5B;3;2;0.00590892;02.04.2022;15.09.2022
bc1qu3wmt25sc8mj6st00l88yjkv2ej9lfg07xz9f6;3;1;0.00577784;29.05.2026;29.05.2026
bc1qhen2z9sf0wk48ukafee5yq2a6cwshf5jzxh4yk;3;1;0.0056;17.11.2023;17.11.2023
36AECfw3joEFrRhxG392DP11WF1ZNoXRX5;3;1;0.0055129;16.04.2022;16.04.2022
19oSm4vvvzS648rYzKrzv3mT1JX65NwcFh;3;1;0.005439;26.01.2025;26.01.2025
3CRSNQp6R4tNXT3YNdgkdKUBWtG3Lq31N9;3;1;0.0053;02.08.2021;02.08.2021
UNKNOWN:0020ba37d3a49d0ff579fb047c8f817366c9af2a;3;2;0.00525163;05.03.2022;14.03.2022
UNKNOWN:00202f50d6121653a071a2364337b9fc5b96106e;3;1;0.005;09.09.2025;09.09.2025
bc1qap353nxacnnlr6c0sng3evyzumwtk4uu4cy2f2;3;1;0.004996;22.12.2025;22.12.2025
bc1q987d408k7zpxjdkvcewjmnxggwdugzrkjzq9sk;3;1;0.00482135;07.11.2024;07.11.2024
3AbMzFsXeKp5GsrRLMhFEMN1FEYLR2tsyN;3;1;0.00471263;24.09.2021;24.09.2021
bc1qx0ev60sc57ksvd6jpn5pld2pudskh66mcfz2x7;3;1;0.00455;20.01.2025;20.01.2025
bc1qftfkpgf4h5wefj893lf5vyv333s79u0hyjsfuc;3;1;0.00450311;18.03.2025;18.03.2025
342gCQ9qjnU9rRF8b7UZ54tBpKt33HxNZQ;3;1;0.0045;02.07.2021;02.07.2021
31tNTFpoxAaqxd6gtticGCHWSy9bN8gATS;3;1;0.0045;24.04.2022;24.04.2022
14QJKDRg1XtfAXH6pZu8zWBpeJSTnvmYQX;3;3;0.00443083;25.03.2022;28.03.2022
bc1qp7jsjs3ncvve8dkxehfknuw4fznx6ygrmhm2cm;3;1;0.0043132;31.07.2026;31.07.2026
1Lz8RSmtkJdsB2kvq2BqMKJFrJdRGSnYZQ;3;2;0.00426832;19.12.2021;19.12.2021
bc1qrthd3gnwjnewnasjqernm0vgl2d36v8edyyd6f;3;1;0.00394001;17.11.2024;17.11.2024
bc1qpa73tvssf76uv8w8kte9m46xtp469ka7mus88d;3;1;0.00393996;24.12.2023;24.12.2023
bc1q5gxer8hh4nue5wrtt6vsm4lqccvsqy6djl07gc;3;1;0.00379226;01.08.2023;01.08.2023
bc1qfdyxjxp3nt9z8kwnac54nedkeevsemq0d6ny89;3;1;0.00375839;01.04.2022;01.04.2022
UNKNOWN:0020ec8efa8462bfbf7a436de167f92b988e261f;3;1;0.003702;10.07.2024;10.07.2024
1BJKsSdPSz23gUud1gA215oWm8EkXiYovR;3;2;0.00369576;22.10.2022;02.11.2022
UNKNOWN:00202d9fbad6398afb184be9241857d9d6f33ce7;3;1;0.0035;26.07.2024;26.07.2024
bc1q4tzycdxamz66lpd3jscudt0yklf50acgygg4sq;3;1;0.00331;07.11.2024;07.11.2024
bc1qnrwl0vfcr89kue9jxprfvf9qjdhntpk9fadk5k;3;1;0.0031;25.11.2022;25.11.2022
bc1qa587pw0alya5c7jlnsg6may375zu0mkpxcmqhn;3;2;0.00299424;09.03.2022;09.03.2022
bc1qu5et33qz9vwg2gndaa4dcdtskm5cctsy4qw2h3;3;1;0.00295;02.12.2023;02.12.2023
3N2FnyEzE9hLsU2mewct3paWEocncCL9ey;3;3;0.00291484;25.05.2021;27.05.2021
3JzjfZ4irwJKK1JBZdcrWVwvJa7rNyojm3;3;1;0.0028;14.04.2021;14.04.2021
bc1qcunqc5swpxqw3ul37dp93fjjk7xvg7w2gsnzq4;3;1;0.00277543;31.07.2026;31.07.2026
bc1q86n3cl7mckjdryjfvhpr6f3ttyggnhzjlpfdsu;3;1;0.0025;09.05.2025;09.05.2025
bc1qjpr0vac0mzv4xc7lzan43h9zsnvnhkgw5jvsc9;3;1;0.00224035;06.04.2022;06.04.2022
36rtQe4CYjLBHGYD8SCzwdDsvYvVdqTNZ6;3;1;0.0022;30.09.2021;30.09.2021
bc1qf8tvjycfznz6uykcycykzqcw7lx3fwkm82hfct;3;1;0.00219656;31.07.2026;31.07.2026
193J7RVEY2BgA5aKfL6BBAVSyiS1UyBRG6;3;2;0.00210754;02.03.2023;19.04.2023
bc1q90np06pt2q443x6qx855903nha0dqusw68yvcl;3;1;0.00206037;10.05.2022;10.05.2022
bc1qua8q620wsnfntdgr0ysle4y232ena66xxn4gm9;3;1;0.002;05.01.2023;05.01.2023
UNKNOWN:0020b63f73ffeeb1ebf9cacf937751312a85f792;3;1;0.002;24.01.2023;24.01.2023
1Gsv4L6T4Fsyh4ECMkqyi7J6ZtPFfNZshH;3;3;0.00190298;20.03.2025;14.04.2025
bc1qpafg8jnhycadjsm2cfadwqhtc2ra89h3z4657q;3;1;0.00187887;13.01.2024;13.01.2024
1JxXbc5ysKKdkbUXFAa6H75VB2eBE6GKKH;3;1;0.0017398;19.05.2022;19.05.2022
bc1q3ywp5pl2arr38yf56kje553aralqts72h958g9;3;1;0.00164392;19.11.2021;19.11.2021
bc1qwdz5n39w3j86f3kx575l0c00rfmxkp7pzagvpc;3;1;0.00163;14.11.2023;14.11.2023
32mzq4aFYCA6jx1S8dWaPfLbMeCLjRNLwp;3;1;0.00141219;14.03.2024;14.03.2024
3LfkiB6YTpVX9ovJQb54r76E13uJ8SPrCa;3;1;0.00139421;16.06.2025;16.06.2025
bc1qc096vn73q8zay0kwmltwylwm6z5s6l2s688n6m;3;1;0.00135111;14.06.2022;14.06.2022
1E2LutiSkjVh9K2WQgkpgaFHKciGHH7k7w;3;3;0.00133041;24.02.2023;14.04.2023
bc1qrawgqm736uy0wywgex0kjlvnceggrvp2jwxgyy;3;1;0.00116737;31.07.2026;31.07.2026
bc1qa3m829apg0fng8wz5yfq60cermw0hh5mfymu79;3;1;0.00113794;15.11.2024;15.11.2024
bc1q05a44qghv7qssswge788p7qanggcvrh2lm489v;3;1;0.00105169;19.02.2023;19.02.2023
bc1qqgsdtnduv7kj0yzr7q39lq8fskg256nxx8s364;3;1;0.00100302;30.08.2022;30.08.2022
bc1qpxz8g8d3g96lvgfn9h9u38ey30kj200ck6k6e4;3;1;0.00100302;30.08.2022;30.08.2022
bc1q8xhpjykv27zm56csmwm8ema8nypzn8ta4eqws3;3;1;0.00100302;30.08.2022;30.08.2022
bc1q8u7ngshfshf7vlkgxlj435atjckfreg2csfp2t;3;1;0.00100302;30.08.2022;30.08.2022
bc1qf7rk8tpujyraw2zf76zg4j79yhkh59qpvmeczt;3;1;0.00100302;30.08.2022;30.08.2022
bc1qqt9ghlchvvmf8v85xygce3lptsrlaqwh7cad28;3;1;0.00100302;05.04.2022;05.04.2022
bc1qpa8g775x6un9srff70ulerz9zt4nu9qr80uku8;3;1;0.00100302;05.04.2022;05.04.2022
bc1qysvyy6dujf9wlg6as543r943xsgs89rmhftqzu;3;1;0.00100302;05.04.2022;05.04.2022
bc1qfyen4tpg0kxyyl22896k02uacugkjuphgyqraj;3;1;0.00100302;05.04.2022;05.04.2022
bc1q2s57gkekqek95fey9543zjslvr38x26hdg4fc0;3;1;0.00100302;05.04.2022;05.04.2022
bc1qd4xpkyt2pzl88dst6a4czpnquvatdx7u4h3c63;3;1;0.00100302;05.04.2022;05.04.2022
bc1qwp0vrur0n44y4rr633mzgt4rx84m39cpkhm7q5;3;1;0.00100302;05.04.2022;05.04.2022
bc1qj54x6vrklml9j2dv79dhsfy8kn8g2a6pl7mkle;3;1;0.00100302;05.04.2022;05.04.2022
bc1qnrmndnrp8pzyzzpaa03sqh2f77fn8tpt47s6f9;3;1;0.00100302;05.04.2022;05.04.2022
bc1q4vc344ug80sds0rvd9qkx75u8mh4yx7hqkvajq;3;1;0.00100302;05.04.2022;05.04.2022
bc1qksk57myy5txwdg5fn4fl5rtm9ywav8gramqrx4;3;1;0.00100302;05.04.2022;05.04.2022
bc1qkelt9yyjp9pahvj4svc6c0ezseqlkm3ymwcylp;3;1;0.00100302;05.04.2022;05.04.2022
bc1qhndq208zy2nd6vfzg82l0zweyd3keq5yplsv57;3;1;0.00100302;05.04.2022;05.04.2022
bc1qh774pfzyn8zhf73ej0nflwvqm9hafcks34yy7e;3;1;0.00100302;05.04.2022;05.04.2022
bc1qccxnzt9pzf2948l4kfw98tvyeeee9c2kvztzy4;3;1;0.00100302;05.04.2022;05.04.2022
bc1qexgddfp32kv7490wgeqm5cnkg6cecwsp2yk0ne;3;1;0.00100302;05.04.2022;05.04.2022
bc1qe2436dt97jpeuc2e4nmezkfuyp3vmrdf5guxqh;3;1;0.00100302;05.04.2022;05.04.2022
bc1qm5var3nkjfcnqd4yy035tru2ls42f2whywl3x0;3;1;0.00100302;05.04.2022;05.04.2022
bc1qml9fyt30qza6mjhwnry285uggwwrvkpe5t0c9z;3;1;0.00100302;05.04.2022;05.04.2022
bc1qup3vcl4gx7cl76a0rehpjywqsmnms65ttc3h39;3;1;0.00100302;05.04.2022;05.04.2022
bc1qutf5hpw9pau2vw224jj0cf023cry72cv27zp7v;3;1;0.00100302;05.04.2022;05.04.2022
1gMv55DbdwCYRxarycQjS3GaNhh2RiePS;3;3;0.001;07.04.2025;07.04.2025
bc1q0gglzeyvmk8snyd8mtj4s9gjf3xd5zdhekm4gn;3;1;0.001;11.06.2023;11.06.2023
bc1q8960m2g2gqxsv8um30jl9e2k4wfxtxhprzu7j5;3;1;0.001;21.02.2024;21.02.2024
bc1qpv8fpt5fv0e2kdtxphmu7h252hemyftjwmj2e6;3;1;0.00097;07.02.2023;07.02.2023
bc1q8tnw2v6900k8ckfwc8ny25vem333np7gmuxf33;3;3;0.0009;16.07.2021;16.07.2021
bc1qn54p7gfh3qwj8g6z2e8kxnshtmkrkzvjqc45vr;3;1;0.00086848;15.05.2025;15.05.2025
UNKNOWN:00201b459c85609d00ced6673a07dbb39f197ced;3;1;0.00082;06.06.2022;06.06.2022
UNKNOWN:0020faef672e3496df3746847b0a8bff5803e5bd;3;2;0.0008;17.07.2021;17.07.2021
32kHJgZxDDQeto7vu3jBHhS1oDTXWytMDN;3;1;0.00066636;31.05.2022;31.05.2022
3At5t87Dj3fq3Qafm9hHJBVdq4nNeE57XX;3;3;0.00056814;20.02.2022;21.02.2022
32JiwBLML6iKPgfuMEc3rFDSPuJcvCFsUj;3;1;0.00049702;20.03.2021;20.03.2021
bc1qem2vm4zazuddm8qsl0d388w0mdyex834c0n0y5;3;1;0.00042724;25.02.2022;25.02.2022
bc1q2h98mdk0thftex3eecxuged9npf8kjdpqa3ax0;3;1;0.0004;01.08.2026;01.08.2026
bc1q8l9szszhhxdvhzq825ra5pzq8dn5apr2mg7lpn;3;1;0.0003881;24.11.2025;24.11.2025
bc1qhfuh54whekmv0vxs6jk7n5u7cuvgss3l7x8fk2;3;1;0.00036865;14.04.2024;14.04.2024
bc1qxhp7n6s5rvux2vv6re9leect4s300kp76wnyaz;3;1;0.0003331;05.09.2024;05.09.2024
bc1p0wa9u05xwphg3fe0t4uguu48qzf876ajts6ezucpsgsh26kx5yssh9r2uc;3;1;0.00031554;17.02.2023;17.02.2023
bc1qtvkyc9wattr7st6w6m956tpjvedr3vfmkwnndn;3;1;0.0003;11.08.2023;11.08.2023
1Jp6hpymjJQjPbeyYjAnXMZN5Vsgdx9fNy;3;3;0.00029485;13.09.2023;23.09.2023
bc1q4p68a7vpt4dzsd3plcps38ml6y59krejpketlk;3;1;0.00029477;20.03.2022;20.03.2022
bc1qp9vyxlldvepxyzr8u6u96z8eps94fjhzw57dkh;3;1;0.00027;31.07.2026;31.07.2026
bc1qneg8v6lpccrqs4q25dwwhw2plpdqn744nrd4kr;3;1;0.00017552;18.11.2021;18.11.2021
bc1qxtmwu05u43al00a42fsymd5gx78245ctlpwf3r;3;1;0.00014612;09.04.2024;09.04.2024
bc1q5skdy8m92fee7mv7j9vehpqrrl33nu7y0qdd4c;3;1;0.000108;31.07.2026;31.07.2026
bc1qrzjpds7pjh5klcf86l8cz2lt8mv57e3mmvf2ey;3;1;0.00010126;01.08.2026;01.08.2026
bc1qpr54e88g2ea56qptd26ul4fwy2wrukwcj44qz9;3;1;0.0001;19.01.2023;19.01.2023
bc1qr5pqzk2mf2430k55867qhzkay97pj63y7vwnq0;3;1;8.244e-05;31.07.2026;31.07.2026
bc1q00jn5suy9wgjrfcd6l8av3e246r3gekfhqz9ty;3;1;7.523e-05;31.07.2026;31.07.2026
bc1qnwg7utu6229024rzsvxvetz9anpk8f688wkpwa;3;1;5,00E-05;30.08.2022;30.08.2022
bc1q60ln3nggk7zqaqwnmghxwns39pupwhajdxaglv;3;1;5,00E-05;05.04.2022;05.04.2022
34gFnnvwC6tHoVW2Jpc55jCAM7J6UVfFw2;3;1;3.175e-05;06.03.2022;06.03.2022
bc1q0m0pggepzfmz3zy56clnpg8w7f0dyct45na8t3;2;1;13.26629338;15.09.2025;15.09.2025
33HUBk2uyJSsgjfjDRtb5jPLQsu8RwztpF;2;1;10.69823185;10.11.2023;10.11.2023
bc1qdkkvx6my7ktu8su3v89qjlzn5dzm73emlsuqa6;2;1;8.9841963;22.01.2025;22.01.2025
bc1qf0hl2ysjspu0gc38p4nu44saqm920k673epy6g;2;1;8.64201551;08.08.2024;08.08.2024
3LK94cUj6LDUM2kRfGLTavAmvRuBaExabS;2;2;7.75516653;24.08.2021;21.09.2021
bc1qn0ng3lkfcsyt4t0qdc5ksh6ug2lagwkv260m23;2;1;6.399;18.02.2025;18.02.2025
15RFyeZJsHPiuLV7N8yzUiw3UF8Bqc9Acj;2;3;6.0401;28.02.2024;21.11.2024
3DmJwcdheitbsyQgPZ4JGXs5wWqHWJeXgW;2;1;6.0;01.06.2023;01.06.2023
bc1q05uyry6nge5mak43ug3h672easjjzex6wxjs07;2;2;5.98982084;20.10.2021;20.10.2021
bc1q236e569n9srtcfmsng4nptuql7yvpqea0pl3k6;2;1;5.17044439;05.06.2024;05.06.2024
bc1qx2ayy0g9yvrwwgge4pnvpzagragzktxjr6ac4w;2;1;5.00112137;26.12.2022;26.12.2022
35EwUnHSzdU9jpVyaQUHSpmZrkgxX1yQrG;2;1;5.0;17.12.2022;17.12.2022
36rzWjN9ayWwV8mqQ45Ck5kDh97AhfNZeC;2;1;4.39413776;16.11.2021;16.11.2021
14f51cRdxDLbpVYT7RnPZqczfc2bNyAdGU;2;2;4.00064378;31.07.2026;31.07.2026
UNKNOWN:0020912a091cb6b8af3c3e623f4d426e512c0fb5;2;2;4.0;18.03.2025;05.02.2026
UNKNOWN:00201ccb7fdf86dd2f6ed3427ff8645abe52ca30;2;1;03.июл;17.04.2026;17.04.2026
bc1qkkq6r6mpleffhvtdsafnwrcae2pf844txamzh6;2;1;3.19844247;03.12.2025;03.12.2025
bc1qdj96u007svg7fx3x9ud4474lv8697lzp3ewnhx;2;1;3.08372276;01.07.2024;01.07.2024
UNKNOWN:0020e7251d7b2fd6a1a01667657d92871b03ad13;2;1;3.05097503;30.11.2022;30.11.2022
bc1qey8nhjhe2gd4hqmam8fuwu64fnsegv45ls2w26;2;1;фев.91;22.12.2022;22.12.2022
bc1qtedv33uxe5q6we0awx5x7s6l5zpftw4er2uxdn;2;2;02.авг;04.02.2023;17.04.2023
34iggarHqfkyXvHgy4z8uhzJ2s6rwKbivW;2;2;2.75758;12.02.2025;12.02.2025
bc1qd778fcx67g42h2w4qavr0fxel96g0udfuj7jrc;2;1;2.67229415;25.06.2023;25.06.2023
UNKNOWN:00208a8d032296b6489ea00de9182597226ce4c3;2;1;2.5971374;18.02.2024;18.02.2024
bc1qf8eh8ny6zcazv62vwgnvaq758drj7cm0wwhwkh;2;1;2.52065855;31.07.2026;31.07.2026
bc1q5ye75ce4p9sqg95pes7k85ek3hq5yjklht6sem;2;1;02.апр;03.01.2022;03.01.2022
UNKNOWN:00206a2e341c8d29cc1858f60f1e0cf8422abc66;2;1;2.3414466;30.06.2025;30.06.2025
UNKNOWN:00200c0b231e48deeb94f56fd71cd7c66c515f74;2;1;2.22354192;31.07.2026;31.07.2026
3L8iLuPuEFVTJ2uNFK2eqgzWCruCNpFTa8;2;1;2.21707576;27.05.2022;27.05.2022
bc1qv5pv9tqc3ylrkgm5rfcpzwrk0xqxdpe6fcjhcm;2;1;2.18893986;31.07.2026;31.07.2026
bc1qus2lff4r30z80x7j99ukw8v5y6lu0gmnv9hdke;2;1;2.16957447;31.07.2026;31.07.2026
UNKNOWN:0020732075c043b3585cbe5d191ad78b4500df67;2;1;2.07764124;18.02.2024;18.02.2024
3CQanwKodCoSBwaNWdELNZAqsPgNtwMaSR;2;1;2.00979631;22.01.2024;22.01.2024
34nCmGMezqZjf32jEYNqUpWn3adXkJttcY;2;2;2.0;30.03.2024;30.03.2024
bc1qaqy4th5qznqk8jqfxsngdfnd7h7a9fnkjh393g;2;1;2.0;22.04.2023;22.04.2023
UNKNOWN:002022919f0ad271409cf719025e360db807632f;2;1;2.0;13.06.2022;13.06.2022
bc1qyfwnerskcft3vz6t4me0gspgm2pac5hrcq6zpg;2;1;2.0;31.07.2026;31.07.2026
bc1qnt0f5ct0qlqckdhukdyvcndgkg8xwnflrp56ak;2;1;2.0;29.07.2025;29.07.2025
bc1qqpnl4knh29djpynshrxt2jr7jjqypycp43jf3e;2;1;1.99999151;31.07.2026;31.07.2026
39uhd7P2rfDnZ1P9sQXgnLEQ7BpJMMftWj;2;1;1.99987831;31.07.2026;31.07.2026
UNKNOWN:00204b59a292a90b8f352943852acf65e74fa9d8;2;1;1.99407526;31.07.2026;31.07.2026
3LwZ9whiAb2DSmwu7frJHrNzBTG5AQ6j85;2;1;янв.82;07.05.2024;07.05.2024
bc1qvcutd4z38pqf77kfqedt5qduhaktm86qlz2jxz;2;1;1.82668785;26.01.2026;26.01.2026
bc1qfdvf8na0gmwcgp2efnr27ap50tpq3x23u36wee;2;1;1.76220113;31.07.2026;31.07.2026
bc1q6g9xuw9lyxw0umnstsv89zwmemyzkmtspna2z4;2;1;1.727;25.08.2022;25.08.2022
UNKNOWN:0020808af3490611bafe4069548b2da75d7509de;2;1;янв.19;31.07.2026;31.07.2026
1Lfxna4igTt1w519fWTcCDQ4JrpzmAjYCo;2;1;1.596;05.08.2022;05.08.2022
UNKNOWN:0020261ba6b7b19024c14e398a6746beccc1a3f2;2;1;1.58331614;18.02.2024;18.02.2024
bc1qy7cy5mww7jnx7r2fgc3vjd5rwlf9z8m792ra3r;2;1;1.5029382;27.09.2024;27.09.2024
bc1qjtud28qac2mqc7w0wmnmrnepczqz0njevryfry;2;1;1.49998425;12.03.2026;12.03.2026
bc1paca3uyf04d78p49hqfr4qyry60j70mrxvknzl4rjpyztncy055ystu0crj;2;1;1.4918456;16.03.2023;16.03.2023
UNKNOWN:00202afa93496f2d0c78816ae9606dc6025b741a;2;1;1.3853441;18.02.2024;18.02.2024
bc1qsh64lrq8u0l8yrnurneztu5rz05zeq0zy97gxk;2;1;1.34217728;14.04.2023;14.04.2023
bc1q358s3yaah3ee3w6gapquh60jh5wykznagjyzr5;2;1;1.34217728;14.04.2023;14.04.2023
bc1qcwqn2swdpxg8tah0u552x8gaf2uwez6zfsw09n;2;1;1.34217728;14.04.2023;14.04.2023
bc1ppdemczt04djspts2qd76qpu4ywsv33u63v88wavszkprgp5j5teq52ztf2;2;1;1.34217728;14.04.2023;14.04.2023
bc1ptc0e5selxr9paqclyph5fuf9c7l4fekx5d35uvs76azxrn3vst8s7h77kf;2;1;1.34217728;14.04.2023;14.04.2023
bc1pdre55p9493hq6tye7l3g5nmengvxvz54zhaegpkpku75cpk4gvds5p2ytr;2;1;1.34217728;14.04.2023;14.04.2023
bc1pchgxgypwgg3swkfa9uzw7s4fg0wruskce0fl2desttj06aquph2srg4fcq;2;1;1.34217728;14.04.2023;14.04.2023
bc1qrrz2vy3sfvwu70zpwgk6uazp2nvx948nafqk00;2;1;1.29140163;14.04.2023;14.04.2023
bc1quckm40etqpjp6jm86e7vt5jc64rlvrsdu6zlre;2;1;янв.93;26.08.2024;26.08.2024
bc1qgvjaxcdml6snfdlg630m9pzuz7fr6vm44qftme;2;1;1.23931116;26.08.2024;26.08.2024
bc1qamx4n6yjnjsul6ul7kynvyp4am9kf9d7s6n4g9;2;2;1.20291978;14.10.2025;14.10.2025
3QzyYR48vunYBUDVawhULqmUg11d1Xb7bj;2;1;1.190324;08.08.2024;08.08.2024
bc1qfvv0p435cq78g2k0pv9mgmhdg8yu8dx7vpwpzw;2;1;1.15904918;31.07.2026;31.07.2026
bc1qd6z2ugtdgp6cul3278eafupg3wnzmtckgte32v;2;1;01.янв;01.12.2022;01.12.2022
3GNXnWgGYhMJDWsSRXyVtsuBfLZnXxNsg1;2;2;01.янв;28.09.2023;28.09.2023
bc1qksm2sxsackppaa4f0uf36epnq2kzm5xc7ntl70;2;1;1.0879169;28.03.2024;28.03.2024
UNKNOWN:0020be7d301b278551783862ce04419c303af334;2;1;1.0326358;10.01.2024;10.01.2024
3A1n9fNbx5CDYZfEuYDG9fNTGoMKqZoNqm;2;2;1.03173893;19.11.2025;18.01.2026
UNKNOWN:0020bd700f1fe63167c285124f9f776b08d61166;2;2;01.янв;16.06.2023;16.06.2023
3MgX4p9B9WVxodq4y48K4GFVBJqeyXcXVX;2;1;01.янв;14.09.2021;14.09.2021
bc1qjx0dahwhuarnwse5vrlju7vssqgavazfyqdfz8;2;1;1.0092843;31.07.2026;31.07.2026
bc1qxk53lnkzh77ancgvjjz58gxguckrf4tegd8gjp;2;1;1.0069477;31.07.2026;31.07.2026
3KakkpULkxS9uhJmfMBrpQVNLPzDXP9QCC;2;1;1.00099016;15.07.2026;15.07.2026
3CeVTD6hUDtr8MDhWAivMUHpgVn4mt7WZj;2;2;1.0007;19.05.2021;19.05.2021
bc1q7aanfeyu5vsa2rux2f45n9llrqc7p9n7erd7gz;2;1;1.000144;31.07.2026;31.07.2026
bc1q72l9amqc27qqyvqlhplcaeqnr7d5wz5adregdt;2;1;1.0;08.01.2025;08.01.2025
3D6E7p2b3ZqjAS2LSJCCmiwxE1DURkD3Z9;2;1;1.0;05.06.2023;05.06.2023
bc1qqrf23u0pf6mqmrmp5rkcredfsfdl7qfxnc8eln;2;1;1.0;08.01.2025;08.01.2025
bc1q9n3n0s5lh9p4rjqle7muj45ajgl28rdlr3396z;2;1;1.0;03.02.2025;03.02.2025
bc1q0t8ycl5eza378v9aa8zunm7x2562hja4afpf97;2;1;1.0;08.01.2025;08.01.2025
bc1qsc7x7pp58vnwcu94h36y58qx0v29shtdpd0s4x;2;1;1.0;05.05.2022;05.05.2022
bc1qwhhpxp75wwyeyng24zswk7vpfafsuyumakm3xl;2;1;1.0;03.02.2025;03.02.2025
bc1q3ag8jvqy2cndk0r0ezzkcnzkchtl7hkk394gxj;2;1;1.0;08.01.2025;08.01.2025
bc1qvq53rmjeu3vms007gdv94uuva4yu6lmp50dprm;2;1;1.0;08.01.2025;08.01.2025
bc1qrzqfgslqgxd42hr45gdvyd8tdwd8dd08x0e04g;2;1;1.0;08.01.2025;08.01.2025
UNKNOWN:002065b9b66347e5a5275060956d757a555002d4;2;1;1.0;18.06.2023;18.06.2023
bc1qrx5hsps22rp8dzt04wullhw0jhmmgrczs07ay9;2;1;1.0;08.01.2025;08.01.2025
bc1qpjzhva4ule4jyj37cpy5cx2lj9xmscjew6cp06;2;1;1.0;31.07.2026;31.07.2026
bc1qfj5tdts5unsjnwwn9xxh7xg2p0u59c8k9333ay;2;1;1.0;02.02.2025;02.02.2025
bc1ql9np5tlar8f08huea9jta7gtx6zyut309ug92t;2;1;1.0;08.01.2025;08.01.2025
bc1qve5lwf7my2k9w6vn6pf7958p5s9p5z6zh6tx9j;2;1;1.0;08.01.2025;08.01.2025
bc1qllcdchmaf0ng7fkg8lct59z37rm9npjda2z9nq;2;1;1.0;03.02.2025;03.02.2025
bc1qx787cxxf2xjzdlenaw9xg72pxsljgxpnadmkav;2;1;1.0;04.02.2025;04.02.2025
bc1qa4vss49vssxl5fn9xwjpz30h4y06z0ucux38tm;2;1;1.0;08.01.2025;08.01.2025
bc1qy3krkypz7u2nj7y9amn0sq7es0p8q9efl425qg;2;1;1.0;08.01.2025;08.01.2025
UNKNOWN:002046343d09c0511f6254c81fe5452e63cff88a;2;1;1.0;06.08.2025;06.08.2025
bc1qnnve46s5q2rs6ptssmzgd5cydg0j64dp26rsyd;2;1;1.0;08.01.2025;08.01.2025
bc1q6zjzn5z0ezmrmlhm4lsr3zktqz0x9medahcm60;2;1;1.0;08.01.2025;08.01.2025
bc1qm6e5v0ampgxf58x558dudjxa9esdvh4h6qrj8u;2;1;1.0;01.03.2023;01.03.2023
bc1qcqvp3d03g7gc85vxxfssu5alf3anjpchyc2j7w;2;1;1.0;05.04.2023;05.04.2023
bc1qxjj63k7q6drn4cd0crevhrecln8xh82zz0vr9x;2;1;1.0;08.01.2025;08.01.2025
bc1q4l8yh38ep0kqlf3yqyxmzpukajqywekcaz8v4j;2;1;1.0;08.01.2025;08.01.2025
3MKtpa5x9wZkH7GgGe1KceVPbXrHcGNzuL;2;1;1.0;06.06.2023;06.06.2023
bc1qslc3vffghllhfa8jfmrs9hqjetvqjg8ge3jl3t;2;1;1.0;08.01.2025;08.01.2025
bc1q6rxql2a5xxlszf645mhqmpc48jjnl9luvqsxhg;2;1;1.0;08.01.2025;08.01.2025
3BrscKiXYY9bc2M2U8Mk7GLQq7YcHDS4X4;2;1;1.0;07.06.2023;07.06.2023
3QURwggfmvgRu51JCiC4tKuyRkZaFzkPay;2;1;1.0;05.06.2023;05.06.2023
bc1qvdhact23spzckp9rfgdps74mcsrya88r2c7aac;2;1;1.0;08.01.2025;08.01.2025
bc1qa3ja2cmskrzkhx05rp72nn442y4yvjevsj4pg7;2;1;1.0;08.01.2025;08.01.2025
bc1ql8g02rvnyn8fuehry4e0swhyna5r9427jseq96;2;1;1.0;14.04.2023;14.04.2023
bc1q0q4xt9pl8j9suehvr5hr4mfhw89vp5yeg5yzg3;2;1;1.0;03.02.2025;03.02.2025
bc1qu6rc5s5j4vwkfvhnsc05tux0ydfsjp6qvnkhm6;2;1;1.0;08.01.2025;08.01.2025
bc1q07mc4pafeqdryslmfzpuuwr8dvgq68rf62rqag;2;1;1.0;08.01.2025;08.01.2025
bc1qjdn4mjfe4lxx48v6sfcsj63ezsplp3sx6qtgmz;2;1;1.0;08.01.2025;08.01.2025
bc1q8y80tasrmurdcvwj22vxgmmrdqewuxhq2wy50w;2;1;1.0;08.01.2025;08.01.2025
bc1q3urm4mkgq4pfnr7c3880qs67nyyevl9krralzj;2;1;1.0;02.02.2025;02.02.2025
bc1q6y8a3ga9q4knzzdgf73a8kyaw5tp6zq08pulvc;2;1;1.0;08.01.2025;08.01.2025
bc1qx4457y563es32l2l2qe33wy22gsm88220dwjpj;2;1;1.0;12.07.2022;12.07.2022
bc1qcx334aftqjx738hga6n7ptph8993jfw403gez9;2;1;1.0;08.01.2025;08.01.2025
bc1q2x3a9wey0fh7f9etlcpgqs34q8esc7zklhn6k4;2;1;1.0;03.02.2025;03.02.2025
bc1qr0wk80x7ju0tvewqsjq9h8ke9tj0etec5rp24s;2;1;1.0;08.01.2025;08.01.2025
3K44o1scmBM6wd66XvEt4YoomfKp7nr87B;2;1;1.0;07.11.2023;07.11.2023
bc1qqr29up7y840hc3t5r9p8jle2fdctn7pgwctxc9;2;1;1.0;08.01.2025;08.01.2025
bc1qkqh8dekl2qwk7dekmte4hsr7dpdh5q7g6nc4wy;2;1;1.0;01.02.2025;01.02.2025
bc1qchzjrtydmlfgcwq27e5t3z5x7lyg490dxaxvef;2;1;1.0;08.01.2025;08.01.2025
bc1qyvdmngw7pvpcn4978re0c48yk0md0k2ck9yn7a;2;1;1.0;08.01.2025;08.01.2025
bc1qed5nljd5c0cttfdg7qfqdaw3y32dlgnxs3x5u7;2;1;1.0;08.01.2025;08.01.2025
UNKNOWN:0020466c30d838843b9aa80ea9a8f3753db4997a;2;1;1.0;16.11.2024;16.11.2024
bc1qe5nppgq0hykezy3pddkzanpq4qczttfhjqh5z3;2;1;1.0;08.01.2025;08.01.2025
bc1q04hmnj9cp44m3qztev0zehz8dmucyx0dgzgrd6;2;1;1.0;05.02.2025;05.02.2025
bc1qpt7hnw2whfm7fftqj28kp622nht325e6g0g69l;2;1;1.0;10.12.2024;10.12.2024
3JesAwJqMhUnecHWpJZPmbZwdxDjKhxYaW;2;1;1.0;05.02.2026;05.02.2026
bc1qmcvjg6ge7y228q98947myzc47alyg6klqgsg9q;2;1;1.0;08.01.2025;08.01.2025
3CUdnNGVyeuB9cJ53BswLvKxX8RDSvuwaG;2;1;1.0;08.06.2023;08.06.2023
bc1q2k08zl5lqqmm9h4qaa7nme40hf8e3yca27jjf5;2;1;1.0;11.07.2022;11.07.2022
3NVVEj2De3dVNndoAVJUd8VaA2n5pMxuMw;2;1;1.0;30.07.2021;30.07.2021
bc1qfrdvet7qk44snn9lp0vwzrshacj0lg8m552r99;2;1;1.0;08.01.2025;08.01.2025
bc1ql7ayvunljpk6pnarseyrrf8jqxncpv9gj68el0;2;1;1.0;04.02.2025;04.02.2025
1AcQFi2o46DhakEw12pikeRJHGzjHvWBDm;2;2;1.0;05.07.2025;05.07.2025
bc1qltqz7ck3hqmupkaufnxjn58uuuglrp4e6pgg99;2;1;1.0;03.02.2025;03.02.2025
bc1qfj3fxyxrw9tlfyxav6vyfarjdcvj2zsp3ynnnt;2;1;1.0;08.01.2025;08.01.2025
bc1py32lsr4jmzmhz070fd9ey6nswmwcw3pt8w9zjlfhg82zc306wvcq7fx9k7;2;1;1.0;06.07.2024;06.07.2024
bc1qwm0ha5vsedcqdlg4m64ak7ks6x7f59das04eez;2;1;1.0;08.01.2025;08.01.2025
bc1qlgcqtjlje7vckglz6vjg7qke8s9uux9xe020uz;2;1;1.0;08.01.2025;08.01.2025
bc1qz8veyrvpwh8ryv6ygjnpddd2r0wu047j9hz0g2;2;1;1.0;08.01.2025;08.01.2025
bc1q8j4q5n8mak63me74hjlx7qxer92ehgqmfgfrm9;2;1;1.0;08.01.2025;08.01.2025
bc1qgh6znjf3gfscj90gtt5hzwpg82zpf67gmnfhr6;2;1;1.0;08.01.2025;08.01.2025
3LH1rdUdFfUei3Kxwv9sL7cDcM3rNhsErW;2;1;1.0;22.11.2021;22.11.2021
3NtAqMPMSKTn7wQ7i3BcNaeU3Ekp7PyDPB;2;2;0.991;10.10.2021;11.10.2021
3FUDk6mrRyDEKG9PWsSe3t5HrLiRnPuEpg;2;1;0.9635591;11.05.2024;11.05.2024
bc1qaqslyx0pwrczxsfyy0a7sz80yk9w5efjmykeq3;2;1;0.94948671;31.07.2026;31.07.2026
bc1qdz4qzq5pwv42a6adwfveap5aetg9etwq74k2ua;2;1;0.94896321;21.07.2024;21.07.2024
bc1qjw4v6de79swwqe7yv4jhue6z6l2xkmdc7n96fs;2;1;0.93965373;31.07.2026;31.07.2026
bc1qjcutlmsf0kjqhwcgnnh666547gr9k8zrj9hq8e;2;1;0.9388991;31.07.2026;31.07.2026
3LPWs7e8HMttDQGv1Lmh5HthGSP7Ym8JwD;2;2;0.92408933;12.07.2021;15.08.2021
bc1qf4rhqgl0ywhen9gv7xff7fz0r8quqg9gpawxwf;2;1;0.8269296;08.10.2024;08.10.2024
bc1qdcy0fgnessaz2awgrm4c4m0c2evhqlk4dzn7s8;2;1;0.79804701;31.07.2026;31.07.2026
bc1qu7mfcpl52wcmkeapy7wjanzgzt2r67c4npch0f;2;1;0.79729124;30.07.2026;30.07.2026
bc1qur2f29yzm6hl9vyv2u8p48qqvwemvjjafknrkn;2;1;0.75537921;31.07.2026;31.07.2026
35FKRnkuCVe7DXfsWuCmutvjtFjk7RZu9e;2;2;0.7501225;06.01.2024;06.01.2024
bc1q0h8pr844eycxvavex8qhregmvnx2x7cxl93psu;2;1;0.73;17.08.2024;17.08.2024
UNKNOWN:0020c88e210cb9b64c0c558497ab80d2e025d0a3;2;2;0.72931692;30.06.2025;01.07.2025
bc1ql3f9srys236tg4jtwa2l25j6t5jh9gztw36p84;2;1;0.71711897;26.12.2021;26.12.2021
bc1quccss3a788ld7j39hmgsat39gwxs6hh7c608z4;2;1;0.70892336;06.07.2022;06.07.2022
bc1qmerv5ysq2em3khkakwukrkcfrhar43nk7q83dp;2;1;0.70043957;20.10.2024;20.10.2024
bc1qmvjfej6av8mw4g94cz4f69yl9fukfc598wgsph;2;2;0.691;27.06.2026;27.06.2026
3DxVctxZTU6CHCFtET9uXQfu8A7T436UAM;2;1;0.69;21.09.2024;21.09.2024
3LiUCL5C1zvNGZsdbCiGGEPjJAZrpanvwE;2;2;0.67551946;09.07.2025;05.11.2025
bc1qkjfdmhchsplpdejfj943x2wncz2pa2l6vaqn6l;2;1;0.67209656;31.07.2026;31.07.2026
bc1q5k03wvpk0g4seqldr6gx9gzpahy080zq8da2p2;2;1;0.66511459;31.07.2026;31.07.2026
bc1q30uf297f4xxdc9kmuln4w2v2x2h7jtf62d95ps;2;1;0.66479763;09.05.2021;09.05.2021
bc1qs9faacujqxc6vfrf6wqura0mweuhd6rjl7xunw;2;1;0.66256976;30.04.2022;30.04.2022
bc1qrs4enh22k6xu3dj4jx2q6zqvu4e3scejzpvkvn;2;1;0.65999587;31.07.2026;31.07.2026
3CxVxdZYY6ouECMCRBDaeyKeF2rVqieQjU;2;1;0.6499787;17.06.2022;17.06.2022
UNKNOWN:0020abb8abbda74b7a8fe37c7cbfb42fb9ddc028;2;1;0.64;01.06.2026;01.06.2026
bc1qlg8s7umeldwpxhdgmfp7er5w7t5vpx46fr29mp;2;2;0.6195317;27.02.2024;27.02.2024
bc1qneatx0y5pu78wvdx4w8ruulytlclxhn4c7aea2;2;2;0.61389935;18.05.2023;06.07.2023
bc1qxl0355rqcz29l9vvh2s9egftzfx4ur5jfafak5;2;1;0.61386295;31.12.2022;31.12.2022
37UMFuYz9moYnEQwaLN5K3vCd9kYCVJDi4;2;2;0.6078943;04.09.2022;06.10.2022
bc1q8402qvkwvsnvvz3sqft0y7xgtu6zyrdrtpkfn7;2;1;0.60233279;30.11.2023;30.11.2023
bc1qn0k3ukxsfrcjnwavn8qtxj3paqjwlf4e8cr2vj;2;2;0.601;31.10.2024;31.10.2024
bc1q4spsa4cr2tznqswe45064uee0a6mtj3dm4cmss;2;2;0.60054732;13.12.2023;13.12.2023
3LN1sicT7VmwuKfW4mKMsoddRZ1KPTUnnd;2;2;0.57816729;01.04.2023;01.04.2023
3CWYxsXxWMazK8SRC2o67GFDaWuJXgnebE;2;2;0.55266728;10.12.2024;10.03.2025
bc1q4dw3jt0w4kjl3jn9wzg4n8eq252xlen085tf6c;2;2;0.5497008;07.01.2024;07.01.2024
bc1q74hy93m669rfls22fv2m8fdmkh2prhh5j6jucz;2;1;0.54964547;31.07.2026;31.07.2026
39J6HrJ3aJ3UufJ9h6KqzpJEGD2y5vjBHn;2;2;0.52757374;01.06.2024;30.06.2024
bc1qe82mjvvaq494ptkcuu8xjmffagfw62xeemk268;2;2;0.50933436;19.12.2023;19.12.2023
bc1q7um5excfvn4sfawl92cg8gtapk44ctpf2jkfug;2;2;0.508;06.03.2024;08.03.2024
3QzAR7SwPRrXDGe2vD2fjj9sCPZnnbGrvp;2;1;0.50017045;18.08.2022;18.08.2022
bc1qykqx8h07gzkc9ruzxfx7p2k6m8tshqvrh69890;2;2;0.5001;25.02.2024;25.02.2024
bc1q83jfcp356f5ltysgpfuy8yhe28g5v8pgwx3km0;2;1;0.5;18.07.2025;18.07.2025
bc1qs673e7djtpeqvte2t0uucdj7ra3lacp9qp0my4;2;1;0.5;02.03.2025;02.03.2025
3MXcqRKuSP7NLHaFaNbFvpFrpxLnyYgwPQ;2;2;0.5;04.06.2021;04.06.2021
bc1q6mmqce0xsxytlhhw5e62rwmutmajahxd4lw9xh;2;1;0.5;18.07.2025;18.07.2025
bc1qkf0c4rl2axewem4geyn5r9kz475vftdpwsh639;2;1;0.5;18.07.2025;18.07.2025
bc1qlrt3wqrg3vvcyq0sl75h7a9p8lna4cclr2ywcc;2;1;0.5;18.07.2025;18.07.2025
bc1qrn9qfav3urqpw5kjdlfwmgddezuzee7w8kwzfn;2;1;0.5;31.07.2026;31.07.2026
bc1qpuk8w2r2gqhtdn99ctg3vndczkgfe67laham2d;2;1;0.5;27.01.2025;27.01.2025
bc1qzwgxpsk700lw5np9d63w3wwj5dd7a595j9e0j3;2;1;0.5;18.07.2025;18.07.2025
bc1qawk03psrqpjaf8p6sytyts52avfnvq7z7x4gt6;2;1;0.5;15.10.2022;15.10.2022
bc1qz072qxzjwq4fxt0kket6rt58rlk87yrhf4j40z;2;1;0.49977752;06.10.2022;06.10.2022
3Ht4CQzj28gN21zNFkoX3hicFFcoSy1gpV;2;1;0.49944988;15.01.2026;15.01.2026
UNKNOWN:00204bd1396b061e747e50238da7fa8e245275df;2;1;0.49654123;04.02.2023;04.02.2023
bc1qtnayal44pty5vtwv6p963m6j4sdpfhrx9yqk8p;2;1;0.49651513;02.02.2022;02.02.2022
bc1qzy24gtt4lg0wgsl6vjwpzs4r9g7r0duygj0ca8;2;1;0.49;15.09.2025;15.09.2025
bc1qypa7uq8077t0tz0a259usxsvxy8r0nm33pyd29;2;2;0.4845;18.11.2021;18.11.2021
32kXvS8EvHK1kVtr1hgeWesu68C1gzpFTp;2;1;0.48193716;23.10.2023;23.10.2023
3A51Et1hxGhWS7EEeXKgd6PhjNqncshL5C;2;1;0.47516847;13.05.2024;13.05.2024
3PL2GKveBLHUTvKq3odrXwS6NjiQhyq6K5;2;2;0.46757629;19.10.2025;31.01.2026
bc1qlgtd8kxft0ptcj452asktf5qycjtq8x0j3xg0s;2;1;0.45594346;31.07.2026;31.07.2026
3NQuzvAecg76dvXMDfPYB9osLguNzYu1pw;2;2;0.4502;19.06.2023;19.06.2023
3Afy7CGqpfKL846g6m8YSu5DMzdsatZSBK;2;2;0.44951574;31.10.2025;05.03.2026
bc1q2swqjnhzx2spqchp7cf0as9upvzh3j2umk3yhr;2;1;0.4489849;31.07.2026;31.07.2026
3ChNBASrAKGcwu6iUoKNBY4p8oYAoYBMzH;2;1;0.44430425;12.06.2025;12.06.2025
bc1qpkeu87hkgzeml95ahnf0lvvf2ewzfsj8q050hj;2;1;0.43046721;14.04.2023;14.04.2023
bc1qyrdg6ega6m7ae9srqy2yg225a7zv6qvxmnv5hk;2;1;0.43046721;14.04.2023;14.04.2023
bc1qathfq9fuuys6hky3uja62a2pravzxnpn0cmnpu;2;1;0.43046721;14.04.2023;14.04.2023
bc1q7w48l67t2jljtlz5rgzrqjs2akh6f3s2jejchl;2;1;0.43046721;14.04.2023;14.04.2023
bc1qn7tfeytd443uz59emlrrfkzp82266ldnm00xkq;2;2;0.4274;02.08.2026;02.08.2026
3AHCTUDuhTz4Ri3Jc3XGB1RXyw3RbTkUU4;2;1;0.42;16.04.2023;16.04.2023
35JNZbmUWV5Bwr5nAxqLKuUMA3wqe4QJwx;2;2;0.41968029;14.06.2025;09.07.2025
3Qr7T3XUVk56TWTF1kqPTwsSAXxiJFL955;2;2;0.41867938;17.06.2025;09.07.2025
bc1qydvwjuy27pgxkvyvruy0klts2wnhcj8avp4qrd;2;1;0.415741;31.07.2026;31.07.2026
16x82EdvdbUP6HaTCXA1WMdc8izN5uz52w;2;1;0.40987904;18.03.2024;18.03.2024
38QvinHHhDJw6NjWauB19NB5vCq4GgeuAb;2;2;0.40750032;02.10.2025;04.11.2025
bc1q6amqqtgdre957zfpsj4hdkh3tvpufwk5wn0fv9;2;1;0.40219753;04.07.2022;04.07.2022
3DgxuF6Zkk9ky7QnuKk1zmKsJyzg7W34sA;2;2;0.401;11.11.2024;11.11.2024
bc1qnqwyx25l8pp5dufda7xjqsaffh6w0ch2w7fhtd;2;1;0.39985323;24.09.2024;24.09.2024
bc1qdfk6nykf83w4u8spyclsetudhhe9ep5q5h6cqr;2;1;0.39532894;29.06.2022;29.06.2022
bc1qqd6z6cmsjhgtg4t2gf8p09qdq7lvys7225dfkt;2;1;0.38680041;11.11.2025;11.11.2025
bc1qr29thdxgzkfha50udlwj7arggv28sy04kvkdsj;2;1;0.38;29.03.2026;29.03.2026
3CfzKHFt1qYFzzDrSCzwhLnoWJZzqyEJEF;2;2;0.36895529;09.11.2025;10.04.2026
bc1qucjy2wt69wzg2qrw26pk0rs0pmz3fzxzhxfapq;2;1;0.365;07.02.2022;07.02.2022
3FgbaCw2QsQw1UQizeeaeGewvTyA2D3wLo;2;2;0.36194768;17.08.2025;25.01.2026
bc1qrp5vx7gnqp5zhrrf89g5uxr6h4ylkftktql04x;2;2;0.35684;09.01.2025;09.01.2025
UNKNOWN:00208bb56a1639c672e31b41825613254a639319;2;1;0.35003792;28.06.2024;28.06.2024
bc1qy5rtsjj9j566k5phnay33r5r3r4hyx7qvue004;2;2;0.35;06.06.2025;18.07.2025
bc1qkm93qz07greyq56ns60a4tvvznhf3wk5f23wse;2;2;0.35;11.07.2025;18.07.2025
bc1q3wrsqywmd0munl09a0w7te0qkmxctg3janlgc8;2;2;0.35;29.05.2025;18.07.2025
394RCNc81ocm2hESCDReiFyAJavFGkc9WQ;2;2;0.35;22.05.2025;27.10.2025
bc1qwwzs74uu44ya5m92kfnemy34p3dka5yc0lt09d;2;2;0.34015488;18.03.2024;12.05.2024
bc1qmctyppgfy07s7mrd7ys6vzh39cquj8uvyl5fpy;2;1;0.33464261;31.07.2026;31.07.2026
bc1qzk0wej4we7krt3hxs66835cg6uky5x3kzj2m96;2;1;0.3322034;31.07.2026;31.07.2026
1CsNAZnV94dWN55AhCA6NfNNjhJoVvUgqa;2;2;0.32925289;22.06.2023;25.06.2023
38UasjQ3Q1DsGW7cEtucyG8ZktyUcV4fbh;2;2;0.32;29.11.2024;23.06.2025
bc1q5c3xy3h45xzfkxrw72njwzxg6j9cj8h2dcum03;2;1;0.31450615;06.10.2023;06.10.2023
33h56K4Ro4JeAPqg6SAmAcqFnUUcYyazBr;2;1;0.30999773;31.07.2026;31.07.2026
bc1qaeqvhke88mvhvnleqsyzwayxw04stel6z6fel2;2;1;0.30944268;01.06.2025;01.06.2025
3JunWaJdmPTURA5F9x8Mw84BSVyLStt7xi;2;1;0.30831877;31.05.2022;31.05.2022
UNKNOWN:002061a5b9e00494d43edc1b69a3c6e780eb599c;2;1;0.30759665;04.01.2022;04.01.2022
bc1q7gcv7297pfnm2jwrp7yxqs6rl7fl0f9d3ksmf7;2;1;0.30605699;08.02.2024;08.02.2024
bc1qfreuy4aeu4695mq2fpvgfgj0g7zlyu7mq2q64k;2;1;0.30421;20.08.2025;20.08.2025
bc1q8r0syzdtx5hcstk89mdmjsncjzka2qd7sds2ym;2;1;0.3;31.07.2026;31.07.2026
37PAmvc9e5CnpJ3aMTSEdBwrkeNrAyXy3V;2;2;0.3;14.05.2022;14.05.2022
bc1qwwnq9sgkpu9swuhpgngs9twuuy7pmpr27tx346;2;1;0.3;14.11.2023;14.11.2023
bc1qunmpwjkyg9lwqrtxupfasmftcdt4fs7x2lhzf4;2;1;0.3;31.07.2026;31.07.2026
bc1qpruhc9sw4r08sph094ce5x2fezkglpgv0adqse;2;1;0.29598365;08.02.2022;08.02.2022
3BnR1WGXdkRppWh3xNobduknDXF3SVtCcK;2;1;0.29578188;16.03.2022;16.03.2022
bc1pqy85p347lvq2sav65lzy62ekpfzyfddvwdj4smekk3u64ujuk6wsw2uxxt;2;2;0.291;16.03.2026;16.03.2026
323RPiar7TQdyoQwQVR33V1yei6Dy7CSwr;2;2;0.28986807;26.07.2022;01.08.2022
bc1qtazxy0zs56pawcne5u7dae63jr62jx6fk9dath;2;1;0.28697814;14.04.2023;14.04.2023
bc1qwz7flkcllj24czew0k2a0kuqjg88kwpgspnzn0;2;1;0.28697814;14.04.2023;14.04.2023
bc1qsl36s8jc09k6wtd47u83vdd530ps3kccyvcqq4;2;1;0.28697814;14.04.2023;14.04.2023
bc1qla8w7u68vp3xe8htcp2rm4yrhrtyatqvp4k2th;2;1;0.28697814;14.04.2023;14.04.2023
bc1pr9kj6qc72gj4gyh0jctw6ud5ltzfzqj9uezwsr8trah0pu9g3lkstc2xyp;2;1;0.28697814;14.04.2023;14.04.2023
bc1pwszsv8plhn6lacqsl56zeqgn9z69l48j50t3cvs32skf9yzudvyqeswsrk;2;1;0.28697814;14.04.2023;14.04.2023
bc1qr6wcqwgzwanhzcs8p4g6hd9p3efe9pqwfz8f9m;2;2;0.2814771;23.04.2025;23.04.2025
bc1qagdmxwussp5c55z4lrak6z5ug9udy555zu6wjq;2;1;0.27326385;18.05.2023;18.05.2023
38UAmhNwZMtqgPGtJCYufnL6pKME4jpDSH;2;1;0.27192852;29.12.2023;29.12.2023
bc1qrg6mfnkksfyuvt0gcy537pug3wxq2t2s3kkk54;2;1;0.26908149;31.07.2026;31.07.2026
bc1quff3dmr26v6a8k6xpx0p304sm5w7sylrzuh3zw;2;1;0.2626012;31.07.2026;31.07.2026
3LBRkcrpDfVmTbJjNqqXzd6QCGeTTdN5wq;2;1;0.2598688;17.03.2022;17.03.2022
bc1qts7apfrp8qzquyxnxnap8hgyddat9qgnf04wl5;2;1;0.25794053;31.07.2026;31.07.2026
bc1q2fy9acwekurvvzxmr036a7sy0mmtqsmt7fyezw;2;1;0.25660644;07.10.2025;07.10.2025
UNKNOWN:00200cf66b732b3bd9b8f2b1a9134da4db499073;2;1;0.25543765;04.02.2023;04.02.2023
bc1qhp3kq4mqhqadc53q35lm8vdkwgq7fnsczxg2ad;2;1;0.25525161;06.11.2022;06.11.2022
bc1q67lhw4fkksntml9s9jz0curpqy76pr8m458033;2;2;0.25476474;07.11.2024;07.11.2024
1CNKS15xQvS3B6Uz5kAPuvEZ9J9aQhzpGQ;2;1;0.2530476;29.12.2022;29.12.2022
bc1qfrsg2ry08ehwqnz47z0g6eyuqe3zteu2nx7cp7;2;1;0.25170719;31.07.2026;31.07.2026
bc1qkg8v25qgmnnw52w3qdzg304fe2lla3thfcfmm6;2;1;0.25099458;31.07.2026;31.07.2026
bc1qnvw3r6q898t9akpstu0sqlw9ke0ynfm95j8t0s;2;1;0.25;23.04.2023;23.04.2023
bc1qg9heewn4g493wg5937g4f4l3q8qd5algych3tm;2;2;0.25;31.07.2026;31.07.2026
bc1qk3tfdplfeq4qzh464japgg0xd3apsdqm3mpd4q;2;1;0.25;31.07.2026;31.07.2026
39TNAYekJyyMWAYv3obbyXcRfi5oQNWqJQ;2;1;0.25;16.04.2023;16.04.2023
bc1qwzs00dzsdj6audf5mf54wt77tpkqun08ecqgvt;2;1;0.25;10.07.2022;10.07.2022
bc1qdp5fvazg4s4vhsag3k83aks55t37dqywzk8f54;2;1;0.25;07.05.2021;07.05.2021
bc1q2tjc9ympn28umf84nczpf5fthjdc83dqcp92ne;2;1;0.25;31.07.2026;31.07.2026
bc1qtsmfwy28c5sfd7kwvtr4cz8wmaplg87ja7kg75;2;1;0.24998981;03.11.2021;03.11.2021
bc1q5fhznzyrdd00v0cxsvv8nktt9cs9jws7exqyeh;2;1;0.24623545;14.05.2026;14.05.2026
bc1quwjenmd2a4uhtnapd3reqctk9zq045fuzeym38;2;1;0.24600626;05.02.2026;05.02.2026
bc1qa2zvs5dpfyh69fzsucv58pgrchlpush59fslca;2;1;0.2445024;28.10.2024;28.10.2024
UNKNOWN:00202a409d9d01e6eb4e52b78d4ebab31eb1522a;2;1;0.24;18.02.2026;18.02.2026
3Msc1YL27hSVDRMWn4LdqekDdHu89NnkqN;2;1;0.24;30.04.2022;30.04.2022
bc1qsgy8gpqf2w658s3dw7qv3m6kpuduacj4gzv5hh;2;1;0.23762978;31.07.2026;31.07.2026
bc1qnw80mqu8zkvhend9l299ewva2ylqz7l6pvgw0f;2;1;0.23599619;31.07.2026;31.07.2026
bc1qzh0c7cnuj2vfmyt4u7fafgasyq354544was54c;2;1;0.2313345;21.05.2025;21.05.2025
1A2yKXDRd4zrbjgN129wBKwhfV4YUPM3QZ;2;1;0.21855299;10.01.2022;10.01.2022
13a49wy39XbnPS5v56B6pCLJVgMxHji3tD;2;1;0.21853623;08.01.2022;08.01.2022
1MQjrTxpDjduL2TjQWaBxrZfoYphFkuUmT;2;1;0.21852987;21.12.2021;21.12.2021
1LDa6BmX3J28sGGwniDgpiNi31j9VF65C;2;1;0.21851864;06.01.2022;06.01.2022
bc1qa2m78se7c2ge6r5a7lj44nswxvuzja2ymfjj59;2;1;0.21817245;22.11.2021;22.11.2021
bc1qlcg9pkvp5t6pprfkec4zrw3thggpr8nkny4w0d;2;1;0.21814688;31.07.2026;31.07.2026
bc1qdatpku4xz4ck9jq5ag63tgf2gecqrajvenm8sq;2;1;0.21790389;31.07.2026;31.07.2026
bc1ql7t4q6p2xpjfszk37lkcf8kpdk4rt54zs5wzc7;2;1;0.21299209;27.10.2023;27.10.2023
bc1qa0g32mj8yj93mm398duza2ae84cvckg7pc3lr5;2;1;0.21244409;28.03.2024;28.03.2024
bc1p4haamd4xfv9zft8mhmgzl3fspp2jyvxp0f26vtlnhaqu3cn0chms8znq3m;2;1;0.21;24.08.2023;24.08.2023
3N93ZTHNKodX2Y7Lb2JbpU4GuFx7JMHynC;2;1;0.20459051;17.12.2022;17.12.2022
bc1qhzrs2zj00zwcwezqsdl99s3a748c9ttuqjm8e9;2;1;0.20161416;13.03.2025;13.03.2025
bc1qys93fekns7255dn6p0tsrgarlrt0h76kxn05yz;2;2;0.201;13.03.2024;25.08.2024
3J5iXWYTtFzxGU3vjAJfNDs5MsxVshKfAP;2;1;0.20052023;28.05.2022;28.05.2022
UNKNOWN:00208b77069d01ae92d923249e96389bc403e542;2;2;0.20000596;22.08.2023;22.08.2023
bc1qpgqaxne5flaagpz3c3dgu2z0cp3zn5tlvjypxh;2;1;0.2;14.04.2023;14.04.2023
bc1qx2gsdnqjxffq5zfqg80dghhg796gr7gjakuezg;2;1;0.2;14.04.2023;14.04.2023
bc1qnd423rcph6hnck9f46v9urxrx5lvgnw6wjg0jk;2;1;0.2;14.04.2023;14.04.2023
bc1q6pcdfg36p753t5wrsrx30rkf29gfrlfs88y8tr;2;1;0.2;14.04.2023;14.04.2023
bc1pzghs0lkf6djgnuwg9ny2unn6tn4r2jyja93ttz9qlmhfqw9vkyysggwuh6;2;1;0.2;14.04.2023;14.04.2023
bc1pww726jsuxhccshj7yfhurcm23hvstzuwm0plywp0z7l6n6lw93sqh8dawe;2;1;0.2;14.04.2023;14.04.2023
bc1phzg637m3dmaskza4dd0w2xj9ahhaxktss4pg7jjrspzpwlnwu3msz5r4e8;2;1;0.2;14.04.2023;14.04.2023
bc1qelcegqmt8dp5ffy6qkzmq5ug24yzklltgj37f8;2;1;0.2;17.10.2023;17.10.2023
bc1q682xsyxhu82ulh7c6ddqzsa3u7eu6ms6khwkst;2;1;0.2;31.07.2026;31.07.2026
393uKeWVwzCWscWSgs2CYHwTTVHJV5qMXv;2;1;0.2;10.01.2022;10.01.2022
bc1qmv0e65kkd0gpk4myve0ww966pjlypgwucuscha;2;1;0.2;25.07.2022;25.07.2022
bc1q6crr794ge4wfle5xtdw8k64vcf0s03u8nqjcdl;2;1;0.19999822;16.02.2022;16.02.2022
bc1qenfa9szw50m6rrs5783a6f2c34ara5kmqran08;2;1;0.19972391;31.07.2026;31.07.2026
bc1qkmm4ujnr5prgf3kyg9yleqq7wqhhf3ftq9ldt4;2;1;0.19966077;26.10.2023;26.10.2023
bc1qj042qn3zpwcdw5lk00u7us9yljd2wh7x8qsj29;2;1;0.19358464;11.01.2024;11.01.2024
37dtyyPuZJhDQe4VW6sZckLu93W9o7yWQq;2;2;0.19331444;09.06.2025;08.10.2025
bc1qg7g7n2tmvg88tpfxg29tewdk6v9hj0mc3s4v3e;2;1;0.19229179;08.08.2021;08.08.2021
3JFsATpx5MiodELsKjWjtRJs3KSKGQdxpZ;2;2;0.19123507;25.05.2022;14.06.2022
bc1qv5726hnr42crxnrt4p3kklxwe7d9kj2ydwwlyy;2;1;0.19016138;01.08.2026;01.08.2026
UNKNOWN:0020723c450f722a2f5022cb37ea42269bbe1f3d;2;1;0.19003553;24.06.2024;24.06.2024
UNKNOWN:0020b46b2a69859f0650ccc67320dc32f96a146b;2;1;0.19003086;24.06.2024;24.06.2024
UNKNOWN:00204b95a86e4c1cf2b467de6a441534f0393d68;2;1;0.19003085;24.06.2024;24.06.2024
UNKNOWN:0020dbcd6ea70a7877b2658fe23869420d884574;2;1;0.19002523;24.06.2024;24.06.2024
UNKNOWN:002054207affc64994d9bb26eae442f48acba2c9;2;1;0.19001699;24.06.2024;24.06.2024
UNKNOWN:002042fed2d86c35dc7ddd8cc44a12cf29d9c709;2;1;0.18920412;02.01.2024;02.01.2024
bc1qu97wygnjs3p5lgrtuw0ftuzl3lzpcp3lpp0xkg;2;1;0.18521923;31.07.2026;31.07.2026
bc1qg47k8uz2l3zx46r3386lh4yr809558tgzckdfm;2;1;0.18516648;23.01.2025;23.01.2025
bc1q9e72u8cqfv6fp946933cmrex7smzxhxnhn8xx6;2;1;0.18498761;15.08.2023;15.08.2023
UNKNOWN:00209422c16fec0b112ca838a691bfc53ce76fe7;2;1;0.17998581;03.02.2026;03.02.2026
12JQeo3ry2VMgUrEmjmAKqGoq7gxpQSm9M;2;2;0.178;09.03.2023;26.06.2023
bc1qle8570r229qsp5fscx8qg7yzguns8xvudhjgcw;2;1;0.17476221;31.07.2026;31.07.2026
UNKNOWN:0020f51133050941fb0a18c74746e8da1f4370b4;2;2;0.17095105;04.06.2026;04.06.2026
bc1qdyq4mlm352kr7wep4zp39vd4gma6jtuta4ntfq;2;2;0.17016975;12.12.2025;12.12.2025
bc1qf64ewns7muj0qdyy7yfyq7ka0l3pu0kllt7762;2;1;0.169644;31.07.2026;31.07.2026
bc1pdmjatxemxjvmhwyqzr0rvdhuylfvqk93zq20caz3uv6y9sgzlh5q6je3t6;2;1;0.16777216;14.04.2023;14.04.2023
bc1qu3rl0et9ny4hsp54zenu59z24th02jvj0p99q7;2;1;0.16346322;26.02.2023;26.02.2023
bc1qzt4ctdlllz8mt6qjragflrep02mc4vz0gujedv;2;1;0.1634;27.04.2022;27.04.2022
UNKNOWN:00206b8d9bc1f6f49e424c6092be813a55afa2ae;2;1;0.16164606;13.04.2024;13.04.2024
bc1qz3j7z336us6njq8ludpdkq47l3ju6vnuq63pg4;2;2;0.16046081;20.10.2024;20.10.2024
bc1qz6hst2hxxemmvaguux9aknxfagn0ssajjsnpnk;2;1;0.16013046;31.07.2026;31.07.2026
bc1q2my6gtpnk5hkdnguvfmr9pyw93lc2s58pp6pux;2;2;0.15904253;25.04.2024;25.04.2024
UNKNOWN:00207fc24e6f7302c857be7a3fcc047ac55ccf17;2;1;0.15564884;13.04.2024;13.04.2024
3PRyj57SHgc54FtdeVCnzqfUCrzgrGYv1h;2;2;0.1555;01.07.2024;01.09.2024
3MtbhEzEox6whDChgXxACg2ZpRCrKszaXg;2;2;0.15410864;15.08.2023;16.08.2023
bc1qlexf55yg4343tyq7txavy7vlpr5x356xsywemr;2;1;0.153885;20.04.2024;20.04.2024
bc1qh0jczv5thz8a58gx4wvns2cagrterhpaujt53l;2;1;0.15385181;31.07.2026;31.07.2026
35j656Stof8FM2Ut1GbLqCEGk48vtQFHf9;2;2;0.151;28.03.2022;28.03.2022
1LjKE2BbGh7X7zXEQaEJ9zADfLujxJW8za;2;2;0.1505;23.06.2025;23.06.2025
bc1qkyvsl05pxfugqypm25np7j58vsk60dyxazz5xs;2;1;0.15;22.07.2026;22.07.2026
bc1qz3azp8ela2jpxxe0tnmt7sd6lva8qq5a9s9quj;2;1;0.15;28.05.2023;28.05.2023
bc1qwcexexxs4j7dazea5e59r7qwy3d36feuye0mng;2;1;0.15;28.06.2025;28.06.2025
3MGxeN59HnVgU1rDJErDWfhqbMDcyFNDEp;2;2;0.15;18.02.2023;19.02.2023
3NNvRcuEcdU6vFh8Fq1cFDcgYw6MvBLu1V;2;2;0.15;01.12.2024;13.04.2025
34Ti7wq8XdJAtHrbbpJs9EvCSVKBJqRrFM;2;1;0.14853037;21.01.2022;21.01.2022
bc1qm2xupzxuzvqdxp82wup8nccwnfmkyh78vdtsvl;2;1;0.14333701;13.03.2024;13.03.2024
bc1q78fwm2v0pal934yqdwcd6zvddaa8hjqf9583kp;2;2;0.14321105;31.07.2026;31.07.2026
bc1qyy52zuu56qtj2g0v2v5kk0wxzkec7r0xjsz04h;2;1;0.14230372;05.08.2022;05.08.2022
35EBe4EWhDsSbmcVmb23YoRQt4c7obUoyq;2;1;0.14168039;28.04.2024;28.04.2024
UNKNOWN:002068c9c4b50aace06d4ad88c3d153e27bc48f5;2;1;0.14;31.08.2022;31.08.2022
3GrpeR2pvqicaFNhGxxH5DAxjKeLRKfSfq;2;1;0.13855764;02.09.2022;02.09.2022
3CCtXn7heJbeGDuhUkX34bGiT1WGBmG3zS;2;1;0.13460877;15.08.2024;15.08.2024
bc1q5hdee05dnv40jmywmg46jrwmw9hc7xafn6p3e9;2;1;0.13398281;23.11.2023;23.11.2023
3MDo8YQzr5z5hmVhi6BkAYPicNeJEwkg2h;2;2;0.13392584;06.03.2024;11.03.2024
bc1qqf3y93s3zmasj7pyjjxm9vjg473a82r0z6mpsk;2;1;0.13324574;07.07.2023;07.07.2023
34LKMHEMTWS3TJZQNaCa8H5VepqUhwbZMg;2;1;0.13253109;28.11.2021;28.11.2021
bc1qvv78tlxxs7e2w96daj4y8mywdy9gc2rjw73y0d;2;1;0.132167;11.07.2023;11.07.2023
bc1qwgddlvufrgqwrmepah88l9sxs6hslyh8t9flxz;2;1;0.13138993;31.07.2026;31.07.2026
bc1qlhulmuxavq9d062nq5xqf5gr2vpqxcwxm8699g;2;1;0.12994085;31.01.2026;31.01.2026
bc1q2all2q8f80alzdexuayry4gtn59dl6vztmnv2j;2;1;0.125;03.01.2025;03.01.2025
bc1qc5hkdylxvra4m9qt8ku09xej3w5d9332fz07t6;2;1;0.12498584;12.02.2022;12.02.2022
bc1q2ljrngd9skuf2mga9u7a5w6vm72uwwmz7pav7e;2;1;0.12386289;31.07.2026;31.07.2026
bc1qlr9ekvfj5ja0x66lu6l7qmms6cesppd56wan6s;2;1;0.1214209;17.07.2023;17.07.2023
bc1q6k7j84ejrl02gn76hlz6mxjfgx3lqkztrxw83d;2;1;0.12102858;31.07.2026;31.07.2026
bc1qd69kp2e2f7h5uunuttde2sfer2lc8225vuawat;2;2;0.121;24.03.2024;25.03.2024
bc1qnqksge3ygeth4fwgywguqtssl67sxsrsv53zll;2;1;0.12011746;05.01.2022;05.01.2022
bc1qq6sksvlqtz8n6xcjnkkr5nu2ttz0xgdw5vad86;2;2;0.12;03.12.2021;08.06.2022
bc1qjlde4ftq3wytzr4lla8alyyyd4h7qt8s8kz5k4;2;1;0.12;27.02.2022;27.02.2022
bc1qkyda3msdwr9pcgfw4kjfrdk4g9sd9ftdqvzgqw;2;1;0.11757399;31.07.2026;31.07.2026
bc1q7rdn63vgmeh7dsa83pj5w8skuj0e6dq6lpvle0;2;1;0.11608715;10.12.2024;10.12.2024
bc1quxszl3qhzjft7xyjjf6tcjt7a3x5tdqnd8ma0d;2;1;0.11409647;31.07.2026;31.07.2026
3M2G6To1D8H5qs8SdPK25jxC3v7iJkhERF;2;1;0.11381;25.03.2022;25.03.2022
bc1qv3m7xx44lw8ze90v56985fcxdszmd4jn6u8sm5;2;1;0.11346805;09.01.2024;09.01.2024
bc1q0ldyqt65uh2r5cxxqfxkjqjekpjypz3jkqlx8k;2;1;0.11346729;09.01.2024;09.01.2024
36zqLrtH1ZE4Xx3wzeXVywwNCKgUWriFTv;2;1;0.11253244;19.10.2021;19.10.2021
bc1q4wxqjrc88xcgzrv5ljhnsde0rkum0sjk4q8jh6;2;1;0.11205936;31.07.2026;31.07.2026
bc1qdwudfkk6t64px6kmg9r353vrqdvv3a0xsuxc3u;2;1;0.111;01.07.2022;01.07.2022
bc1ptk7fu8al7l5ssvpdk0qajtjquvapnkqldyj734cwjg4nu277tn9qvwjw5d;2;1;0.11;24.04.2025;24.04.2025
bc1q857fj3g9cgx59mwua8grcqh8w3qpz6p9hs6a33;2;1;0.11;02.07.2022;02.07.2022
14AZrLEwLG9g7VvuYdgTMjGM73wD3SRdhG;2;2;0.10676152;05.06.2024;06.10.2025
bc1qtljg9htvp5mqne4dqra5aqd8wg7t7lss09r2ht;2;1;0.10281734;31.07.2026;31.07.2026
UNKNOWN:00209f6e66e35c09254e07b0e99ca7c3998d4aeb;2;2;0.10278869;01.03.2023;11.05.2023
bc1q6lfhd84xej7qt7sg5yd03adk4jtcw6m4m49kzg;2;1;0.10118894;05.09.2021;05.09.2021
bc1qqxfrtuqu97nzm0zl2fp6vmvvpz68r2ajg472nl;2;1;0.10013583;09.04.2022;09.04.2022
bc1qe53x95e7hsgd3s2w8yttuuvx5aaelgrdqrsvxv;2;2;0.1001;18.09.2025;18.09.2025
bc1qu955wr2m9wz4uh95rfvyv8jywal5tcaas4wjet;2;2;0.1;25.05.2025;25.05.2025
bc1qktqsea09s3rw8dl5tsrr6pmx4hmn9yk7g2ku69;2;1;0.1;31.07.2026;31.07.2026
32jXGqFqEqtcBz47ow2Uk9qkSC2hFfUGBx;2;1;0.1;11.07.2022;11.07.2022
bc1q783vx073rz0ajd0m9qhdlgwuh7uv85jyke4se6;2;1;0.1;27.11.2024;27.11.2024
UNKNOWN:00201dfdf2bd5e7931d51d1901d635802a1c3fd6;2;1;0.1;24.07.2023;24.07.2023
bc1qufq43seqchsnu5rp420y5rxaxh3xjlsx4eru54;2;1;0.1;31.07.2026;31.07.2026
bc1q784a6xw2nku3a77ytfcc3w7r0wvz2xul008kg6;2;1;0.1;05.06.2022;05.06.2022
bc1q89qk740s7cz2jg2j066u8gztrs0hcm0z06g9a4;2;1;0.1;27.10.2022;27.10.2022
bc1qylgkm7n8pd3ed3fnfklt7mcytgk6lngkq9tfgn;2;1;0.1;14.04.2023;14.04.2023
bc1q8nvw364x72vp5up3wjalpgy0zd7rpneah5l968;2;1;0.1;14.04.2023;14.04.2023
bc1qgy4gzk4ew77sezk86ugp9swjnnt0cektxpxemd;2;1;0.1;14.04.2023;14.04.2023
bc1qt79kqln2l2498edavxf5xhq5k5mdym8q252ffu;2;1;0.1;14.04.2023;14.04.2023
bc1q0hlxah8dk3w6lrydswd9tucfyu0rcw9n2x95aa;2;1;0.1;14.04.2023;14.04.2023
bc1qe2kvct427ssazqjg5fevzkx5qu8408ua9vw7wp;2;1;0.1;14.04.2023;14.04.2023
bc1qanqt2eqsvfdnjrzks7kcua5pp35j4t4f8m3v0j;2;2;0.1;04.01.2024;04.01.2024
bc1qw6hhscg5mcdynku7uwgws7z79eh9xnrux3t03m;2;1;0.1;19.11.2025;19.11.2025
bc1qczaj55mjd45lwey7s6np83u88e47upq7cvdu5t;2;1;0.1;21.12.2023;21.12.2023
bc1qhflq0wj44ffxs72mc3k8wvkeg6xdllqwldafp3;2;1;0.1;11.12.2024;11.12.2024
bc1q44cj09xdy22lw290jzd7j4yjxhanpqkse0p5t2;2;1;0.1;28.06.2025;28.06.2025
bc1q9xvlkkhw0jlsrj467m2g8ysrf8djws0k4k6sul;2;1;0.1;31.07.2026;31.07.2026
38AjZWNu7iAUgesVx8wXsvYmojN3GJqbQr;2;2;0.1;26.11.2024;18.12.2024
UNKNOWN:002085fadea6753a28e2d4defd4c85c2909a7641;2;1;0.1;23.11.2022;23.11.2022
bc1qtx95epdskta354asarpddm2c2jrz50y2399z2k;2;1;0.1;31.07.2026;31.07.2026
bc1qxjr3hqy3r2hrdqemrwj8v8qyfx9hncn7f7twfr;2;1;0.1;22.02.2025;22.02.2025
1GCXPCDzspaMMBh6drVqMpksD6qhyWPvvm;2;1;0.1;30.06.2023;30.06.2023
bc1qztamxgu2ky4dmwa802tzn8pudrva6590qrcy3m;2;2;0.1;09.12.2024;10.12.2024
bc1qe0dmkld4y076p7l8ge6efxk90z3amln8wnvuav;2;1;0.1;05.03.2026;05.03.2026
bc1qa0merplsqpvfugt2rhdu20hmrurdv9fczc46cn;2;1;0.1;06.03.2026;06.03.2026
bc1quhxl5d65reaream2ulfxdl4qyhrqslesn0kn0n;2;1;0.1;04.09.2022;04.09.2022
bc1qjzc5spwaddwd34cvgwv8u6j5kw3yc3cxragwja;2;1;0.1;26.02.2023;26.02.2023
3FPAMhZnxuyXr3zNVWaigSpVAHMLhSzH9i;2;1;0.1;21.04.2022;21.04.2022
bc1q4juat7xrqzqgr8y8erg7l6sfr4a8q2uqlsslhu;2;1;0.1;02.12.2023;02.12.2023
bc1qgqys8mjz6gxhrz85aj8l922vla82e9zxg4kugl;2;1;0.1;20.08.2025;20.08.2025
bc1qhf4us0574w9sv66kss440aqjxhr6x5eqm8k280;2;1;0.0999934;31.07.2026;31.07.2026
bc1qvxlzrswll9ajezrrj78td3ehyak6mrrnp6pzgm;2;1;0.09999276;19.04.2023;19.04.2023
bc1qzq32v496dwn99n4xeex69260hcecxctqs88m87;2;1;0.09999094;31.07.2026;31.07.2026
bc1qp72n7esvh2006hf3cc834y9gf9wqtr43kvxtq8;2;1;0.09998628;28.02.2025;28.02.2025
bc1qxa67kqpz6ca9h68y0f638eeakc3py7au43hjgt;2;1;0.09998592;31.07.2026;31.07.2026
3AnrELPdMLeRKu9wi2qHKurTAUhPxDLyGB;2;1;0.0999853;16.12.2021;16.12.2021
bc1ql2dvz766gjcx4lsk0p959q4rusxhdmxhxl757t;2;1;0.09998394;28.02.2025;28.02.2025
37pya53VnVHivVgrgwrkkfKZcQiGYMmz1v;2;1;0.09998233;28.01.2022;28.01.2022
bc1qa74v7df4vfrtsd5ulk4shuseq3uyy8wyhga9n8;2;1;0.09997188;26.02.2025;26.02.2025
bc1qalv55pd270pm3z43av57966ew8wgkr792tl5v8;2;1;0.09996979;25.02.2025;25.02.2025
bc1qu468jhsymmnjvdk8tgxdq4a94eluc006x875se;2;1;0.09983614;31.07.2026;31.07.2026
bc1q5t0msfxyd2qrrd28wg3pkcrcvm7l8w23etk489;2;1;0.09911438;23.03.2022;23.03.2022
3NXkf28W6RSk65AjemnBqQoD3qsVpvbxDD;2;1;0.0966955;29.06.2025;29.06.2025
3B6TUTk4qGxVWCpu4kgAPH5bLgbuXkzYxc;2;2;0.09591339;12.06.2022;16.06.2022
bc1q3jz3020k2lysaf736chtaue28e4yc65t7c2twr;2;1;0.09574199;27.01.2025;27.01.2025
bc1pqrvnygahjqx62j7nnwz2svkl94529wha4dtc7sdgs2xgk0je09yqxyfy7j;2;1;0.09565938;14.04.2023;14.04.2023
bc1qyvyasuzwts83mn7dt8hlt5wycde4kchs88kvms;2;1;0.0955827;16.09.2025;16.09.2025
bc1q2vykqxa3d264aqyalk7xj7qqg8xwf8z8tym28w;2;2;0.095;24.04.2024;27.04.2024
UNKNOWN:00200baaae2e3072aded8ee1c8e2bf4e1a30a079;2;1;0.09453653;06.11.2025;06.11.2025
UNKNOWN:00208a37f3edb3ef229b9fefcc9cf940602834b5;2;2;0.09298516;09.12.2022;20.07.2023
19mEi2fEZNnuhgXDkEZR1PtzeSHvcmNGFh;2;1;0.09271805;19.11.2023;19.11.2023
1LSCSCpXQw5CkPJkuUiEkqsGaJ9oU6ZwSE;2;2;0.09251445;04.02.2023;11.03.2023
UNKNOWN:0020474d7f77024b6745f777b618ca910094e072;2;1;0.09066408;24.04.2026;24.04.2026
33nzFss7u6yMifgoQACdgGMBZUj3vtRsNy;2;2;0.08969512;07.11.2022;21.11.2022
bc1qzrl67rtyaqdvtl78rlklxmraqjk7d9f6cf23jm;2;2;0.08900398;31.07.2026;31.07.2026
bc1qz94r0vake0acyfzku6j5um9azec9tv7qyvlm6z;2;1;0.08899573;27.07.2022;27.07.2022
bc1qzgd3l7h76lcnpzvfxqqhm87a6w0mqwmt9ey562;2;1;0.08895183;15.07.2023;15.07.2023
bc1qypv90fvsvg6hxasrs7srx9ftqxhsed49vuwhdp;2;1;0.08782123;24.12.2023;24.12.2023
324rAUMzjP5pfyXMkRRBSTfn7e55bThfUV;2;1;0.08774352;24.03.2024;24.03.2024
3GXwRsFRQWiXbVRLRYDPPU5hozToA9ZXLM;2;1;0.08740926;27.10.2021;27.10.2021
bc1qlcmw4sz59ry7ey7l35mj8ar22twdp7swvc5che;2;1;0.08682379;31.07.2026;31.07.2026
bc1qmu7yyetsxj2g2ejcktekjat4f9ga68j4qsv44e;2;1;0.08558631;19.04.2023;19.04.2023
bc1qgqvtnw0my9frpqcnzcz6a4h98gpuff6n0cxdc8;2;1;0.08482678;06.04.2024;06.04.2024
bc1quj9lqtp26t395rut97zulrg046ktlx8vrs9fdg;2;1;0.08346711;31.07.2026;31.07.2026
bc1qrzqp2xf7gnss0496w00ctfgxvp4mzag4kh7cv3;2;1;0.08276303;06.05.2026;06.05.2026
bc1qwmmqgqj2l947un8ztgz6aq5j6fe2drz38mud5l;2;1;0.0827;05.01.2024;05.01.2024
bc1q9xec5f3cl80mrctrv8sm2qcucuhp87dcvpnm32;2;2;0.08192052;12.03.2024;12.03.2024
3EgVhcuFGfGwLjcqQrvAviq277M9tqNZqR;2;2;0.08066137;06.06.2023;06.06.2023
bc1qnq8amhfwd8dd9ruug2ach74lca5wjfxaqj2mxe;2;1;0.07975298;29.03.2024;29.03.2024
bc1qz4h302n8cez9kfhlqz0sj5wktupzxpmncp80km;2;1;0.0793499;27.05.2025;27.05.2025
bc1qt8qyqx9mhr9u92v5llr6w2ywqe89pf5k5csa8f;2;1;0.07888551;31.07.2026;31.07.2026
bc1qml43k7srqnxw86nn9qlkq8d6ymm3gdw9yf8zuc;2;1;0.07816729;07.06.2021;07.06.2021
38gSF22ws1u6booipndLzQsuLgsydN6f9E;2;1;0.07790331;28.08.2022;28.08.2022
bc1qk4jm842jfes5nd5h696f7t0fws090c804wpg55;2;1;0.07787;31.07.2026;31.07.2026
bc1pendy3e4d4mzh98ddez7qmp4k8wypc458f5yz4956lrq349czxjsqljujy5;2;1;0.07736437;26.02.2024;26.02.2024
bc1q665ewpvcrk7sugarjehlha7t8yf5vncsrafwxz;2;2;0.076;29.09.2023;29.09.2023
bc1qcte92q636uh9he228xymk0sqjh833r0vkq9q75;2;1;0.075;09.07.2024;09.07.2024
UNKNOWN:0020a0e3fadf39dc2e827e3fa1cc323759e27190;2;1;0.07499266;24.03.2025;24.03.2025
bc1qyfh6rm3fnxf8xa26q2m2seg6gf3cwk89vcps0h;2;1;0.07497927;28.07.2024;28.07.2024
bc1qzl5sw2a7z4xnkn9x2mqvvwm2spg6fgfrspr2rg;2;1;0.07426973;31.03.2025;31.03.2025
36kwBDkEWHGmgWqEXZcWXVqRiSS1q8wzdh;2;1;0.07426241;25.01.2023;25.01.2023
bc1q0wjfsnc60m9ukcq3sax5lpprxnf83ztzfkzsah;2;2;0.07403194;05.09.2024;16.09.2024
UNKNOWN:0020fea4ffae9c56eb42f04f20c73d91afe230cf;2;1;0.07290584;03.08.2025;03.08.2025
bc1q3dksmql67rezh76km8ps9e2vm8fgzg4jmaaamw;2;1;0.0727375;14.08.2025;14.08.2025
UNKNOWN:0020ddf4fec43d384af49bd29aca5c7b9d23aa0a;2;1;0.07245558;24.08.2024;24.08.2024
bc1qt6kemqg6q00hjhkqharkt490hrc7wpc9e6kjmz;2;3;0.07220482;22.03.2024;25.06.2024
bc1qxatl68c6qcl8htzgs4x8lsl5mzqpn329vhc03s;2;1;0.07175251;20.05.2025;20.05.2025
bc1qah3wz2agkf4nljywfqe44y3ysy5yqx6hzy29wq;2;1;0.07137556;05.03.2025;05.03.2025
bc1q9ft4erp0z0qv24d93t26dc5z6z8hv9am4duprn;2;1;0.07;23.08.2022;23.08.2022
bc1qkf34p8klckk7cq96h2vr5t7tk26x2y22jn4any;2;1;0.07;14.08.2025;14.08.2025
bc1qle6409zay3pm0g8dmcj9dg8ghpdsawgq5upuv7;2;1;0.069;31.07.2026;31.07.2026
37GfJzm8iqnM1TesRBbrHsX3wtudgR9g2D;2;1;0.06872026;14.03.2024;14.03.2024
33WXSenymqU5ZtLKAt5ZGwTLwEEszLGApM;2;1;0.06857469;29.03.2023;29.03.2023
bc1qf8rk62jp5vcvdwnfl39fl3n38jq7shw0rl328m;2;1;0.0681348;13.08.2024;13.08.2024
bc1pdk50wgw8yxhqdf9w325nyzv0tepuw0l35w954gmq38yfzry8gg6s2wc9x9;2;1;0.06806457;17.12.2024;17.12.2024
UNKNOWN:0020f31502d78704ccba80f2008f94a29409d44f;2;2;0.06794154;27.12.2024;27.12.2024
bc1qjet8j9ncapvqkr933qtv8qrgy2lljrsd4mjpqj;2;1;0.06739822;28.07.2022;28.07.2022
UNKNOWN:0020a31cfb82a49f1f21f9e10f36fff15515c6ae;2;1;0.06633583;25.11.2023;25.11.2023
35TyfkKxpnRyRaV94o65qcNxZQiFHQ3RZY;2;1;0.06522889;24.02.2023;24.02.2023
bc1q084hwgwevlq4jgcjev2wh9k5h77empjw2dsaz5;2;1;0.0650896;31.07.2026;31.07.2026
bc1q5qg5ngusvj3c5ffetssj524q7zlw0aq84v8jn3;2;1;0.06506539;31.07.2026;31.07.2026
bc1qs4p9awgtc38u0v9cx5mmzz2z92yzddujtjwmfr;2;1;0.06472444;28.03.2024;28.03.2024
3453HYkbf1aVgAtZWoYit6vsRSBRM5DB9k;2;1;0.06425626;02.12.2025;02.12.2025
1FgRza3v7QpmvuTi4hp8Zma3w9rAAWVHiz;2;1;0.06422281;28.02.2022;28.02.2022
bc1qcdn7wjyjyjyjg008fqh3k7jdw6jrp4kjf7yvdm;2;1;0.06398901;13.08.2025;13.08.2025
39mtyJL2FC5NGH1L7x5bZTe5PB85fLVQBR;2;1;0.0635928;06.06.2022;06.06.2022
bc1qzq3xwc3surnn3934g5ct9wm2x3xlffzq5z2hed;2;2;0.06308048;12.05.2023;14.06.2023
bc1qcw4ul2p5xyxwxy0tq46eunz7twttp3xzkaasej;2;1;0.06285413;03.02.2025;03.02.2025
bc1qfk3lzazwlch6j2gggh2yjea0mfqalhsncz4e9j;2;1;0.06172955;26.10.2023;26.10.2023
bc1q36yr86dnamv7w3yfsj5z3f6w8njt32l9re85wu;2;1;0.06115028;11.07.2021;11.07.2021
bc1q4nf02pej5yagn7k4eq4hmztd22cvjmn59ayw9a;2;1;0.06106394;03.02.2025;03.02.2025
3Jnh7wta9FzDXm99B7d5momEjXLWdoFpiK;2;1;0.061;16.09.2021;16.09.2021
3KpvNa5HYA1snSBbrnphBpcnYBVL8nSMjG;2;1;0.06099791;06.08.2021;06.08.2021
bc1qcrc594srxcnkw985qzypdgktwrhjleh3m25cg5;2;1;0.06059763;31.07.2026;31.07.2026
bc1qjvufmqrhm6pk7cevyapc6mqpm5mk4anlk8ar99;2;2;0.05999492;31.07.2026;31.07.2026
bc1q0vw322xrnxx0d097p49f95n72cnchrczfpckrf;2;1;0.05941821;21.10.2021;21.10.2021
UNKNOWN:0020ae37b45523604cec3183db7f26b5d7e341c6;2;1;0.05882273;25.03.2025;25.03.2025
bc1q32myj7lxqxt4xay2vz6zw4y00fxeyyuecg6v32;2;1;0.05844037;28.07.2021;28.07.2021
bc1qutjdtzggaaa652dsvx7d3y8hnqqlf7fsspn4gd;2;1;0.05809498;30.11.2023;30.11.2023
bc1qfvska7vlsg76s0y5un7nx5725zl60kxpacs338;2;1;0.058;14.03.2023;14.03.2023
3PmihrstoqJS84owLo8kgbC9bdD6JUcS1T;2;1;0.0577337;18.02.2022;18.02.2022
37EUG3emPnVkh5NzZBmKgKjpdBk7CErvjz;2;1;0.05743;11.02.2022;11.02.2022
bc1q434fxwl2cldm88aahgs8tvxa5r9430tcg73m32;2;1;0.05737347;03.04.2024;03.04.2024
bc1qgwsuc0quk2hcxj0j2jvutp8pzk9t9axm563x2k;2;1;0.0572281;31.07.2026;31.07.2026
bc1qvks8v4lzleyufedcxadx2ty8dr8xcy6tpnru63;2;1;0.05613559;16.01.2024;16.01.2024
bc1qvg2pux3y77geagjv0pazrghawmf0h0dcs9hycu;2;1;0.05546621;16.08.2025;16.08.2025
bc1q9hjplvnz5hkdnmuj46rtstt5admvvwy0cqm22c;2;2;0.055;06.12.2023;12.12.2023
bc1qdjvha4dlcc59salgh4mz8drltezekzv2gte72q;2;1;0.055;08.01.2022;08.01.2022
bc1q7z2l4nqqd5ylpr2vpfxcj9g7ee9zw8f09p229j;2;2;0.05477765;16.08.2024;16.09.2024
UNKNOWN:0020a996677f87af6344d89c2b52ace9f0485495;2;1;0.0546604;28.10.2025;28.10.2025
3NJDtX57hCWbbQ3SC4Gyedb7wSNF2Qb7XN;2;1;0.05461935;29.04.2023;29.04.2023
bc1qys32dptz7rn39y5kn8xqveq7v7c9gypqwejmvu;2;2;0.0544541;20.06.2024;06.08.2024
17AXCoY1PCaSU65D8HyeA7S3Pcz4wCPAgU;2;2;0.0533;19.05.2023;04.07.2023
bc1qe0nks8pxdcg7952fj4selmvr06jzu9da6rhv2m;2;1;0.05293032;11.05.2025;11.05.2025
bc1qlpjjhkae3m4l44xsylcme5ana723wn9k3ntuyv;2;1;0.05269105;08.06.2026;08.06.2026
36227cqWW48wEz2NGZbEaey4bjSDUHBMaN;2;2;0.05245654;08.03.2022;08.03.2022
bc1qe4myv4r6lqfc5ha5s3z0wve799msz4cgq57f7e;2;1;0.0521;15.02.2023;15.02.2023
bc1q3jt6rt8nl5ssq84krjxhqtgmketvx0s0m3rhqv;2;1;0.0515;18.02.2022;18.02.2022
bc1qq4veccs7c3vp548pzf7fam5ljljpthwvhe8jre;2;1;0.05130412;12.05.2024;12.05.2024
UNKNOWN:0020814bb9cd99fc0f4abd46d9211258a28a6249;2;1;0.05104738;02.09.2023;02.09.2023
bc1qf7zqyzfr3qkys7lyvwa7t43v8uck47j82mxp39;2;2;0.05094749;25.06.2024;26.06.2024
bc1q803mr40xdnjga5k97mwvgf6pmsrysmedqlz9nq;2;1;0.05079975;03.06.2023;03.06.2023
bc1q3ypz75ny42h67874rmd058v0anjmnhwvd7lz0j;2;1;0.05076265;26.01.2026;26.01.2026
bc1qdq9ahttfjshdrtn338yra62ttj04gdxlk5j6ye;2;1;0.05051308;26.10.2024;26.10.2024
bc1qhwmv58vprjtu7hgl5tc3ee4wvukqgl2h0j7em7;2;1;0.05021625;31.07.2026;31.07.2026
bc1qlgajuyxclqmqk3s04c3vax5mevsmjh3p0yrry9;2;1;0.05015431;31.07.2026;31.07.2026
bc1q8emgdy36skf6vkwuazqpf3t2zwkduzumg6uy4s;2;1;0.0500242;13.08.2023;13.08.2023
bc1qfsuxvj6ap9ej2luzss0yzm2qxpyd89uragjrf2;2;1;0.0500242;13.08.2023;13.08.2023
bc1q33c7lufhytvcyawus0zey8hapty8tqd2msk7wm;2;1;0.0500242;13.08.2023;13.08.2023
bc1q4e5utjkhxhx3cflu6080rlrggemy79j23pa5vs;2;1;0.0500242;13.08.2023;13.08.2023
bc1q6yzpv94j96syt3g03ekht49glwj4e2svpdnc4p;2;1;0.0500242;13.08.2023;13.08.2023
bc1quvaudnkje3qcge2nnvzgreg90n9ny395cmk6h5;2;1;0.0500242;13.08.2023;13.08.2023
bc1q6jk3ahzewmvv3qxp648nulcxqsq3quyat6ttq3;2;1;0.05;31.07.2026;31.07.2026
bc1ql046u49wfuvz8vqs7u74elqzfa5k8fdjx9l0pj;2;1;0.05;18.06.2024;18.06.2024
bc1qnxzpn8a3vh0e82a47ye0jr3fzf4p340ztgm8c9;2;1;0.05;02.03.2025;02.03.2025
bc1qywx85e7yzp9w4jq2f0pwptww2nptnfj6r4g4e4;2;1;0.05;14.04.2023;14.04.2023
bc1qwv74mmlm8ek02jlmeysjdvlnmslff9srj8rpwh;2;1;0.05;14.04.2023;14.04.2023
bc1qc7vlwh6jh5rwkamdywz3kuy3mzarhj5s2xxwvv;2;1;0.05;14.04.2023;14.04.2023
bc1ql6307qxjz5gqdcvh2tzxk7v2pf3srqzt2m9x35;2;1;0.05;14.04.2023;14.04.2023
bc1pfyqvyg6fjt2tlsfj3uleyqtt9r9sqfgjcmsnwxdrz5mwq6tc9z0sfcy7qu;2;1;0.05;14.04.2023;14.04.2023
bc1p352u4nf2rpfxfyvsmqclkkc9f9td9jp5a3nuvx7vnrevctygv9qs9ds7xd;2;1;0.05;14.04.2023;14.04.2023
bc1pn0xjzmwqrqkg5hpmzet72x36cu07jy7d7mjpdh8480klgajeuwws2w48qv;2;1;0.05;14.04.2023;14.04.2023
bc1pawtqqgwudnqthw7hrw06cnemau30a96j70jvj6584vpd7cz26qhq3s5jts;2;1;0.05;14.04.2023;14.04.2023
35KKLdnzZxxK7ntuy1B9N3Qd73gdkzx74f;2;1;0.05;22.04.2022;22.04.2022
bc1qap4dl5jraca39pfk73zv5mew2pskhmugtnh33w;2;1;0.05;04.02.2024;04.02.2024
bc1qtj3f9plnr39xp6krd6lage3l253ch0wk93y5nf;2;1;0.05;29.06.2025;29.06.2025
bc1quaacptyvrc8psq5f2fj7h0v8th849ptht4xaxg;2;1;0.05;10.09.2022;10.09.2022
bc1q7g90yajent2hzmlecuaj7havrmvghhz2vqdj9r;2;1;0.05;06.06.2023;06.06.2023
UNKNOWN:0020ef5ac8ee172cab8e3df2c66fa64db8e068db;2;1;0.05;26.10.2022;26.10.2022
bc1qzs0zgsuz2rwl6l333ekvur5lxzvmmu47r28p4j;2;1;0.05;26.02.2024;26.02.2024
bc1qnnwt5ue28zc5l26re92gsm473u5yhpprjmdf6v;2;2;0.04949358;22.02.2022;22.02.2022
UNKNOWN:00207b61ccc1009721a64250196235cb390f6c10;2;1;0.04944301;13.10.2024;13.10.2024
bc1q9gs7s5cm5ty0sxv2g6umr5yx2p28vfsyfx3sxg;2;1;0.046751;31.07.2026;31.07.2026
bc1qappak8xzqt6qdfslhwa3g5fga7q663e6zk3a7p;2;1;0.04655183;31.07.2026;31.07.2026
bc1qclpvysrrez4cntdtrpdr5qklpc6jajyskzk38p;2;2;0.04579357;16.05.2024;03.06.2024
bc1q480gc3z8fjvawk3ffky7t4zjq3nndzt0p3h393;2;1;0.0456355;31.03.2022;31.03.2022
bc1qp6ltdxpxvzflzu29vyd35zwdgaaqe4cq7lwsdl;2;2;0.04538224;03.06.2024;03.06.2024
bc1q4larc5njnnn0tpt0fkajek9q080j4h45hfahge;2;1;0.04526414;31.07.2026;31.07.2026
bc1qyspwe9aywsd3lrl9j680afk72a6k7f2gmaaa6d;2;2;0.0450898;27.04.2022;17.02.2025
bc1qednzkkac2wfk8e6kvp2hhuw37xg0ah5g8lmnev;2;1;0.045;28.09.2021;28.09.2021
144nvR2dx8aREMZKFWthrYeLcHLnqkYBcT;2;2;0.045;12.08.2025;04.10.2025
bc1qrgugw0hdmx5jch68zuhsar2heqn27zyaflv72j;2;1;0.04463201;29.06.2023;29.06.2023
bc1qx9jcd3hx0jx6mr3ht42xyam4duq6cnqfh5dffg;2;1;0.04452581;03.12.2025;03.12.2025
bc1qpuk2r0rek7ff5vvvuyhs3x95lqd9f7c4edpaev;2;1;0.04449385;31.07.2026;31.07.2026
bc1qq5ppudlcg9w2dryw87s3ml0e36hhge7tc86mdy;2;1;0.04363399;31.07.2026;31.07.2026
bc1q0yp9jl7dja5c6h5m604r2ynkxqs07uh9xkrvz6;2;1;0.04329696;09.04.2025;09.04.2025
bc1q250vg4sy0ywn29u43lhpeycks9724gk038yh56;2;1;0.04296283;31.07.2026;31.07.2026
UNKNOWN:0020066ead8544d84e6f15cc73549fb0ebde5833;2;2;0.04215629;17.06.2024;17.06.2024
bc1qvw9rhg896v8ljyfczx4hsftcztc9l53vy77aa5;2;1;0.04202583;15.09.2022;15.09.2022
bc1qgs07pyzctke7wge4acp93gn7sk3tyf3mny8gax;2;1;0.0418115;03.12.2023;03.12.2023
bc1qehck3eqjdeu5tx4yr6aq42ckjjvkta3au074jv;2;1;0.04164029;12.06.2023;12.06.2023
bc1qnqaya3u30xaz0uvvpmwne7ftatz7dv2lvks5g3;2;1;0.0415;06.01.2023;06.01.2023
3QDAYDmKxa6swTLuk622824EVajq4FKm7i;2;1;0.0415;05.01.2023;05.01.2023
bc1qa2ju9w7h78lsdet6hwrruyfsjglmx7y3p6gmln;2;1;0.0415;06.01.2023;06.01.2023
38JL6y3cP4yfuowxomtT3puZQA1f3h725s;2;1;0.04075331;22.09.2021;22.09.2021
bc1q0ewytrrvl42nape4v33wdm0e04hj7nuck23fpx;2;2;0.04067875;08.03.2024;08.03.2024
bc1qyc2nfwr0nh89usnrgllqrwd3jg474ny9s84ymk;2;1;0.0406702;30.03.2024;30.03.2024
3HL9QLmnXTq8i1JitoCYLuhemN4Sa8r4hT;2;2;0.04027474;17.07.2024;05.08.2024
UNKNOWN:00208dc2d4a5fed3814613bfc902a77fc83bb7b8;2;1;0.04012865;31.07.2026;31.07.2026
bc1q2n7a4je8hkpgahqem406q6h82jynq0xghxnqm9;2;1;0.04012146;31.07.2026;31.07.2026
bc1q94y6gaa699uw9q4pn8wrnekfs604f7qhus0vhe;2;1;0.04;14.08.2023;14.08.2023
3GcTiyj3Z95QmPMbjgbbR5S5zK9pcpdRgi;2;2;0.04;21.12.2023;22.12.2023
bc1q96cl88cjxuz05xu2jt5ya4t5mu8407m0p02un9;2;1;0.04;21.02.2022;21.02.2022
bc1qxzr67sccnur6l4c7plshhy9tjafgd5ngdpqfkz;2;1;0.04;15.10.2021;15.10.2021
bc1qe0n0fkqgvfynug5pp45m5z2hv89gph4a4sf9gf;2;1;0.04;29.12.2023;29.12.2023
bc1qglr4e5y90fgtjd8s4xlpkxqqefwvd7h7eppme2;2;1;0.03999892;31.07.2026;31.07.2026
3GcBXKvsha9k7o2opMyWHC6JPxTWxazCxg;2;1;0.03928059;19.02.2022;19.02.2022
bc1q6wkves97m6n7mxq82ssls8srjnxw7d3n0e4apr;2;1;0.039;09.01.2024;09.01.2024
bc1qvngrmppjk6jrfndalprn94l2n052dh9glasnxh;2;1;0.03840868;12.02.2022;12.02.2022
UNKNOWN:0020b41d6e0337ee762ea6a9983e3f7dd4ac538c;2;2;0.03806106;27.06.2024;27.06.2024
35ZVpMBDoY7nu4VrqLQ5iTUKBgYgDSSBru;2;2;0.03769603;15.08.2023;15.08.2023
bc1qm0n0p0lyr5r4zj805qej3df9cpvte42dcsj84t;2;1;0.0375;11.06.2023;11.06.2023
bc1qsl2jpke6lngtwfmql56ppvvq9cdpryhp0el64r;2;1;0.037314;31.07.2026;31.07.2026
bc1qfvswk0lru4k9dpnyfp9ry6sqfsafutgv8rppvc;2;1;0.03714572;31.07.2026;31.07.2026
UNKNOWN:002044805394047281df277b9fa71f409198f362;2;2;0.03688558;11.10.2023;25.10.2023
bc1qnmzl2fggs54uwehr3tfgpmnch9gnqlne3s83rn;2;1;0.0357328;30.12.2023;30.12.2023
bc1qragywwvaas4w43zx5fj5np9mx389e4fgt89myn;2;2;0.03552772;11.01.2024;29.02.2024
3FGep2AVQpfRKgsHaXhk4y4XXHfZZ1zb5n;2;1;0.03549;12.02.2022;12.02.2022
bc1qza9npsf8nergyq0j3zpk94lref4gkf3895tpwd;2;2;0.03507127;05.09.2024;05.09.2024
bc1qjuvwuzssuc3yvnk6pgd5xjt7j46w50wt5ymnd0;2;1;0.03454917;31.07.2026;31.07.2026
bc1q0a6szav46zkhflzrwaka8tg8n33upckkkuvzvf;2;2;0.03386103;03.08.2021;03.08.2021
bc1qsx8jk3xu8ahl7ntw8grqf9axrqnh8nyzq6guq3;2;1;0.03307535;28.06.2023;28.06.2023
bc1qh5zgc6kzdevk4qjd2tnpkjjsltg7tmtnaesep5;2;2;0.0325588;01.05.2024;16.05.2024
bc1q828jpp7dns2d5qean9p3ynw0yx9z036g9jt3u7;2;2;0.03199828;08.02.2024;08.02.2024
3EuWXZKyTFTDYuiUvNdd9Zg1JDeCWrtg4a;2;2;0.03196414;18.02.2024;18.02.2024
bc1qqhdj5g4ykqalnvfhrsd9n6rptgwuapfavatzww;2;1;0.03188646;14.04.2023;14.04.2023
bc1qgxdarslmm0ag7c0qkd9rv7la8hnl4q49w2l533;2;1;0.03188646;14.04.2023;14.04.2023
bc1q23snrsmt24qulmmlxurfx2prl5jkml8htmdv2y;2;1;0.03188646;14.04.2023;14.04.2023
bc1q0zhmmvlrc0pezl549kans8hmpnak8gfvc7s9kn;2;1;0.03188646;14.04.2023;14.04.2023
bc1q5xa9wrh6dt2s6hwv3zafs7zsfuqugpfsgeaqzf;2;1;0.03188646;14.04.2023;14.04.2023
bc1qk3ylh5qs87gge3st2zdglnw0yj6ltx73ers9jg;2;1;0.03188646;14.04.2023;14.04.2023
bc1qhly0q9h5dsrentu7t2043uvnypjszjzulkegrn;2;1;0.03188646;14.04.2023;14.04.2023
bc1qaw09ywkqvz8uekypvmhutkw63nyxew7xye85zt;2;1;0.03188646;14.04.2023;14.04.2023
bc1qa7xc7y2yk8pp7gms3d9k2qxzejnmvnpajltkha;2;1;0.03188646;14.04.2023;14.04.2023
bc1ptsvdnz7456u6f0hususw6jsl3efdpx58mfr7ewznfy87qc0q649sqv0rrs;2;1;0.03188646;14.04.2023;14.04.2023
bc1pd3082hd3ehjfgjqd4agmjh32xlc2l4hxqszfwjjhuhjmuyd7nwdqgj33y3;2;1;0.03188646;14.04.2023;14.04.2023
UNKNOWN:0020bddc1e8a86f71f4806ada5e68efc56b53922;2;1;0.03174886;31.10.2024;31.10.2024
3N2cJ27XXE4hL6QUzZR1c7uMJzw1udhvYQ;2;1;0.03100375;05.12.2021;05.12.2021
bc1q0wemrhfzulm00arxhl4zqwaprpklx6llruzj6r;2;1;0.03027277;30.12.2022;30.12.2022
bc1q773e3hyyjzduluqljk5cfj3pgqp4dcjcsrjz37;2;2;0.0302;04.02.2024;01.02.2025
bc1q80nwhp4mscax4qafe9w79dq0lffezt3yhs9qe0;2;1;0.03003286;04.04.2023;04.04.2023
bc1qzytdyr65w35v5z35wlnleewvq96h563whtlhpz;2;1;0.03001;18.03.2023;18.03.2023
bc1qcsz3rcszm069nck3gwqf5s9ul3hvf23w0m6ql8;2;1;0.03;17.12.2025;17.12.2025
bc1q2ku7xth7q60yrvzpr54y9p9rrrdzzzjy3f8hng;2;2;0.03;01.02.2025;01.02.2025
bc1qhm5ajf9jemjtdxvm92qjkwp0h7lcmxdxxp4yj0;2;1;0.03;06.01.2025;06.01.2025
bc1q2gzl6fxra9nhxwt6v38ld4ds94ga8gqxr0qjlr;2;1;0.03;27.04.2024;27.04.2024
bc1qnam760lcj8sra3q0a8a6wadruczhqyndph3aw3;2;1;0.03;05.02.2025;05.02.2025
bc1qr7p44hx6jnq2k0p2fcuqv0ngyczljl87epzzk6;2;1;0.02979915;20.01.2024;20.01.2024
bc1ql0ln07727aawc805sfkjcc257cp2lhsqn97mv3;2;1;0.02957041;31.07.2026;31.07.2026
37gSP3ThYGFpp1NTk38uHMXb1izfhYnNVo;2;1;0.02928167;21.01.2022;21.01.2022
bc1qphltqhl7cgzq66falcdsatlmwr4eh46vrlajx4;2;1;0.0291244;05.10.2025;05.10.2025
bc1qja79x8skawa8rfrl8zky8klhkwz95ng8w6ufqp;2;1;0.02890019;26.05.2024;26.05.2024
bc1q96006s564u7jj703re2ke335sawledfeueee2m;2;2;0.02854767;03.10.2024;10.10.2024
bc1qs6jcvnlryrmh4ss6ttfm79qc2q3hnwg7avymdu;2;1;0.02854;25.01.2024;25.01.2024
bc1q0chtcypm39dcajf9fs2a8gsauwqz9s3adzyqnk;2;2;0.02849637;21.05.2025;10.07.2025
bc1q84pr2ar5txh32az442tswrsu2ulfj9z6jjp3sl;2;1;0.0282927;27.09.2022;27.09.2022
UNKNOWN:0020b25246ef527380c874584416e69eb3ed6785;2;2;0.02701346;20.09.2024;20.09.2024
13U4ZExAvCVk6Z2tQevUhLck6MG8Czr6d6;2;1;0.02672641;11.04.2023;11.04.2023
bc1qer6fx9lcrn6e56g0qxlzn2jetf74rfuvqtsz6d;2;1;0.026393;10.03.2024;10.03.2024
bc1qz7sw8a7tkjd44qr2sl23n5uhr9rdm395rx557h;2;1;0.02610935;03.03.2025;03.03.2025
3CiTzfgNBomb9V9d1WbjzMLQ4vEHwSrZjS;2;1;0.026108;01.05.2022;01.05.2022
bc1qkn9449warn2ycqx3eq4mzdh568fl67p6xhs2le;2;2;0.02597229;02.07.2021;02.07.2021
bc1qea6f08cda6rqwefh9298l05tqzelt4mrngdhfc;2;1;0.02561;09.11.2021;09.11.2021
bc1q442n7qj5mq3svczwvnmm0v7ngmmqd0ey0leady;2;1;0.02558436;30.07.2026;30.07.2026
bc1qzw9nzrvp40khau9keh7djqs08tgdeshf883sc3;2;1;0.02552;11.03.2022;11.03.2022
bc1qxuh5hm0y4whww42wq4xqj6v256z2q9p6ej60v7;2;1;0.0255;02.10.2024;02.10.2024
UNKNOWN:002016c1bee2700b68816565797d12ad31e80027;2;1;0.02540921;29.04.2026;29.04.2026
bc1qx3ee7wc2zatqms6dahn3ykd09p5qxxf7e3ksqv;2;1;0.02518395;31.07.2026;31.07.2026
bc1qj760mltct05wkytag4upne6x63w9zegavru7cx;2;1;0.025;05.07.2026;05.07.2026
3MgeRWHYvMdbUa8H5H5fSjvC1tsVBtj2w7;2;1;0.02494945;25.04.2022;25.04.2022
bc1qk8j5v2vuggy4w0sdecyfkl6jfdch9w34tgxtac;2;1;0.024;21.08.2023;21.08.2023
bc1qkhyjv9jyczhwcs6un5jmlqgwcgslvcprapwvuc;2;1;0.02399033;08.01.2023;08.01.2023
bc1q4e8lhevrzeqvl5mm56kx7jcmdpltqujpuzunnp;2;1;0.02392458;10.06.2022;10.06.2022
3DTEXNzZL8sYkET8q7s7GE5dkxT86eRNnQ;2;1;0.02365228;16.10.2021;16.10.2021
3MiAJChrxdWNqQzRd2JPZHFfD3DQxvmFXj;2;1;0.02364398;21.10.2023;21.10.2023
bc1q5fc6nfp37w8wlm0c7pa7u7qyh2w02wjl3q795e;2;1;0.02329288;19.03.2023;19.03.2023
bc1qc8zm4ukpte6lngrpwfuy93zlul3jagm0hjp7rp;2;1;0.02328962;12.06.2023;12.06.2023
32ZEQsWQt7iPfa51GJBLN9DjxgHrDSSFbd;2;2;0.02311235;08.08.2021;25.08.2021
bc1q0m2nxtyjz5qa9wla35hg9e89j8gpkys8d7aa77;2;1;0.02309615;28.08.2023;28.08.2023
3EqZgKX65byMFkybgRFo94Yz6ZiRtnSxsF;2;2;0.02304025;11.09.2024;11.09.2024
bc1qmql5k36a4vgkhmcgrplj735vx9g9aq5r3keedf;2;1;0.023;15.11.2024;15.11.2024
3MDuxtK64WLLUsMtH48G8J1X2wn78z1WSR;2;1;0.02297;11.02.2022;11.02.2022
bc1qgftc4xk74eemqd20gan0gp2gag9cs2nrp2p5sg;2;1;0.022963;31.03.2024;31.03.2024
UNKNOWN:0020458af707dbcb59031c95bd34af7269738b92;2;1;0.0228;03.12.2024;03.12.2024
bc1q668rx5vsduwesuy2ax8ckrng4fqawkcs7n7cec;2;1;0.02252412;26.02.2023;26.02.2023
bc1qpzdrh5cy6t6smys8a97jr8egr0zzmyrzwzxlr7;2;1;0.0223;16.05.2022;16.05.2022
bc1qz928896x4cvgmmxwsge4sjhn2d3d4djvath72k;2;1;0.02226191;30.01.2024;30.01.2024
bc1q0wwdxpljh9tslaga8e68szf2y626qxgl2gu7h7;2;2;0.02219589;01.05.2024;01.05.2024
bc1q6s35z9zdc07jcqdwf3t7vlwqpkmz245hs8nyvl;2;1;0.02203394;31.07.2026;31.07.2026
UNKNOWN:002027f576d9f2e35b23d70316c388383c21a46b;2;1;0.022;20.09.2025;20.09.2025
bc1q3xgpknywywkf74eergaha5flf9ecupg9r8np6v;2;2;0.02129821;16.05.2024;03.06.2024
bc1q0jwmht8e7h278s35z2jftacadwznrf0zspwwle;2;1;0.0211846;05.04.2022;05.04.2022
UNKNOWN:0020eeb50fe2fbbab3375940afde6e730145d170;2;1;0.02112056;05.08.2023;05.08.2023
bc1q5d8xteznsxfnd6xf0csvdku5qtyf6a9ljsuge7;2;1;0.02101466;18.12.2023;18.12.2023
UNKNOWN:0020c8ff327935d20fb411f2f71c029d06640640;2;1;0.021;25.07.2024;25.07.2024
bc1qynqj4gljrzt8vhykczaj49xf2y6lpsx402fj6x;2;1;0.02097152;14.04.2023;14.04.2023
bc1q236ycht0elmpv3pq27paacp5z20h5ucjvpqlwa;2;1;0.02097152;14.04.2023;14.04.2023
bc1qv58vfmrentcwvprtuu9ge4eznc9ufd8zdtkkcm;2;1;0.02097152;14.04.2023;14.04.2023
bc1qsw52mr4eakzy43el2j406fwfq9ucwdssk6urs8;2;1;0.02097152;14.04.2023;14.04.2023
bc1qnpkwrzdmwlldrnw0pztxwcvn3wnwzy00k7wprp;2;1;0.02097152;14.04.2023;14.04.2023
bc1q5s28qm2udykwavux7y26yfhsv6tvmyn50kzlmg;2;1;0.02097152;14.04.2023;14.04.2023
bc1q5epdjlwyj9rm6dulwc0jgvq8d9r80vh4tw55nw;2;1;0.02097152;14.04.2023;14.04.2023
bc1prpkvxfjh2ne7gr9kktana8chlgpxxvmt3fk0hvu9k0qgg5uxd6dqwr8mjm;2;1;0.02097152;14.04.2023;14.04.2023
bc1pw68r0x5s85yntl3cuf3ed84522eyf76q2y7xvkc8kv85uz88rl3slawv6t;2;1;0.02097152;14.04.2023;14.04.2023
bc1pnh3gmlxreny6yst6g7334a8pudwc2z44uslqaursa5t4c5hhp66qgyg45c;2;1;0.02097152;14.04.2023;14.04.2023
bc1pmcvusvqn6hlyamcur8glsz7u0w595lpy5nced70ta6strtn6jphsvq4x6y;2;1;0.02097152;14.04.2023;14.04.2023
bc1qf38q5x2fem9kgv8zssnmxd9lyxfx3cj20f7p76;2;1;0.02095727;08.05.2024;08.05.2024
35fnDgR77ZpcthZAZGKmNegzEqVQPtNg9G;2;1;0.02089174;16.02.2024;16.02.2024
bc1qagd05dcnnq6dckfmr0elxsuqkyascjf3eydm28;2;1;0.02073523;31.07.2026;31.07.2026
UNKNOWN:002008111d52840f8bece71a61be2d1f3d2a45d8;2;1;0.02069719;13.03.2024;13.03.2024
3QyRkpHfzuRqZb4DcTHGaaWSK3sfn96pno;2;1;0.02030418;03.11.2025;03.11.2025
bc1qwfxzakj68w4awh5ux9fmul55mtkc720qdccs37;2;2;0.02013463;01.07.2024;17.07.2024
bc1qh2f90nw7v7hllt3yng0fa9y25nnwusawf3jqjc;2;2;0.02002;20.06.2025;20.06.2025
bc1q727jz3w0ywpwymsw2qg8mr90uega09xrlfslnh;2;1;0.02;24.07.2026;24.07.2026
bc1qsuaqmxpk24uvxqnqy3zyc8kg7me8l5plsew37l;2;1;0.02;12.01.2026;12.01.2026
bc1q3gzp3vqn5k6knp9ql9ltxtfg4npt3xs4sf038q;2;1;0.02;28.02.2024;28.02.2024
bc1qmdz2tfeykthjjcu7mflu6jhqflsuw596fqv4ah;2;1;0.02;14.01.2023;14.01.2023
bc1qurdkz5xglag52elzfavcpglglvzxzxzez2pjd4;2;1;0.02;17.06.2024;17.06.2024
19TMiKszyiaxqMGPPbNtFSmj8PKXPiQJx6;2;1;0.02;02.04.2024;02.04.2024
bc1qdk493m0vtvmm0pjvmc4kl9c6zm9yyesz4gtynt;2;1;0.01999822;25.09.2022;25.09.2022
bc1q38x5p6pkx773p5w7d7srpara7x2uckmqc9st42;2;1;0.01990657;03.01.2024;03.01.2024
bc1qpckxhmq9qw89cnsldv8a4fgf8nrhlqp60w6qj7;2;1;0.01980529;10.06.2026;10.06.2026
1DHdjwKke8rgJQF2zeCVWTMPp47AGVgehN;2;1;0.01973441;01.06.2022;01.06.2022
bc1qq706nm4e3e0twv48rz4uk36p3s0jgwg9uph87l;2;1;0.01878799;22.09.2024;22.09.2024
bc1qwds2m8zjp0937agts4253l0588txg2zntutg7d;2;1;0.01870081;05.11.2025;05.11.2025
3BPafijVbDQaqPWkRCPbX8fcxnqwjs5tRF;2;1;0.01858288;29.04.2022;29.04.2022
bc1qsd4f77flpscc9rnzqgxsgtej587mylqm8p2ty6;2;1;0.0184;23.04.2022;23.04.2022
bc1qvm9ceg9067plv5mcvrq28zr97fsaedxgg827hd;2;1;0.01839042;12.06.2023;12.06.2023
1AHLKBYCdHJ4YYn7pmBohmjNcWUTDcPBS8;2;2;0.0181;06.08.2024;06.08.2024
bc1qje3vf40u5zz0sgrr7pxlxrdpq4alrfzygf5et4;2;1;0.018;11.10.2023;11.10.2023
bc1qlkd2wyux6mn0u598gwlegqhr3zf6xlznwcq5cn;2;1;0.01774302;05.11.2022;05.11.2022
1Gq7yDNBVPWmoSvVxm1zNEZe5E8zuo5DMM;2;1;0.01769;13.01.2022;13.01.2022
bc1qe7dam4jcnmt8t6v8uqutzygk8ljfplntqpt4ha;2;2;0.0175;26.03.2022;26.03.2022
bc1qna0r22xlxvfk8gwps2slh4vxqra3kja7ultwla;2;2;0.01748137;17.06.2024;17.07.2024
bc1q8tvrkzcf32nxlvwr5n0zsx57tzj5dv0jmsfy8f;2;1;0.01735238;05.07.2026;05.07.2026
bc1qm67h4jy4vm8z9vstw4ylm72jlucgfh7lf7jfgm;2;1;0.01722318;14.11.2023;14.11.2023
bc1q8mn2q2ghy3tm770hvfe7pr9trjhkfvhuxz7lds;2;2;0.01719842;22.01.2022;22.01.2022
bc1q59ykfesdztq2lkrschsfhjj7cdfe820sznm6w8;2;1;0.017145;06.05.2025;06.05.2025
bc1qyrxda4jvsxk04s96cchywmzqm7hqtancx54ke9;2;2;0.0171;20.05.2025;20.05.2025
bc1qnq6cfqxptuwxp4vdyudgfkzmafs6js4cepv0j9;2;1;0.01707237;04.03.2026;04.03.2026
bc1qqj8dy47tg0xfzcpmz88uayhj3naqn5dycp5u49;2;1;0.01689075;04.03.2026;04.03.2026
1GRpQCzVAoW2V89QkHSpACqjJAGAadRYWM;2;2;0.01665728;29.02.2024;29.02.2024
bc1qsy5gmf4kfpx9kplvge4juv6fw3hr926lg9dlq8;2;1;0.016379;31.12.2024;31.12.2024
bc1qe0s6kq0vl2mat85nystczt9esy98z89l6gvr7u;2;1;0.01608996;02.06.2024;02.06.2024
bc1qa5nz3a9auym39zc70j4hza8c2tuhd8e68ju9sq;2;2;0.016;06.03.2025;01.04.2025
bc1qcu05cc5lq9jwupmd004cm9q5cwv5vl4w9zhdzs;2;1;0.0159823;10.12.2024;10.12.2024
bc1qzy9s5fr7mtpfek4ztmevf7vca9ndrntekrmxc7;2;1;0.01594323;14.04.2023;14.04.2023
bc1qy8y9nrnx5ndvp73wtkx208av62c8cfnkjy2l0e;2;1;0.01594323;14.04.2023;14.04.2023
bc1qs5dew4sclf6kk2f2xu2snvrgareg03rc6zaafp;2;1;0.01594323;14.04.2023;14.04.2023
bc1qjshzps6nv2j7wa3dmzgph5yuwrtprxh4gy7wa2;2;1;0.01594323;14.04.2023;14.04.2023
bc1qhr52k2rvnp7cc2jfekhgjn8zlxlsvdjssrj5kn;2;1;0.01594323;14.04.2023;14.04.2023
bc1ptz2dskgrpej0uzmfz63ec25rxwd3cefc464kjmnzu2ccpg0cur8sft0nvg;2;1;0.01594323;14.04.2023;14.04.2023
bc1p09pjsvyr979xfscztqtagse923csd9fkvm4rl8jxpgx34ek9ujcs2a5k3t;2;1;0.01594323;14.04.2023;14.04.2023
bc1pafgrd6v6pzvpst2f487sf3wgcufkexqx3ugswqn0eaystxdx2urqjdww4q;2;1;0.01594323;14.04.2023;14.04.2023
bc1qapua0pdhtknfvfydpa9uatdnef50jkxr9wjrm7;2;1;0.01591659;19.10.2024;19.10.2024
UNKNOWN:00208d9609029b5f0ed610728e3a45cc767c51df;2;2;0.01572538;30.03.2024;30.03.2024
bc1qs2443yc9l84mz0whh5vfkyrw25dkjjt0hx7w8k;2;1;0.01557831;27.05.2025;27.05.2025
bc1q9ws456gds8egs2wtfdyamle94hpvcy0z0jgjvl;2;1;0.01515418;21.04.2024;21.04.2024
36BZB5HwzZv8NanomL5pRZAoCsAmo9PKC8;2;1;0.01510708;23.04.2022;23.04.2022
bc1qaqrlete8yymrvzuycyrljz3wf4rud0tssrepzp;2;2;0.01500444;16.08.2024;05.09.2024
bc1q5hprrj6ktw8l4363xe3mrg6jj9k6ecke4295qt;2;1;0.015;31.07.2026;31.07.2026
bc1qy7nxa02pfeflqrg9083vt2vctlwt7g305rgrc8;2;1;0.015;26.10.2024;26.10.2024
bc1q45ms7uguu85kq8jskjck9gmg52mgjax5u3p2yf;2;1;0.015;31.07.2026;31.07.2026
19Tu7667p1eXhCZRJG1fHtU2toodarGHoD;2;1;0.015;06.02.2023;06.02.2023
UNKNOWN:0020e89a463372d9233a7c71c830d65be2cfd650;2;1;0.01493608;17.06.2024;17.06.2024
bc1qjtx000jqv2qhvvlpevm26hglglq0p4zeyrfkpg;2;1;0.01488353;14.04.2023;14.04.2023
bc1q04cn57vcxeqm6lf2mkkn0ygvxrv4lwp7f9v6lr;2;1;0.01478903;29.05.2024;29.05.2024
bc1qkhvqcwg5pu8rvdx8a578zlel68etx9kljhknlw;2;1;0.01458895;25.06.2025;25.06.2025
bc1pgprusdzh8xq4rv6p30htmpvw0hejuhfry9hsa6jxnutdcy8yfzxs98yn79;2;1;0.01456005;03.03.2026;03.03.2026
1MuBPSZgFqEjyaEpQxbdTCWE1594spjtBH;2;1;0.01446391;28.10.2021;28.10.2021
bc1qhz9n0g59q858936vkn3xtlsjey62zpjdgegc0n;2;1;0.01439298;31.07.2026;31.07.2026
bc1qjlh3av74h0phf7nkzqrcfnww0dsaklm7mqlv6j;2;1;0.0142851;04.06.2024;04.06.2024
bc1q0slsrwxpytjw0kzknhpzkrlxx2wqk3a5alm8q0;2;1;0.01422924;01.04.2024;01.04.2024
bc1qlqf05qvja8lj4ujz82wfz67ak5eslzajyvqqk3;2;1;0.01411004;31.07.2026;31.07.2026
bc1qudt0fejdtkj97dx2zf7r88zh8a662vl2p34w8s;2;1;0.014;25.07.2022;25.07.2022
36QuBxP1WbsdEvUUx8iJWxNFHHK9yzKs52;2;1;0.01388739;19.01.2022;19.01.2022
bc1qsehgys0d4wuyw7990aua7fy98v46x3rqr57rar;2;1;0.01350956;30.07.2026;30.07.2026
bc1qnm3nm72h2fn6vcj2l2q4z65s2cd6wczq6t73a6;2;1;0.01334257;02.12.2024;02.12.2024
bc1qure2jma72rynju87gq7nz23a48sueslwzwqll8;2;2;0.0131355;25.11.2021;25.11.2021
3CY6tizrKddytqDCsfmDfFc65R7dexNvsw;2;2;0.01310595;29.08.2022;12.09.2022
UNKNOWN:0020fef78f82da5a50ec0d9aaa617f2e4d637e09;2;1;0.013;05.08.2023;05.08.2023
3Q1TFTaSyX6P284DTKpwCFKMaDmTwnHpmd;2;1;0.01280042;31.07.2026;31.07.2026
bc1qrhdq27usclnr6sfz96sgulcrutsq80jrwuwvxz;2;1;0.01279689;28.04.2022;28.04.2022
38gyHYXNRDDWGJh1fodyoLMjaYjPwXiw7y;2;1;0.01272571;10.04.2022;10.04.2022
3KjtkkP7gtbvHHdUKZ2p9kyfZbbh9W9LuE;2;1;0.01258976;31.07.2026;31.07.2026
bc1qud4j694yd40038jev7cvv8vuhk2jtqs7k2ztaj;2;1;0.01255909;18.04.2022;18.04.2022
3Cwdjfq67A9pxH9J1SupoTuS7M1NU7AB2f;2;1;0.01248457;14.12.2022;14.12.2022
bc1qn4e6nzpvaux3d7wqr9yk0a8v63txzl4e44j4qj;2;1;0.01239808;31.07.2026;31.07.2026
bc1qwlkf03pfjgryrv3m59rd9n4gl5m3syetyy65zf;2;1;0.0123;26.10.2023;26.10.2023
bc1qcv8qsj59mmdmljlyuz0mwntvsmv76u0utwpd9x;2;1;0.0123;01.03.2025;01.03.2025
bc1qshnxr3qhej7wtvvlpujalrgf5a7pt0ld4dfqt3;2;1;0.01229496;24.11.2025;24.11.2025
1NEwjhuB6Q8azgRZC5ZHDkDnbpRKaGgPFo;2;1;0.012264;01.03.2024;01.03.2024
3D7iwjD4Fj4nQ8MHauvmtS1oRsZMa1rCHa;2;1;0.01224507;19.04.2023;19.04.2023
bc1qz2np23av8n76qlmqfgfq0y6x8svsrsd86hlmh4;2;2;0.0121776;19.08.2021;19.08.2021
3Lb6v3t9jaYwbZXneFVT6PiU5FQux5BfXC;2;1;0.01201469;05.06.2022;05.06.2022
UNKNOWN:00205020773ea91992caa567510e88491d927623;2;1;0.01169003;03.02.2026;03.02.2026
3Bv7F1wTfimfyn9YRL5JBnW5BjhiGti7s4;2;1;0.01167098;28.01.2022;28.01.2022
bc1q6j0n6pnhxcajszqepkcgpagtnjxqnw4v4lc70d;2;1;0.01158958;31.07.2026;31.07.2026
3NbuF5kVxgSrPwm5HxZZqpfUSah8wVr6Tq;2;2;0.01155739;27.01.2022;27.01.2022
3LSKUCPvxk8vBhQ2UxytVA3R7ipi6Ampzf;2;2;0.0115;29.12.2022;19.04.2023
3NFdaAzYyLJexZ9kAz9GckbiGU7HUtmt6x;2;1;0.01149;11.02.2022;11.02.2022
15tuJomoTPE489FTWycwUsfy9Zgx87h1xR;2;1;0.011397;23.02.2022;23.02.2022
bc1qqrum8a45xvmyp0ez9rn6jt5d6vyuynkmyn73gt;2;2;0.011255;18.12.2021;03.04.2022
UNKNOWN:00202e77943b369d613c52270ccc2592b3baa081;2;1;0.01125;28.04.2023;28.04.2023
bc1q5maav6gxpjeg5kxu0g5ygltgmpwnpdhphhn45e;2;1;0.01123806;27.05.2023;27.05.2023
bc1q4a7egzmp2k8xtlh9zmmt5c9xsx4nvt2u3qrhgk;2;1;0.01102478;12.09.2021;12.09.2021
bc1qsrxjwy8kgulr4fhef88nuev3wpt4f89hmv24sl;2;2;0.011;11.03.2024;11.03.2024
1Jp2J6aaxjESjnkkeLRo6nZjc5fedMkhuf;2;2;0.01099327;11.11.2022;10.11.2023
bc1q76nsk0futlq393xcmrj224rrtd3xqfx993wqta;2;1;0.01095705;09.06.2025;09.06.2025
3HmJ7FsteHSftbKCorxzPv8teutaf1vR5y;2;2;0.01073643;22.09.2024;11.11.2024
bc1qyjafuqhzl8gv5mfutx7382mwh9vdz42mjyx099;2;1;0.01062882;14.04.2023;14.04.2023
bc1qv3z9kj7xhq7kgspmxt9s2z4uwmjvfq2fm8ynwk;2;1;0.01062882;14.04.2023;14.04.2023
bc1q3w2t9ahlr052r97u9ulg9094vvp3q9tvpdhvdy;2;1;0.01062882;14.04.2023;14.04.2023
bc1qjxydtrz5pzdg5wml3jyfw96vrc7ut740gwepth;2;1;0.01062882;14.04.2023;14.04.2023
bc1qerhtgnw0tg2s8yr7505864w09qsnkflplctjp7;2;1;0.01062882;14.04.2023;14.04.2023
bc1qmxe230cla4jzqq7xeuffrujuvzc0pw8lldyec2;2;1;0.01062882;14.04.2023;14.04.2023
bc1q7c7ejgcw4dea7kq7q76ygnvzkvlaylehkzsns3;2;1;0.01062882;14.04.2023;14.04.2023
bc1pcce37r07z0nfln4cau47m3yddwfvccevvajlcxdzl93jew0ec33snkun9w;2;1;0.01062882;14.04.2023;14.04.2023
bc1pmvss9d87vmtd629jhcf3alh5qvadwndlc8m7xrxeunj8eeyxvyxq9ud0lx;2;1;0.01062882;14.04.2023;14.04.2023
bc1q5a57x534v7f0smfxm5sdz70exswn74zllfypya;2;1;0.01062788;12.04.2024;12.04.2024
bc1q558jprlgwzvlms0tafmz7rkra7klzt7g88jjnp;2;1;0.01062052;03.09.2025;03.09.2025
UNKNOWN:00208480fdba3abddd2ef9427c19ab488dd3277a;2;1;0.01057239;05.09.2025;05.09.2025
349eMRhPi1VX4KJNGbqwpxyBziAtfkcJYW;2;1;0.01056875;24.05.2021;24.05.2021
bc1qmul30r37jkadd6u4p9pvhppqpcfd0djypd6ek0;2;1;0.0105;04.12.2024;04.12.2024
bc1q70j47ey49y7sejyqqxgxd6nsnhz5ulkp2hxf9f;2;1;0.01048735;27.04.2022;27.04.2022
3HFhjs6ZxWmRqwFGH9Vzanc5xPZ9bCzZxj;2;2;0.01046938;15.02.2025;15.02.2025
bc1q20wd83uwlptrpzuurz3yhnpc5znd39l0494m54;2;1;0.01045306;01.05.2022;01.05.2022
bc1phc9crwpj8yhmau5xtcuusrphwkzhwzkpmzp38ldcc4j3tas96e6s3na0vh;2;1;0.01037344;01.10.2025;01.10.2025
UNKNOWN:002094aa9b402d39c2d1de27d24736f15bdb908b;2;1;0.0102;18.06.2024;18.06.2024
bc1q7g09cgnph5kvce6xnx6kgn300cteg3xhtd4z44;2;1;0.01017173;31.07.2026;31.07.2026
36h1HwZdRYQF84r7C35T5mv8gyJEsrFHkU;2;1;0.0101531;15.11.2022;15.11.2022
bc1qkwzr3aw5zv6ghfyxhaqehr7dwglpfhqczwkqru;2;1;0.0101475;14.08.2025;14.08.2025
bc1qvsfn28uq0gvar6ynjaxuypspd4ltj8d6dfmeu3;2;1;0.01012958;01.05.2022;01.05.2022
bc1qwpz2sdsy4vlq8wyqujqu7mmeysyw2svmsvyynf;2;2;0.0101;08.07.2025;08.07.2025
bc1q509nezqspgf20tlj2sf6l2hdmat48cjctp46j4;2;1;0.01007844;01.02.2025;01.02.2025
bc1q0a7juv90p7xjng3lrw7x4sxrkmfmpdfzaldywn;2;2;0.0100549;27.06.2023;27.06.2023
bc1qa6qem6h6e73jwjfhh3zy7z98y59hzvcvaqfcn2;2;2;0.01005019;05.09.2024;16.09.2024
bc1q5qpk2pnc73devqzga2ddyjkalw58p8pvakyza0;2;1;0.01;31.07.2026;31.07.2026
bc1q6tw5u7lf2jt0v7vkhnr47j5glafnszge80dqv6;2;1;0.01;03.07.2025;03.07.2025
bc1qmcze3vrntsnwtzxspjnj23k8ys9fpdj8haj4r6;2;1;0.01;19.03.2023;19.03.2023
3NJDXXrxvdjomMgBMeb1Ua6WrDhkPQxAhX;2;1;0.01;10.03.2024;10.03.2024
bc1q6pmcxq8e47x8pvnkhe3hkkvlykxh6txln8qav4;2;1;0.01;31.07.2026;31.07.2026
32jRbyiQforzoMVtxnvhPg9RjoejvAWeV8;2;1;0.01;21.06.2023;21.06.2023
bc1qfrgv6wzwtchtp8lf7zh8nhgh6lv9ws0820x08a;2;2;0.01;27.01.2022;27.01.2022
bc1qlvdd0qfztxkqj6lw0juqu02z8kgez0le552n8u;2;1;0.01;24.08.2024;24.08.2024
bc1qgq3jsl9tmhrvqtl3h60xy7dm6amjygl23wx0u9;2;1;0.01;31.12.2022;31.12.2022
bc1qyl40se2lkkm886kw3fuzeqla3r0y3p2u7sfazm;2;1;0.01;19.07.2024;19.07.2024
bc1qujnzvkz0kv3zz2qrkugw4kqyzmf6lv4222ffzr;2;1;0.01;31.07.2026;31.07.2026
bc1q5vsr0rufutwlfmxgu5vt7pp0wr6xztkfc3gvrx;2;1;0.01;16.06.2024;16.06.2024
bc1qn9lutsc32pjp4wnl438h557qzv8asgj30lgnxr;2;1;0.01;22.08.2023;22.08.2023
bc1qjxt92fkurwzegr6pmheltra9t2cen5zlyp25rf;2;1;0.01;18.01.2023;18.01.2023
bc1qfmwyedvyh7vl26h6e5dxxjzkj2yw62742wfve8;2;1;0.01;16.04.2023;16.04.2023
bc1qu3282jct30qanv67z8xq7zyqr6pt83vhfzh6uh;2;1;0.01;31.07.2026;31.07.2026
bc1qpteexyua06697gejzh09hfq3wly7qylxdpk478;2;1;0.01;14.08.2024;14.08.2024
37vpfcasKa42qtKxudeNWMV8ZcxkE4VFwY;2;1;0.01;12.11.2024;12.11.2024
38oShHv8U8pggSCKtsy7bVvqZc37A96tJY;2;1;0.01;05.11.2021;05.11.2021
3L5xPvUbFrMqPKGPj64GHR4VfETpgaHysG;2;1;0.00999587;20.10.2021;20.10.2021
UNKNOWN:00204c154de7ceb4a96aa20bf199fefeefd4c618;2;1;0.00999448;31.07.2026;31.07.2026
bc1q3ufxvatuvx8xyjndzlg65a5z4rw4f2lg4xvtz3;2;1;0.00999245;15.07.2025;15.07.2025
18vfZdreYLpr8n8HjdidkajR86jLYNdgpP;2;1;0.00998098;01.09.2022;01.09.2022
bc1qz6arya8spn3mcxjv0zen74r82uz9g279hp4kag;2;1;0.00983428;31.07.2026;31.07.2026
bc1qytapxqysrszvcxw7dgpvxejuuzca0g524aha8u;2;1;0.00981219;31.07.2026;31.07.2026
bc1q5aj6uzj3tth90rxhd5zgj0am3h6sg7ea5qxlpq;2;1;0.00967349;31.07.2026;31.07.2026
bc1qucd3zxexa9g788hj9ywwjh75kawvqjfvs2vwq7;2;2;0.00962868;18.03.2024;18.03.2024
bc1q8xs9v9sxgnnyssldsw3jaar7n3x2kzwr5weu59;2;1;0.00962755;02.12.2025;02.12.2025
bc1qqcadpgnfm9v76g006dzdw3wqqamqu8urqmasuy;2;1;0.0095;29.04.2025;29.04.2025
bc1q03kqqls7lv99ma7jumwt7dr2ecrdwvfp067y3x;2;1;0.00930372;15.08.2025;15.08.2025
37Z8bs6XnSBn4mtjyKbqozV85VyQMosgrG;2;1;0.00923383;21.02.2022;21.02.2022
bc1qhqgfjc6uvx6zjfsvd33ypgnt6dce2s53gwf8s4;2;1;0.009048;13.03.2024;13.03.2024
bc1q7k7x34jh9sr7e5uha5v5022k80ufreqj5e5lpn;2;1;0.009;08.09.2022;08.09.2022
UNKNOWN:002015794d1a73877324e78fc93832e8637a7bfe;2;1;0.00894383;16.06.2023;16.06.2023
3D578TcM3kFZ5eND6AXQdLwgz3Kqp4uezh;2;1;0.00887671;31.07.2026;31.07.2026
bc1qha3kfyxrr04wnsfmkpwc48qd0nazfhs5jt4md8;2;2;0.00877;12.01.2026;12.01.2026
bc1pzhtsxykxjg0xd4rv90rk4f8krwguz9d0mghru7appn6h0rtwzh4q24hfvp;2;1;0.00875077;14.10.2025;14.10.2025
bc1qnjydrygx9rdejyg03frvtd9yxrzhg5629gje8p;2;1;0.00871232;14.04.2024;14.04.2024
bc1qcyleexmte37su9e4eppyv0avykt307rls86mka;2;1;0.00864237;31.07.2026;31.07.2026
bc1qsjt49cuxsf5vc53mzhnmpkh8zly47w69zjq2jj;2;1;0.0085;09.04.2022;09.04.2022
bc1qa4n94y7295e78ht4gvky0rlp2k70esphvsp9ya;2;1;0.00847908;31.05.2022;31.05.2022
bc1qpkyv59ys4q9an2ml8s9hm4rgzan0gcfnj2g9j4;2;2;0.00843632;05.09.2024;05.09.2024
bc1qthkwecyn76gme9sn28ajx2vut73jkmjgtwwjda;2;2;0.00817425;16.03.2024;11.06.2024
12YHLnVR6SxurqdYcNmL9HXDagR8JLM8As;2;1;0.008171;12.12.2024;12.12.2024
bc1qw7akr4flhjnj68f0peekc7q3z3dfw45hkrqe77;2;1;0.008154;20.06.2023;20.06.2023
bc1qx2m5trxf9sk8q8crs38a7n8w7jgjaa8t7j79az;2;1;0.00802586;26.05.2022;26.05.2022
bc1qfpffwln8qukj8adssaaf7r25xf2h49lkp76rqs;2;1;0.0080042;19.09.2024;19.09.2024
3P5LXqYdTGzx7evkbUxjc5acqawsECvUbn;2;1;0.00785839;07.05.2022;07.05.2022
bc1qleja6p5xgquen6zavqgkcnassqz377a484nhwe;2;2;0.0078;13.03.2026;13.03.2026
bc1qq7m63t58r6q5wwp89v7y5cldqrfk7v5d47280k;2;1;0.0077;03.06.2025;03.06.2025
bc1q9ursgur9m3mkdwtkdgyn4u02m68xzpzuz38gul;2;2;0.0076183;28.05.2023;28.05.2023
3HAcZu33d1fQzgPoshqAhqTuA7xjKfy3Gq;2;1;0.0076;12.12.2021;12.12.2021
bc1qdcrh5j42n4vr5hrme2dkshn9cj8fhhvwqyc7uf;2;1;0.00759105;23.09.2023;23.09.2023
bc1qpqasccj2vgrp66xjm7h7a95pkx7f3fkcf6mnpy;2;1;0.00756884;25.03.2024;25.03.2024
3KGuHggooKKr8YJPNm8LnW9WsSKY69u312;2;1;0.0075;19.01.2022;19.01.2022
bc1qjdhjkghyu6a40vvsuvw0uuw248mxs373l6sugh;2;1;0.00738792;26.02.2023;26.02.2023
bc1qk06vwdrvfch7anq4gxt47rnm6ncr4n29zdh02l;2;1;0.00738;15.03.2024;15.03.2024
1HD1uvw7quMEZVEZNJUNgrqnmu8emyjxw5;2;2;0.00721;13.07.2025;13.07.2025
3GkeXAUQPpCn3DQoQ9EmCsXfMVPS6U2uNQ;2;1;0.0071634;25.11.2021;25.11.2021
bc1q9qpe6kgu30ssvn299duxmamskjkv2pfw8yj9v5;2;2;0.0069223;31.10.2025;14.12.2025
bc1quzhr8xacftlvgl0u9pmrgh3kaj6ypxda7yf9h0;2;1;0.00674375;13.06.2023;13.06.2023
bc1qpg3kvl57rxr62yf3f3473cqwl9jgql0z4pdxxh;2;1;0.00672535;01.07.2022;01.07.2022
3LPB9SUCeMcXctYvdbzqfy8yFAvCwno7Ns;2;1;0.0067;17.05.2021;17.05.2021
1HwBALiQvNpyV1orm7rV428QvTBYF6NxoB;2;1;0.006661;22.12.2024;22.12.2024
bc1q6jlnd8dnx076v43w04yekk0e9lwhxj4mv5xkdh;2;1;0.00665967;10.12.2023;10.12.2023
16AeEWMwHJqcRz3iR9ZTVVicuV7gxEWyJf;2;1;0.006637;18.03.2023;18.03.2023
3QfyEoAYZffuDT9VmB8LZWzYUhGU9forLY;2;1;0.00657051;02.03.2022;02.03.2022
bc1q0m8lg33659wg83qp0xfv63f6dr7qgw96mcm7hf;2;1;0.00653838;31.08.2022;31.08.2022
bc1q0my2kzp8plh6nwga4pzk7s9cek5uylyswh4mll;2;1;0.0065;13.07.2024;13.07.2024
UNKNOWN:0020062e2a256cfaca98a95a0e72c9bab79d2328;2;1;0.00639424;26.06.2024;26.06.2024
bc1q2f9ln3xxlutqqcves9rhxjtnvqu8wmdgq70m3j;2;1;0.00631939;21.07.2025;21.07.2025
bc1qs9wa4ln745tnunfxl84xds3jf9vml38hzje38j;2;1;0.00631798;02.12.2023;02.12.2023
bc1q2m4m68tw7thz28mq3d0vdlecmajc22r9z30f3w;2;1;0.00604792;31.07.2026;31.07.2026
bc1qrk5l8v0xsyfearym4ke89nfgqr3avv89vuuwqx;2;1;0.00600459;31.07.2026;31.07.2026
bc1qzwxnczpu3qxefze74fmuuyp9msydwcsakk24cg;2;1;0.006;29.11.2021;29.11.2021
bc1q4xnzq577mdl464pajgwjzl8j64fzmy4meyqrlg;2;1;0.006;09.10.2024;09.10.2024
bc1qd6hcwqpcwtyllyzflp99nhw5hras3hc8qqvcag;2;1;0.00597904;17.06.2024;17.06.2024
bc1qvzss8jmzvyffljkfknd2yx420gu3ywgtj2fatd;2;1;0.0058647;28.10.2022;28.10.2022
UNKNOWN:0020b22dc9443871b2b7f71ee4eeacbe0b97a4f1;2;1;0.00581443;01.12.2025;01.12.2025
bc1qlfngfuy65pzk4u8gf0nemdvh0s6wc7sajz2k62;2;1;0.00581091;19.09.2024;19.09.2024
3PpYLSdPc4n6KzZ5kxfGQq9DLQG4mZ2h2M;2;1;0.00563303;17.06.2024;17.06.2024
UNKNOWN:002090d6957be5d7673f9f54cd937bd1346a44a8;2;1;0.00554;04.08.2023;04.08.2023
bc1qdvy0ze2kvpaj5l4x9ff5qyx0mxg0znnu37t3nh;2;1;0.0054962;14.04.2023;14.04.2023
bc1qmc08um9guhlkjywhrw084naetss9zt7nvvezhq;2;1;0.005413;23.12.2021;23.12.2021
bc1qjjez673ktxvsf5c4xura8deqtky6y6dmtt0fep;2;1;0.00540056;31.07.2026;31.07.2026
bc1qr6upjxhld63c7mjv6yenk8ery0slqg5kaqnf34;2;1;0.0054;14.01.2025;14.01.2025
bc1qpns6fc87qf8gzdazt5dh4rdg5mdylkd6llu5t7;2;1;0.00533494;01.07.2026;01.07.2026
bc1qqu9k6ggveejk0lzmxp2jp2eg9dp2zp9wlfyrat;2;1;0.00531441;14.04.2023;14.04.2023
bc1qxpp8az7mk8eah4ppq3xyjkf9qtm92tepyz67x9;2;1;0.00531441;14.04.2023;14.04.2023
bc1qhs7ws7q442xxnytfzd5tvr0hypeq5lgzwvs5hl;2;1;0.00531441;14.04.2023;14.04.2023
bc1quja5c3sqg79dlt034sa0g0cvu4c4adcyvvx5w2;2;1;0.00531441;14.04.2023;14.04.2023
bc1qu6qnmmmgpvf2mx35sc3dhdax5yhslxdalfvsxk;2;1;0.00531441;14.04.2023;14.04.2023
bc1qltru8dsksr4l8c646q0e0gvq3rmpcdm4f0uu09;2;1;0.00531441;14.04.2023;14.04.2023
bc1pl7y0fk739cuw0ct64p5hh8su3s88ad4sqsh3sld5a2ezvzc3zwnss6hlxj;2;1;0.00531441;14.04.2023;14.04.2023
bc1qdrdqaslh7c9fx458v9609q678sts08rwkjlvrl;2;1;0.00530077;11.01.2022;11.01.2022
bc1qv4l475m6kchryj3szfpcmh70fczcuc0snqs3jy;2;1;0.00527883;22.07.2023;22.07.2023
bc1qgjxcxgunha7xf59hvdffru3xsryc6ujg8gpl25;2;1;0.00523699;21.09.2025;21.09.2025
bc1q0x96mdtuss93pjjxq4zlpv2zhknjzdac42p0yw;2;1;0.00522317;14.06.2021;14.06.2021
bc1qgr25jsjq0tug5w5dk5zm46plv0wrqq4e68ws2n;2;1;0.00520433;15.01.2026;15.01.2026
bc1q057gahthyn9dlfq9snzcv0pvfzx5mypha75tyw;2;1;0.0052;16.02.2025;16.02.2025
bc1q46ufan06k42lnv6n76y0ge3fwc28z6cntsuuf3;2;2;0.005178;10.02.2025;14.02.2025
bc1qp4ztfewm5pszsqr02hdlp9szccm2vsjttl8dpj;2;2;0.00512964;06.03.2025;06.03.2025
bc1qdvdl4s4v8xlpylcgps57nyut6p9666fxdak60p;2;1;0.00506293;06.11.2024;06.11.2024
UNKNOWN:0020506edb1926e10c6400951471df42d65e455c;2;1;0.00504472;22.11.2021;22.11.2021
bc1q5zltup4jx7hrmd6glpw3ndgm2uldwrwc8gqu64;2;1;0.00500189;10.09.2024;10.09.2024
bc1qlfdvrppjnulxymhg5454zhdvruq643fly8nmtq;2;1;0.005001;29.06.2026;29.06.2026
bc1q6t7ra3em8z3l6rstafr6c7gzlrx4vy5u2dlpln;2;1;0.005;07.07.2025;07.07.2025
bc1qsxhnlem0yxgducytw32lc54x0ct64grq2r56zj;2;1;0.005;19.09.2022;19.09.2022
bc1qvrgk78n572dgh3l2ec03qclcd68s9hlyv32x3s;2;1;0.005;20.05.2025;20.05.2025
bc1qgdw0etscee59zm3f9tzkr5jztu3edkg2dph3jg;2;1;0.00499522;05.12.2021;05.12.2021
bc1qk8s5ndgd003umq9p9qd3v25ct7x0qdxspj3c8d;2;1;0.00495224;21.01.2024;21.01.2024
3A2PcvykehMw1uzPynDfsav3SpCuZCtXRp;2;1;0.00487749;12.07.2022;12.07.2022
bc1qwk64ajlrrcc84sqpzuhqs8r3fu7lhyjf7zxqmx;2;1;0.0048579;31.07.2026;31.07.2026
bc1qtquv7haha607d4hx87gkgt6hzzp3aa0amfjd0l;2;1;0.00480618;02.04.2022;02.04.2022
bc1qn0zan26a2qujgj4acq5u4pmmjt6x069rs4phtm;2;1;0.0048;16.12.2023;16.12.2023
bc1qzjwkf575ymxrajwhtxl0wexdcw64t2p3jwhzj2;2;1;0.00470472;06.12.2022;06.12.2022
bc1qhv38wqwdg8ed0mw3v8vqawujyclvp0fgh4kds3;2;5;0.0047023;09.05.2021;04.07.2025
bc1qnghkac6rp2p66hgxd2g3r9n2h0fwucrj2mrwmm;2;1;0.00457343;20.10.2021;20.10.2021
bc1qhq53gsm7j7n4cu5cjn8wr2nr5sd3fsr0vfgl0k;2;1;0.0045;28.02.2024;28.02.2024
bc1qmkaz8gqal9skvwmcrqy8zslktlx8an9whra9a0;2;1;0.00440277;02.05.2022;02.05.2022
bc1q99472yclp2ru0gc8uh2fclzxmk9ktxsh0dxv78;2;1;0.00434047;06.06.2021;06.06.2021
bc1qy9hapn5u0ytpkel2cnkvul6cj47xkwq4mxjcw0;2;1;0.0040973;31.07.2026;31.07.2026
34QNxkaEktqU9JDVQQ6amNsbza2abit3TX;2;2;0.00409432;29.08.2022;07.10.2022
bc1q6ejfqnjzhjuhfuxy3ssdt8p9h5lslygk6yftg7;2;1;0.00403375;21.11.2021;21.11.2021
3JguwE2ffQQLy6T3cQARXQ5fbyfA9Vye4h;2;1;0.004;18.06.2021;18.06.2021
bc1qk4xxnzaa2kgqe9h95lslvmfmwupgtuqettwfrp;2;1;0.004;04.04.2025;04.04.2025
bc1pnkkpykmlms76qawvrvyar0nmwa9edyr09439qaf4dndk9rkzq05s0h4545;2;1;0.00397981;12.01.2023;12.01.2023
35LDqgqQRfyPPpxSREToTQwpihxT8TbwJS;2;1;0.00394678;24.10.2021;24.10.2021
3B6A4SqqzNTJgYs1ubmH3MYBinhTigJqnK;2;1;0.003928;17.06.2024;17.06.2024
38raj5fJRCYYruGTMKfXRUATGetsLfeSfe;2;1;0.00391149;07.09.2021;07.09.2021
3D7jreyHrktyuNFoK4EC3NY5ujtwQvi1bu;2;1;0.00375;17.03.2022;17.03.2022
36AyXH4oQAQLh9NvKSLjCpkvqEr8QARUy8;2;1;0.00373194;15.06.2022;15.06.2022
bc1qqf7adesv0s8qggksk97hnkq4naftc97ssudyyw;2;1;0.0037;27.03.2025;27.03.2025
UNKNOWN:002024d46d0b1a06da53877bec6a438b0b7b91eb;2;1;0.0036;07.07.2024;07.07.2024
bc1qtjyndq2pj4vuvf0s0nhp3wwg99hex4pgqw662a;2;1;0.00354573;09.07.2023;09.07.2023
bc1qqhu9h0qqa29y3307zmyrcepwheyyu8fukzgcqw;2;1;0.00354294;14.04.2023;14.04.2023
bc1qpy5v2e5keaqr2r520lapxja5du3gs0pd4xl3vj;2;1;0.00354294;14.04.2023;14.04.2023
bc1q9ufxfzz6p8yddwp6jg806ycf829q0rm3lq47t3;2;1;0.00354294;14.04.2023;14.04.2023
bc1qgtptn5t2eguehgqtg7h2w7luwrgrmk652vnafa;2;1;0.00354294;14.04.2023;14.04.2023
bc1p7p2z5rm75hk2yp88dutyegtt0m6lyftd5v8dpnekzdxdt9xxym6q55gdqx;2;1;0.00354294;14.04.2023;14.04.2023
bc1qln04qpzg4ksrt839g0535zrgxvvcmgq7030w78;2;1;0.0035;08.03.2025;08.03.2025
bc1quwrjnc3g0lfm567smujz3p3d5rjj3qnsdxnmd2;2;1;0.003498;18.11.2023;18.11.2023
bc1q92xnc3mdhaeuuhtujnttnfu7qm28js0mumtxln;2;1;0.00314622;31.07.2026;31.07.2026
bc1qsrmgafdtfsf9mw7vep58na9x8ux3xsfr2azc3n;2;1;0.00305118;12.03.2022;12.03.2022
38VdrF3vfKCetPnnZfotT3gBFCy5iC99Fe;2;1;0.00302952;06.05.2022;06.05.2022
bc1q35jgrlrghq6hw2fq9ukp6fcnxjupugp06v8f9c;2;1;0.003;27.03.2025;27.03.2025
bc1qu3qwmas8nvv9sw7gky6y4l7negdke58h4xh29e;2;1;0.003;04.07.2023;04.07.2023
bc1qh9s45497y7llffcnp373ceyuqp5260hrdnjw0g;2;1;0.003;05.10.2024;05.10.2024
bc1qpue4gydyeu25adw3d36793fxxszvv0vldty3r6;2;1;0.003;31.03.2026;31.03.2026
3Ji9pXLNo5NmxwAwQRNYoApFA6Arb2fXxa;2;1;0.003;09.09.2025;09.09.2025
3ASH8pHD5iNkXRNt22uPVWZtVwPgnZZe8C;2;1;0.00298204;12.09.2021;12.09.2021
33u6qS4XK5fVUJASE9rZ6muxUpXJrmJyQS;2;2;0.00293364;16.12.2021;16.12.2021
bc1qmx26y9yde74phgje9zw03pfw59cyxzyxyank00;2;1;0.00290315;16.07.2023;16.07.2023
bc1qphmr8wnzgvrx62mzu92dl7v08zhlv9vsjnvn79;2;1;0.00286797;01.09.2024;01.09.2024
UNKNOWN:0020511ec2cd08d43ba3dcc27091c7fea1a3080f;2;1;0.002862;03.03.2023;03.03.2023
bc1qasp2smj7xjt3l5s2auku9k6tgug348ph7swznk;2;1;0.00285503;13.08.2023;13.08.2023
bc1q4ctasn4nkaj3sgwv9556u45q6vrw4guzd4yvuv;2;1;0.002825;08.03.2026;08.03.2026
bc1q9rs46zyqvung6h67pj76kwqj3320z28ed50f07;2;1;0.00279;31.07.2026;31.07.2026
bc1ql94yxpjzd7e6r760qytu33y7hxvk4hkpereh3l;2;1;0.00268513;04.02.2022;04.02.2022
bc1qx72fh2fydkjm5e2amzxqrfea5msdwunc7suvdv;2;1;0.00262144;14.04.2023;14.04.2023
bc1q8t2ld49et4d5wj46ga4leaufzwukxk7hx5gxmx;2;1;0.00262144;14.04.2023;14.04.2023
bc1qdf97mqp6e3uf9qyk9f85fdqjrlh5wf5447l07x;2;1;0.00262144;14.04.2023;14.04.2023
bc1q6rjhr6xdcgaajpk8830clqjkxg5r6kccg9glp2;2;1;0.00262144;14.04.2023;14.04.2023
bc1q67myf9mgc555jt8yykx5yyy053ckxtvg054khy;2;1;0.00262144;14.04.2023;14.04.2023
bc1qlg6jqc8m6tzhvnxpwgqfj4ddpkwvj0k58g9thz;2;1;0.00262144;14.04.2023;14.04.2023
bc1pzwds53wswlegna8p326npgkp949u6es3vads3ua8s2f82wjwvjss2lw9ps;2;1;0.00262144;14.04.2023;14.04.2023
bc1qunmnmhsv4xdxs4zmqt9jyeu74xqcren48ez4hm;2;1;0.00262;29.01.2022;29.01.2022
3NzmAQirRNGFktSn7vJGkRmUBPhZCgyThy;2;1;0.00256961;12.06.2022;12.06.2022
bc1qcwauxwjfqa3vptkw0zpz8wz5xchzz8vjnku833;2;1;0.0025315;05.09.2022;05.09.2022
bc1q5lw5u9mkuczs6fp0875xe8x7j0mhmeyj7hppvr;2;1;0.00251563;01.09.2022;01.09.2022
bc1qnad7w9jvzr6mx3gcalwy88rupfx26nlsurdjds;2;1;0.00250668;31.07.2026;31.07.2026
bc1qk45jh5xlsgtgmagelk2tqmq6pe34ukupqt2pgs;2;1;0.002505;19.11.2025;19.11.2025
35e4daZYkzkKm9JUnbUxzVqvmQtgjq6pe2;2;1;0.00250161;01.09.2021;01.09.2021
bc1qvf0yhxet8e9ddktfwr6qhmn2hjrp2vjatdhfss;2;1;0.0025;17.06.2023;17.06.2023
bc1qwa3ztj5864nu97wd8ulgf434pxrxsmzsjwj38c;2;1;0.0025;10.05.2023;10.05.2023
bc1qy6y3w3hnv4y2g82q4057k3rsxc6ue7c898r5uv;2;1;0.0025;15.05.2022;15.05.2022
bc1q6wk5zaz0cfagxyhl4dda6sp7s6rz4ted44d4ww;2;1;0.00249704;15.01.2024;15.01.2024
bc1q557u2y9ecc4xrhz8pqd6nv5x2f2zmx3xh6rrrx;2;1;0.00248897;02.08.2026;02.08.2026
bc1qfvga3gcag2m0ftclkc3mrw2q0fr57ka8cmmhhe;2;1;0.00248603;02.09.2022;02.09.2022
12ybVg8RWETRWZDZrxt4cXLvbLtMWptN6y;2;1;0.0024749;26.10.2022;26.10.2022
3HkCg9TVMb3e8oSqPBwqDGSiK466ZPQ3Rw;2;1;0.0023;03.08.2021;03.08.2021
1Hcsbvmyzykk3PwPh9hRZVykSVVL1s7nKi;2;2;0.0022953;01.05.2023;24.12.2023
UNKNOWN:00208ac5f07a7030a861e9f7252ce4562c7fcd00;2;2;0.002242;24.09.2021;24.09.2021
bc1qmq97zs459md67pvcm0ua7mwfpy39afuj7dth5p;2;1;0.00222975;31.07.2026;31.07.2026
bc1q6t6tmz5awucwxjpwagypqffuu6ax8x2fkvpwuh;2;1;0.00219123;27.04.2024;27.04.2024
3M2hVWQ5q6whFPRUoheRTNYCxxsPUEGxPU;2;1;0.00218669;31.12.2021;31.12.2021
bc1qnxznc7gaft750ym80pqp7ukcp557ukf5yhfwm6;2;1;0.00214848;28.02.2025;28.02.2025
38NDwhtmnCJZTqhgUrem2PmyvCfbtdipSh;2;1;0.00214186;02.04.2022;02.04.2022
bc1qxz7pn7s6m39eda0n0rzum56hqusrxtc4cpru9g;2;1;0.00213754;02.05.2022;02.05.2022
bc1qt8wf3dz92lc9g408j2mhwraafe2vq2nzj0qxyl;2;1;0.00213753;03.06.2025;03.06.2025
1FWQchPQuGbFMyYWa9hL8AADbihPFAcSrP;2;2;0.00211299;31.08.2021;31.08.2021
3G5GQtXa3S8xbYfrL3Z8JTNEdKkHzBBaNd;2;1;0.00208373;09.03.2022;09.03.2022
bc1q9xqs4y9s09f82w2x7vh3u9cn7yqfa6n4ykgwuc;2;1;0.00207826;04.07.2025;04.07.2025
3DU1EaMCm9u2rEaQBk5WaU1GM9dcSi6c5D;2;1;0.00205836;27.05.2022;27.05.2022
bc1qp8aex5k3ukj0gwm805mchuehkfaptrjr25cj9w;2;1;0.00205301;14.07.2025;14.07.2025
3Efi7op7foeXDCXwk9r6c7yfHMdjnLoDDE;2;1;0.0020267;23.11.2021;23.11.2021
bc1qsl944487a479743dugkh09qd6dujn2dvwy4yw8;2;1;0.00202402;08.04.2025;08.04.2025
bc1q262y7w0jwm69sn09c46p46a9ndvscfjmsvavmy;2;1;0.00202207;20.12.2021;20.12.2021
bc1qrcuulpxw8v8wdd56ue3c6rfl283kf99frxpaq0;2;1;0.00202;29.09.2024;29.09.2024
UNKNOWN:0020e7f56a96191e5dd29e3a8fa798ba27b6c17d;2;1;0.002;30.01.2025;30.01.2025
3QHwh8DENTuCVd3o6Adjg83ogwshaoUGF4;2;1;0.002;12.11.2024;12.11.2024
bc1qtngnv4kcm4r3jnkl4f4v82636p79u9wnr8vuda;2;1;0.002;29.08.2023;29.08.2023
bc1qfgsdyh6ekaq84zcjykfuj6r7vnese2l6xd86y6;2;1;0.002;14.04.2023;14.04.2023
bc1qfvz9j4arzqrpegtczylkdutw0r0fw5llqlt02z;2;1;0.002;14.04.2023;14.04.2023
bc1q2r9mlf29spljsvyal3mu04ed2sywwh49mcun8y;2;1;0.002;14.04.2023;14.04.2023
bc1qjxh0fzrmarul56x4tx5xl65q6vzla9evad0pgh;2;1;0.002;14.04.2023;14.04.2023
bc1q4gmu0aaapg2683p8cufv9gwy05avp8qszdj4ct;2;1;0.002;14.04.2023;14.04.2023
bc1qa7euczdpjhvph0fpcfz8sjyyc6umzjaglj93rz;2;1;0.002;14.04.2023;14.04.2023
bc1q788hepw34kszs4jq0g3pt0paqg3emazrjgmw7v;2;1;0.002;17.03.2022;17.03.2022
bc1qc8plmz9fhucxkfg0zq8z99lq5wgjce7xqj3xvx;2;2;0.0019879;09.09.2021;15.09.2021
bc1qttcws25mzz2mamawy7vwphrp6y3uy3wzga6e3p;2;1;0.00198324;08.03.2022;08.03.2022
bc1qzt3dlvfpmz2rzhdhpkejtn2qkd8c7yhttnl0sg;2;1;0.00197424;28.02.2022;28.02.2022
bc1q4melnm5f60etnyfqjdpx8qe2kyzpmtqwestrp4;2;1;0.00196775;05.02.2022;05.02.2022
bc1qttcr0txq7kvyuucq2lfx9znff5gk4vg7eusmxa;2;1;0.00196;20.01.2026;20.01.2026
bc1q0zjedyk5r564884pey52j9gwt8n46qpqlgtsrz;2;2;0.00195182;17.09.2022;19.09.2022
bc1qwjexha0u75tcll4mmnnxf7r5wmrx52elqaj0k4;2;1;0.00192921;27.10.2022;27.10.2022
bc1qkaly8qnhhy9st3nafkkkaum4wssegw9gph43lz;2;1;0.00192726;19.02.2022;19.02.2022
3PW13aYVkZwhjdZ8KvyMX8ARMgXwbXFV4V;2;1;0.00192345;31.12.2021;31.12.2021
bc1qwqv8r3vatvawrd5qazsnr6ufeyec5ymrjsmrpa;2;1;0.00192188;09.03.2023;09.03.2023
bc1qqtq6qznrlwgfvzwkdujcl76he92xmmw0xrtsuj;2;1;0.00191628;31.07.2026;31.07.2026
UNKNOWN:00208db80d71568b68fca61788077a2581dc2e72;2;1;0.00190186;31.07.2021;31.07.2021
bc1qr0xj5gphkrjfuryu5fllvuw2uh6ajr3tk4egr9;2;1;0.0019;20.12.2023;20.12.2023
15ioPXkhtr79gsK9onu6zrQDTRhoxcr6JW;2;2;0.00188984;04.11.2025;04.11.2025
3A2zumsCq9PoBVtnzfCB2gJU1ofURYnGmc;2;1;0.00185642;22.01.2024;22.01.2024
bc1qxtcxfwc4nqrnrd0veh2yyeyrgaa3qn4jdh7vth;2;1;0.00185164;29.06.2025;29.06.2025
UNKNOWN:00204121297d11f1f528a8727db561643840928d;2;1;0.00180951;04.02.2026;04.02.2026
bc1qjz5yulud52rk80vplc74ayj0fq43vcmxt7s56s;2;1;0.0018;31.07.2026;31.07.2026
bc1qr4ylzpdums30wsaykwhkjr2r2zr750tw3fglcy;2;2;0.00177943;17.01.2022;29.01.2022
bc1pxg77qnprl7whtgyjt97p32tyxua3yjujap6reaxwwckmw599npfsg574nx;2;1;0.00177147;14.04.2023;14.04.2023
bc1qyqnhrjtyfddu6c05px447mvmhqw0emz0jq3qmv;2;1;0.00175882;10.04.2023;10.04.2023
bc1q84ylx3d0argxas94wmwky4ev0cqm8vlxmwvlga;2;1;0.00175757;05.07.2023;05.07.2023
bc1qa5pgnrr4jjn5ps5a27hjmdxs4gvt8rwzrmmqs8;2;1;0.00175;13.08.2023;13.08.2023
1A1KbLnvjbPRbAyS7UjSXZkEjDowUZVtxc;2;1;0.001736;06.11.2023;06.11.2023
bc1qjduk60n9p8xqcfef7lmvanfqdsh48yqyvjfhv9;2;1;0.00170368;24.07.2023;24.07.2023
3QhQNqfwRhSHAerJbrvgdLDvCr2Hd6ZKeh;2;2;0.0017;16.05.2023;16.05.2023
bc1qyufhlz0eh2yjurvt9247gl00jlfv0t3k5qwxcl;2;1;0.00169395;31.07.2026;31.07.2026
16DkvTevZFN9ufwio2eu3RTQHd2sXi9LHj;2;1;0.00169;03.03.2023;03.03.2023
3FjirFUbNH9SQ6tmyJh6gYAUs87PJNHHsm;2;2;0.00167556;29.08.2021;02.10.2021
bc1q6z2ncjxvnyn9gc7dh0spnn3gv0uyaxgs9xvxwq;2;1;0.00166884;08.02.2024;08.02.2024
3A6xfMPepQTgPCX27XhhGJMThNqADkAegd;2;1;0.00164998;03.06.2022;03.06.2022
3MzEmQd3bbkCG1LG43rgDYBmtwNqjtsvo3;2;1;0.00161062;06.01.2022;06.01.2022
UNKNOWN:0020234b38b4efb4d9a71bab44c17edf44bd4bb8;2;1;0.00160606;01.12.2025;01.12.2025
bc1qw5u739p92fl8g44xe6dflqs2s0vzje2zp66ut2;2;1;0.0016043;22.09.2025;22.09.2025
bc1qurm2v5j0jf9f4pfgmz3xwqg70l7tc5t0w5tkkf;2;1;0.0016;17.02.2024;17.02.2024
bc1q8z50qcaehnp9yyp0u56z0gzkeehtzc360sqm4z;2;1;0.00159;03.02.2024;03.02.2024
bc1p0l0xs2a0ffn2d9pek28k3vm9rjr2p0c5hvdlu03gpdwgzdgpscnq6qlk0h;2;2;0.00157041;02.08.2026;03.08.2026
bc1qel6422w52htfuprzp8zmxtap8rjp38g88h5g2q;2;1;0.00156218;26.06.2024;26.06.2024
bc1qp9nf7w4yqtyav98laklynz9w7ltqdjftm7x9dv;2;1;0.0015;11.05.2024;11.05.2024
bc1qnpv5523d6zafta0n8kz3nntlxpk4nwkh7zauvv;2;1;0.0015;29.06.2025;29.06.2025
1H8x3ZHqDhNdc5EGEReC7LTh7tVa9iEBnn;2;1;0.0015;23.10.2022;23.10.2022
bc1qvppvkdjl4et8m6js6dxtgmaa8cu2kvlarwfpwz;2;1;0.0015;16.10.2025;16.10.2025
3GMSgWHCy6yxDX3Jvrg6MHEgXXUdyHJ1cU;2;2;0.00145;22.03.2025;12.04.2025
bc1qdh3v5hq243g3zgw44zxqemn447ptv0cxp9jugt;2;1;0.00142268;12.02.2024;12.02.2024
bc1q03regdf8zsr7rzax37h23yju08unj5f52nmp7v;2;1;0.00139343;08.12.2024;08.12.2024
bc1qj77mrghplyc6qlhu77j6uq9548trrfmj4ujx9r;2;1;0.00137;02.05.2022;02.05.2022
bc1q606cds8q7nqavnyxt3fe5vj6feq0vx8na4cj5c;2;1;0.00135341;19.09.2023;19.09.2023
bc1qz2zgcxdr78wdfr7sluffhhu5uwmz0scmyltnkf;2;1;0.00133;20.10.2025;20.10.2025
bc1pfmwplldev5zkna7amwjmu3p4ehzghx5w23r34474vd0ucffg05nsxk2dzz;2;1;0.00131072;14.04.2023;14.04.2023
bc1qct5nnznqx5tedd6jsfxwwgqx90kt62aeuk5t5p;2;1;0.0013;23.02.2022;23.02.2022
bc1qhz3wuz7r7vvzp34t95x0plnmyszzp02r04qu87;2;1;0.00126888;22.11.2022;22.11.2022
bc1q9jjy9l7ul3a8kd45ayftfrzr5yuwn5vl7zsxxv;2;1;0.00126855;08.11.2022;08.11.2022
bc1qgsqdvj7dzp42e0fhp2jm6u3y5jvepc6yfn8g5q;2;1;0.00123144;21.05.2023;21.05.2023
bc1qulff0tqvke3862ny0wsm3mn84ww2l8jjckxsvg;2;1;0.0012;16.01.2026;16.01.2026
bc1qjajvkn85fcxx272knzp3dm9eu638292kg4sf3t;2;1;0.0012;30.12.2023;30.12.2023
bc1q9qmv4pncrys4zrdmdwd2pxksx569rlu0c573zy;2;1;0.00118098;14.04.2023;14.04.2023
bc1q87wss82vz46gs0hmxcpmcqcvdh2phn395q27nm;2;1;0.00118098;14.04.2023;14.04.2023
bc1q0w2luw5rws3udlsj9hxxq5xl8wnfleflvx337u;2;1;0.00118098;14.04.2023;14.04.2023
bc1q04wemspuuj9m4fev9gz58w8efdwmnnj6ryjcyu;2;1;0.00118098;14.04.2023;14.04.2023
bc1qs46s7ltf8rf5a78t9d9njfyjyc8f9accz89dwy;2;1;0.00118098;14.04.2023;14.04.2023
bc1qn4praq9zzwm0tdvrx2d3nj9sxqjgtlkdspl2m4;2;1;0.00118098;14.04.2023;14.04.2023
bc1q5kwpytz2mf4zd3f5tty9wmfgn0gnqunxg0x4xc;2;1;0.00118098;14.04.2023;14.04.2023
bc1qayw7f635r0yyswagetng4pxe8estu2d7qhr233;2;1;0.00118098;14.04.2023;14.04.2023
bc1qlmufpkalvtq4y5mcq9t4yq7kazgdaaexe46vnl;2;1;0.00118098;14.04.2023;14.04.2023
bc1ppv749g7l9y8z0f8wauszefvewnhhu3pxxe0h9uj06nwxzzl3z4aqn6ttuw;2;1;0.00118098;14.04.2023;14.04.2023
bc1pjfu6qq98k5z789qvewle98sdy25l3v9zzuekrhvz7zu3nv5p323snv0f0u;2;1;0.00118098;14.04.2023;14.04.2023
bc1qxjmgph4zu3s60z9llvpwmu08xll9epx8uwzrk4;2;1;0.00117156;24.08.2024;24.08.2024
31i6WKiEPtKbVdavkfwWr9qHCX6hmsvUkX;2;1;0.00116662;21.12.2021;21.12.2021
3EYeKW7YfYUkEA4hVNKabCZRdaTYrKwhEt;2;1;0.00110435;28.12.2021;28.12.2021
bc1q7xtrugykvgxl7wsq8zssejtvgklly0cryw6k2l;2;2;0.0011;14.11.2022;07.03.2024
1Dh6Rnb2we1opNQCbQMWT9VrFziBySpeA3;2;1;0.0011;21.04.2023;21.04.2023
bc1quejjx446pdprw4wl04nqwp6jh0zvxl68alwnj6;2;1;0.0011;07.07.2025;07.07.2025
bc1qtxqzrjfphrpexnnf3ut206vzy82tgn2dwy4slf;2;1;0.0011;13.05.2024;13.05.2024
bc1p57zjazm84aq8mcm577n8mlpzg7ma2jxyveu2dwy9rgs4yravspmq9urjjx;2;1;0.00109277;13.10.2022;13.10.2022
bc1qaa6xskkm2vnx0ee5p2wrk47d5zlt2deka6efl3;2;2;0.00105;21.03.2026;21.03.2026
bc1qvclek5nfl85wf4kkeqzl4pxax7ukecgk9j5g5f;2;1;0.00104454;05.12.2022;05.12.2022
bc1qw7sjccnfezvnzhzqelyfxtrm87m6j0u56es9s0;2;1;0.00103;17.03.2022;17.03.2022
15FZ5aUp144LbVgKh7skGvR2HRBGwMaRMv;2;1;0.00102871;01.09.2025;01.09.2025
bc1q7elqqd6xy0twuv637nx699498jskkeftx8yvyt;2;1;0.00102722;30.08.2022;30.08.2022
bc1q8gpdxaz8arg44appq49zmn38f7e00jfy7ekrjj;2;1;0.00102687;17.03.2023;17.03.2023
1B4durNZ8mvW6KPrHFE2Lgc8NpYVvchkHC;2;2;0.00102;15.02.2022;21.02.2022
bc1q239utksmql6u9cevvy4gv7mam4gyfzvgdnqtzv;2;1;0.00102;28.06.2022;28.06.2022
bc1qp06urlmgq03j7whe4w3y69s6t9rcdk8564ly7n;2;1;0.00101815;30.08.2022;30.08.2022
bc1qm4j9guvvm4hr50rlmwa5csqpdmfwy4ch8pl2jj;2;2;0.00101;22.08.2022;16.07.2023
bc1q5phxc7tf2gfjye2kpu6kasdrndfuf8c4vhtrz5;2;1;0.00100919;11.06.2023;11.06.2023
bc1q8wrpc3lelxfg90s0eg68r90j342z2wj9rytfqc;2;1;0.00100789;10.09.2021;10.09.2021
bc1qm35f220qjqt4hzljj0vzj494n4z3qffctux0nt;2;1;0.00100605;04.04.2022;04.04.2022
bc1q99xzsyta4mak9g0yw3rfudtnqe9rraxe4h9d8c;2;1;0.00100605;01.04.2022;01.04.2022
bc1qrnez299h35xpndjr83majuxt5e3064j35h9gy4;2;1;0.00100605;04.04.2022;04.04.2022
bc1qld5zc4mea67x4eu5t6g38ftmtvftll7uhpp38u;2;1;0.00100605;04.04.2022;04.04.2022
UNKNOWN:00207b931935b675c189f3d3a6e85beb39a589ca;2;1;0.00100433;14.04.2025;14.04.2025
bc1q96l6jktafksrc3cv39a5h7jzdhc9nfzss3vagd;2;2;0.00100393;14.11.2021;15.11.2021
39D6TcnhVEeUUPx28iihj2b73i75SFDg1c;2;1;0.00100351;23.09.2021;23.09.2021
bc1qmea907fpltqc94gc459e48czsmhd6qqyy0l67j;2;1;0.00100321;23.10.2022;23.10.2022
bc1qrzc3kxfucu44qfaf6zh0asvwzxpfdr26h70w4x;2;1;0.00100302;01.04.2022;01.04.2022
bc1qq2kax6kww06tm2ucdz45qef4w952q26twrsj5s;2;1;0.001;07.07.2025;07.07.2025
bc1qch82uuteg9ymk44yazxe0atpgfxkvyc8tm7at3;2;1;0.001;28.01.2023;28.01.2023
bc1qzeu033mnruv8f4ehw2psa8sv7dcndzk67zld5h;2;1;0.001;04.02.2023;04.02.2023
bc1q4ytcz6s7k5vrqj0dark2u8s9zeynra6p2t3dcz;2;1;0.001;26.05.2024;26.05.2024
bc1qj5u4cqznc48rhhtaw9783ldhqj3myvtkfk5cde;2;1;0.001;30.06.2025;30.06.2025
bc1qt35xvlt76z9mttskpu6g3lmh5t7n69y7x7a48x;2;1;0.001;31.07.2026;31.07.2026
1FiRLsWVHhKUPaAWjQKKUm93x39duda6mG;2;2;0.001;18.09.2023;19.09.2023
bc1qy8d0zpfn6ek9nekdagck84fexh74g9lwnq2dq0;2;1;0.001;14.04.2023;14.04.2023
bc1qwasdct0xv0a2cnhkcf2ma3q2r63cznm5zvu2mc;2;1;0.001;14.04.2023;14.04.2023
bc1qsptlqdq8pgw9e66j74qu3peh7sttjhvz329sas;2;1;0.001;14.04.2023;14.04.2023
bc1q5nazh3mjkp3zv3ssrqmfrtwmdpyl7dz5mqqje8;2;1;0.001;14.04.2023;14.04.2023
bc1pdu089vewz4uzyzwz8k63vv492frnge2qd9dfg62ztx3cknv4fvcqf49pgq;2;1;0.001;14.04.2023;14.04.2023
bc1p0plvy38d57qmqv6hg9cudjmukql0pnhtca8sq34dw7cs0k3s2t7sefc4nw;2;1;0.001;14.04.2023;14.04.2023
bc1p03xdsmyfe62dnh56n4vtpcpjrkaxskvdtdr7x6urt3wu9urgpr2qdd6ak6;2;1;0.001;14.04.2023;14.04.2023
bc1pjycd7x4fmsdmmr7ssh6s5y5r38gar3p698t2zj7wp376h6lxps5shsa2mk;2;1;0.001;14.04.2023;14.04.2023
bc1pnv0vxlc25la2xdh2vmcrf296klzfqtx7rksz75v8t7g3xd39gvgq7fx4fg;2;1;0.001;14.04.2023;14.04.2023
bc1pc7lv3fyklrq4q5kwysg99w6y9yxdxlkaex8f66u2aq4qwz24m9ksycpar0;2;1;0.001;14.04.2023;14.04.2023
bc1q86mnvzrxjdr4fc3ff0umvpzwge2l69ej4vmx97;2;1;0.001;18.09.2022;18.09.2022
bc1qmdvcatee7fu5mj2hnlqq72ctefdtvr5rcca0zl;2;1;0.001;10.03.2025;10.03.2025
3Betc8qTNf1eoNMxe6GvHfZRXb67FAcUaX;2;1;0.001;22.02.2022;22.02.2022
bc1qn5mhme4zdjw4thy5hr560vhdfux6260ns7htch;2;1;0.001;14.03.2022;14.03.2022
UNKNOWN:002093748a02a85f6e2f230fbcaaf4d87edba174;2;1;0.001;28.09.2021;28.09.2021
bc1qxtymk9fefkygl9qqap226nsrrcs8e79n7gctv8;2;1;0.001;30.06.2022;30.06.2022
bc1qexfttqa2m3hcuc4hpq2hvqdkc6mcfpshn2h5yr;2;1;0.001;30.06.2022;30.06.2022
32zyAhowujqsEWtVpiGwBcGmgmLXr7h8Cx;2;1;0.001;19.11.2022;19.11.2022
bc1qvpnn6wpvjm894e9yygql7n0pydvzw27gmkck6a;2;1;0.001;20.04.2023;20.04.2023
bc1q2yzp3wv34wewwvy9fghd6kg6vef8dly65n25nx;2;1;0.001;20.02.2022;20.02.2022
bc1qmtj5jepjece98q0999v7e2t5vcmpplnwp39dc2;2;1;0.001;26.11.2022;26.11.2022
bc1qf4xm5tc4u64ktyh0hh6r978ms8wvysjmfgt5jt;2;1;0.001;17.06.2026;17.06.2026
bc1qq66fvgyvdve7aj0x58feswv2helc5sjyx5n9rk;2;1;0.0009657;03.03.2023;03.03.2023
bc1qku5s2jhxlgtu8k6kx6qaqauzv5332uwyrxsagn;2;1;0.00094288;21.06.2021;21.06.2021
bc1q8mprj55jne26qvc0uytdx0d0770t576hzq54wh;2;2;0.00094094;09.09.2022;09.09.2022
bc1qwjr7mxq8edrvh94w0hx59f2qtj9f0yek27367x;2;1;0.00093;11.03.2022;11.03.2022
bc1qu240h53s95m678uv84sjpagwrkvfpuktgrx3jm;2;1;0.00092452;30.08.2022;30.08.2022
bc1qsqs2gz2z85ezcvy0da49tax89jrj0eghwyuaja;2;1;0.00092175;31.07.2026;31.07.2026
bc1qty0m3hw5w6yvzfler7zhjyn0gnw6yq0v2nyjtd;2;1;0.00090324;29.06.2021;29.06.2021
bc1qresdrrmyle48tm2dhsk56c4mmu2j5m9vkvztsm;2;1;0.00089952;30.08.2022;30.08.2022
bc1qxdl2um7yltdq8y73lk4l9ttn6f8n59h92awyqr;2;1;0.00085285;31.07.2026;31.07.2026
bc1q8hhlgytag0325ltw23cxehdc2h90k5yanzzr7a;2;1;0.00084957;19.02.2023;19.02.2023
35mnZncGNqTgyKAQKXZTo6uFxWebBUj1MQ;2;1;0.00084259;17.09.2021;17.09.2021
bc1qcm46uelrfqcu0tehu9c8qjkt0uxjxt9h0szhhm;2;1;0.00080852;14.08.2025;14.08.2025
bc1q83ja6790alhf0664jvum4zl44t2g7s6turtl7u;2;2;0.0008;16.01.2025;16.01.2025
bc1q800umcsyt335xnar2ekemnjzw4nhtsqy6mtdx4;2;1;0.00078;31.07.2026;31.07.2026
bc1qw26fvh6udjmwpkeapt8t932q87f3h9q07tmqss;2;1;0.00076395;31.07.2026;31.07.2026
bc1qz00z6wylrgfwyq2zh260xmm6urzrzf0xws6u2e;2;1;0.0007;23.12.2023;23.12.2023
bc1q7e0pjlcrhjd00f2hd7tu54h59t2f5wtu9rj2s0;2;1;0.00068345;12.04.2023;12.04.2023
bc1qma4qud9cfssh9hqtqyfcnf846ym0a24enlczru;2;1;0.00066577;13.03.2023;13.03.2023
bc1qxlywwrnqqe8p7efj89zsqm49jx68pcgzk66sr8;2;1;0.00065536;14.04.2023;14.04.2023
bc1qtuhc8q4j2mn53lx7lduj0yddw440xdvakr4ddp;2;1;0.00065536;14.04.2023;14.04.2023
bc1qnxzzjpg4jg0l3prgfku4x6eew35v4g4z8sz8tx;2;1;0.00065536;14.04.2023;14.04.2023
bc1qnw7l70dmp9gsjdfxt2jt2uga9xlsfzhvvfdqn7;2;1;0.00065536;14.04.2023;14.04.2023
bc1q54ka742qwmlxkax9udn8vzqmsl3dssu0n6x5rn;2;1;0.00065536;14.04.2023;14.04.2023
bc1qump0ry8xk0wuf8hp54fnnaqke0z0q7ed2k2hut;2;1;0.00065536;14.04.2023;14.04.2023
bc1px222pyc3v6j048l95lsvzpjzs7jdpl4duvjhnptdtgpe5ndlhzeqvmvzsc;2;1;0.00065536;14.04.2023;14.04.2023
bc1pstwvpmvfr2vdjk9d74589au8ex6c5l7ynxrzamrjq4h7xrwqyvwqjqpq8g;2;1;0.00065536;14.04.2023;14.04.2023
3LJ2bBu5wj6zWQsitfpPujjVg4utAmRbz9;2;1;0.000653;01.03.2024;01.03.2024
bc1qtflj4zqcuytv5wvjnc95rtjpvkqm855nvchgdw;2;1;0.00064;27.04.2021;27.04.2021
bc1qu7c35pxjtmq0c97eyz2m24rhpd8srdzem49t6u;2;1;0.00062618;30.08.2022;30.08.2022
1F7cqBV7dHZ8BAVDi1piN6osXwDgKjcgx5;2;1;0.00062169;22.02.2023;22.02.2023
1DzdB5XPahL47xjgCWednUH9ndsT5cGk2N;2;2;0.0006;15.11.2022;25.11.2022
bc1q679xyt24x6rfhax248dty3355m3lnxerdwjvka;2;1;0.0006;14.08.2025;14.08.2025
bc1qudth58auagfje4md5fq2em3eprd43q7xe3clfv;2;1;0.00057602;21.07.2023;21.07.2023
bc1qwnwu2n4zn53akflx57gcmx9znqccgkncdxwk8s;2;1;0.00055901;31.07.2026;31.07.2026
bc1qdfnwgx4madrleyu5jeyt5vkzaqaux6jkv08dcy;2;1;0.00055562;20.08.2025;20.08.2025
bc1qtxjxh4ze9wvh9zse7z9dr5urn9m26v0mgmx2hl;2;1;0.000523;20.01.2022;20.01.2022
3GNFabH9pm1Ld5pMt8R5FgDJYG5E5fL1dt;2;1;0.00050821;25.09.2021;25.09.2021
34AwdyecxmyYMFssPVndWLh2CgXsXoT7fq;2;1;0.0005;21.04.2022;21.04.2022
bc1qr2g48zxa9axv2p05md2mcjrrycwqw3z2ljjhd4;2;1;0.0005;14.04.2023;14.04.2023
bc1q8j5e6h3heydwzc92kmxa0mdy28su39z6yuhgdq;2;1;0.0005;14.04.2023;14.04.2023
bc1qwewpaszvycrjew9x7n7xyjzchtkm5jwe6mq25n;2;1;0.0005;14.04.2023;14.04.2023
bc1q3p8y8mrmqyzs2atn7l3g5rde4k8yatxzntngf3;2;1;0.0005;14.04.2023;14.04.2023
bc1qmvxzvp0pltwqk5mqs9tktnmsfxrrw670kaqhn2;2;1;0.0005;14.04.2023;14.04.2023
bc1quxhek97xt4suuz4y2xqv505rnz06vp4em9u6ha;2;1;0.0005;14.04.2023;14.04.2023
bc1pf2havg5mk8h58fadm9ut2cgapwfvwmgwltmn25707lth9xcswgxs3df5ww;2;1;0.0005;14.04.2023;14.04.2023
bc1pjsu0qtwgn8v5dp7a4zvpcvzheerqxtg58tpeqz74pj4kzyt4fd7sfdlcd3;2;1;0.0005;14.04.2023;14.04.2023
bc1p4q56pnc8cknltkxa8fvnwv0dge7a46vuc9ns2rdu79mp90ulh0sqruw2w4;2;1;0.0005;14.04.2023;14.04.2023
UNKNOWN:0020a05abd05a8bec354095187fca53e4ef10d54;2;1;0.0005;07.01.2023;07.01.2023
3KCPtWzVGmeYC1TBUxWR87kLX2XjXUbL4B;2;1;0.0005;01.10.2022;01.10.2022
bc1qphplvdhu7j8vgmsmxsgs49rkfp2hy3qkmdscee;2;2;0.0005;05.07.2022;05.07.2022
bc1q67p2reerus2uysx0sdy3pqsfcwe72h5566eq60;2;1;0.0004989;22.02.2022;22.02.2022
bc1pum5zf6efxgt7a8xcyjg79u25jdhz6ex9ff2m390d544v05pg698s8ftmy8;2;2;0.00049835;02.08.2026;02.08.2026
3NnsW6t2qHH2JzaY11j2jcnjPRs4ZYe3Yz;2;1;0.00048896;09.08.2024;09.08.2024
bc1qenczrl8cps222wqcwgsckzue6xylp98hjm9h89;2;1;0.00048;16.07.2022;16.07.2022
bc1qqp090yf3hx7qwevz7sz58ust3dpvwh7yxawu4d;2;2;0.00047879;26.06.2021;26.06.2021
bc1qwhzt5dnl6w3cxc33ue4rhhzlh0u36jvwf5nz0r;2;2;0.00046297;19.03.2022;26.03.2022
bc1qsz8qt904pa2z64lxur5j5u2aj62fqqynnqluw7;2;1;0.0004598;31.07.2026;31.07.2026
3AbBdWo1JWxgKkAuujZzp7wmqKNkgcUggW;2;1;0.00045485;03.12.2021;03.12.2021
bc1qy84z7yl77z548wqpxwxdnay4f5e9ua7hvfl7lj;2;1;0.00045433;10.02.2025;10.02.2025
3PMnwFb5aHxqPzBvrfhrsVRo3qHewzJJk8;2;1;0.00045;04.01.2022;04.01.2022
bc1ql0gtdg03th77wxeg2u9m5uwmjaanv4xlvj9fvt;2;1;0.00044998;20.02.2023;20.02.2023
bc1q5c3cpl5ggnx9mp69c0rc8gmxfmh7mcslwhasa6;2;2;0.00044864;16.09.2024;24.09.2024
bc1qg8rgp8t3lmys2pwthyyt9ke55aylvln25dy5c7;2;1;0.00041682;24.07.2023;24.07.2023
3DKo4xehKc8JUjS2yNPXMeNDeoDg7Pk2LF;2;1;0.0004;14.05.2021;14.05.2021
bc1qgy3gkmv9djfkww5qn89x2jtnns3asxd43euzd5;2;2;0.0004;27.06.2023;27.06.2023
bc1qydm9m2ad9ee9qau0g3shshcmsqy2rjzn8zy3wu;2;1;0.00039366;14.04.2023;14.04.2023
bc1qgvvrnj95q5qq62qxxcp4ntgf507yf5spqdnka5;2;1;0.00039366;14.04.2023;14.04.2023
bc1qwgxazfdgysyg4mlgtcagyqklgy8ln9rw3wp9ku;2;1;0.00039366;14.04.2023;14.04.2023
bc1p4euxpf5wt4g0t0mx2hpeye8pp6k993eqfkhp45w7dqswp9h2ayysr5pkwu;2;1;0.00039366;14.04.2023;14.04.2023
bc1q8823q8432tnqpgyjswaaq2qqxhglf6e8q289j8;2;1;0.00037768;14.04.2023;14.04.2023
bc1q90r92rv3ghsnqcexz40xhxtrs65ptd6h997nnp;2;1;0.00035595;22.11.2021;22.11.2021
UNKNOWN:0020258c658aa452774a9102bea768f2f3db044e;2;1;0.00035433;20.03.2026;20.03.2026
bc1qne0dujwqtqglf4mez6649cl4ja5vgpq7mavwey;2;3;0.00034963;29.03.2022;12.06.2022
bc1q7ywwmr2sa4qrggqhtd8x8kxc9fnv66h3p6y690;2;2;0.000345;26.11.2021;27.11.2021
bc1q5lvukz5f0knvszaufr5724c48u75mdus7jejx0;2;1;0.0003446;31.07.2026;31.07.2026
bc1qqdgyexazjf3acwpfk6k2c8wptyfnm5dpkgutde;2;1;0.00032768;14.04.2023;14.04.2023
bc1qp04r4hhj8quvthucjq09fv7z8tu9wd59cdp58e;2;1;0.00032768;14.04.2023;14.04.2023
bc1qyc8d4vkkw30fqsfy6j38f4gg38a6uhtgtc9wt5;2;1;0.00032768;14.04.2023;14.04.2023
bc1q9jdjf3h2mg5phf0sje7clh3vtdnztp7hh7fnmr;2;1;0.00032768;14.04.2023;14.04.2023
bc1qtuflv35f32ry89wucznvqktzgfrl70v9pr764u;2;1;0.00032768;14.04.2023;14.04.2023
bc1qjrpxum5s9rqpgqjfkqk3y8e7uulhwugua3n495;2;1;0.00032768;14.04.2023;14.04.2023
bc1qnj3gwgrvzsjy0jwxs2e0fak0x3k0xvh5t6qp3a;2;1;0.00032768;14.04.2023;14.04.2023
bc1q4cgncc9cysqtes2ec6wsqluyptcfmw50d8dfh8;2;1;0.00032768;14.04.2023;14.04.2023
bc1qkrvxdmelgnjh7jtcjt8nsz3rj8uh20ek4jk2we;2;1;0.00032768;14.04.2023;14.04.2023
bc1qcd0q8j2zhyuwr6xy360ckz7fnrfavu565k56xn;2;1;0.00032768;14.04.2023;14.04.2023
bc1qa8nlye2tga5469amugwqa6pfs2kjqy56dg3w5y;2;1;0.00032768;14.04.2023;14.04.2023
bc1ql0we2vlt0gwt8dxzd8pz68y8dswjuf70jkexmp;2;1;0.00032768;14.04.2023;14.04.2023
bc1p6unjjh9aps06kr4hag3cy459jeqjmh09vx9ne3sclyntu7y367yq0nyz3p;2;1;0.00032768;14.04.2023;14.04.2023
bc1qm8epkgy9xud28qeangpxlskd7wrncfvwel4vj5;2;1;0.00031117;25.07.2021;25.07.2021
3FPAp7JqbqJHL9KdbVWDHRAfr38fpei5Ne;2;1;0.00030451;14.10.2021;14.10.2021
bc1qa4z3ahwry7akagg3cd67y3y5f0xxymhgk2cdu2;2;2;0.00030411;09.05.2022;09.05.2022
bc1qqce45v00r98k730nu28dqyd7ww2knlfyv9pvwq;2;1;0.0003;31.07.2026;31.07.2026
bc1qkf9rvxvsxv77cqepen4nr4zmquvl9ksaa7axcs;2;1;0.0003;29.10.2024;29.10.2024
bc1q4ejx9dxjmdd0wqn245sk5c08atarhc5xp6flpt;2;1;0.0003;29.07.2023;29.07.2023
bc1qsm4hvu7f945d6r6ejn6rs574h3yh0mwpg66esf;2;1;0.00029328;20.08.2025;20.08.2025
bc1qmhs624v35wz3qdql666nkyax8vms35vcddh26z;2;1;0.0002822;30.11.2021;30.11.2021
bc1plzszxzu95ag8f5j4lw4at8q47tqy7v70ldfv8gtas3g6tmetey6sv8t9ln;2;1;0.00027972;30.03.2024;30.03.2024
bc1q2d4jjzrak622z6k23r5545hagndjyrvkdm5dzx;2;2;0.00027743;03.10.2021;03.10.2021
bc1qt4kdu55485nh94yj0tfrfaeg3anymwpjzy94df;2;2;0.00027222;01.08.2026;02.08.2026
bc1qhzzacklmm7ruafuym9hlqutmk8aqktqtredg9u;2;2;0.0002712;22.03.2022;22.03.2022
bc1q2qj8m4ardccy7dfhna3zt9qcldgu0a6e3rgede;2;1;0.00025617;31.07.2026;31.07.2026
bc1qels09pvjdcl0k3mr90m8wlwxxejcl5wzp348v8;2;1;0.0002523;01.03.2023;01.03.2023
bc1q5cd8s4uxt7l7nlwxa6s7223w07wex06gyqrzpf;2;1;0.00025;06.03.2022;06.03.2022
3CG9PXGXaFm77gcP84Z1VqM9S2h2S4mbLi;2;2;0.00023351;30.04.2022;02.07.2022
bc1qexee8pq98ewur6m274yw7q6sh7r0rnuvpyspm2;2;2;0.00023088;25.12.2021;25.12.2021
bc1qh0v60w75d3hhj8rvyltgtarxulcqjl30nxksh0;2;1;0.00022261;16.07.2022;16.07.2022
bc1qjqv75unzaqm4spl6f3qa8dyuv4avmrjq8596wt;2;2;0.00021969;02.07.2023;02.07.2023
3FLedE8xeYxs7DtdQogABPb81W34cBDGCc;2;1;0.00020332;19.12.2024;19.12.2024
bc1qpxe8pd67p6ncqjqu77r27uv8znun6kthwv4qgv;2;1;0.00020206;31.07.2026;31.07.2026
bc1q4envw3zq0jrdhguvyuwqtcum62ehggxqxct996;2;2;0.00020202;12.08.2021;12.08.2021
3AFVxv5H2DtkBELakfC3UjsX255bw4fLMR;2;2;0.00020034;31.12.2024;31.12.2024
bc1qyr39kd92acctuegq2wmr30ur8ejxzvefwa5765;2;1;0.0002;16.05.2022;16.05.2022
bc1qcjaz0ck7nhuzerx0e24k52sxr7t3z49tcwgjn3;2;1;0.0002;12.10.2021;12.10.2021
bc1qgflklt46x0xq7gsd8ft6lyuf69h94zywytu6f8;2;1;0.0002;14.04.2023;14.04.2023
bc1qdgytasfu6p5ts0853y46ycd7ee5fj925g6wh5f;2;1;0.0002;14.04.2023;14.04.2023
bc1qdwg777wncvqfwky04w53rsterzlvhqxnernm5x;2;1;0.0002;14.04.2023;14.04.2023
bc1qjnk0gjghm49mnv2krvg7rv93gsleqg2hgw07gt;2;1;0.0002;14.04.2023;14.04.2023
bc1qewzp778jreu2nfa77tmelfm9dt7ks6cwvs0q6q;2;1;0.0002;14.04.2023;14.04.2023
bc1q6w9vvvnhktj7gwtxyvhvt4puanzluc4s9mgpqj;2;1;0.0002;14.04.2023;14.04.2023
bc1qml2z9m38jxtamxtgw3sxeplacr0f4mxngwzkan;2;1;0.0002;14.04.2023;14.04.2023
bc1pdvrpme7mjylxajza088722mnnspj3ga0saw3a08jlsj2srkjq3sqmr7j2c;2;1;0.0002;14.04.2023;14.04.2023
bc1pjrpyfnkn6mqh8vt7gu0l2xk6tg7ya375pc02gzfzdwkyvvvm6hrqzr4rtg;2;1;0.0002;14.04.2023;14.04.2023
bc1pkv27qw59v99rhnejmpp2l0yz96c2uu7r2lgddvyaw5fyglaaryhqmmrt0u;2;1;0.0002;14.04.2023;14.04.2023
bc1qa8xjhjydvg0rx2508ps6zyjha52f2039m5aqy6;2;1;0.0002;21.10.2025;21.10.2025
bc1qmrypvp4qmeml37we56rxr58gzfgpy5wtm36ess;2;1;0.0002;26.04.2024;26.04.2024
bc1qcjqa2fjgkh46t3meum6y52jpc3rgfv5d0lkcwv;2;1;0.0002;03.01.2022;03.01.2022
bc1q4fr2kjefvceley35p4f337zwcdak88te8yhg3q;2;1;0.0002;24.11.2021;24.11.2021
35dhCC9AF5NqLCxGX9UjUQ2F7zLZYQm8Wz;2;2;0.0001999;05.10.2021;05.10.2021
3CYeZA4WP6CnhqyVLY9BBC3eXxNKkX3m9M;2;2;0.00019566;27.11.2021;28.11.2021
bc1qsx2je42wwdqza7r9p9cczrly5ytr7s3200qa4e;2;1;0.00018121;04.06.2025;04.06.2025
bc1q2us2l0vvxf558n0fx9yw6lud3sl9cg3f97clwj;2;1;0.00018052;03.08.2025;03.08.2025
bc1q59drt23h6jm8tdg5pza7e520qm3axk2w920m8n;2;1;0.00016384;14.04.2023;14.04.2023
bc1qkjka6nvmym9s0uzk0w695z3l6ud3r3dn844dun;2;1;0.00016384;14.04.2023;14.04.2023
bc1quan7r37g6ajscaqeqgz75ar7n47wat6lwn9dcw;2;1;0.00016384;14.04.2023;14.04.2023
bc1pq9relrsdqkwmx7uj7t8ca6h7lw2j708za3zjx3wqhhz8j2v5lglqpk79lz;2;1;0.00016384;14.04.2023;14.04.2023
bc1p7kj8d89wl0vfh24jd4lml9q3wpvrlw85e8wx6a48a9500rkxzalsekw2q7;2;1;0.00016384;14.04.2023;14.04.2023
bc1qjswnjq4v0wnw3reee9x9mhkupzsrgt2ls0aydl;2;1;0.00016119;04.07.2023;04.07.2023
bc1qf9hsk6gjm5pywh3aa39efg95lna9wzchhzc7dh;2;1;0.00015;04.06.2025;04.06.2025
bc1qm2t56rx3hvlux5rjrmdj4v909g4u7xqhk5w04k;2;1;0.00015;30.06.2022;30.06.2022
UNKNOWN:0020efcd572a17364028c4f8f3f24196698d3897;2;1;0.00015;14.10.2021;14.10.2021
3Ch8RhmmAKAY3wxXxUZDqyCLSydKu9nCXi;2;1;0.00015;17.03.2022;17.03.2022
bc1qphyl72tm9tx7v6cnqqxy9mnum75smkg4jq8pv0;2;1;0.00015;01.04.2022;01.04.2022
bc1qd9ve3rvs07qft5qm03ltjutx0t85shf3j6rawe;2;1;0.00013402;31.07.2026;31.07.2026
bc1pj46dn9nz0rhppft48d2pm7pzwg8rgtsezlk42g2wqzzvv7u4edwssc9e7p;2;1;0.00013229;14.04.2023;14.04.2023
bc1q0qarwlfe5sn60cpxnzrjrcclrpys74c4q6hwt7;2;1;0.00013122;14.04.2023;14.04.2023
bc1qsvdzlhv7y5ja6njs4x0tnsnj8c5kmn3lttrhxx;2;1;0.00013122;14.04.2023;14.04.2023
bc1qh85jrttn8vrnqkul0cvuwjtscwtzgjf33m0xl6;2;1;0.00013122;14.04.2023;14.04.2023
bc1qmxr9l63ggh3zts5kzrsxdjt6a8ss5775lytyn6;2;1;0.00013122;14.04.2023;14.04.2023
bc1qa9yta6dk8qks4kc82wul0l3uw2z9rcjmlyus3x;2;1;0.00013122;14.04.2023;14.04.2023
bc1p6hym4j5yenhhcwz4c5q2p4ldvz7e5laa5uqv8qfp3cmwrp0lgkcsn3hhhx;2;1;0.00013122;14.04.2023;14.04.2023
bc1pmd56t9e9tflwhkwrlk3l46mklfh44qemz4xglg0xrue6cdw8nwrszk06s9;2;1;0.00013122;14.04.2023;14.04.2023
bc1q6atcd246sw7c6kdc8prqy9h3c3r3dampk86cnc;2;1;0.00012518;31.03.2025;31.03.2025
bc1qj2apwmst4l24h6lkulwpn0xzu7kcpm6n99czkr;2;1;0.00012099;13.09.2021;13.09.2021
bc1qa0ntzyy9rnczs6zpmn8lqpgxj37hq63p6ykpqv;2;1;0.00012;30.04.2021;30.04.2021
3LeCDNxYyXvk1G3oSShYLWq4nK6vFq3vsC;2;2;0.00011;07.03.2022;14.08.2022
bc1qht3r6x2pmldfy4w2gpf247hcp3qpy8uzheafzs;2;1;0.00011;31.07.2026;31.07.2026
bc1qgw499f5lc848evpv3k6t5yc0gvp0lcsycwj487;2;1;0.0001;07.12.2022;07.12.2022
bc1qznn33g3yg6l2t9gurxmxfe0dyfeed9hvkcnljz;2;1;0.0001;05.08.2022;05.08.2022
bc1qgjg623frgxuz70cyl7veup8tfzydhe0cfmg5pm;2;1;0.0001;05.07.2025;05.07.2025
bc1qyk7q7avhlc3smk6m3a84c30npux6mt3ul48tqk;2;1;0.0001;14.04.2023;14.04.2023
bc1qx9s4h8ns08aqya690x54yexf26n59stx272amt;2;1;0.0001;14.04.2023;14.04.2023
bc1qgpm0grxel2m97jpzq62sdafdyl5l33vuhzl89u;2;1;0.0001;14.04.2023;14.04.2023
bc1qgum8nffk0mffhq5d2gsfcedp8z4ut6hw8te5u2;2;1;0.0001;14.04.2023;14.04.2023
bc1q028mcp7ucjuaexgffjrfpgfj6y6rhjk72v8f90;2;1;0.0001;14.04.2023;14.04.2023
bc1q044c7z85yufhe2zdrhau3epaz6t4g972dl7czl;2;1;0.0001;14.04.2023;14.04.2023
bc1qsd5c0pc4zqrn0mlvajtcwpp0pfh77uxxeu5v88;2;1;0.0001;14.04.2023;14.04.2023
bc1qh98f6a8huclgvdpeuyf823rmaevpk4nx02tuxj;2;1;0.0001;14.04.2023;14.04.2023
bc1qhk0x6swmnkhlu736yg39mzr2d0dsafdwvc3r85;2;1;0.0001;14.04.2023;14.04.2023
bc1pxwkkk5dtevuzsz99n6xqhpwur5ujjh8x0855sx5jdfgmc26vjfnqdc78p8;2;1;0.0001;14.04.2023;14.04.2023
bc1p5rl6r9yrg7x9l0gmgrd849r6rku5dr24xvdvvt393ya7a8hrn9lqd0akx7;2;1;0.0001;14.04.2023;14.04.2023
bc1plgk2d2l4un7mjl26c2h5u65z007nflc0k7m8md9qj9afnfastxlsyut4es;2;1;0.0001;14.04.2023;14.04.2023
bc1q4fzrq3hrr52v50avfshya9az4surcyhsekdeey;2;1;0.0001;06.01.2022;06.01.2022
bc1qyy3pqxvmnpec7cwauvl499nazrc0ht34jq60cn;2;1;0.0001;31.07.2026;31.07.2026
bc1qtr3xwwn6r0gv3kcas28rsf5ld2jzgltuu5cd25;2;1;0.0001;21.03.2022;21.03.2022
3L1cXZT2Aq6xMnTYEMTveTgbEA1jb9vkbT;2;1;0.0001;17.04.2025;17.04.2025
bc1qwhrlp5wuqhdzukvssqe7uxnkv4n7pya6gtfp3c;2;1;0.0001;05.07.2022;05.07.2022
3QXviUkixukWK27gJX7kiypVFGepUgWegv;2;1;9.814e-05;18.12.2021;18.12.2021
bc1qz49c8vstlu7tq56p0gtgqd3958et3ehd3jkq3d;2;1;9.486e-05;18.10.2021;18.10.2021
UNKNOWN:00202b275cf2c69c7f68c77776dfc48dad7f5b1f;2;1;8.475e-05;15.08.2026;15.08.2026
bc1qj4ucjk2f3aw7u82pyntg4cxfyryvps7gzp8h23;2;1;8.192e-05;14.04.2023;14.04.2023
bc1qasyr2gfeyjhhsgnnh6xa2hzdvcj7qfhyj0aq2w;2;1;8.192e-05;14.04.2023;14.04.2023
bc1q7pywjkf48u8m08aafc6gwgcpmvyzta034x0sqe;2;1;8.192e-05;14.04.2023;14.04.2023
bc1pp59g5jqxrn79kakr26xg6hj0v8t9704wy2fx8pfwzy6e2uer96nsel7tjw;2;1;8.192e-05;14.04.2023;14.04.2023
bc1p8msca0fx4gys3p6e422chfeq0ljxmgzvme3ppk02jzk0h378clus6wem26;2;1;8.192e-05;14.04.2023;14.04.2023
bc1p3jfxjpawugm4nspygu25asqdgx2e8j4mm77s97zvhwr47maxpdqqmrteux;2;1;8.192e-05;14.04.2023;14.04.2023
bc1pj4mffcwxv2k66t9hu6e6maty3ksvlx0dm6de9hvsxv949p40dg3szc7t2t;2;1;8.192e-05;14.04.2023;14.04.2023
3BHQuR85HpFrkd7obsyWSeC4Ki4VtS5WAD;2;2;8,00E-05;03.08.2021;03.08.2021
bc1qhtj0lsm50uzmea9nufyy97l00a37ep7kadfv3q;2;1;7.704e-05;31.07.2026;31.07.2026
UNKNOWN:00204ef2a65daeb5a2a5dbf465bad80500ec4a12;2;1;7.5e-05;12.05.2025;12.05.2025
bc1qyj9uvm2kr7yzfp5h06l4j5kf59qa4xrp4c3hyl;2;1;6.561e-05;14.04.2023;14.04.2023
bc1q94rkmgj66l6wqu7jwzlsc9x3tdtncahez5t63z;2;1;6.561e-05;14.04.2023;14.04.2023
bc1q2mtqaadkyhw7dnxkq3a954pfrk0kdcryswa63z;2;1;6.561e-05;14.04.2023;14.04.2023
bc1qu4lvksh28g88jmvxj032rs3442lm94gh9l85x6;2;1;6.561e-05;14.04.2023;14.04.2023
bc1pv0y7rz82l0tarw2v4l0hhs98gppet97mnkfca9fw72aleq94hp0sdzpyph;2;1;6.561e-05;14.04.2023;14.04.2023
bc1pe82t7qgq25qrkgx84t3al7c28c2kp4pcslfd0sjp2vt9jz83n9jslpqhqa;2;1;6.561e-05;14.04.2023;14.04.2023
bc1qrywmxmc8lac6wd42wfsqgvygcc96zqhm9rzxfe;2;1;6.249e-05;31.07.2026;31.07.2026
bc1q8qtuzplk0rlfxjtcycl8utd65vsrcf40krjzze;2;1;5.743e-05;31.07.2026;31.07.2026
3PDxc7TneAiQ7BJjJqivBvneMfyvks8uwY;2;1;5.579e-05;21.01.2026;21.01.2026
bc1qw65kj00p876nncah92yx8d5jmdcdf44jte439m;2;1;5.503e-05;04.08.2021;04.08.2021
bc1qp482uff6q0k4u2jymyrdfddpyeavn7txxsldkn;2;1;5.229e-05;31.07.2026;31.07.2026
bc1q9mnmnvxkegq8t0tqkrhy9u7gg7yyffd9e5q2pl;2;1;5.084e-05;31.07.2026;31.07.2026
bc1qad8dhu6n9ymualf76xg7xrn5nkwfr4f074q25s;2;1;5,00E-05;31.07.2026;31.07.2026
bc1ql7nkfrc8rfsnamqnwwffwc5p4kh55aswtkt0ac;2;1;5,00E-05;30.08.2022;30.08.2022
bc1qp6kqf5pdpfd8wqykpv8kdkfkfmwmwk6x29kl3q;2;1;5,00E-05;14.04.2023;14.04.2023
bc1q9039qegzwyhtxe5p77dxusuqcnf7xslmrczgmk;2;1;5,00E-05;14.04.2023;14.04.2023
bc1qvn6mftuxyj4mv7jc7ps5num977n6a3c3cgc7ep;2;1;5,00E-05;14.04.2023;14.04.2023
bc1qv6xmku3qgz8hpf83cj3rvg3ckngpwqa4a22t7v;2;1;5,00E-05;14.04.2023;14.04.2023
bc1q6jat9vfkjvrufv4mhgcultxtk038fdd7h8ck45;2;1;5,00E-05;14.04.2023;14.04.2023
bc1qa5g4az70062j58qvpcyhdt3kgulfjccrugtq3q;2;1;5,00E-05;14.04.2023;14.04.2023
bc1q73h0ppk8u0e8z8ycv4l9qkl8w9lmls3jtch0w8;2;1;5,00E-05;14.04.2023;14.04.2023
bc1pwfrjgjh0xmgtvmz24dkwzpztu78t57r6ev6zefvwha8nps2suq6qad70ku;2;1;5,00E-05;14.04.2023;14.04.2023
bc1phpyaph6u7dlvsepuc8qgxktyh0z5ugzm56ha777qvca2krrf5vqq94y4t0;2;1;5,00E-05;14.04.2023;14.04.2023
bc1p6hsrgqsj2y20kwfuyknczhtf8axp26h2jke47p0fgk3qzz8t0tdq4uknz0;2;1;5,00E-05;14.04.2023;14.04.2023
bc1qyv0q5cm5l5wmqd4ztmap0f6q4anw377gcgxmcy;2;1;5,00E-05;04.04.2022;04.04.2022
bc1qfs6kcsl87axmngrhk5z7jrtqea4peg6urqvtt9;2;1;5,00E-05;30.08.2022;30.08.2022
bc1qhytss3fwaavezfzqrlwtpf6rff9zlxq9tawqgu;2;1;5,00E-05;01.04.2022;01.04.2022
bc1qq3tjp8ltn0srpa37202nnvz0s5rtj9txs8nzt6;2;1;5,00E-05;04.04.2022;04.04.2022
bc1qspxtyzuntnpxwq4yesmjtnz58mf7mxkxskgsx6;2;1;5,00E-05;01.04.2022;01.04.2022
bc1ql5cu2cg5tjdg9m8m03rgpdxjaehruncudw9ggf;2;1;5,00E-05;30.08.2022;30.08.2022
bc1q9ex0rr4rcgmwz9zrptj7cjke8x5j070m0dr9vw;2;1;4.188e-05;06.01.2022;06.01.2022
14avh2BQHPQHQq9SZNGbBS5e7oazbaugTi;2;2;4.009e-05;12.03.2022;12.03.2022
bc1qn9q3jex2vcr9l4cdv3eye9svvn2czsnxc53zj7;2;1;3.183e-05;11.07.2025;11.07.2025
bc1qs6afzz5teuk4v2sdvt9wgmh7pmqpldk9svhffm;2;1;3.06e-05;26.03.2022;26.03.2022
bc1q5xntcmyhduxcf99r7plhp5fsmkthuj8ye0g5uf;2;1;3,00E-05;14.02.2022;14.02.2022
bc1qyxg9qzta0ex9cemvns4yke0rlglgxfs2402we2;2;1;2.664e-05;23.04.2023;23.04.2023
UNKNOWN:0020f3a5257db8ff329971ad5a68437c33161037;2;1;2.657e-05;28.03.2022;28.03.2022
bc1q9sjhkmsghcdakz39q3gqu98cc0wwf33d9zy9qv;2;1;1.823e-05;06.03.2022;06.03.2022
bc1q79yl2xmdm86r3t3sccxn7wf327jfhhnk2aw2df;2;1;1,00E-05;31.07.2026;31.07.2026
bc1qpcvt8r6tymkdzn4regh28zxqkcnkn5hchcszu3;2;1;5.46e-06;31.07.2026;31.07.2026
17foDgPoQLZCg4vLfskaEX8cF9QbrdEwxj;2;1;5.46e-06;01.04.2022;01.04.2022
bc1q9pd2ra0eq5dc6z78wk2cggaxt4lw6xyrru5wsx;1;1;55.09996999;03.08.2025;03.08.2025
bc1qhhsnpkjd9rj374prh4yrg9w48296n8mdh6crk3;1;1;54.76998215;03.08.2025;03.08.2025
bc1q07a2nwhtd58cfvfm8mjfk7fwrkj09mky63gvcw;1;1;26.303573;11.02.2024;11.02.2024
3Qv1N7Lvi7GmTTkrY94QG6o2RvvpgbnHjf;1;1;18.июн;19.07.2021;19.07.2021
32J8RQUW1DK3AFtgGVAophFmohCV4hrw7v;1;1;17.0599628;07.04.2022;07.04.2022
UNKNOWN:002074034d0b68501bde027dd9cfbf66a1273662;1;1;15.17313011;27.04.2023;27.04.2023
31y11M8MKCYvhHFcT8j6gFJu8yqpxrboNW;1;1;15.0;19.02.2023;19.02.2023
UNKNOWN:00200e3854f77baef8d0051e2b9055b5c9003e2c;1;1;14.19224872;21.03.2024;21.03.2024
35f3G2jp3n7bQ1Cd8jafKLQkY3X2xjcaRd;1;1;13.91;01.10.2021;01.10.2021
3L3u58csxZdccatTiKjyj1o9NpJqGHXAfu;1;1;13.47459699;31.12.2021;31.12.2021
bc1qgme5cjjmjt3l3r7h89sfytds64lffzk3wp6a7q;1;1;12.33999449;05.02.2025;05.02.2025
bc1qhznre2wyf6jt7k2fh9dlndvgrnrtf533j4cs9h;1;1;12.дек;24.10.2023;24.10.2023
bc1qs7svzn5qqvuxqtl9yshj24hp4mf0wv05f4aekg;1;1;11.8399556;31.07.2026;31.07.2026
bc1qpz8y7xjq30faq5ahx4d03qsax5hdfurheq5tzr;1;1;11.14962021;26.12.2022;26.12.2022
bc1qgks6dussp69c9lhc7nnmr4tdczulcc7vcgklmn;1;1;10.90853936;25.02.2025;25.02.2025
3AfeAqFpoS7YpUnKdVWoRFQUZp7DAEjYUe;1;1;10.0;10.11.2023;10.11.2023
3GKGa8b2wVkM4vtrg6tLZj7dHychXtLhqX;1;1;10.0;26.03.2022;26.03.2022
3BW9yFZDgCwh43XG5DjBZfQVgz67j9bwke;1;1;10.0;10.11.2023;10.11.2023
bc1qnqj6m0n0xwwhcf7vtsmu7uxng6w0ympzelenv0;1;1;10.0;26.11.2024;26.11.2024
34vkDD8X1Me4PGCVE84at5qGyv3fHvnoEm;1;1;10.0;21.07.2022;21.07.2022
bc1qwl8n75nxt0texd7xh6muhfq2j02vfcpw3z5ke5;1;1;9.9370074;01.03.2025;01.03.2025
bc1qxlelwy24fmw9ttptfnmxhn0y44m0kqmxryvvsh;1;1;8.77978835;25.02.2025;25.02.2025
bc1q9pflncgkrar4zkfznqswcawfzt4axneuc6mqmd;1;1;8.47470363;02.08.2026;02.08.2026
bc1q0gqyk757ruhunh9jlzpwmtzmlaekdgu4q5pung;1;1;8.36346279;02.02.2022;02.02.2022
3ANGdMtMtPphEkn8pMtUPNRiknbZYCaTKh;1;1;7.89747498;16.08.2024;16.08.2024
bc1q9hpuykfx5ra0r87scp783ltxfz58a3duv56qcn;1;1;6.77966937;15.02.2025;15.02.2025
39eYkZFYUmEuG35xiJ55Shk7QN85h6qVcM;1;1;06.май;21.12.2022;21.12.2022
bc1qclsrrh59lp0zh0w8j7qyn2tu6a7x2crl6afncj;1;1;6.36374026;25.06.2025;25.06.2025
UNKNOWN:0020987b5be36e0cd862890fe9e65f56d44e0f51;1;1;6.30157229;15.09.2022;15.09.2022
UNKNOWN:0020367b28fa2a571361060a05dffc327413fe7b;1;1;6.28656702;09.04.2026;09.04.2026
bc1qxxjvhtqh8xs4uap4ed85lxf6u4evhquta3tjcw;1;1;6.28425522;25.02.2025;25.02.2025
35uURsC4DqSJg2P6LpqD1dAwnEkztjRu9f;1;1;6.19756346;06.06.2024;06.06.2024
bc1qmeryplnlknk5pzdc00d5ce3rfz3p6p3kkymzra;1;1;6.154842;21.06.2025;21.06.2025
UNKNOWN:00201b1347a44c7a246696bcc0663b0e3fb93f0f;1;1;6.02532746;14.08.2025;14.08.2025
bc1qs8mgvfnkkky2ckykrr2rvvps7s23mezk0cpnjh;1;1;5.9999681;28.11.2022;28.11.2022
bc1pcjfxmu2l0f5qg3kz3ysf359arqv2zaa7tf4zr9ydjtqvseremzwq9v7nq4;1;1;5.9049093;04.03.2026;04.03.2026
bc1qumpxpnfmrxje0868cc7vt40hq909xmpmsczt60;1;1;5.76294774;29.09.2021;29.09.2021
UNKNOWN:0020dcfaa6367150f0065392de471d4e8b608a0f;1;1;5.61041893;15.09.2022;15.09.2022
UNKNOWN:00201bce357af4c6cf15cdc73561e98435d941fe;1;1;05.май;23.09.2024;23.09.2024
bc1qljevmher8q25vjp8mr3zh4vpm30kpvtvwptrr5;1;1;5.39402067;31.07.2026;31.07.2026
bc1qewg08pcecpa0dyztxqx7mkr9eu9tchsr2kkavq;1;1;5.36610157;31.07.2026;31.07.2026
bc1qjy53q66s9gq36689u803vq2syvf0atc5zuce7z;1;1;5.21834762;24.02.2025;24.02.2025
bc1qf6s9k5cp6c8vz8v9hlj5legplg6vssu74edzjs;1;1;5.20394688;17.11.2024;17.11.2024
bc1pg3cy5elu32mljr2yxga8qk7qhshv5pevdrj77xqnlhq2rcr27tzsz3e7lu;1;1;5.18180033;22.12.2025;22.12.2025
bc1qfat0rhc83kdcawf30fnw897e4afl9yh3lrz4vc;1;1;5.15210219;01.08.2026;01.08.2026
bc1qah7t4nfzukfgxjls4vv0jp0fc8rd63q2j3qz4j;1;1;май.15;27.07.2022;27.07.2022
bc1q5x7t8k5s9y8nrndp59c03vt8h9up4je3uzw5lc;1;1;5.01559372;22.10.2021;22.10.2021
33FQjr3gFQMqoXmaVyTGn5B7JFbvKbdaEA;1;1;05.янв;06.02.2024;06.02.2024
bc1qz0wa5yzhyvqtpzg03xmf4glzlk9va9eg3j93dh;1;1;5.0;02.11.2022;02.11.2022
bc1qjmxs7mffxlqg500l9an7qt2vpyy9f09vmgjme4;1;1;4.99999247;04.09.2025;04.09.2025
bc1qhuz7jk0fukfvwzxawe7dq3rm6c8p93ycakpt6z;1;1;4.9999867;10.08.2025;10.08.2025
bc1q065yq8hxrae4y80xkd3j85gc9qsq7nde44nwkd;1;1;4.99997924;25.07.2025;25.07.2025
bc1qm2f8j2r6dh4lzqmj4a3yc5q2kclsv9zcg23hyj;1;1;4.99997814;13.09.2025;13.09.2025
bc1q6sjqd4r2vk8nhpjzc3j2kqmlhkngk4ez74yk4h;1;1;4.99997706;05.09.2025;05.09.2025
bc1qevr2lyx4u8yraq393x6636yl0c0wcx7vyx7xp3;1;1;4.999977;11.09.2025;11.09.2025
bc1qqexcqyxxzx54hn0hycgnlcsyvhfl095wws7h4y;1;1;4.99995469;06.03.2024;06.03.2024
bc1q7z7t459wdvewuvpjz8v27q09klcj96hj50d0ua;1;1;4.99993864;07.03.2024;07.03.2024
3PD145JQ5VHn7KP5EKchVrJGK2fg7s4qrQ;1;1;4.9999311;22.05.2025;22.05.2025
bc1quk9g7ak7pkw9kjnudmdd0xtn672d6xemgwx66s;1;1;4.9999274;29.05.2021;29.05.2021
bc1qqm0phg2q4x5yn2udeagrvvnjml42l5k28pjuxz;1;1;4.9999274;29.05.2021;29.05.2021
bc1qy46t2ax29g2ndalwt85j8ur2fcvt83unch2lrw;1;1;4.99992409;07.03.2024;07.03.2024
bc1qtmh0lrl7htdq4ug77q2v54l7jzap7svs0tsz6n;1;1;4.9999032;28.05.2021;28.05.2021
bc1qn3zzgx70e9myv5xl7e8vws2rj3jj2enussny5u;1;1;4.9998548;29.05.2021;29.05.2021
UNKNOWN:0020f8977c770bef649d6a0c08e8d57c1b552628;1;1;4.99979795;01.07.2025;01.07.2025
bc1qedyw4zy8cupfm0sq50x602l76p2fk328c5qm00;1;1;4.998899;06.03.2024;06.03.2024
bc1qcjjqp72gyft47rrzcsw4fml7xk7wdevx9577wu;1;1;4.745982;02.09.2022;02.09.2022
389Q3T6ks8CZPA69JnfPQ8kWKVEXu66myP;1;1;4.67898783;29.03.2025;29.03.2025
bc1qq3gstwkk3eel9nm5ryf2kfhcxcs4w9zuv6lmtl;1;1;4.62777921;03.02.2025;03.02.2025
bc1q08fpne45pc85nyz6r34pyw9n2mqu3z6yuk57dx;1;1;4.62187933;02.02.2025;02.02.2025
UNKNOWN:00201531391eb0b6e805879d2b66377edef8080e;1;1;4.45983981;12.02.2026;12.02.2026
bc1q7556cu6946aump2tn7ynhajmv4w4acq8t6y79c;1;1;4.34122309;02.08.2026;02.08.2026
bc1qkse7qlf4y0rmlm5m95cnthk4valpj7hfr6zlrv;1;1;4.29921911;12.04.2026;12.04.2026
bc1q8gw9wl82mz9fglf2cgaphqgfsugqhwrwh2lu47;1;1;3.99113937;18.07.2025;18.07.2025
3AWAeJtydjLGBzh83kbR913xbhEoawWJUV;1;1;3.72161649;02.09.2021;02.09.2021
bc1qyge0md3u9hl5v53xct9v3fl8hq7m4yrsm6f3c3;1;1;3.69366377;19.11.2025;19.11.2025
bc1qldhl0s5hq79c9mrzh40rr7nak5tjqvug20njg6;1;1;03.июн;19.12.2021;19.12.2021
bc1qejx8c2erqss76p3kswgcwnpxn88dz3lte05mup;1;1;3.54095556;03.02.2025;03.02.2025
bc1qzls5sqf2qynl8zz9m7yjdz4a74cc3wzqhnp0eq;1;2;3.49799336;01.07.2021;01.07.2021
bc1qf7wjh533nhpkc2nze5uwfuf27r8zkamg8rnjcz;1;1;мар.73;10.12.2024;10.12.2024
bc1qsm3m7xgjdqewtpvdmm8kj65egmsd3fysnaw7k4;1;1;3.31037831;02.08.2026;02.08.2026
385H7ES5WxxtbeU5zYLb1poEDxhM1VBXef;1;1;3.268;07.11.2022;07.11.2022
bc1qrysj8tsshza88cs3mv4snazzhqtd4t888x70ut;1;1;3.26057687;02.02.2022;02.02.2022
bc1qksd2ffj70cswvpz9u5jhq2mn5memmwrlznfl60;1;1;03.янв;06.02.2022;06.02.2022
bc1qgneaydxz6u4p2unlfflkte0hdhj55sy2errltx;1;1;3.00596778;25.02.2025;25.02.2025
bc1qu43psxkq70wmukysmvy0c0rkx6p0pl3pedvdyh;1;1;3.0;31.07.2026;31.07.2026
bc1qg2vsjntumdexmj66l6rex4vvkkjvxdrr2u9dwq;1;1;3.0;31.07.2026;31.07.2026
3BgdQHMYS1WUKmUQ2djpydrNLFbpa9T7aA;1;1;3.0;11.04.2022;11.04.2022
bc1q9d3rddjxf8fmthrl6xetyddxsan253ge7wk5uq;1;1;3.0;05.06.2024;05.06.2024
bc1qv5w9d0etypnfex0duu8ujkwhg4n3n0pyt5zkl3;1;1;3.0;31.07.2026;31.07.2026
bc1qp46agjd7695zr5uhrsd2prqp2fmpkhva7kw2an;1;1;3.0;31.07.2026;31.07.2026
bc1qxgdz0wk6xq40ptxem0p7l3eem4tnsfklxvaryn;1;1;3.0;17.12.2022;17.12.2022
367sgb79yDGTzYSZEuY6BDJAYokrM4w8Dc;1;1;3.0;17.04.2024;17.04.2024
bc1q8aqyc7g9n4hjjr5nq67gn4y7lz3c0p6eyy5lm9;1;1;3.0;12.06.2025;12.06.2025
bc1q7jpnknyssre0ykm60tzvr0rw49xhpet92pp5w4;1;1;2.93797607;27.11.2021;27.11.2021
bc1qflxs2l9c0dyy3g6s7nk0pcl6cmjezsrlnpq6x5;1;1;2.93458336;17.06.2026;17.06.2026
bc1qjg6e025p6678s2y2y7gsxe9hqt5v8fhzt7zsaa;1;1;2.91831937;17.06.2026;17.06.2026
368TpX5XcyyFPMUz6xaW1nHLRytfZjVrmm;1;1;2.8243207;11.05.2022;11.05.2022
bc1qy4gf47d3tracu4cvxcmm63rg4yqfazhkz500wv;1;1;2.72483317;31.07.2026;31.07.2026
bc1pnj9ldaulhrn78unr9nktk4s27krquyryqwwpnt6l00s2tlffxwusyhm0zv;1;1;2.70481921;07.04.2026;07.04.2026
3JKecY72HzcfCkLGZvYRuNv2oEsgwpd49Q;1;1;2.647575;14.08.2021;14.08.2021
bc1qm9aatn7jy4yda44388e5k4nkfu2fw9msp0kwev;1;1;2.63319096;01.06.2026;01.06.2026
bc1q26tg4222r4rg64d6j5my7zz7k8mjw2lejhr46g;1;1;2.53694201;01.08.2025;01.08.2025
1B1b9gbBcoAMZLtLnsWB6831ZrNvC3zALe;1;1;2.47580342;07.07.2021;07.07.2021
3BDcrDTP37TAn6XgNo2MkVNPBhDUdrX6Y9;1;1;2.46360253;17.04.2024;17.04.2024
bc1q7966j5my6pukylswyhcellcgsr2w9udep5xy04;1;1;02.апр;31.07.2026;31.07.2026
UNKNOWN:0020afc955338f6e055dec0d34e3bdc1ae0ddbbc;1;1;2.36921901;25.01.2025;25.01.2025
bc1q85nk44pclzrdy0xuayncx4ku20570mprq6w65x;1;1;2.36498134;01.08.2023;01.08.2023
bc1qq8mk3vrgcf0zwyjd9s26er8dcp9m6c5e5kxg4g;1;1;2.33787402;01.08.2026;01.08.2026
bc1qe8a99fpz573rvuzp9tr8ga4gfrs3ht7et07lfx;1;1;02.мар;08.04.2026;08.04.2026
bc1qzphv0yj8mvq5nm46e5ym34dx4v9mle3z6u87ja;1;1;2.282127;25.08.2024;25.08.2024
UNKNOWN:002074aeba64503e646b9041c737883ef7eb0ead;1;1;2.22371554;18.02.2024;18.02.2024
3BfJp53Wq9r97zyZnfDLe29JyAZqwNKHhy;1;1;2.21666344;19.10.2023;19.10.2023
bc1qyvy2as9avshqd2wxw8atgqr4snwz6je774nhgp;1;1;2.13920376;18.02.2025;18.02.2025
bc1q0lhtcjqgyvwt5ja5h4mm2pe90u5tdsl7ef3m9y;1;1;2.12690895;10.02.2025;10.02.2025
bc1qp9dcyylrgyf0yqv5uf269pxcq3nemjan7kp58t;1;1;2.11430679;31.07.2026;31.07.2026
bc1qnmn4ady98a87y7s0mmwpwqae3gxant7q2v0s2r;1;1;2.11343247;02.06.2023;02.06.2023
3DApTKs5DwPbT4MNQXn4yCivTgvqKZtCom;1;1;2.10578134;28.04.2024;28.04.2024
bc1qyccez0ppx8hplzd0gnykrpxgdytlwth8gq5tst;1;1;2.05565824;06.08.2024;06.08.2024
bc1qqv9nmcudupr0tlq8f4sg3kd234rlzysvvfream;1;1;2.02674912;21.10.2021;21.10.2021
bc1qcemp2ff4jpza98htyykt0kpfwrz43awfjcj4kf;1;1;2.02613457;21.10.2021;21.10.2021
bc1qd6lqtyfnf435n98ra98t9ftsxsvxa6hf6f9kpu;1;1;2.02343085;18.06.2026;18.06.2026
bc1q92xkwf07260kp80hk45a8e80dk797vlqzvnnu9;1;1;02.янв;21.01.2022;21.01.2022
bc1q9xvlcjga2nsphpdy59qa85kth6dglsffr2yr0w;1;1;2.001;06.12.2022;06.12.2022
3N6J5avs6Ndz3AifpcrSKubHfX4enC3jx2;1;1;2.0;04.11.2023;04.11.2023
bc1q5dp4jr9pde60759xc3rqh94fa6e9x6xnj7qtv2;1;1;2.0;10.11.2024;10.11.2024
3ENCcDoehLt6PLToy9XJRknvJjPC3Kuna6;1;1;2.0;19.12.2022;19.12.2022
3JsQJZp6s6vFqptAtLTBpwSuDa74Drskry;1;1;2.0;28.01.2023;28.01.2023
bc1qfsrpzd5zjw04ds4xj0c98qyqrrepurdd6tnur7;1;1;2.0;31.07.2026;31.07.2026
3EcDjtZFbYbA88RtjwB9nRdLwQKyoxuxNL;1;1;2.0;17.04.2024;17.04.2024
bc1q5kgg9dmd4ujm35yxw3wafrfn5mq2metmgyfpw9;1;1;2.0;13.11.2024;13.11.2024
31uTtMoFxqePbfwDR9JQyKkVFoqNwQZMzA;1;1;2.0;21.03.2022;21.03.2022
bc1q45rdecgv0pzd0n2y3udc77hag0yvpne7sr299y;1;1;1.99996336;06.03.2024;06.03.2024
bc1qlmzw4wsql3ar9g9dpkuawlzexffzdguedy80a2;1;1;1.9998064;28.05.2021;28.05.2021
bc1qzymv8qmxm0vj3p4fdpejy3s4357hq35wdltv76;1;1;1.9989375;23.05.2024;23.05.2024
3G2EUgUCWo6Tc8HWnyk2GZqpUQMK6h8QF7;1;1;1.997;03.01.2023;03.01.2023
bc1qnjt9ydmplwgkly2g3kqnpzknlqmaqjh6sn3n3h;1;1;1.96808893;31.07.2026;31.07.2026
bc1qajxelrk2tv3h9r4u2hl07dnl4xcmr6cmmewze4;1;1;1.96622061;12.04.2026;12.04.2026
bc1qg5ru66fwguu62rfz2gtma0q7w4fejj2xqqdpd0;1;1;1.94881588;01.08.2025;01.08.2025
bc1qn9v6wqd573l9rhtz53f8sd9l0gjctf5ne5gst8;1;1;1.93838487;04.08.2024;04.08.2024
bc1q4yrwaz40ukrqqpcepsqxpqw8zz4c9tv7agtqu3;1;1;1.90309451;31.07.2026;31.07.2026
bc1q3zmxqud6x03y3m4l7r22jvjsw6s60vtnaaqqjq;1;1;1.878806;08.11.2023;08.11.2023
3Qq2UnZZ7uAT5YMc8B4sFGrxiqZkW4c1bE;1;1;1.85144966;23.09.2022;23.09.2022
UNKNOWN:0020963f92ea0d122452ff2159f0db6a6bb1bde7;1;1;1.83505037;30.11.2024;30.11.2024
3P1FDnLAm2pwXNQVGU9gFvozJS8qCHtRT7;1;1;1.748;09.09.2022;09.09.2022
bc1qr7k4q6sreret8m8vjpns0akwa6llc3vceqth3k;1;1;1.72957397;31.07.2026;31.07.2026
UNKNOWN:0020bee2a9b53b419c9de325180226f5925ea4a4;1;1;01.июл;20.11.2025;20.11.2025
bc1qfvcvvepwpnvcee0tt8nc32yyzzcyff4nva32mt;1;1;1.65965236;02.06.2023;02.06.2023
UNKNOWN:0020121ed5952eceadd4fc4dd11cd47adaab4d9d;1;1;1.61460927;18.02.2024;18.02.2024
bc1qt0hyec0gazu4echrkc0ehxnxcffx0h3jm3kjrm;1;1;1.60959069;02.08.2025;02.08.2025
bc1qc5mxn4exhzgz3jkmw4rw4nf3l2zxq54r3a40f9;1;1;1.59674465;31.07.2026;31.07.2026
3BpWsadpiiPJyz6HH1rQg7ZzmjRUhN9nqz;1;1;1.59227798;19.03.2024;19.03.2024
3PssxXhZ32YoZy6zUGQFCi23KqhF83zMzZ;1;1;1.58743089;31.07.2026;31.07.2026
bc1qp4edcdm0lxu8znk67e90u72dd4kmjuvgxcfcqc;1;1;янв.55;14.11.2021;14.11.2021
bc1q74h4yy50nje6jnevk0venyek2megr8nutugq29;1;1;1.5385462;01.06.2026;01.06.2026
bc1qjddkjvjkdxfesvl7y8scctdujd7ce8ud46qmj5;1;1;янв.52;22.12.2023;22.12.2023
UNKNOWN:00203a5862d77b766d50d68c3b6203d44adb9ee9;1;1;1.51350351;20.04.2023;20.04.2023
33yK5G1h4z4M6wwTHX4cWqHmc2hZJhu6yp;1;1;01.май;12.05.2021;12.05.2021
UNKNOWN:0020de740e694b3597bae23200d995fc5ea91cc4;1;1;01.май;05.01.2022;05.01.2022
UNKNOWN:00203eb4b8bcd5864789b3c1d25d03231e3e3560;1;1;1.49999878;01.07.2025;01.07.2025
UNKNOWN:00205ba18773ff8ca99f3059c1e63639d900c5c9;1;1;1.49999878;01.07.2025;01.07.2025
bc1qyllykfh9uwhyl2hx9nhds07xyvmj7nc5pvqt25;1;1;1.4999978;14.11.2021;14.11.2021
bc1qnapput4tq7repvleym2z2qqu36tjwf0cf5hmwp;1;1;1.49999673;07.06.2025;07.06.2025
32pHfbTwjXreKB1MS83oLhDzRVirbBs7Af;1;1;1.49998445;03.03.2025;03.03.2025
UNKNOWN:002050b4f22458f3b101ee92efca6ee259a37d67;1;1;1.49076936;15.08.2021;15.08.2021
UNKNOWN:00205ad408185a043615c0699bebc714b1dae2e7;1;1;1.40538607;02.04.2025;02.04.2025
bc1qdaaaqcpwxlzgr4v5m8d4yd68glalphndvc3azt;1;1;01.апр;23.04.2023;23.04.2023
bc1qsgegxvwvvqxc8rhgrve7xken5zt8zwufrx6php;1;1;1.39606986;01.08.2026;01.08.2026
bc1qem89t3mp0cv0prtl02f5k8tq855av9m4glnyjs;1;1;1.35863578;02.06.2023;02.06.2023
bc1qvs68zed52rz02437l7fy6ppnqjr8k6ayaulxvz;1;1;1.34927762;01.06.2026;01.06.2026
32tveZuyFoWXvnY6urHh8vtHqfHKkLiuSo;1;1;01.мар;29.12.2022;29.12.2022
bc1qcyjn2epy6540zv94rq8f985pt0agdkeu0y9z0n;1;1;1.29917301;28.01.2026;28.01.2026
3MuJ3sPCYE84ByHyn9Gq1fvHwLJVf3zjNx;1;1;1.29499191;29.12.2022;29.12.2022
bc1qgp8glr9tjphw5cmxxsy6xetmsnakqf3y02wkk6;1;1;1.29388956;31.07.2026;31.07.2026
3CPGm39rEKLpH7jVBce7KNFgXdwWkig6fa;1;1;1.28097244;28.04.2024;28.04.2024
bc1qwrcatz823lj7uhgsgy2uw0hkslylc3vkj7e7ml;1;1;1.25326856;02.08.2021;02.08.2021
38sZpFQr1rAq1SiWzndcqFZSQGMfwxHNSb;1;1;янв.25;29.12.2022;29.12.2022
bc1qplcttqjjxmw9xlq9ta4zt7fyu65pj244n2k64k;1;1;янв.25;15.03.2023;15.03.2023
3EDpr7BXbWVtvT31Q69KMrWUFDQ4YnkumA;1;1;1.24997244;28.04.2024;28.04.2024
bc1qpr9djjf9wdmuf2xprgeffetel48axds7a602yk;1;1;1.24937407;31.07.2026;31.07.2026
3AQMeXDjbgRkHWcpcEmv6AmJRzrX2vxs8X;1;1;1.241583;24.05.2021;24.05.2021
bc1qpfaezhw7an5y4rcmpsaekz5hhvsecn3x2tzued;1;1;1.23322174;18.06.2026;18.06.2026
bc1qulps9x5dz3sdsk8vf5vjf57aw2gtw69qg4lhtk;1;1;янв.13;26.08.2024;26.08.2024
bc1qe0rfp43pljfj4ect6qvldntk9e8e5ssazfxxvv;1;1;1.22034897;31.07.2026;31.07.2026
bc1qejc3h0uyuxnzv4dsrqe2rtr4c55rzqpew6xszv;1;1;1.20854624;31.07.2026;31.07.2026
bc1q55vde0ejdmf3tcu5458e8mk2nw9lxnj5jkfjlh;1;1;01.фев;17.02.2025;17.02.2025
bc1qtxg52vgmg5eem837fa9v44zkachrq2pywhtexl;1;1;01.фев;17.12.2024;17.12.2024
bc1qv9y5zzswprkc5jwj3j2aw5zfhudgsy6qfvx36h;1;1;01.фев;08.06.2023;08.06.2023
bc1qxjka52va00h74a06u70kf3uagau9e3jg4stkxy;1;1;1.18040389;01.08.2026;01.08.2026
UNKNOWN:002067e969a4eef2af7067ed4a182f5f43e3c786;1;1;1.17965135;18.05.2026;18.05.2026
UNKNOWN:0020f88194f764a3c426b41d6cff736c6b66f32b;1;1;1.16376175;21.07.2024;21.07.2024
UNKNOWN:00204c834cb4ed5243b0514891d839fb0925c812;1;1;1.16145482;18.05.2026;18.05.2026
UNKNOWN:0020aaf0b73988bda2f8dcf2ebe06d9f9d07ea10;1;1;1.14292845;10.02.2024;10.02.2024
bc1qnqnae9nea5l3d9hf00wjpmqzqaj7skedfessgf;1;1;1.14239683;31.07.2026;31.07.2026
bc1qewms4xysrp76hupr2v2jtqfqta5j37v44s9yfp;1;1;1.13359026;02.04.2025;02.04.2025
3JRSF1TQRma1mTyGpdMMGJRTZ5E5Lta1zf;1;1;1.11707818;24.12.2024;24.12.2024
bc1qy8jlyae6klr57fz3luag42sfhcqqrvwyhqg9j8;1;1;1.11132584;31.07.2026;31.07.2026
bc1qqjaeg0c4k7hpzdlnzpvxe0h4fefrzhyw6x9tsl;1;1;1.10004096;11.03.2022;11.03.2022
bc1qrsfy866wjwdty2fdsaxeua0mu7q5ml6lvdp6ng;1;1;01.янв;01.12.2022;01.12.2022
bc1qaw5tgl49gcs3vst5ursqmndn5xup60np4fkpsm;1;1;1.09990854;01.12.2022;01.12.2022
bc1qa92ee8lttyh9dqt9vz2x2n94jh4l3esjdtc8sv;1;1;1.09969362;31.07.2026;31.07.2026
UNKNOWN:0020a3eadcb74b92dac6ef96f7557a4499188fd9;1;1;1.09643205;27.09.2021;27.09.2021
bc1qlf7tp20vclvpn3lzay66uldgh3em69xj7l47vt;1;1;1.08110809;14.03.2026;14.03.2026
bc1qtrhw7pw2hedc5jyt3v58h2lpaw2jpl7svt52w4;1;1;1.07588643;19.10.2021;19.10.2021
UNKNOWN:00204bb3d1c49e92eae22d2c294484e49b593d79;1;1;1.07377359;18.05.2026;18.05.2026
bc1qsa8y4tnmp5c58m396qur2wd3cgrp7fwa46uq40;1;1;1.07337845;16.07.2025;16.07.2025
32tyoxCQGxrVs9xG6xDP7wDZEiq6Lb6aQU;1;1;1.071;12.12.2022;12.12.2022
bc1qkufyvnh25v8vm9jh4w6j7z6m5rjsxdj2fhwq9k;1;1;1.05567823;19.10.2021;19.10.2021
bc1qks2y0yt4tuz5zpl0dgg04mclapdjhcm4s0k9yy;1;1;1.05461523;17.08.2025;17.08.2025
35XDrHGfRHcmKHC4MUUYp498wcehmmUPY4;1;1;1.0540665;06.01.2025;06.01.2025
bc1qqyg4dnncrtpdncrc2gp4ymfe39c3zeyu3wk3nz;1;1;1.05254593;10.07.2023;10.07.2023
bc1qnmntskup3nw6e4waee4yxpgcjjge09c3djzqqe;1;1;01.май;15.12.2025;15.12.2025
bc1qzztm3fxk7e5ay4lw4de2m9sfhe32cyrl55ka7n;1;1;1.04972436;31.07.2026;31.07.2026
bc1qsq2rwljljqz9e4gmjtkwcr5wtkaszjp7ec9wtq;1;1;1.043042;31.07.2026;31.07.2026
bc1qhmfdhm4f24f0wl6t9xa7dn2pnz6khn3s9pfg57;1;1;1.03272746;19.10.2021;19.10.2021
bc1qqd99ujqqr8ukm44xqs5zchmg8zgw4v37plpdph;1;1;1.02884796;28.05.2021;28.05.2021
UNKNOWN:002023d384478b648436c8a71d7da1c1c9a40102;1;1;1.02797215;18.05.2026;18.05.2026
bc1qg2ndy7gxlwzwcyfwpw7kzlx630yphayypgvmsz;1;1;1.02354887;19.10.2021;19.10.2021
bc1qrd0mt2e6uqy3kzdyc0gty8rtrgf8t5cr4qw5lr;1;1;1.02269237;31.07.2026;31.07.2026
bc1qjumv6t2v23ee82v0shaenvkk5r0tnd7vkg7ud3;1;1;1.02215237;11.02.2023;11.02.2023
bc1qv86y099tx50wyjy8l0lmr6a5zlq936gf0ajx2m;1;1;1.02195553;15.07.2023;15.07.2023
bc1qss637punylxs5cvaus08gl0r6mht7tnartkr7p;1;1;1.01977577;31.07.2026;31.07.2026
bc1q05anedf2uf3aw4mftglmd45lwcnuu0mzupcc9l;1;1;1.01712234;31.07.2026;31.07.2026
bc1q2sp7l7cla87x4es3nh3rc34x5n5pghxjx2ndfq;1;1;1.01329052;21.10.2021;21.10.2021
3B63SHxVe7MEZg7ggWsBttmQbxPLhDNJM1;1;1;1.00463662;02.11.2024;02.11.2024
bc1qj6nptpjmc826vz5fyxz4l5wdwq2juxeuulwya0;1;1;1.00275356;19.09.2024;19.09.2024
UNKNOWN:002052a4987ed32b7daba184f1e7430196780623;1;1;1.00255506;02.01.2024;02.01.2024
bc1qc9hh6axt5k8l5548dagrhruuqfxnr88p3m77fx;1;1;1.00198734;31.07.2026;31.07.2026
bc1qyf6n7c8rl5se2hjspw32wa60a69epf5pgjaxkf;1;1;1.00094475;31.07.2026;31.07.2026
3By6SypbCZ33JS6bz8hfHq4PpdisnfeiXL;1;1;1.00045682;29.01.2024;29.01.2024
bc1qvr8u55uvufwhhvqz6tufj5rfjpryr9v4gnjeuq;1;1;1.00035732;11.03.2025;11.03.2025
bc1qdwnwamtatzn2j4lhqydhcrcq5mq8z9ph3ypcdl;1;1;1.0;09.05.2022;09.05.2022
3CKJfnAynodv6Go5W666MGTLN5Z3nCDJSk;1;1;1.0;17.04.2024;17.04.2024
bc1qwgeuc0cees7h5hhgmgvlh6rdn9fzfq5ac8j9u7;1;1;1.0;01.05.2025;01.05.2025
3Afvsrw58fZQbvZhMVJqA6v14mtu7xfVTd;1;1;1.0;15.06.2022;15.06.2022
bc1qw6y90rnyjgnyc2xr3kny5gdv9p0ze824zgl98w;1;1;1.0;05.05.2022;05.05.2022
3Fs69FkXaUC2hTmEKmiLNThdpaxmm6ZUDs;1;1;1.0;07.12.2025;07.12.2025
bc1qat6mn84c24txasefansavugawx2zjqlhf8vr8v;1;1;1.0;24.02.2024;24.02.2024
bc1qxkwlg75pwahg6v83nkd09aenqy78supxuhuycf;1;1;1.0;19.10.2025;19.10.2025
bc1q3cexps7402ymayyuvdwh9u0f9hhk523308pr0m;1;1;1.0;26.08.2025;26.08.2025
bc1qvyx5503euss8wfm3d3npsznaax0qm375cnvtl6;1;1;1.0;31.07.2026;31.07.2026
3BKFvnLMZfTyf5ejiPW6vRx31TCQDWq4f6;1;1;1.0;05.07.2024;05.07.2024
bc1q76hujhxmajl9tjy94502va2qh8dc8tdyp7dz4q;1;1;1.0;11.11.2021;11.11.2021
3QkUbdBL9UvqAQzd1Qt1b6SLLhhUDogzNi;1;1;1.0;03.05.2021;03.05.2021
UNKNOWN:002063dc3cafdc58b97daec3b054bc1648d3713b;1;1;1.0;05.01.2022;05.01.2022
bc1qwfla43qlfq4qm3j4p5s8r9mvlf7x6wcchpfuu5;1;1;1.0;26.11.2024;26.11.2024
UNKNOWN:00205fb21ad1b72ed8133f92af74cc45f5b33c10;1;1;1.0;16.06.2023;16.06.2023
bc1qp930yyd5wupk8ygdf3tskrs4q7p0kfn4z8v66v;1;1;1.0;05.06.2024;05.06.2024
bc1qky53fpvf3s8d4dntdqz5ywc5uu0fr7aga0sugj;1;1;1.0;30.03.2022;30.03.2022
UNKNOWN:0020760cb0bdfebf2cdd14d8733de20b69eadcbf;1;1;1.0;16.06.2023;16.06.2023
bc1qu82c3vj4x5fqmwknx5jzyksud5l4cf9fqs5p2h;1;1;1.0;29.06.2026;29.06.2026
UNKNOWN:0020fd3f185ed95ff27522d7948b497d1a3fedc3;1;1;1.0;16.06.2023;16.06.2023
3Mj1pj6R6B3SC8a5uPFAv1x2S7gHtBtgeQ;1;1;1.0;16.12.2022;16.12.2022
bc1qgmhmxh3grhe7u7jzuxvy0rrzkr4qxl97j4frqx;1;1;1.0;27.11.2022;27.11.2022
3LHWx2jiYCF45X2R6SN6TKNuVS5RzMDzep;1;1;1.0;16.12.2022;16.12.2022
bc1q3f2w0v3e7dqy05v2hctkysz02wm96xke7fl7cw;1;1;1.0;20.02.2025;20.02.2025
bc1qmnvz3csylsymyzwva6rns99amk89ju3m9twkfn;1;1;1.0;31.07.2026;31.07.2026
bc1qtxyezp5h0p6h220wmtmgrmq4ezg4r5tvqnutdv;1;1;1.0;10.11.2024;10.11.2024
bc1qf77vc5qwp4z3dt4msddp6hc9u95wwrfe8fckz7;1;1;1.0;31.07.2026;31.07.2026
3LPJQKPWpPC8wVb43ntD8aNLp9cfbHbneR;1;1;1.0;16.12.2022;16.12.2022
bc1qkdhrkguxdlpa2fvlnuxgpjvwgxxasedpcj4vfy;1;1;1.0;10.11.2023;10.11.2023
3FWkggWHPyaSKJEk1QEWyRcwRzcc9qpsdQ;1;1;1.0;30.04.2022;30.04.2022
bc1qflhpxhfvapal8a67pyfw9z52mnnhzyzqsc9hz0;1;1;1.0;01.07.2024;01.07.2024
UNKNOWN:00204b1ca850d3534c462f57140a3589045c9fd6;1;1;0.99999878;01.07.2025;01.07.2025
UNKNOWN:002093a0b5028dc07406f0b18fe8019e5658d574;1;1;0.99999268;25.01.2022;25.01.2022
37SYn15b2PWgda6eG9Yx7eCgJtdPf2VEh7;1;1;0.99998457;19.03.2024;19.03.2024
bc1qpdz7yvl02uqxjhdjmzwt98tt2aeaehyxzkk447;1;1;0.99998116;05.02.2026;05.02.2026
bc1q6x2fta4q6j7cm0z92klfs6yq6aj6fuh6ngvhz4;1;1;0.9999725;01.08.2026;01.08.2026
3AvpZBbZo4UZiJZtN6pmNbo8RTMDhfu51v;1;1;0.99881356;10.06.2025;10.06.2025
3NxDqFfmvPjANt1kzEwU7KyYfCH4nWTCyF;1;1;0.99862578;09.06.2025;09.06.2025
bc1qr8lsaxa26s8txsfvcyqlvhle6pj6xcquhd5h8u;1;1;0.99798081;20.02.2025;20.02.2025
bc1qupl4cwnrht2lu0qm2yxe40qj6a4jngf8w4rj3u;1;1;0.9970537;17.12.2024;17.12.2024
bc1qcphesxrq5gs32mxlrp27alr6w4yuppps6j95zl;1;1;0.99509054;31.07.2026;31.07.2026
bc1qd6kym0ep5gds8n5wtje0023nt9fyx7f5pzvlxe;1;1;0.9915343;26.06.2022;26.06.2022
UNKNOWN:0020a04b1d0c7c3f98d458be6fdb1ab7b37356cf;1;1;0.98675903;23.09.2021;23.09.2021
UNKNOWN:00205f217a7eac3c26d9370bab100e41a2b01f6e;1;1;0.97594716;21.07.2024;21.07.2024
bc1qkwy5yxxvr058xkl2y39uz47vhjf6u3j7wj2599;1;1;0.9754384;06.02.2026;06.02.2026
bc1qqtwhww9kr855gyvhyxt850u6nnkxkqvrrchgu0;1;1;0.97;29.09.2024;29.09.2024
UNKNOWN:0020ceb55e2833f35d20508c79b7eb2445283bc4;1;1;0.96551099;24.09.2024;24.09.2024
bc1qk3v2tjs9aj20hgntu787yk4r4tgkdcj2nkmcp9;1;1;0.96277631;11.09.2023;11.09.2023
bc1qmns27a78flwdjw4cw6huj7tzrm8cxmvyycjzsh;1;1;0.95897767;21.06.2023;21.06.2023
bc1qrzh64ec02y0mwwpk3qvdt0x3q4zyfdwjsrkg2p;1;1;0.95383987;20.06.2026;20.06.2026
bc1qtjjp7jjeac56rr04zfrurxf2855jl7utxp5h5p;1;1;0.95;25.07.2025;25.07.2025
bc1qz34e4vsqsnjwlj9xycydu4dghd9qm2vg5656rc;1;1;0.95;25.07.2025;25.07.2025
bc1q3cqz4fq0mjpd6mvhknr5wtaar28jsjl78u7fjz;1;1;0.95;25.07.2025;25.07.2025
bc1qeex8vnlmejaurtzj03nj7devjg2yscy9gvl77p;1;1;0.94705679;06.03.2022;06.03.2022
3HuBuuW4RndwnL6sAn6XSjMLGvamBzb5e5;1;1;0.94594852;17.09.2023;17.09.2023
bc1qtqfux74mwxjlpua6c3nzh7y4uhqnyh2pmct4qf;1;1;0.9432195;06.02.2026;06.02.2026
bc1qvwsz6zahzamlw7tnss329a96kyvsnc8w5zkfav;1;1;0.9399846;05.05.2022;05.05.2022
bc1qkhk2lmm3q48tpqw5yh070lmnc0d62693r7286e;1;1;0.93794685;04.06.2026;04.06.2026
389jwZMJpgTUV1i17moHeuU458msLEPuEz;1;1;0.937;19.12.2022;19.12.2022
3Qk8czS2ukxFYpk8muhNGhBR3vxvnUZXdu;1;1;0.93528536;17.03.2024;17.03.2024
bc1q93t6vdvt604e047mvagplex0783duvqnsvg5sy;1;1;0.92997777;21.06.2023;21.06.2023
bc1qunj3j4gmq5z44ugw4del6tgek39363dj8htwg7;1;1;0.91395247;13.06.2023;13.06.2023
bc1qn2dqs85ct7cz9k0qqylrgwhgqyyfzuadhq0kal;1;1;0.91114456;18.06.2026;18.06.2026
bc1q7axq9xpeeeyqf2s9mzazq5q2y5k72wqe99ev9p;1;1;0.89996576;06.05.2021;06.05.2021
bc1qhkl5sd8xuux2nlupg6y536skf428caw3jk2j2d;1;1;0.8931768;31.12.2024;31.12.2024
bc1qfp874h9h6h98s3m5ap5ms77v8t92qmfzchqhnk;1;1;0.87938805;31.07.2026;31.07.2026
UNKNOWN:0020ea8cda65f43526f351d486237f7fe3d6e35c;1;1;0.87643927;23.09.2021;23.09.2021
UNKNOWN:0020a37137ea6aececf0364e6d383080e6ed8cda;1;1;0.87588348;17.03.2025;17.03.2025
bc1qpfwrz27rn43jyl8tudrug57qs489py93afs235;1;1;0.87;09.05.2025;09.05.2025
bc1qhkj75vmjlgjgk7djvywlj6uvs0jfdlr4fjpg0f;1;1;0.86164512;05.02.2026;05.02.2026
bc1qnndz5jlps8l7fnvrf9thsu2fufj4a3gucxg9ef;1;1;0.86164197;31.07.2026;31.07.2026
1K6RZQ7cjHUyZJXhr1fSuQwfSFyYfWCjLp;1;1;0.855276;01.03.2026;01.03.2026
bc1qrxj2l5lxvs2gwef5g4r6tdcl0z24lr4lkyqs6l;1;1;0.85381096;31.07.2026;31.07.2026
bc1q7cuj3ccpp3l0860j8mgrm6n0xmzpcgr60u56m9;1;1;0.85205805;31.07.2026;31.07.2026
3KWittdnRiW29d7fuLXrbSkNMXNquVFUbG;1;1;0.85095607;28.04.2024;28.04.2024
bc1qgz9usq0g5avtx36hc202m5007lk57kjmvkf7ju;1;1;0.83998691;10.07.2023;10.07.2023
bc1q23pe5ll4rfyc200kxv2ee98265ndgj898pn7kt;1;1;0.83415978;31.07.2026;31.07.2026
bc1qe0x9zycsj882ucq64d8tz9ezkvfr09s94h4e4h;1;1;0.82383159;30.03.2024;30.03.2024
39NcgHrQxYuirkK2MeE2ktAFsHo59tGKYA;1;1;0.81007586;15.08.2024;15.08.2024
bc1qcxjy3yjrffuw2fuqhhwpymq2y54tl66yp84qz3;1;1;0.80695606;22.12.2024;22.12.2024
bc1qgznkkx3t42uge4zv3e2flm5jaaz3rnu7wzv2wh;1;1;0.80238276;18.06.2026;18.06.2026
bc1q5gcz8yx5v52w4m7f8p6znaseumlream2vt266h;1;1;0.80238214;18.06.2026;18.06.2026
3QJTTY3fMM9HRbKqXxPGTSsDeRJ8kL8LwH;1;1;0.80145898;07.07.2022;07.07.2022
bc1q8eaef0ev5xcwctluy97qqw4stta5kexvw52dw6;1;1;0.80095592;31.07.2026;31.07.2026
bc1q87qu2qrrkf0g9p6ytpdlf3lyngzgywt4etjvsz;1;1;0.80035964;30.05.2024;30.05.2024
3GgJMdG6GNH34sLZ1UoA7geBp1q3abz2Jw;1;1;0.80019786;11.02.2025;11.02.2025
bc1qn4c9esftrymk8qdztnuzfey5myeynthfm078t7;1;1;0.8;12.03.2022;12.03.2022
bc1qg2lz85w4spnx8tn4jqka3muqa0ls2s3v9xgp0f;1;1;0.8;07.04.2024;07.04.2024
bc1qn3pas4pt6lqyfeatzedghkx75xzz9kc0yxj2h9;1;1;0.79274118;01.08.2026;01.08.2026
bc1q4t6uxut0htjk6305f3q05jhsywete5z84xhewz;1;1;0.77813483;31.07.2026;31.07.2026
bc1qv6qmvaadcgy0lk5q58s42j0q4j0cv6z3jsgnwt;1;1;0.77695;24.05.2023;24.05.2023
bc1qwcmsdukdgxxq6ulhz4q7vrfwqcuz4k63qkhdwa;1;1;0.77296577;10.10.2021;10.10.2021
3FLnWNjAYiQyCiwMNF7cpTndYf2YCP5yd5;1;1;0.77240278;12.05.2024;12.05.2024
36RnVEbcZg4CuzexKaG6URSWReUD4teSj4;1;1;0.77153293;28.04.2024;28.04.2024
UNKNOWN:002027c8352b5756d4e1e2c3fd453645977f1172;1;1;0.76697182;20.09.2021;20.09.2021
bc1qg65g8gya9zt8hgynd8qfvawqsn8pqst0ck9gql;1;1;0.76677093;01.08.2026;01.08.2026
UNKNOWN:00204b86afdcf14ddf2cf0b4f117e39e8ce34759;1;1;0.76667595;23.09.2021;23.09.2021
UNKNOWN:002018d754952420d653c4881377f59311bf6c53;1;1;0.76593668;09.10.2021;09.10.2021
3G4hMVsm7qs1cbgJ8H58mSsSDLfgh5JAbG;1;1;0.76184112;23.11.2021;23.11.2021
bc1qztpql9var9nxnzsp242sf4upzann8g63kkgj7k;1;1;0.75337533;10.12.2025;10.12.2025
bc1q2z7xgdhd7as80lttn7fpsq3e59t8l74aykmrq4;1;1;0.75;11.12.2022;11.12.2022
bc1qez6tyqnn5hah33cz5s8cqandhcgfwkkm4kk4tt;1;1;0.75;19.12.2022;19.12.2022
bc1q60m8nd9q35upavpj2cvk8kgd46hr9qc6auevle;1;1;0.75;15.12.2022;15.12.2022
bc1q5xaysls6u2py74ckudgpu323xaz48e63q9cnma;1;1;0.75;14.12.2022;14.12.2022
bc1qhyu4zccgrqpjlwpslmkmyvte8tu3f0hugzv68p;1;1;0.75;21.12.2022;21.12.2022
bc1q7tfdm5za5m8ze6q2n4fw84ldfx76yllxwvy0km;1;1;0.75;17.12.2022;17.12.2022
bc1q88partdprjfy4q0d68vgcs4zgwphg8u3ujvtal;1;1;0.75;05.01.2023;05.01.2023
3DEJvGNwF5fch2K6Y1j2MnUgTckUrmZekN;1;1;0.75;19.03.2024;19.03.2024
bc1q2n89pxt438k3dvwvdmwktcjpnf0w4zk472dvdf;1;1;0.75;13.12.2022;13.12.2022
bc1qud62qxg7zlncpggamxwgpqxhty7knay4llghd8;1;1;0.75;12.12.2022;12.12.2022
bc1q3hej2rysgsvljlmqzd5hz4w2q7xv58vqvng5ng;1;1;0.75;12.12.2022;12.12.2022
bc1qnma3jsppn3el08v8ga9kku3l09ldt5rrz4qjwl;1;1;0.75;21.12.2022;21.12.2022
bc1qvlpqkn7snym65cfku6vfc4h43zw2fuj45rcack;1;1;0.75;05.01.2023;05.01.2023
bc1qlu0cd8atscd6uzkr8ps2dhmeke8gqtnwyf7y4p;1;1;0.75;14.11.2021;14.11.2021
bc1qr06guv3yez0asc2llwcktnejt9c4vs2aqv379f;1;1;0.74986679;25.11.2023;25.11.2023
33GaAsN6mRXNHK2mV21hrv4hKcxeRrqXXg;1;1;0.74;05.11.2021;05.11.2021
3MadwMsqwhVeBCJrH9gXQLeicpWu3oxzvf;1;1;0.73353871;13.09.2023;13.09.2023
bc1q7xt9jttuvstnt8efzx2p0m33n6ftqv8gl3q2zq;1;1;0.71766714;27.03.2023;27.03.2023
bc1q6ajs6f8aez7hh3ysddcsd97ck6n6wau23ge6a4;1;1;0.71494533;08.10.2024;08.10.2024
36oimkq57WQoYHaQMLtTXcWd1epCzv25UX;1;1;0.71451985;28.04.2024;28.04.2024
bc1q85vnvc5d386n3m5uu86cxqnw5cq9h3ty7zun7w;1;1;0.714294;25.08.2024;25.08.2024
36pbnCxeovwtC15FFbmHAWJDnRTv9kzW34;1;1;0.7087;02.10.2021;02.10.2021
bc1qr2rp5w9f384eynd57u0085s5fhc9w5m4g28zr0;1;1;0.70345402;31.07.2026;31.07.2026
bc1qxyv0jpz203t7w8kzm57qkz8r8j5a4pxhw54p9w;1;1;0.7;06.02.2026;06.02.2026
35bd2o7x6b5VsUHJPQTTij1LSwcuUCAeRJ;1;1;0.7;01.10.2022;01.10.2022
bc1qwg324h7k907udp7jwnl2ukkr2lhrempl250hwr;1;1;0.7;12.11.2022;12.11.2022
bc1qda2jac0jy0up9xvja8h6eqdp3trxau5q9dvkeq;1;1;0.69907557;31.07.2026;31.07.2026
bc1q90z3gduvzdgp9qg5ztucrdzumt4aaxgdzszwrs;1;1;0.69392423;16.03.2023;16.03.2023
bc1pj620u06fnlv8dpre4nj49fhve2ccsv7ve22483wze574ndtcr6pq6aayxw;1;1;0.68468079;01.02.2026;01.02.2026
3AGLbWYPCEKT1v2eSRuyqm5JcqkWNwvqqB;1;1;0.68;08.11.2021;08.11.2021
3DGsgP27yr5MZLnWj82ry12DftNiqvw6Y9;1;1;0.67996865;17.03.2024;17.03.2024
bc1qndgrq58y70su7y33vxza3pk53vhl7kdawlfhfu;1;1;0.67922629;31.01.2026;31.01.2026
bc1q4xvp863tm8le0z3zkhveg7sd0607794p3f4az8;1;1;0.67900629;31.07.2026;31.07.2026
bc1qh5c0f6lpftqjjxlqmj303gwfazlcc2rsqv3x2j;1;1;0.67169486;23.09.2025;23.09.2025
3MF1YsSocDsoPARD6hqetdWJ9ezq1CsKY8;1;1;0.66632413;12.01.2022;12.01.2022
bc1q4h40l6gxhr0m3rrh5qlaq2gue8jny8v3v95epy;1;3;0.66405209;24.05.2025;24.05.2025
bc1q8etp2qd333mk2skhx5mz9py7ax3f8kfptjwcep;1;1;0.66163628;24.12.2024;24.12.2024
bc1qvn9zwu4lmuajqaxjv97u5u6m9lyew7xs42e08v;1;1;0.66;27.03.2023;27.03.2023
UNKNOWN:00201f81bfdf52d6c6a08db103738ac2e4e4aa13;1;1;0.65775696;24.09.2021;24.09.2021
bc1qhc863trl6ghhf7d7whehtlje6qqjc3m6f6ayfa;1;1;0.65261473;22.12.2021;22.12.2021
bc1pz2pn86c7wuhjtxjgnnhw8nhraj2qjusnvk6ylk4v8xwy3x7m89sqntrfxp;1;1;0.65;01.06.2025;01.06.2025
UNKNOWN:00204cdcfdf5ee4cdf54d3c1954deafa5201c585;1;1;0.65;08.07.2024;08.07.2024
3NGhSMr6yMPMV7EiWqpU8iKECrhYkpn6gC;1;1;0.64355735;12.01.2022;12.01.2022
bc1qx28hvx7hnljtqj7zqxgv23es4lzjc22w8mc9cd;1;1;0.6376228;09.02.2024;09.02.2024
33vetjpyQTy3daukXYasiTCCygXMKGfv6g;1;1;0.63244767;13.01.2022;13.01.2022
39qXkqJ8whKdxLX4ua3FYo1EDBQUZr5y5h;1;1;0.62344422;12.01.2022;12.01.2022
37R1KNRGCj4goRbRu6CpNGqN3kJaovvWPA;1;1;0.61;27.04.2022;27.04.2022
bc1qx69d2jx0d49kpng43v8kkqj3t3wd30dss482nz;1;1;0.60206828;31.12.2024;31.12.2024
14FWtk4UTUh4CHH1KswbfHPp2iRJWm1hdT;1;1;0.6017;08.08.2022;08.08.2022
3PRpgeuGAvSW74KiWrPtrXoaK4ou3VVQnc;1;1;0.6;16.03.2022;16.03.2022
bc1q7gd2qwvuvtlka4sdwx8dnn5k2qjdjydaf3zk3n;1;1;0.6;19.08.2024;19.08.2024
3KrdF3BgH9m8rtXM2DDZBmNW13jF8b6r5T;1;1;0.6;26.04.2022;26.04.2022
bc1q65078c0zrgkrc3w9pu5t9r54dzy7dv346zcqqp;1;1;0.59983427;24.07.2022;24.07.2022
bc1q5ky6z2rxc9ew0c8740dw5w046snkzfftj2zafl;1;1;0.58991634;06.08.2026;06.08.2026
UNKNOWN:00208407a879237534c044a74d35d131ef07e263;1;1;0.57544741;21.07.2024;21.07.2024
UNKNOWN:0020b143f67b45a4158f3be46284cf0680dec2fc;1;1;0.56;21.01.2026;21.01.2026
37KUDj6qnrsCw2Mkbw8eQzBp4jH4fVqmVN;1;1;0.556;15.10.2022;15.10.2022
bc1qaeuakp09ktr3ckqjf3ya8258d9m0xuutfdwkrh;1;1;0.55404943;31.07.2026;31.07.2026
UNKNOWN:002023f84fa03d0442d6a457406fa0a41db1485b;1;1;0.55240442;01.07.2025;01.07.2025
bc1pknxxg6hys5822zx22kw3lu0dljpszweqkpz09vaegttlnr3yxspqamta27;1;1;0.54953179;03.01.2024;03.01.2024
UNKNOWN:0020492dc914c0259cbf613eb2179fc82bfc1a11;1;1;0.54832735;12.05.2024;12.05.2024
UNKNOWN:00208cf463bcf519b9690e115104382bb206f22a;1;1;0.54757585;28.09.2021;28.09.2021
bc1q2tsj903632ddzyr8ksra9evse2zhswacgpwmly;1;1;0.54259876;17.11.2025;17.11.2025
bc1q744nqw3723arlafl443542x64d9wam4ls99zwl;1;1;0.53946348;01.08.2026;01.08.2026
bc1quvdtuqr8qqa3lwtlgvl0rrv8798u5y00yxsn7r;1;1;0.534;09.05.2023;09.05.2023
bc1qn4vdefhnjwwmu8qvexqk0xja06rsqnmh2q75xv;1;1;0.53237081;26.11.2024;26.11.2024
bc1qr0czk0k4ppl8y9dhflaurzuhvswaxlcnuupkzd;1;1;0.53229325;17.09.2025;17.09.2025
bc1q3nutqzp8rrse85v60fvstajq5zxwugvzt4tjnr;1;1;0.52989765;19.10.2021;19.10.2021
UNKNOWN:0020769ccb8112517d4e8a692f70d16b8090c892;1;1;0.52492664;24.09.2024;24.09.2024
37xJkAEixntdKCU3o8ivTrFpWFXrYaezbZ;1;1;0.521312;27.11.2021;27.11.2021
bc1qrsylvmejxeh0z68uxyg6zvv83ctp2ht272rksn;1;1;0.52;23.12.2024;23.12.2024
bc1qzhl984hft03n49av9q5er60h67qm6dfse7p52v;1;1;0.51934853;31.07.2026;31.07.2026
367XbdH1BJwitYwUxqv5QXhKj8Xm3f1NH7;1;1;0.51864264;10.01.2022;10.01.2022
bc1qwzkd2mn8gl44qqlfmvr7vxxy2d8rx6zfzrj8d8;1;1;0.51483365;15.04.2026;15.04.2026
bc1qg3vcjf3vwk70xsjq92y0awxve46g3zktlx65hw;1;1;0.50686935;12.10.2021;12.10.2021
3KYSSsTS8VWkVDtjuJ2Xs16xWoYZgW7r4c;1;1;0.5054829;07.07.2022;07.07.2022
3FSE24vSvNGfD1Sn2ygPuCvuPmkAuiTuUk;1;1;0.50467922;14.10.2023;14.10.2023
bc1qrwerujzurtf6pt7nq4fgdrg5rkvx78jl7aq2fd;1;1;0.50378458;19.10.2021;19.10.2021
bc1qnw3ddr9du2nsndqz7c7egfmyp5654yc6s0m969;1;1;0.50355684;31.07.2026;31.07.2026
bc1q4chjlsczap4w0agewj8uksg9cnvh67x6us4ud4;1;1;0.50352947;30.01.2024;30.01.2024
bc1q2fmu2knz08d23kgdwh7a3xuhdn9wumrxfd0c9j;1;1;0.50213716;05.02.2026;05.02.2026
388xzdpfA6yCVEiZJbrcatvoQ1ZCLJaSgp;1;1;0.50122;29.05.2024;29.05.2024
bc1qaa8wmn0xap4spvu4dzqxfn20qje666le838da9;1;1;0.5002;09.11.2024;09.11.2024
3FwQfeHy8BKjiVxT5JbK9XADaQGmLvf9Aq;1;1;0.5;15.03.2023;15.03.2023
bc1qcvcdkqpdz2eudlhcex86guecrdx4p46taknp6c;1;1;0.5;11.03.2024;11.03.2024
bc1qegawuvva4v8nmtm6r7aevt9enu78xxg8rf0vp0;1;1;0.5;08.12.2022;08.12.2022
bc1qfjv6j0tghjth6am6q8nuwhf6gaenetke2a67d7;1;1;0.5;12.03.2023;12.03.2023
bc1qn7umz5w0xz4ep5l75serm2pm7z4x325ut5aeng;1;1;0.5;31.01.2026;31.01.2026
bc1qqp8e0zxhvr4l40vjvlqlv8znv7ja6wtwzx5wml;1;1;0.5;18.07.2025;18.07.2025
bc1qv0nqppx0tnhjag6ackw5z65r258ltyhlyup2wa;1;1;0.5;02.03.2025;02.03.2025
bc1qw2u8hwfhq3a2fnj36anp5lx3ke0nvhwqcqxwqu;1;1;0.5;02.03.2025;02.03.2025
bc1qangmmxasn7cs49xxe6puuuhy9w02lcskaylwx2;1;1;0.5;02.03.2025;02.03.2025
bc1q055r56raqhtjf5spt37cr5llwz5lfg96ek03r7;1;1;0.5;01.12.2022;01.12.2022
UNKNOWN:0020757412d1217a932a7190d816360f5ab7b2ed;1;1;0.5;17.06.2025;17.06.2025
bc1q4y24qdwp758nspdh97743xha54vmplrshn4sj0;1;1;0.5;21.11.2022;21.11.2022
UNKNOWN:0020a50abb64b778f5eb3a86f02b81ac98d5ae47;1;1;0.5;23.09.2024;23.09.2024
bc1qu65z2f6ppx838wfn34gjgu9q0d37sfgs96nyzl;1;1;0.5;11.05.2021;11.05.2021
bc1qmz5zdkpj0cgh0cthgs6vqc9znakklu8hth5234;1;1;0.5;05.12.2022;05.12.2022
bc1qnekke8kwtqz0cctk2yhtz685t3fen0hhy7e8wt;1;1;0.5;26.11.2022;26.11.2022
bc1qe6qjythw02ysncmxspzshfgncfc7esr6gw53ex;1;1;0.5;31.07.2026;31.07.2026
bc1qgh6dckalyeth9l2t3q69qa70328zwqkkgyream;1;1;0.5;23.11.2022;23.11.2022
bc1q322vmk2zzm3kwjwfdez2d92vpp38y9vjfx9z3u;1;1;0.5;05.07.2026;05.07.2026
bc1qxn5v3x4cfks5qsk5e9uglwsyn8y9qx5hapvlen;1;1;0.5;09.12.2022;09.12.2022
UNKNOWN:0020f0c4f440da07035d60374e2e22b59353bd08;1;1;0.5;16.11.2024;16.11.2024
bc1qwh62n06wkeejz5c576p9g2287ft5f69grxeueg;1;1;0.5;29.11.2022;29.11.2022
bc1qfne9a3f4hfr9ayun5lpdf0rnrvf9hw2ms9v56x;1;1;0.5;16.12.2022;16.12.2022
bc1qmhxd0ghe94quwcz0yt2hqzm4zulyy97nctq6wl;1;1;0.5;07.12.2022;07.12.2022
bc1q8nlqa0076m9wyr04eux3zpv4gga099nt95ltns;1;1;0.5;08.12.2022;08.12.2022
bc1qczxyd5tvvr48rrnas2xau2m5v2ecvfk6s29dku;1;1;0.5;25.11.2022;25.11.2022
bc1q7asauwycs4ww2zpgkt0k4pr7t35jt0v3sx3v5t;1;1;0.5;31.07.2026;31.07.2026
bc1qlr6pyrwyvyg8jtn74p58agxv5z826kctfyee2n;1;1;0.5;28.11.2022;28.11.2022
bc1quxe8prtkh2j63cac3rv7a05mwnfthupngnwzaj;1;1;0.5;23.11.2022;23.11.2022
bc1q9d456nwlsqwusd5tg2amfaj2kc6cfvvjf0gvan;1;1;0.5;27.11.2022;27.11.2022
bc1qd3p5rxevvnfjpquzqurgpk9tm45x7rpgtvjyej;1;1;0.5;06.11.2025;06.11.2025
bc1qm494tzad5u8rcjcleeqlna07dp03e9rz852r40;1;1;0.5;30.03.2026;30.03.2026
bc1qc5mxhxwtupealupxf64ek9snl4z9rp0udgf2tl;1;1;0.5;18.07.2025;18.07.2025
39s9ivJLUX1rLHJLxwtDPtDJoJz1UYpqnn;1;1;0.5;29.04.2021;29.04.2021
34hiSAkmaKs1PvMhUdkRdo38s3Sf2vSh78;1;1;0.5;23.01.2022;23.01.2022
bc1qd8x2f35e2nl66ltfr5g8h4g5rklunjw2al30cx;1;1;0.5;26.03.2023;26.03.2023
UNKNOWN:0020e30cb13d96b5784573444cb0ed3a99264c7f;1;1;0.49999878;03.04.2022;03.04.2022
bc1qmt76ez2lmvnv0n3n9cm9lm265r5e8lv8t7nad0;1;1;0.4999978;18.07.2021;18.07.2021
bc1q6r2nu6p4tjmwnh062rmrt6eztk0v2hej9pk2fj;1;1;0.4999978;27.09.2021;27.09.2021
3A3xCiNv48wKwc8hy5R3AyogLyJNLsXZno;1;1;0.49999545;28.12.2022;28.12.2022
37o3tNn3Yrg4BHcFeY9aexFYA2guUcAxSd;1;1;0.49998379;06.09.2021;06.09.2021
bc1q4k5luf7gaymucehqcmana5uqh0f8jrku4h32tz;1;1;0.49998244;05.02.2026;05.02.2026
bc1qm65zp688yncrguudtyx2lyw8enllq9rz6usuy9;1;1;0.49998071;05.02.2026;05.02.2026
bc1q0hw93rs74zx6usp0s0wtv2j62qnf0ql03rnqfy;1;1;0.4999791;31.12.2024;31.12.2024
bc1qctl9jcsmrevaskxfmwq86c0vs27qhzjw6w8jrr;1;1;0.4999395;25.11.2023;25.11.2023
bc1qylnew2w53hwaqm3manu8w6fwmexu5pjhtt2zyt;1;1;0.49990265;02.12.2023;02.12.2023
bc1qff6jedlyx3mleyjwp5k9gdg2gvf56fp5dk4veg;1;1;0.499802;24.12.2023;24.12.2023
bc1q64v38lrjefs636escjnt4ww54yjqr8zpxc3glf;1;1;0.49827597;06.03.2024;06.03.2024
bc1qdxe67q0haw27zyq4t2wzz6gtnsxqytcp3jjwmm;1;1;0.49598212;30.08.2024;30.08.2024
bc1qudt73t94her507qxxj9appgvyqsftrptt53gun;1;1;0.49484416;01.06.2023;01.06.2023
bc1q4tn9wnzfwprmu0decuqhzeylc893r33zvwpxa2;1;1;0.49388388;05.08.2024;05.08.2024
UNKNOWN:0020fd33a8747e2bbee22bc2adbf0a1f7bc3e84b;1;1;0.49257486;15.11.2021;15.11.2021
bc1qvupdpkqzj0awgds4hy04lwj38ylpvqex927r9a;1;1;0.49161165;05.02.2026;05.02.2026
3GeCAhJqcmQcY1DBQWZZq6P759PDkaWJn9;1;1;0.49072134;28.04.2024;28.04.2024
bc1q7qtvq06x378ud63rx94a9af6a5jm02lersh5uy;1;1;0.4899278;23.03.2024;23.03.2024
bc1qjdr0awc3f97dhzsk4trwss8kwq2v0nmh5a20xk;1;1;0.48947181;31.07.2026;31.07.2026
UNKNOWN:00207b993c76c5f096d17c1417a4c5ab6d3b4a76;1;1;0.48855177;13.05.2024;13.05.2024
bc1q6xcg8zp8z0qlcpdqd8mf2xv6jxu4sq3v48knza;1;1;0.48820496;17.02.2024;17.02.2024
bc1q0v04p840fep8ayh37m7rwmhnwgj7tfc0sd28cu;1;1;0.48700401;17.01.2025;17.01.2025
bc1qrmhmjc3tajvtkte566yu55dewf0eyfg2qfa5c5;1;1;0.48494519;31.07.2026;31.07.2026
bc1qycvra688htzl9x839aghmqfsg9qcg4pw0l9fpz;1;1;0.48491114;27.03.2023;27.03.2023
bc1q5p08qutalfknmgtkuj062xzx3sxl8qx69674nw;1;1;0.48372856;10.07.2023;10.07.2023
bc1qapfnpl69rvjlm0wmuea8zjdsjm5n2zgqv8dpt5;1;1;0.48;12.06.2026;12.06.2026
bc1q7ya8mrzyddd27uzk4dcu5vm2apneuy596s5vnc;1;1;0.47683147;31.07.2026;31.07.2026
bc1q5cl4595ez4fvvc3xpn6l3p7gj23mvm4ez5nx8u;1;1;0.475;26.09.2025;26.09.2025
bc1q5tt0ywk7e20d6nmfhavfjjj77mrg58z20lstny;1;1;0.47285853;31.07.2026;31.07.2026
bc1qepdsk0uqcgthc6ckhjlqfy5dfevhuah59plz8c;1;1;0.47142709;05.02.2026;05.02.2026
3MZPJmYhRXPywqhc9dPxTvdF8CbDBtWLy9;1;1;0.47;09.08.2023;09.08.2023
bc1qyuj39j2us96us3gte0vvn33nsjzxy0f4yhgvxm;1;1;0.46586216;12.01.2022;12.01.2022
bc1qu2gjuxxl0yvnyvf8uz3n2flhftky8k88n0aj80;1;1;0.46566963;24.05.2023;24.05.2023
bc1qhmd87hy6nhqcaz8mg8zp4dhah83p0dlzdmzdrr;1;1;0.4618987;24.01.2025;24.01.2025
bc1q0xurstnesat0plk4t97tu0fhkrmg92q85w8gz7;1;1;0.46028166;09.03.2023;09.03.2023
bc1qsmrwm69gqh2wr6npg49s0yas6xmgze2n52mzex;1;1;0.45559795;31.07.2026;31.07.2026
bc1qt696aj8mgkcyd9zqyslffhnt8k7fqm0munqllj;1;1;0.4508399;09.03.2023;09.03.2023
bc1q2lwws4xp046pjn2c9vsq346huxgwzq3fgeecqt;1;1;0.45;05.12.2024;05.12.2024
bc1q6hn6w6wcyzu508uqk4uhvvjsphp2ve48w2tcw6;1;1;0.44979419;27.02.2025;27.02.2025
3A3rn9L9sN1MgSNMqAy8zgT2NjrZXTdNQF;1;1;0.44351286;11.12.2024;11.12.2024
bc1ql63gjn5980guh7yay7p6jwj37r5v79rv4caepc;1;1;0.43998071;05.02.2026;05.02.2026
bc1qpu2amsc47s5rv3r9rdqrnw2mtwlz8lfkqmuzna;1;1;0.43872815;04.02.2024;04.02.2024
bc1q56fcjelk58rjv3ez22msp5gzlf3kx7p8300k4a;1;1;0.438;10.11.2023;10.11.2023
UNKNOWN:00208b7e664fcc42edd54939968095231f24770d;1;1;0.43769656;13.10.2021;13.10.2021
bc1q3jxpkuv95r8cy77hc9v2adas6krx7zdcl34qm8;1;1;0.4299824;10.10.2021;10.10.2021
bc1qg282sukcnfr5jqretqzut4e904ewz0vzr638jg;1;1;0.42;04.12.2024;04.12.2024
UNKNOWN:0020117cb08800c91d81d4a4e754d7a82854071a;1;1;0.4179729;13.07.2024;13.07.2024
bc1qw0vwny3x5h78xm3pq9rpzjm8xsnzwdvc7ajxef;1;1;0.41643969;31.07.2026;31.07.2026
UNKNOWN:00200639dc0c06880d745b61ad7851cb8aa43483;1;1;0.41492148;24.09.2024;24.09.2024
bc1qex63zfe9p9zhklrrfgdadsmgrvhe2r5e06z8cd;1;1;0.41295682;17.07.2025;17.07.2025
3PQqapwMTwt6KqkZA9QK1LDeSFqss6jPwf;1;1;0.40866;11.12.2021;11.12.2021
1FuMH6ijmtnq3pZZyxqgpaT5fUV3v6Xy2n;1;1;0.4;04.02.2022;04.02.2022
bc1qz87uc87xemwjztlgu8xllh6hhfw0rxj83r8jhu;1;1;0.4;30.04.2023;30.04.2023
bc1qzjypd9n6cz5hwzywzasukghtd5pvd0twt5p8j4;1;1;0.4;24.11.2023;24.11.2023
bc1qnss8qwrwe2q385ju2f0xspaec783ny82nsnr30;1;1;0.4;25.04.2024;25.04.2024
bc1q0yygx45qr84yk08jtz0kl7lr8v9jfjnz95exal;1;1;0.4;27.03.2023;27.03.2023
1FwkGAPoh81LZ1cLaLByt1CawJb52nYWo8;1;1;0.4;10.01.2024;10.01.2024
3AKi8s4P6xHVxrVuJFXk7upKwdyTikAqVj;1;1;0.4;13.08.2022;13.08.2022
bc1qgpaux024mg0pu4ghuysgun0kynnrl4zvp9xwra;1;1;0.4;27.03.2023;27.03.2023
bc1qzpyxtta7c5rq78hgzssckqf0k4xh0kvalnhnzp;1;1;0.4;24.08.2024;24.08.2024
bc1q8gpcnv9xzhrt33fmcwyr69n7fj4kcwr675d9mj;1;1;0.39944493;26.07.2022;26.07.2022
34KiYqWeg3cUcCCiTfRGZyx5Hy1U6M9FWo;1;1;0.3991574;24.12.2024;24.12.2024
bc1qlsxrueqhzk37hawtn2qkd9nmu4genv7hhsnuz7;1;1;0.39400775;26.10.2024;26.10.2024
UNKNOWN:00201d2bc6ebaf84447ab49156745c19837d1909;1;1;0.39291171;13.04.2024;13.04.2024
bc1qqmja6sk0zrs9kukuw0waz8s9kax4zatn5zymps;1;1;0.39116865;06.01.2025;06.01.2025
bc1qtnzhr4w36aukv2urzacpu0t28gv49udjjqjzfv;1;1;0.39115017;31.08.2024;31.08.2024
bc1qltdjhyxughgj7f7j87lnnswqgwgmj07su2caty;1;1;0.39010688;17.02.2024;17.02.2024
3ERuDhhrPPbcaaw5cUvmLhCw38YTBmY3fS;1;1;0.38977724;24.12.2024;24.12.2024
bc1qw0l3g383ktm0reapm83lkv7wwzr55pfnsqzy28;1;1;0.3855175;13.03.2025;13.03.2025
bc1pka77z6x5xpvhzmaq37yna2a797q73hqzk9clvnav7hfzrgrg5wzq9mjj5m;1;1;0.38543485;29.11.2023;29.11.2023
bc1qgw0zgwd9qcq6lux386qcl288rjgfa68lw4vrph;1;1;0.38;18.11.2024;18.11.2024
bc1qjnz5mtphqaae3965q7p76khjkh6nl2y6u036ye;1;1;0.3798989;10.12.2025;10.12.2025
bc1qrj7uy3a4uvf4kzxvzqgsrt5qtud89t9ugsu3tm;1;1;0.37943341;21.11.2025;21.11.2025
UNKNOWN:002093e823e0f1353f1843b02b969729ef197bed;1;1;0.376;21.02.2022;21.02.2022
bc1qtjeaearng3t70rmn8g65qw6z7cs5734kyf55ch;1;1;0.37302813;31.07.2026;31.07.2026
bc1qaqjmyzc95naheh30n7lrl0uc3xm66snx8zr5ur;1;1;0.37;19.09.2024;19.09.2024
bc1qcs847cepw4g3ukaleflh5t7qnscsyvezxhjg66;1;1;0.36995665;14.10.2022;14.10.2022
bc1qyxwuuwk65ys90wsawzj37a46w3m6dzunnrrw5t;1;1;0.36697512;28.03.2024;28.03.2024
bc1q6r3w9n459gca3347f2fyjs6tpuh4rfqfmhl3ws;1;1;0.36612535;25.04.2023;25.04.2023
UNKNOWN:0020b7f9328f7efbad0f86ee5c6ddb78abada371;1;1;0.36417651;26.09.2024;26.09.2024
bc1q7ckq887tfn4mxvxdsdg0rlf84u7h26s39l9sma;1;1;0.36204656;31.07.2026;31.07.2026
bc1pwkw8mhgtea0jhu2446kwxkkz7ruhzsl0ehcsu7mtfgtr0vz0hjtswahe73;1;1;0.36169904;19.03.2024;19.03.2024
bc1q84vh5quacdtq02cdcel3plxxrumaqltkn7tun6;1;1;0.36;21.08.2022;21.08.2022
bc1qf67wj84hhk4ge94v39wlw68dgjapvh8h4synw2;1;1;0.36;11.12.2024;11.12.2024
bc1qt95wn3re6tp9u9rx4zdhclqcwjgt6jwak5p90y;1;1;0.35866833;31.07.2026;31.07.2026
bc1qtp7wwx89ncttt2xj43j5sq45hvl2qcvkz2pr5a;1;1;0.35826571;28.12.2022;28.12.2022
bc1q88pghnfe68wecyfv82gltluksakhtxut5vhjaf;1;1;0.35137506;01.04.2022;01.04.2022
3LiF7TUP1QZuNjzpoCZGi3XBJCmp2d9EyZ;1;1;0.35124;20.11.2021;20.11.2021
bc1qjvql3xp0dhh4m6h2h3dgjp7ghcrryxccc75v57;1;1;0.3502552;10.11.2024;10.11.2024
3LWnaxy1R2cGp6kiX1SVv9nc1s8imfKGgh;1;1;0.35008165;03.01.2022;03.01.2022
bc1qhvjez926fd4m67shlzewna4n33n89smyfnwc8q;1;1;0.35006301;31.07.2026;31.07.2026
bc1qsf7yjgsmhgv6d0wjga07qapm4c56jrpyxjjnaj;1;1;0.35;30.04.2023;30.04.2023
UNKNOWN:00200a619a9616a18affb57e60a53c15f6798a8e;1;1;0.35;21.11.2025;21.11.2025
bc1qakp044770khcnp4zd3wyawjsv60ltdefdcf3uu;1;1;0.35;09.02.2024;09.02.2024
UNKNOWN:002043cbc4d0fa1b64006f71d9ef4fc28402fd92;1;1;0.34999353;26.09.2024;26.09.2024
bc1qssax97epwtyv2fr05kzc58n3czdxe4drmwja88;1;1;0.3499907;31.07.2026;31.07.2026
bc1qlzyj9c5y8t5w689pzush8z6xlmktxszfrq326n;1;1;0.34165428;05.08.2024;05.08.2024
bc1qyjzy4yl8jaj5fkm4d2wekv4ype0d7d5lpczyyc;1;1;0.34011202;10.12.2025;10.12.2025
bc1q4wpxd9n856gm7t3asfh8r0dla624l6ldavmz6y;1;1;0.33673519;31.07.2026;31.07.2026
bc1qgq0safsynf22vuxka9vrngu6lkzllk2jvxucca;1;1;0.33655966;31.07.2026;31.07.2026
bc1q0f8h6kchu6w9psxexrfajcvjxfaks9qhawk5pn;1;1;0.33554212;16.02.2026;16.02.2026
bc1q3e7xhugscj59u7wpjqucghdr5lxmmp36hmkkwq;1;1;0.3351133;09.12.2025;09.12.2025
bc1qg3ej4atxmrysk8c3mfe9dsznkjscywtssqde2u;1;1;0.3333;10.12.2024;10.12.2024
3Bz4GuDzmLGvTb2nqypN6jQ2v6sMG854Vd;1;1;0.333;14.03.2024;14.03.2024
bc1qlrn5xpxy0crz0xmp23v6yu7jh0shlyqrk30emv;1;1;0.33288736;11.03.2024;11.03.2024
3GVz3nRoPbDQKAxhbuH1Ju9wvsLjHmj8E7;1;1;0.33;26.08.2022;26.08.2022
UNKNOWN:00209e01027f48e7104af8009159f95e1c927531;1;1;0.33;27.02.2024;27.02.2024
37WofpyGFt7ZEHUz9sjDNsmpT474kU8TPr;1;1;0.33;20.08.2023;20.08.2023
bc1q7ukk4plupgwhra9kf0g24ppnxuyjz33er0cev8;1;1;0.32998174;05.01.2023;05.01.2023
1CD6iPri2eeE3vhXMkSDJcsonWW4acXjPL;1;1;0.32974767;04.06.2023;04.06.2023
bc1q06p8v6ekstd5g0p24u0d6lmvc6ng20cm76nrnn;1;1;0.325;16.04.2026;16.04.2026
bc1q7nxyljjmw9yk25tqq6wp367xgh5avuu4vgja3n;1;1;0.32;26.03.2026;26.03.2026
bc1qj7539uymkjz2s0dudu78cjccy7hdm0uvj9ttmv;1;1;0.32;03.12.2024;03.12.2024
39RueG955qQgFzHSqfBMmjSqPte43RkGtS;1;1;0.32;18.03.2024;18.03.2024
bc1q8ym0n72wfxs0273z66s4cvkx946rul7w7k994g;1;1;0.31809279;05.02.2026;05.02.2026
bc1qfnmw06w2vyrwzvtpmchek8xpjr73w64axqguqh;1;1;0.3174;02.08.2026;02.08.2026
bc1qply0rnvv7mepgt3xxquv7e60cgrukrky5wkndy;1;1;0.3127;02.08.2026;02.08.2026
bc1qvap4gvgjrq4hktqm32g483zp4xpk9dnjnzcqyv;1;1;0.31155832;01.08.2026;01.08.2026
UNKNOWN:0020617720661ed8681affe6e038845328a2c714;1;1;0.310731;14.12.2025;14.12.2025
3KQtuvzYxzzypq93n2sx3pe3Tdux3UmAXy;1;1;0.31;15.02.2024;15.02.2024
bc1qp5c92024d3pyevggztms086u42q98cggfkxehc;1;1;0.30995545;25.10.2022;25.10.2022
bc1qwe6f5t5cxt3d7n784a7fmtdxy6n83hv3cyuexp;1;1;0.30930723;31.07.2026;31.07.2026
3C31ZmRNFPJ79P9RohtdNmThy2w9aDHmdV;1;1;0.3056;28.05.2021;28.05.2021
bc1qzzy3yh80cgh93yxwu86hm97edph5q8mcwyq0gq;1;1;0.30387897;12.10.2021;12.10.2021
3DSRicWKYBqPwyY9AiBJBruJyMZafihAf1;1;1;0.30145663;28.02.2022;28.02.2022
bc1qr5y3dfm0uzdywfew3dsgq58s0cl90rz9mffkdk;1;1;0.3009;02.01.2026;02.01.2026
bc1q54ln3uv8dq0pw5zyck7jm5jzvuc3na7w26s6e0;1;1;0.300644;31.07.2026;31.07.2026
bc1qxn78pn6e54s26fcq3vt5y6gtmcr6mqjp4xzzd0;1;1;0.300214;10.11.2024;10.11.2024
bc1qdlrk90qqqxj5r6q90w3a70s4y0ug97yd2f53wf;1;1;0.3;08.05.2024;08.05.2024
bc1qam4fccvhztu0fykw4r65xnmp3dwnectzxmst5e;1;1;0.3;10.11.2022;10.11.2022
bc1qpkxru9a8fle9duz6l03e2avnmkt5nnnzsecgc5;1;1;0.3;11.03.2024;11.03.2024
bc1q295sfz3tvmtgcgwndnzwputffukgc3gmmheesy;1;1;0.3;25.07.2022;25.07.2022
bc1q5l06mj2d8lmrm25kekay94eetpsv0lawd8kfwg;1;1;0.3;14.05.2025;14.05.2025
bc1q6s97xwdw9xmls7wm9yfmq3u826zg0fgpu3mmmt;1;1;0.3;11.03.2024;11.03.2024
bc1q5q09m45yftxzpsfjjfamy8mkqg5et44qffrt5f;1;1;0.3;17.04.2023;17.04.2023
bc1qvr84mwakvyp0l7qar2cra2vtgg5rfhujsv9zgw;1;1;0.3;11.03.2024;11.03.2024
bc1qus7lcmf2wdx34kv2vcznkfzn0y8gg6klzq5smc;1;1;0.3;15.03.2024;15.03.2024
bc1qhuergk3rm64mek72fxhmqkv2u83z3u39mjruz6;1;1;0.3;20.11.2022;20.11.2022
bc1qjkxghej9fttcvjj5dmtqh34zz365dvtdpw02rh;1;1;0.3;03.12.2024;03.12.2024
bc1q266plcfjev277774nr8xe9wnue0uwkcljldu0g;1;1;0.3;16.12.2024;16.12.2024
bc1q3y2lgqrxd8rc6xwdhldzjuwwh79shfw2rtwyae;1;1;0.3;13.04.2026;13.04.2026
bc1qnh422egt7ds6vh7lw80ve7xr3puswjfg884zzj;1;1;0.3;31.03.2025;31.03.2025
3Mj8nQzcKtWSXxdahzJZtJyWPKeHBuNxB1;1;1;0.3;23.04.2021;23.04.2021
bc1qd0ycyg2lhrxuxkzafzzwm7jcjfaftskhshhrze;1;1;0.29999612;02.06.2026;02.06.2026
bc1qdlv3rdej0quutc0n8ctyjdsvlwg67c32knf70a;1;1;0.299984;02.10.2025;02.10.2025
bc1q8wyy2fdxp7v7cfs43x2s6uwnu5fjxn5chmya2q;1;1;0.2999793;05.02.2026;05.02.2026
bc1q925auwt8c6wy2ej64v3eueq5mq7e77cwu5fgyg;1;1;0.29997525;13.02.2023;13.02.2023
bc1q29xfw8jamql06fgs8g4plqk00zlv6agjede7x2;1;1;0.2998988;27.05.2021;27.05.2021
bc1qqqcl3xq9vqxntgc97sgq3xvpuz25whlxy5xknj;1;1;0.29986651;06.10.2022;06.10.2022
37Cx9VJRYkbppGr4sPN5BxuJnwhTEdsUfa;1;1;0.29784802;03.06.2024;03.06.2024
bc1qdhhfzkf3muddqwdhk4m4kn6a59g7nwnqpxceew;1;1;0.2975;02.08.2026;02.08.2026
bc1qmfsr9sc4c2ggc9rwh5hajzqn0gndlmw2tec7jm;1;1;0.29416841;28.03.2024;28.03.2024
3HoUwjzzgXw3WyCKWr3r4xieYvJhmAoHTf;1;1;0.29398653;16.03.2022;16.03.2022
bc1qc5gsw3wgy0s0pjv4044y8mgxm57m2cwe5ln2py;1;1;0.29266559;31.07.2026;31.07.2026
3Pav7HE1v1i6FxkaXLTCCGuoGhFNohAtBA;1;1;0.29258587;17.02.2024;17.02.2024
bc1q4ma8dmq5aygxwhde06r8ryea4nkjt0yda06g0t;1;1;0.29214872;31.07.2026;31.07.2026
bc1qpvgxtleyshucft3pg4eqkc5t8elwg97jw2ff8q;1;1;0.29098232;19.03.2026;19.03.2026
3HegfCzFoBG9YadB5VPSwcZoFp9yvwveci;1;1;0.29;18.02.2022;18.02.2022
32PD9QNZZNxGACsEUz28JCjijeQdEghgYe;1;1;0.29;02.11.2022;02.11.2022
bc1qtdcdtju90e4efugwnmxk3g2xpt663duppt5jmx;1;1;0.28695614;31.12.2024;31.12.2024
bc1q3pqufm8sx8d28dn96lrjlvta4swnqqv76q0ptw;1;1;0.28660687;04.01.2024;04.01.2024
bc1qxrtyd8sh6pk38ltg3cachsr2778ymhrrz6vhsz;1;1;0.28505044;23.01.2025;23.01.2025
bc1qpzdmx05ygk3czk7xxysw0rr78gv6gkk3lmumez;1;1;0.2832;02.08.2026;02.08.2026
bc1qerk0mjgnavtnc9xc4jafy2gxcv6fvjppac55p6;1;1;0.28234113;04.05.2024;04.05.2024
bc1q59wng3d6edad3vpjf4pgnzylwpewa466cd43pw;1;1;0.28095089;24.05.2023;24.05.2023
bc1q0epvt3u0y0hvcpsacnczhqhwc6dvw78qq4cgpj;1;1;0.28;15.01.2022;15.01.2022
bc1qhv2d8gnm6khknd8usdzhnqgkw4hmn6f2uyjs7u;1;1;0.27996513;28.12.2022;28.12.2022
bc1q5f5aqtmkgvctznd3d0296f3eq67lfs8vruz7xl;1;1;0.27993872;11.08.2022;11.08.2022
bc1qcxqcyg6uxfnhjsznx98qeleaxlz7jgu3jtnaq6;1;1;0.27827315;31.07.2026;31.07.2026
bc1qzvfec2dkfa08jwtmy4kewuqw4jd6t2yvj690qh;1;1;0.27782871;31.07.2026;31.07.2026
UNKNOWN:0020c6f469bf7a303fca5e3b44434357339dc4cb;1;1;0.27654876;04.02.2023;04.02.2023
bc1qdctqk44w7yp0wrwmmkeht0scvkm094dl7tkv5z;1;1;0.2739;02.08.2026;02.08.2026
3GdVzjGRCx86UJf1vDR7882bbHLmVYA2BH;1;1;0.27239511;08.01.2023;08.01.2023
3Q23tERUnCPaRtdkH6dRz2oFHiJDt1gzxs;1;1;0.27149701;30.01.2024;30.01.2024
bc1qljddc3hp2vfrk70a8hfapyj9rhna0ky532rqkt;1;1;0.2705235;10.11.2024;10.11.2024
32XPepfjM8XxrZnFScuUEroYW2UFP1cWin;1;1;0.27;27.06.2024;27.06.2024
bc1qt4u4l8hqf9rufydfnxqg0kf8yc8s5svtewqsxx;1;1;0.27;10.08.2022;10.08.2022
bc1q07kl4vvgswspz9458z9wav44nkck9qmcva4qc5;1;1;0.26990232;15.03.2023;15.03.2023
bc1qtv44ekftldwrj9xmplkszlcvwth2sx0u89q22k;1;1;0.26729263;05.08.2024;05.08.2024
bc1qyevx3g254w75hzvhf54qvy55hjzm5s5rjqk30e;1;1;0.26721284;18.05.2024;18.05.2024
bc1qc7r7ezl8tzv6qgg5j46t5ffv3cwsumqtnqnsc5;1;1;0.26595843;30.06.2023;30.06.2023
3FeRkLSQfmzDH88nw6XfviLHLaJrzpMz27;1;1;0.26586022;28.01.2026;28.01.2026
bc1qhvtncwzgjtlnngkmg2ujhmflqktxsdwws4q90y;1;1;0.26183654;05.08.2024;05.08.2024
UNKNOWN:0020881966c2fcba143ed596512c6bfb0b88fa1f;1;1;0.26162399;25.06.2025;25.06.2025
bc1q34pkl6psyuwj5rxpsvegzr5ucj2arv07g2c3kc;1;1;0.26;19.01.2024;19.01.2024
bc1qy7esa47f5a7nlulzm6f38fjg9d3263mrnrajs5;1;1;0.26;11.09.2024;11.09.2024
bc1qljl4ms2eweclxwrk9tvkzqzu643rhn9xrhg0yq;1;1;0.2599887;04.05.2021;04.05.2021
bc1qf269xs64vnuddlt7pp0vq6snh3rjaj24mwgrww;1;1;0.25996513;22.03.2023;22.03.2023
bc1q38yx3kcucuwed69tr07nzc797jahqhyh5xgpt8;1;1;0.2593;02.08.2026;02.08.2026
bc1qgpw0snr2ls2jcwmh8ry66aasmdekar5kvazgpt;1;1;0.25898954;19.10.2021;19.10.2021
34cXveNWfSm6ecrp4aMnYrfcB5xWXxaJXx;1;1;0.25891;10.10.2021;10.10.2021
bc1q48tsz584wwn6mthkw8867395udangd862fysgh;1;1;0.25797954;19.10.2021;19.10.2021
bc1qkkxqv9kfhnhhnartlv5fss00rfxr30k405u0pa;1;1;0.25608077;02.01.2025;02.01.2025
bc1qyujpdu7h689x4yz0v6qjmj8m8tryhmulk88tgr;1;1;0.2539;02.08.2026;02.08.2026
bc1q06853qrl7g4ppl4zcd8wz65x6k7uxrz528680u;1;1;0.25313896;16.02.2026;16.02.2026
bc1qh0rfx4ygxcclzf240hsdkxv0w2e0ju33qglxz9;1;1;0.25149711;12.10.2021;12.10.2021
bc1qyg8lmdhga6thcmr2detdxegf8204t78tckxnee;1;1;0.25137851;12.10.2021;12.10.2021
bc1q53ccxzhewhhf4znw0azr9u30nmq2l4zdl309yz;1;1;0.25120878;31.07.2026;31.07.2026
bc1q8sy2v4qp5myl55qc4qte2hc7d3tuh2rqe9hk2w;1;1;0.25;31.07.2026;31.07.2026
bc1q2rt3l9mytnjjjvgejqsxkzj0gn5rvk9gzk8x0p;1;1;0.25;30.01.2023;30.01.2023
bc1qqpmv54m2d8ra7sxt5aj8kem2rd53jh4ccmzjxt;1;1;0.25;27.01.2025;27.01.2025
bc1q0npxaf4v7qclnnqjqdwwplrwjhww8y9ya4ya4t;1;1;0.25;22.02.2023;22.02.2023
34FtdmJ2BcXYhdjsNNnESh84Hiu8F4D4sk;1;1;0.25;30.12.2022;30.12.2022
UNKNOWN:0020341270472aead75a9bfccb4f47ba43bfd1f7;1;1;0.25;05.06.2026;05.06.2026
bc1qjg055tfrx5qp6xujpjuuj9mugxvx6kty0zxt9w;1;1;0.25;22.04.2023;22.04.2023
bc1qkpvr7tpzyqa4ndxcsx0nf7s28fnh5z4ruunt07;1;1;0.25;01.12.2024;01.12.2024
UNKNOWN:00207b30869b67110e27e66869cffd6abef4bb2a;1;1;0.25;23.08.2023;23.08.2023
34cVCKwaSWDREHKkYD9WY9L76UQhxEweQ3;1;1;0.25;04.11.2021;04.11.2021
1NgKdkCKnWd9nsyBst9jxHq3m8P7gv2YUq;1;1;0.25;28.09.2022;28.09.2022
3J37ipad6HcWRmNPP818jeymTMiTfAdf38;1;1;0.25;18.08.2022;18.08.2022
bc1q95zx26xp4pcl8nj8796dkxy32e5ktzhzt0pq22;1;1;0.25;18.07.2025;18.07.2025
37hpSCRuTvt4MkFNeKRdPAu4L2EbaTXfim;1;1;0.25;21.08.2022;21.08.2022
1KwLvVDLHFV6x3UBmcKey1jurdu55Q52RT;1;1;0.25;10.03.2024;10.03.2024
16rSij2vrVKwUSaRq2Ag6U7jv3TJRSpm8i;1;1;0.25;13.03.2024;13.03.2024
17Wq9S6VHD6tCAMdGWs7aVu9CgtgdkWCXt;1;1;0.25;13.03.2024;13.03.2024
bc1ql69mat09xdleldwtas9yfef20ezp3qyqj7t96e;1;1;0.25;16.03.2023;16.03.2023
bc1qmk86r3qx33qsm6qdlkkhsaaqc0wlrhku79wumc;1;1;0.25;08.02.2023;08.02.2023
UNKNOWN:0020e351248fe4ccf0f527a9efd8f117314e11a7;1;1;0.25;04.06.2026;04.06.2026
bc1qzhyl2ky6dmsfmtra9gg55zlnc59dzl62ks2zsq;1;1;0.25;31.07.2026;31.07.2026
1GbGjN9xUsnC15XZisCMxovtLdTMgUNpBW;1;1;0.25;15.04.2023;15.04.2023
bc1qr8zv5rnterjzc3dkq4wnrpgrj8klt3d9h8ta5a;1;1;0.25;01.12.2024;01.12.2024
3GWNqEvyEKRT7Zc4oxbLngpwvsb5SgCNSw;1;1;0.25;13.06.2022;13.06.2022
3KXKpi2rD2S6FSG6SAr2imkVRVzFCQomDW;1;1;0.25;14.06.2022;14.06.2022
321vvLxQhnzV3uvTPzb2Z7xJqdbaKx5Ht8;1;1;0.25;17.04.2024;17.04.2024
3E9ZZxURuGLjWN4XC9ESWPs46C54g4gPKU;1;1;0.25;10.08.2022;10.08.2022
36HZB4UFiHMVsKTxoeJiGwF7UASaTkcwMJ;1;1;0.25;10.01.2022;10.01.2022
3Bx5wG6nwJMphD8tvsFTP1D4pGEvrapLDr;1;1;0.25;30.10.2021;30.10.2021
3PEVhf9RAqMPNmFKuV2ca1Qzw735vNcn6z;1;1;0.25;15.02.2026;15.02.2026
bc1qkzfwykxv5r94upeelwmjeht6usv4p87vpgz4gd;1;1;0.25;01.02.2023;01.02.2023
bc1qwnekprssmrunl3heknrz2nr5tsdpsmqdgsp99g;1;1;0.25;23.04.2022;23.04.2022
bc1qe0vrk3rvgs4ymap4j45zx3c6xslvzkgcyle89k;1;1;0.25;17.03.2022;17.03.2022
bc1q0s3tpuq2tu3qcmpj5sgwey2sxxxm8a6h2er94e;1;1;0.25;10.07.2022;10.07.2022
36vFzSvrCwYTL6d7VwSosLKyenjE71uEdB;1;1;0.25;17.03.2026;17.03.2026
bc1q4z3d2gc93nuuwapueaq0udfkdnh38dq8vwz36v;1;1;0.25;25.02.2025;25.02.2025
bc1q3t8kg9nge7ffqa2gv5ngahkqx55prlkce9lj8p;1;1;0.24999782;31.07.2026;31.07.2026
bc1qhjglk4ueu2cgxtgtj0cmnuefx88r0jq3raqu72;1;1;0.2499978;01.10.2021;01.10.2021
bc1qvgexphmpftn27ck6pc95yl6s4vw350edv8vzwk;1;1;0.2499929;11.04.2023;11.04.2023
bc1q4yjt8wunseptzdj45z5trnsfm5jg9zhdn6zk5s;1;1;0.2499871;13.06.2023;13.06.2023
bc1qhkgt0kdj5a9za3trvrfz5wqhv8pd78c3p7jyrr;1;1;0.2499828;30.01.2023;30.01.2023
bc1qpvkjuawxcvz9cw7zgcpk5u0y2fumyfp09mvddk;1;1;0.24997745;02.11.2022;02.11.2022
bc1qezxlretf7q59fepdmxtynle2c5jl8z98e3znf8;1;1;0.24997371;06.02.2023;06.02.2023
bc1q6z3gqdxc7v4fsd5zx63v2hl50a0yyahj32qzq3;1;1;0.24994193;22.02.2023;22.02.2023
bc1q9xgefd328zmgx9jxydu6p2gpxxcd8k3au0wk8k;1;1;0.24868313;09.07.2025;09.07.2025
bc1peqperz26azrhpr56zp9zp0glr9as6t840n7wq25z3wdh8w98arnsg52wjq;1;1;0.2481;10.01.2026;10.01.2026
bc1q03wvjka3rt4d7w55tkjz83mw4ezw0mdghg3xsf;1;1;0.24784309;31.07.2026;31.07.2026
39T5bMjB9BSFzEf7dEqk3sBFsCT8AoPmLg;1;1;0.24726;15.10.2021;15.10.2021
bc1p0ptc67urj09r2e9ry5pw44qzgjdfpknyaym0gv28fz4zyt2zphnqggwm8e;1;1;0.246213;10.01.2026;10.01.2026
bc1qt350ws4nzgunrwnfcdx0mrqww6uuavy55cgqrs;1;1;0.245172;25.05.2023;25.05.2023
bc1qknlmyuxu4sth8zsfn9cfqu0d6n0luqujuul9e5;1;1;0.24335663;28.02.2022;28.02.2022
3FRxeRgZHBACteSgVdTAw98xVtcLp7KxBi;1;1;0.24333196;31.07.2026;31.07.2026
bc1q24p862uwfzdrhz4vts5lkzncvpf4nhc765g4z5;1;1;0.24234249;31.07.2026;31.07.2026
bc1p3zdp9u3y6e0n3wck0r6skq6c60vdtgra9603udvlm4s0grkakxmqx7vk2k;1;1;0.241721;10.01.2026;10.01.2026
bc1qxjw6wvflau50qsuxuj8wzhgr3mptual6cn726p;1;1;0.24168379;06.03.2024;06.03.2024
bc1qey0kykma7l8lsdevshwgu2l6lx968dfgyfha0a;1;1;0.24127781;07.11.2022;07.11.2022
bc1qluyesm3susucmaznqwa9v63n7p5mt960lvxdml;1;1;0.2409978;31.07.2026;31.07.2026
bc1qzwqx0t2pz7g3r00dvvxjuj7wnt4c3ta6ur7k33;1;1;0.24;22.09.2024;22.09.2024
33BQqtnoUv1fWi9FH6VzDSsUqPtdKY3jig;1;1;0.24;19.12.2024;19.12.2024
bc1q3hnpq8ydgand3q94tl4398hupxuyk4vk5ets4t;1;1;0.24;21.04.2023;21.04.2023
bc1quzsqav92yjhem0yygv2gyzfcydf84dc45rnusz;1;1;0.24;23.03.2025;23.03.2025
bc1qypuhqlunjyrmlm7wesdwr5ddmrkjdt6xdgktal;1;1;0.23976048;26.03.2023;26.03.2023
UNKNOWN:00201a20f5b15e54d6d867512c0b4cbf614aa4e6;1;1;0.23345765;04.02.2023;04.02.2023
bc1qdqcn22jq57xknne2fhdpr6cl28lqra4ef7yguy;1;1;0.2318303;30.07.2026;30.07.2026
3Mbwi8FVPKQgg1Ptqw1iQe9MWjEMHtX5LQ;1;1;0.23;21.08.2022;21.08.2022
bc1qyzx8uddrqy9t3e87rfgeeresfvr448x8tw44ny;1;1;0.23;08.07.2024;08.07.2024
379Bf3fvFchQ7mMapfNWwSbzEE7zZMsRAB;1;1;0.22998236;08.09.2023;08.09.2023
bc1qjz54qefwm66gl0k0sgpx3mkdkvwuk6zs98m04s;1;1;0.22821801;31.07.2026;31.07.2026
bc1qnees98km8pc6q6sfhqm9crw5xusdmjw46lyyk2;1;1;0.228;23.04.2023;23.04.2023
bc1qlzdt76u9s3qtdr6avd9hd4c77520x29ksa74q3;1;1;0.22654333;24.05.2023;24.05.2023
37c2z1GEU8bLNTJtqzVZThc5e8M2ZJXTzj;1;1;0.22550056;14.06.2022;14.06.2022
bc1qklzqkl5wmrr7dfvf6fgr5f6pqmhnjma2eeajfj;1;1;0.225;01.12.2024;01.12.2024
UNKNOWN:0020d10b8a5c3b7598f07d04b00bc446d6ff4158;1;1;0.22400268;13.04.2024;13.04.2024
bc1qg7e2l5q9vv6grxcvy8cmc3t9hwngwy3k9mn8nt;1;1;0.22162;02.08.2026;02.08.2026
38F9CXL6Fetj9R82ZqcCwD7UeUZcHzaHPe;1;1;0.22107681;17.05.2026;17.05.2026
bc1q0zv6eun0gc4tzfjxq5w26a7vlrf60t4sf7ap0a;1;1;0.22096278;13.04.2026;13.04.2026
bc1qqyzu3awka6mzjn9vp5q6n94glf7z0w4u4laz4r;1;1;0.2205476;19.10.2024;19.10.2024
3Gciv53sdyuz54LYd8voB8CRPveuZ3SG1v;1;1;0.22;09.04.2023;09.04.2023
bc1qxpldczeqnf5tedt7ea4s2vl86yjz25wc4p942m;1;1;0.22;16.03.2024;16.03.2024
bc1qllzsdqljgyjugsdrusvczeaaj9fcla8y5phf8e;1;1;0.21997514;09.11.2022;09.11.2022
343yPx8pDRtSonCojqbYjQCR1sq6pS4rk6;1;1;0.21996365;13.06.2022;13.06.2022
bc1qxmklhmpmxp4cck5cu7jq5hqkt5pznqf7pt5xra;1;1;0.2186;02.08.2026;02.08.2026
UNKNOWN:0020b4d399a0ab565f431735d78dc5094bdd24cc;1;1;0.21851993;13.04.2024;13.04.2024
bc1qeysjxxuqnf00m5w20gw9a2gqjm78wq53xpcme3;1;1;0.2185;02.08.2026;02.08.2026
bc1qpdaw5ae8mjyxqeujze3fzj7lpctt524p8smzvh;1;1;0.21841284;18.05.2026;18.05.2026
UNKNOWN:0020a273764983d8346ba295da558c9abf0bf206;1;1;0.217219;02.08.2025;02.08.2025
UNKNOWN:0020ae536f745ea5919adedcec684889a0cb2b7e;1;1;0.216721;04.10.2025;04.10.2025
3N2zpSxrhXfC4EbPRbYQcwLNRx6PoNyUF6;1;1;0.2143894;13.12.2021;13.12.2021
331dMFzGg5Y1yX3ukBD3TF6KG5f4ZLKA5y;1;1;0.21329;25.03.2022;25.03.2022
bc1qsj5hq0knu6pwuh4ndpmzfhrjvnlag96sx66gm9;1;1;0.21261692;07.01.2026;07.01.2026
bc1q9fsd0qlujam5k405pzgvg87v0eddmhxpza494p;1;1;0.21224692;24.02.2024;24.02.2024
UNKNOWN:00202599ed02e0ca9ab4c1e65cc2dbdd77fc460d;1;1;0.21028311;19.05.2022;19.05.2022
bc1qnp266ld76ctu6mg4jcvaw7m85h5q7jfzlrg4ys;1;1;0.21005454;31.07.2026;31.07.2026
1BL91rLJUQE4TfTySvVqeh5r8NrjacPGyi;1;1;0.21;11.02.2025;11.02.2025
169iH9tYsN7XsMQ8RPamCffPkGDHG9RVad;1;1;0.21;11.02.2025;11.02.2025
bc1q45s840w0skj8fjp9lqq3uz0qvmh9qgr4djum48;1;1;0.21;14.02.2025;14.02.2025
bc1qyvj479rcv0asg3ag2mz2a9dfelk4psm4sjt9eh;1;1;0.21;10.02.2025;10.02.2025
bc1qleuppgmgrl5aul8kp2035yxkrtl77yqh8zfmv0;1;1;0.20997704;28.03.2023;28.03.2023
bc1q04dy9a5jnuypd3jyx626xsjhddzh52k7ggn3md;1;1;0.20614175;22.01.2026;22.01.2026
3Bx7QdoDf5zTYyjjRPn2R4jbvnE2xrvkWn;1;1;0.20606094;23.02.2024;23.02.2024
bc1qhe9yjdczhrm7q4gld0dpf6mn7ku8sk6jm909e6;1;1;0.2052908;28.02.2023;28.02.2023
bc1qssp6r3hy9dneuudlhm5yl46j5sn4tlcgy9nhu6;1;1;0.20521817;22.01.2026;22.01.2026
3PhuZeFP6d9bbKHikj9jwLxJsh9AuovVy6;1;1;0.2051;12.11.2024;12.11.2024
3MESQaRQwmiqiBr5x4Wy8xFBZawnAUTV9n;1;1;0.20426248;06.04.2021;06.04.2021
bc1qzv0ad0gyghldxgp0k3xs08kqdgy70qlllqegln;1;1;0.20363756;12.10.2021;12.10.2021
bc1qd5yn55hvyj67e5y5u94y3tvenlufvjugxdnaux;1;1;0.20262585;17.04.2025;17.04.2025
bc1pke309tz099ut26m5rktahf9gqu0cs82546680q75dpantkh8yedspeqg0x;1;1;0.202001;12.01.2026;12.01.2026
bc1qp6wcnp0cecu2yxsjgn45c8v0fqg4w5dft46dpl;1;1;0.20199085;28.09.2022;28.09.2022
bc1qeqvparzepcud9fdhp6vem6xw70q8e2z39mqhsl;1;1;0.20189084;19.10.2021;19.10.2021
bc1p7vlra8wggr0yf32694gpcj8a8kylqe66qdn6u27djs63v38peaus3ga4lq;1;1;0.201231;10.01.2026;10.01.2026
3BRpdWUnp7RVQNJuf9u6qPLCDcWDQijjus;1;1;0.20099449;31.07.2026;31.07.2026
3Cf4egdb8prvgrEhGx3rx3Xzq729x8UC9p;1;1;0.20099366;30.06.2023;30.06.2023
bc1qkjxvs4ewr6p28l4su4t9tpu96ln5gauuxg6aft;1;1;0.2001663;09.04.2024;09.04.2024
bc1qc0fddmnkkz73k3adl5gcq66lcw72yeuxqu6q53;1;1;0.20007754;24.10.2021;24.10.2021
bc1qgr4xm4hgzrvgn3spc7svalhnvu5kl9cr0r4pj0;1;1;0.2;27.03.2023;27.03.2023
1AyBXJmjfdzQi4dFAQXncdNfSYeVQ5Y4Rp;1;1;0.2;20.10.2021;20.10.2021
bc1qw7yr9rg4xs6uzcewg8wyc9ncv5uytgdypq8efg;1;1;0.2;11.03.2023;11.03.2023
3CuinRNYUMjjGJHGuqKcC9wtnvMMKjkGgY;1;1;0.2;18.12.2024;18.12.2024
32XM5JBzfD2WUaHsmJSQPjjfhY6MoP3aEx;1;1;0.2;03.05.2025;03.05.2025
3PMeN8khFuWyimZJFgTCxrsJVw6acYQQW6;1;1;0.2;23.04.2021;23.04.2021
3CKjbuz1M8maFfQydNGDwZnr7virXZVVFH;1;1;0.2;16.01.2026;16.01.2026
bc1qs9l6wgvv4dl0tn3hlc80x05whw0s68p97vkrqm;1;1;0.2;07.08.2024;07.08.2024
bc1qnk4dnpct4ytg5xz4fyjguldgucnwfg9wxya446;1;1;0.2;10.12.2022;10.12.2022
bc1qjatrpthxxegd503vazespd3r58td2qjg3xshmz;1;1;0.2;01.08.2026;01.08.2026
3NukYAVPqwfT3UvYsbtXvJgBkSJZ5q1Y67;1;1;0.2;01.09.2024;01.09.2024
3QTc2SHYCkCgmrSSjNpi7ARRLJoSnwsWgJ;1;1;0.2;12.06.2022;12.06.2022
bc1qwydc8c6pvmj7nz7x2d03pr0r4unxuv7z9avyl0;1;1;0.2;12.01.2022;12.01.2022
bc1qhq6tmyc6unlyrx2zd5ecgfnqevgszg2jq2q9ru;1;1;0.2;14.01.2023;14.01.2023
bc1qvsx0j6hwf3x2n82gzj7xhsn9w0wjn66gnzwywp;1;1;0.2;05.07.2022;05.07.2022
bc1q7zqdz4hkpfnqmqq7dnxzyn323znyu5874ykvqf;1;1;0.2;10.07.2022;10.07.2022
3MN11mmyFKmDaKVfAyPaMhF9qPFUrzWArE;1;1;0.2;30.03.2022;30.03.2022
bc1qsjzwqduz3etnrkysg28fedez8jcwlad79yzkdx;1;1;0.2;18.09.2025;18.09.2025
bc1qy27hewclydrmvuelfcvgvm8s258ttnv28cs4n2;1;1;0.2;21.06.2022;21.06.2022
UNKNOWN:0020a79f438eff1f635de1c1854068498692c167;1;1;0.2;31.01.2026;31.01.2026
bc1qzx8588pmc8tnygcjvs6xgwwumdfv8s9dr4auk4;1;1;0.2;11.10.2023;11.10.2023
bc1q69jmfn0j9yc4ymyl574t2680gqudvw02252lzc;1;1;0.2;31.07.2026;31.07.2026
bc1qal3c4nvjkwjh5mfa4udfy5d2jpsjsp06f2yzzt;1;1;0.2;10.07.2025;10.07.2025
UNKNOWN:00207abef19b660a1ad534ea306a7a16803fc400;1;1;0.2;25.06.2025;25.06.2025
bc1qnwa8prq2z2vp00z4h63mrglyzr9smytpzqpkvz;1;1;0.2;04.02.2023;04.02.2023
UNKNOWN:002083d49fc647f9dda77cb57de6d14c4b7341eb;1;1;0.2;08.12.2023;08.12.2023
3NFNuK18zFYkcp25nG7nUHm7ubL6ubGTqx;1;1;0.2;26.05.2022;26.05.2022
bc1q0kp50gpvkqc2rx7dvghxg57hxn7j3zxhjfxkz2;1;1;0.2;25.05.2023;25.05.2023
bc1qetylv077504ml3u9r8jazvkv9gh6eaejjygg0k;1;1;0.2;19.03.2024;19.03.2024
bc1q3rvjnwfm7jjya4whrk7m7katvem98fj7l75cnf;1;1;0.2;22.08.2022;22.08.2022
bc1qyj7u4y5l7n4zc9np5mggv3xuenm38rzv83knue;1;1;0.1999967;05.11.2021;05.11.2021
bc1qjpkmtxgwxw6vl59d7qqf8t9vngkrxmnlqt6ald;1;1;0.19999164;20.04.2022;20.04.2022
bc1q35rxlqqnzdl8ng2tnmz0vx3wz5eerg0j5udk95;1;1;0.19999164;12.01.2023;12.01.2023
bc1qwy56xu3s4fck6fs3h26hc2vyylf7s2nsrwd22z;1;1;0.19999104;02.04.2022;02.04.2022
bc1qn64j5wdxw6y8akkdtcxye49a063eymveu9qjcz;1;1;0.1999868;12.07.2024;12.07.2024
32t9YTzbhEN77iLoH6QNZ2fg9FGa2iitqS;1;1;0.19998546;14.10.2022;14.10.2022
bc1qu9mfx7en7zz7eumr93spgwkupxsekcpctcfvmh;1;1;0.19998404;31.07.2026;31.07.2026
UNKNOWN:0020894b4a5e0eb6b54290dcc8b095e575bea6db;1;1;0.199976;31.03.2024;31.03.2024
bc1qhdrk3nzge6rhqp5xvcuqj4v8mnjpq5elu25ekt;1;1;0.19997228;18.02.2022;18.02.2022
bc1qvg30auhh62mxnf6nrsnursnpgendq3s7kxrrsv;1;1;0.19996689;07.03.2023;07.03.2023
bc1qwayzlpcmpewg8cyvw2h7q238kev28wzdp7q3d6;1;1;0.19994907;12.12.2022;12.12.2022
3MKuXJKC6pqSyt8W6riXq7TUGo29qqnDdF;1;1;0.19990927;23.09.2023;23.09.2023
337xVioBS9FeoitwipLifKww7NN4w1Wrr5;1;1;0.199;17.01.2025;17.01.2025
36Ff4aBXw7xzBAxkhYvo4sQGzDnx6jH4vv;1;1;0.19811543;16.10.2021;16.10.2021
UNKNOWN:0020eeb2d5a393c62f62bfd5ba403e8f9712adb8;1;1;0.19783524;18.02.2024;18.02.2024
bc1qmqelp7n6vnvyfcpm3qmadn6x7u7snl2pazu4lg;1;1;0.1976;02.08.2026;02.08.2026
bc1qsz7n2q7656zmmzr6zq5nxcszewl22ag07dmpw8;1;1;0.1971061;16.08.2023;16.08.2023
3AgjybwyQCsDzZUBSmSt6618StWXBopHqH;1;1;0.19710325;08.01.2022;08.01.2022
UNKNOWN:0020ffad5fa33fcee405a885437e1adcb3218abd;1;1;0.19670355;21.07.2024;21.07.2024
bc1qvnmz2jwjr5qef9zrzxqk0mjmxedzyqea3nwhca;1;1;0.1967;10.12.2025;10.12.2025
bc1qw632u265776kkqr7tx3k5688ymqppqpvy5r3c0;1;1;0.19587232;20.10.2024;20.10.2024
bc1qtvx427z6unp3z8vq4csyvh2qgq2s5llhlt5y5y;1;1;0.1953;02.08.2026;02.08.2026
bc1qqrsxknug3udwetfwa70xnxyaaemgcfa89tpvvn;1;1;0.19365685;07.12.2021;07.12.2021
37qfXezkENgz1efAzCnHqacNtjxW4mqoAa;1;1;0.19296649;25.08.2022;25.08.2022
bc1qadf7a3gx0mgn0244vy63atgznmmxpa9kdd74v6;1;1;0.19286511;08.06.2021;08.06.2021
UNKNOWN:002057a463d2b2de87bd9c69a0d183201b746a89;1;1;0.192816;04.10.2025;04.10.2025
bc1qfh58flsrmnzxcuuam0fr5fult4kg04zhgcygx3;1;1;0.1926;02.08.2026;02.08.2026
bc1q24vkm83qa9t88pakknujrdjetlg7zmhwwrfaxp;1;1;0.19166964;27.01.2024;27.01.2024
bc1q8ateq349f602cxr0tfgajpl0avdtc6f9tzlu5k;1;1;0.1915769;31.07.2026;31.07.2026
bc1qrc4merpuhrunwmkvm3h8udhk5qre4hysf7fx7n;1;1;0.19143065;25.08.2023;25.08.2023
3ExsCgLLjGRA47KYQmv36KPkyZSHxR6p9F;1;1;0.19;15.01.2022;15.01.2022
3EkDaC4fq163sxtukzWq1W6yyUVG1ZvWHN;1;1;0.19;17.01.2022;17.01.2022
bc1qj4pa4sg4qqg5fw06h86t4jmknl6gzswpt4gswg;1;1;0.19;25.12.2023;25.12.2023
UNKNOWN:0020e7dea7cabe3e12517c30ca1ac4e8471a699e;1;1;0.19;04.05.2026;04.05.2026
3HNbU2d56BZRs25G3tace3pEuNhu8p9ap8;1;1;0.19;09.02.2022;09.02.2022
3DnYCkfn9xD2y5YxamJBdKaueu8ZZJUTUg;1;1;0.19;17.01.2022;17.01.2022
37XA8U7wcKnLHtkF2vHqTs73rVsZd4K829;1;1;0.19;15.01.2022;15.01.2022
34Wk7ubtz499xagjFgm3nYBCPwvCFE2Ngx;1;1;0.19;09.02.2022;09.02.2022
3699McxBUy7cummzURqaB28VVPoqLZ59zW;1;1;0.19;15.01.2022;15.01.2022
3ALGJBV7vsLEwWRYjS3LNYLnnKmh1WUtFt;1;1;0.19;17.01.2022;17.01.2022
3Gf8cDEAU9eyYeMaLmCaDhDmd9GLunQ2Cz;1;1;0.19;09.02.2022;09.02.2022
3BRdBmYN4FAnFoZxjcbVk8r3CJUyptzjxY;1;1;0.19;14.01.2022;14.01.2022
32XX6cL6ejnASFZ3uNS4SQ4NF6j65oBeM1;1;1;0.19;15.01.2022;15.01.2022
3HSTriPaZa8wR2jyEDWX1gygv4Tc1ww3iC;1;1;0.19;14.01.2022;14.01.2022
38B5uogq2cgs7wTJMXJCWAzyiQ3n2gK2vm;1;1;0.19;15.01.2022;15.01.2022
3NiYxpwbV7LyAExpQxzbRXP4kBNx76xYrY;1;1;0.19;09.02.2022;09.02.2022
3P9Uih6951sfoEZbJh6ZaDymvbx9gBNErc;1;1;0.19;15.01.2022;15.01.2022
3ADbVpCduSbXUquwHAAFFxKBpt8fpcDg8H;1;1;0.19;14.01.2022;14.01.2022
3QWPw6wSj4B1k8ZYtrt36HpxVXdjq9Ar6P;1;1;0.19;15.01.2022;15.01.2022
3HN3cj8zqV1G3AeBf3jc6W5gioBf6BKRM5;1;1;0.19;17.01.2022;17.01.2022
36bBCGcTxuwi81cks8wiMxP1BduVMsBVet;1;1;0.18884665;27.03.2024;27.03.2024
bc1qntg9ft833z9n5a4d8es0zj9wtd2s30tx8f258e;1;1;0.18853904;03.01.2026;03.01.2026
bc1q9zr9e2c7hmqt004q8q7dg4kgc6e0tm2wg32vpn;1;1;0.18774281;07.11.2024;07.11.2024
bc1q7zunlc09f8stzppatfaupcz4td2nfmd33duy6c;1;1;0.18768891;07.11.2024;07.11.2024
bc1qet8xygyf7z8dcmzmranhpv7x0zmxtl07xs9erj;1;1;0.18743137;07.11.2024;07.11.2024
bc1qawe5ygncsfgaengufy4wcjxp0jckqxu27zgj8z;1;1;0.18724346;26.08.2024;26.08.2024
bc1qppeta2he3xws4rch6vzn6jk5wu4u4nls59nuwz;1;1;0.186843;07.11.2024;07.11.2024
bc1q83g5wrvg0pwndthpzcazq609z9afhtrwmu5wz9;1;1;0.18661169;07.11.2024;07.11.2024
3F6nKV5bCrAA9aosS1dDJApxXZNYft3uDo;1;1;0.18600943;31.07.2026;31.07.2026
3JGqk9EBLpmTGapRkw25DULtvEjTMA18Un;1;1;0.18534886;24.12.2024;24.12.2024
bc1qk34q4mttwy9mvfmegk204g83xykg25wrku4nfc;1;1;0.18518519;12.05.2023;12.05.2023
bc1qpqvnswtezdtrpflww3hjytmv3sr0kd0c3qrg52;1;1;0.18498966;25.08.2022;25.08.2022
UNKNOWN:0020dfb9a880079b028c3f5fa8b88ad23ae33e95;1;1;0.184;05.05.2026;05.05.2026
bc1qehcz665vxm3j6ju3472ej8fnj9atll6w8y52hk;1;1;0.18399916;01.08.2026;01.08.2026
3JXmrLTCMRLUAs6YFbzgQdPWzFTE3GrBTS;1;1;0.18295414;14.05.2022;14.05.2022
bc1qwjgrq0x824fu4stf9faj9fnt5p3ghncwph540k;1;1;0.18256775;15.11.2024;15.11.2024
bc1qagt5lau2gzhc99ngmq3uenpy6m00hzttypxze7;1;1;0.18221588;07.11.2024;07.11.2024
bc1q2dnwpyzaqxajx57ft4z9msdedj74jnhe3hd9dj;1;1;0.18209791;12.11.2024;12.11.2024
bc1qyz54td2za2qz3x93l4f7l3lpgenuhvhx5phkyq;1;1;0.18202152;12.11.2024;12.11.2024
bc1qcszd6af92qctf7nqp6hln8x86z70vxesfag30f;1;1;0.18191158;12.11.2024;12.11.2024
bc1qwwat3qacc4ydnzk3ay20dv77recegw5d4036jh;1;1;0.18137541;13.06.2023;13.06.2023
3FjTgioCocvEMgnue8usLVJjG3SsZ5fcRQ;1;1;0.18123042;13.06.2022;13.06.2022
bc1qccmh0gmkgzcxffkptp56zqwg4weva4scea2s69;1;1;0.18091321;25.06.2025;25.06.2025
bc1qr7td6u7kftym6wulff2hq0qlqs8epk3a5waxyd;1;1;0.18;07.07.2022;07.07.2022
bc1qr3ev4jj60pksr08g8vjef6tujvjf8e7c57rtec;1;1;0.17996678;17.11.2022;17.11.2022
bc1qdfd54k3qta0q4m9jdpcmxehz0k2skhwquxpsle;1;1;0.17989841;12.11.2024;12.11.2024
bc1qxq2lghwje5a2k0frgs36mqsmdqc9f2afgmtvw7;1;1;0.17985262;01.10.2022;01.10.2022
bc1qrsmtqx8stwd4lgxt3y6c8uzzckqft6xmdd3y96;1;1;0.1794247;07.11.2024;07.11.2024
39RqKfH7aUSurygD7yix7KQ4JBFnCaDzbZ;1;1;0.17845679;05.03.2023;05.03.2023
bc1qjh20r8cru8wxcjgt97m8vnnyt22s5rs79kt2n4;1;1;0.1784278;31.07.2026;31.07.2026
bc1qp8ly8vnt2dlssmxy9xkuv5zphw2vkuqxqyl6lx;1;1;0.1780724;12.11.2024;12.11.2024
UNKNOWN:0020c10b7687403d1d559e244eeb91999a2450ee;1;1;0.17663227;13.04.2024;13.04.2024
bc1qmr2epe46q2yehkra03nz42jg6gsujqyay67m32;1;1;0.17639711;12.11.2024;12.11.2024
bc1qz8ktpjtjuqhs0yu83ppcws4axx9k3hpf5cu4hm;1;1;0.1756;02.08.2026;02.08.2026
bc1qkfpffkds3quxzt2385cj2q58202vmhk9uh6l26;1;1;0.17459621;12.11.2024;12.11.2024
bc1q4eu8jkpawwpx4ehh7jjfx42d8zyjgjp5382r94;1;1;0.17390342;08.04.2024;08.04.2024
bc1qdxygqste3pcve8lnthae2jwy8c4qs24rn8edgh;1;1;0.1731813;29.02.2024;29.02.2024
bc1qwg4kmuwms0tn2pxljx9779uml3dr7n4xmr94qg;1;1;0.17291092;11.05.2022;11.05.2022
bc1q084x74y67j3ayc7xmmhmeewkzksvf8r9s729xj;1;1;0.17205836;31.07.2026;31.07.2026
bc1qazjgy39nwte0thyahaqpvddxe7htjx4t7ly6s5;1;1;0.17103196;29.11.2022;29.11.2022
bc1qnvt6w2svaus2d7yte6vwru0lafjw5w8wyrd2cg;1;1;0.17058268;31.07.2026;31.07.2026
bc1q40zwf3a9pe8pa8gd7p9gdvcvjfldm2mg8u6e3e;1;1;0.17;21.04.2022;21.04.2022
bc1qf7vn2mql34epch3yhtv3sflt0lg5n9nrru8yvh;1;1;0.17;19.05.2023;19.05.2023
bc1qj8l9y8aajttzvzurx0q9mvru6gmhqxfpgw0q9w;1;1;0.16997954;26.01.2023;26.01.2023
bc1ql2w7kr2sghxcgjc3ln7qc7mqa9ds94x0w93rsr;1;1;0.1692986;05.01.2023;05.01.2023
3QPJeRUJbbyAReY6hFTLFE8ZZB3M6P4thx;1;1;0.16898012;31.07.2026;31.07.2026
3Je6S9X2qTZJzzrsLZWtzZt5kFSZ3pSWFu;1;1;0.16746211;18.07.2025;18.07.2025
bc1pahp42gc56dwc0g97kazyuja9vns9gut6pc4drh3lvds8y9gfzvasm8hflf;1;1;0.16733897;10.01.2026;10.01.2026
bc1qjutg3aqkx8uc0pl4x7d6ynj36xh77pum45pnx9;1;1;0.16715848;07.11.2024;07.11.2024
38MVHdY23nPfQgUyZAh4RhfA1nQVB7cJhG;1;1;0.1666;28.10.2021;28.10.2021
3L92sffDQfV9TaH2ryLYLS8xdaXzyKw4Uh;1;1;0.16602962;24.09.2022;24.09.2022
3CGQ2fpXv4ibcBThe68V2ftQ4s99ejXW8x;1;1;0.16598702;11.12.2024;11.12.2024
bc1qc3vkcqjkddurl2zc00mumpatvrtsf0h9w9z9nu;1;1;0.16582652;01.06.2026;01.06.2026
3HEU5j9bF9b1iezHGg82uCkEmirTv1uTYQ;1;1;0.1650505;25.09.2022;25.09.2022
bc1qylcluau8zdm9u8q2mhszafshevxnr7lujm7vtp;1;1;0.16375483;07.11.2024;07.11.2024
3QwBMDoT7kRAnBuanEPNTdRpMxsvGmhyuR;1;3;0.16369422;26.01.2024;14.02.2024
bc1q9p0vqvlzf8y4zg3gfnr2sp6apar26k9z6jqmks;1;1;0.16077461;31.07.2026;31.07.2026
bc1qvg4m46fxcv2c0ynljcxrwqplnclxcgtwqx7xkp;1;1;0.16077101;25.03.2024;25.03.2024
1CUperrBT5HrLhZvppKUoXxVGYupoAT9Cr;1;1;0.16063539;09.06.2023;09.06.2023
bc1qks0f56jkzua0hm35kjsf97uzuey8cjncuc87l0;1;1;0.16028263;23.03.2023;23.03.2023
bc1qc5xrzxelxm867ylypvu36p2hgypt4gl47wlwyk;1;1;0.16023227;31.07.2026;31.07.2026
bc1qpuf7k60tgm5u7vuagjv08rqgqv8c7u44js90e6;1;1;0.15996173;24.10.2021;24.10.2021
bc1qpxc7p6c77x59qwf55zgx8tfx0u9nu0tqy75kz8;1;1;0.15969113;28.03.2024;28.03.2024
bc1q6cllc3678hyfrhku9w56267tru3sqs03825547;1;1;0.15900453;01.07.2024;01.07.2024
bc1qhxh2haqfcsw4hqe4ufp0wqm4eyz46y5x4tnde9;1;1;0.15888005;18.05.2024;18.05.2024
bc1q3pmw2wzmhvpw7waefsdy0lcpw0m0prejt2umje;1;1;0.15871546;31.07.2026;31.07.2026
bc1qs2ph4ef766reg03396qqh8z2chpqf2wv856sra;1;1;0.15814409;07.11.2024;07.11.2024
bc1qygwdhv9up9hhz3n8r3dcy6t470ejsh66qwcxw6;1;1;0.15787028;09.04.2024;09.04.2024
bc1qmx85etnjuz4ex8qgynrc2kw037klkehkz8ngc6;1;1;0.15726923;14.03.2024;14.03.2024
3HUp4qhEZJckeSMiB9ishbpXTXLQQ9YuPe;1;1;0.15639778;05.08.2022;05.08.2022
bc1qw4ddymjd4szj9krgydf7y0hdzsc3ae5drgmevv;1;1;0.15626198;06.04.2024;06.04.2024
3KMtzSnuVU4AKpB2Yrgm6Po1CFF42BXCto;1;1;0.15542733;30.10.2025;30.10.2025
bc1q4dvpltnumztf7jc3zu0cr0kmrd3v7urpdnvgl2;1;1;0.15537;04.09.2023;04.09.2023
bc1qk7cal84wfmg8sjsgu7ualvk9mtwtrtrruk2s9q;1;1;0.15534454;04.07.2022;04.07.2022
UNKNOWN:0020ea0cda3b1b93c8ae4d754b1a564f12385952;1;1;0.1551;24.03.2025;24.03.2025
bc1qqde3u4k0zd70a7rdfm0hlys6s6c349tjt0qlmu;1;1;0.15497305;07.07.2023;07.07.2023
bc1qzq09yq7m93vkjt8gqzlghg05f35gte7lxj3v2x;1;1;0.15459104;14.10.2024;14.10.2024
bc1pt8fu9eht3zv06lleza79jqvh080lxtvu3njcp8a0cu5ur48yp4wsfcgju8;1;1;0.15444254;10.01.2026;10.01.2026
bc1q72qpuqwwlw4xjjk6fe33hck3v7y32mqnx6znzu;1;1;0.15385177;26.03.2021;26.03.2021
bc1qswev4fduts837cs7475rvfvp8nspuz04mn98ha;1;1;0.15379238;24.05.2023;24.05.2023
bc1qv6r53549t2ytnr7zjm5arfrmysqctc6ws82vgl;1;1;0.15358896;08.12.2021;08.12.2021
UNKNOWN:00206c5c3a3dc59048ee408ef1d26481881e6044;1;1;0.15332964;13.04.2024;13.04.2024
bc1q4udsrwntuyxfehrx8mxluv5jl4x30scjlupeea;1;1;0.15321581;01.11.2025;01.11.2025
bc1q3dwvlyngfeqnnz87wfd5t9m2evgw886wjl93l2;1;1;0.15265097;07.11.2024;07.11.2024
bc1q9v8cxzmcntdhcsw5dqzl6dgl327waxnv9gjmp3;1;1;0.15260218;15.07.2022;15.07.2022
3PpQbCz1CYZKLm1CiAGdXGL2hzm845r1EK;1;1;0.15251523;23.07.2025;23.07.2025
bc1qgpt4lvsjjr8fn6vq623m4p3ykxpmt8txgh75mp;1;1;0.1515877;31.07.2026;31.07.2026
38V7ZLi2REB5zsedSCZ1QoWjVwLGtofjWD;1;1;0.15092079;05.03.2022;05.03.2022
bc1q36q7cjvhag2ttczg3zszuz8wej8gq3686zxm5z;1;1;0.15026446;31.07.2026;31.07.2026
bc1qfnvkjg6tw6l9rnz74x5dcfr2k9nd30scdamusa;1;1;0.15;09.12.2022;09.12.2022
bc1qdtsrdtqfqx0kuaes2raszvuq2cvy5k8zujtpmt;1;1;0.15;12.03.2022;12.03.2022
bc1qsqne372wnjdpl779p3j44fgk5enaravqddn3xj;1;1;0.15;29.01.2025;29.01.2025
bc1qf2c9fqduznswpy9tr5nykc5xpsyd7uk32p57td;1;1;0.15;03.08.2022;03.08.2022
bc1qgqxv70dhsa3ax6fuduyewhh3v7jlhelgl873sa;1;1;0.15;08.02.2024;08.02.2024
bc1qh2q50cn9wsecctzcksu4xwkpsyn3456rzme74n;1;1;0.15;09.07.2023;09.07.2023
3FcsdLoQXczP1Tz7TaFGpwRUTkPTVo72ME;1;1;0.15;21.08.2022;21.08.2022
bc1qnh7t732puegdhkj3cplpme7gnylwma8dv2uwyh;1;1;0.15;14.06.2024;14.06.2024
bc1qpk5flwd8fhnfjtpgg0nrver68lyunvrugmv8ax;1;1;0.15;06.07.2025;06.07.2025
bc1q48ledr6pnw29xhgpuxcpj30mute6x964gcttyz;1;1;0.15;25.08.2024;25.08.2024
bc1qfw9lawwqqnw5s84cqw0quyq0u933ngunxxj65j;1;1;0.15;04.07.2025;04.07.2025
3Hmgxq8tmr9epf5zuv2FWpCjQhcwMs9k97;1;1;0.15;31.03.2024;31.03.2024
bc1qzjwndhl2z0awwz8lmjzxlh2scw6fsu0ente0k0;1;1;0.15;11.12.2022;11.12.2022
bc1qdpgkjfldwstjxnu5fgfke4dr4juhyhddcdg9q2;1;1;0.15;09.01.2024;09.01.2024
bc1qnc7fvz9c5s5m6hkx9cnlk6dawy75lgqeuv9629;1;1;0.15;26.06.2025;26.06.2025
bc1qfrtlu606qez69zlnrs5y3d2nq236edenfsdrrm;1;1;0.15;06.04.2024;06.04.2024
UNKNOWN:0020393ae58318c5e516909acca6476c97c8dfe1;1;1;0.15;22.12.2023;22.12.2023
bc1qr9djxzm0gk4a7yspq7zma3q0mn4af6q5evzq92;1;1;0.15;17.02.2022;17.02.2022
bc1qjp2pjyyu29xwc3pqr3hdc05p4w7f34eah4j5u9;1;1;0.15;01.07.2024;01.07.2024
bc1qw58q3rrzvfqd0teuqhl9f4ycuya2wfrs9ujjet;1;1;0.15;06.07.2024;06.07.2024
bc1qqlynpn958njfdlh7d0gjcgguqtf9mgu9qqv522;1;1;0.15;24.10.2021;24.10.2021
bc1qp9ejlqp2xg0xfznnrfhwaans3ku8zn6rkzn8hy;1;1;0.15;18.07.2022;18.07.2022
bc1qghtcfvtshrpkxplahzd7m50w482xwmnt5z3n7l;1;1;0.1499967;26.09.2021;26.09.2021
bc1q5cuypyupg4v6r8ujyrqn94jv2zv5hx6ellzewd;1;1;0.14998025;05.02.2026;05.02.2026
bc1q7xmlgwf0v0e5lu9eq0r9d2vza4fj0xc4wmdnmt;1;1;0.14997657;12.07.2022;12.07.2022
bc1qavsxvjgvwkw5y72m2ew85v94vh8ufq6nz8s4g3;1;1;0.1499747;07.05.2021;07.05.2021
3M8AjjaiNxZfUutgx95Y5u34uLwMsq2AXF;1;1;0.14992894;29.09.2023;29.09.2023
bc1qptcqm4m8wlxm4c7lg64ckgzjxatlw50tvcx8nd;1;1;0.1499;13.12.2025;13.12.2025
bc1q64jp9lye4fsaarrxf7jay2ja0496l3vafet57e;1;1;0.14983887;03.05.2025;03.05.2025
37nJdzoQ8W6HDhK2rLL73zHsGRJrscanRi;1;1;0.1493624;14.05.2024;14.05.2024
1CjtPLJ8Bze6RvYfQRU1UutL2n6R7uuSAU;1;1;0.14903;18.09.2023;18.09.2023
bc1qgh6zvhut8qg0quj5n5vy9ydx82l5536r92ncac;1;1;0.14889572;06.08.2024;06.08.2024
bc1qyysmjnux0fp0vkql9gn6u4xclzjdcd38ful2xe;1;1;0.14821437;06.11.2021;06.11.2021
bc1qn9ept5tzsnu4ld6zkvx5s3anmexg9fjwr59ldp;1;1;0.14808784;31.07.2026;31.07.2026
bc1qnezrnes960lzvvac73v2t5ygg7fpay4gue5gt2;1;1;0.14702746;02.08.2024;02.08.2024
bc1q4h3sr7zx6pyrj7q7dqefpwsppfulpm3svffdkm;1;1;0.14698454;07.11.2024;07.11.2024
bc1q25fkndfuy3mssq2g6m6w658xv4pl0ejp8p338r;1;1;0.14601763;03.10.2023;03.10.2023
bc1qs6kzj85s7g5yppwzh8rrlr2dsp255km2yzn5se;1;1;0.14599056;03.10.2023;03.10.2023
bc1qudk5hq57n5an8se9fm03t0mvx5hzwfg7p4yg97;1;1;0.145387;07.11.2024;07.11.2024
bc1qwhhzue9uye8j22umz4ltgfmgjz6tp8d9htqmc8;1;1;0.14498031;07.11.2022;07.11.2022
bc1qwa34yy5urejwavu47k5yxzw4fyexhc4nffthq8;1;1;0.14481211;09.05.2023;09.05.2023
UNKNOWN:0020cebfc5aebbc8a95d61acb231f3bbdc0701be;1;1;0.14346885;13.04.2024;13.04.2024
bc1qqpe6c08467mu725ca3389ycs8xavddvymvz55f;1;1;0.14309372;31.07.2026;31.07.2026
32SvVCr5EW2ZaBcG3CAkueR7Z37DvJuHKq;1;1;0.143;13.02.2022;13.02.2022
bc1quul4rvpenrzk972kk6ypmug3fg8hpa6wld0x3j;1;1;0.14289945;01.12.2023;01.12.2023
bc1qvm3rdqxcqtz3tkx453yhkgc7fnyvwcu308wpjr;1;1;0.14210464;31.07.2026;31.07.2026
bc1qa2tx6zepm9uxwfy3kvkwp6wyv0z8g9vr4fx057;1;1;0.14159016;26.09.2022;26.09.2022
bc1qyc7vv4l2w2cf2e39l74w95526xqpmq86ymx9l9;1;1;0.14112994;31.07.2026;31.07.2026
39AbQFf3iW5kuXE9U6e3vQCmd7Gk9dRg3T;1;1;0.14104177;18.07.2025;18.07.2025
bc1qjmr9j29jxnev98zfwyuffw3zutdw7np4ytxp6s;1;1;0.14096439;07.11.2024;07.11.2024
bc1qytjyjrw396wz5zchjaxpemapmghrxpkal4xlz5;1;1;0.14070033;05.04.2022;05.04.2022
bc1pcd84w2gcjnux0nyzs6z8e5tem74k8fm4w7l4q8nqlngcwgdg7fcspz2at7;1;1;0.14;10.01.2026;10.01.2026
bc1qddw69rynvknrsykmjxr6hzm6r39cjktlgxay6d;1;1;0.14;26.03.2024;26.03.2024
bc1q06e7dt9v7uznfg5w50rv6ermw7lyd72gdhcmqw;1;1;0.13948093;07.11.2024;07.11.2024
bc1qpwjxl7tpeywnxqn39rt8htxgn66l34uucde2zs;1;1;0.13834244;30.09.2024;30.09.2024
3CnUSFNfwK7weinqERinB6nY3VG2BhXe6m;1;1;0.13808779;17.10.2022;17.10.2022
3Ew8GLH7iMCAGK6DAtc2UYBf5dFKWD7xia;1;1;0.138;07.11.2021;07.11.2021
bc1qeaersh7sxkr4de3h9yxr8hxp6cm8f7y079eduw;1;1;0.13742205;31.07.2026;31.07.2026
1DbLRTrS4KixrRBoq4ov8rz9U8osdHMPwD;1;1;0.13700053;25.01.2022;25.01.2022
32ZZTuZnHegQPVorsRqKMAeDgV3btcv5tD;1;1;0.13673526;21.10.2021;21.10.2021
1AwHBHSfpTowbrnJYTXjZkndjdixHx4VfC;1;1;0.13653623;25.01.2022;25.01.2022
bc1q2c8ptyecjcun0uemmr0nsep8d9nysx207zx5lw;1;1;0.13627691;15.10.2024;15.10.2024
UNKNOWN:002028304efb1120c70b050e07ebcfe5918421e1;1;1;0.13552249;25.06.2021;25.06.2021
bc1q238u8ag72rsq7vlzu8u8r7wm3lwz9qf547xx9y;1;1;0.13524842;15.02.2023;15.02.2023
bc1p4tzuec53k8agc3rwscwjq34nkxhzwgjkls7rslxs4tg7j66ywwks9va7wk;1;1;0.13523761;10.01.2026;10.01.2026
bc1qqxdqw2t84ajn0pmekkttc96lp976p96nkx6my8;1;1;0.1347026;07.11.2024;07.11.2024
bc1qvaexkkuw8y6ul4pldpn6pwlwu3wlwl3geqa8x8;1;1;0.13382855;07.11.2024;07.11.2024
3KDeWFLGAM8Em2sEzCHhUow4YuEMQhdKFU;1;1;0.13324057;29.03.2025;29.03.2025
bc1q78jx7jvf09cna4allw7xaz8vlav7tu6u987jm8;1;1;0.13308064;08.03.2024;08.03.2024
bc1qvu2mweq4hm0ykvmz6pnr3hxplx63wazxqrgch6;1;1;0.1324942;18.07.2023;18.07.2023
3FYT4nuPY2FrTiEaR4iHfvAd4k3awGnuVz;1;1;0.13227071;08.04.2024;08.04.2024
bc1qj9vhdnhjcsk2g2qrt4snwaea6wwd62gj4q9we5;1;1;0.13191914;07.11.2024;07.11.2024
bc1qjt5g00vy8xj6jl5720c2zuwmf254q5ylc9kxmk;1;1;0.13186892;13.03.2025;13.03.2025
bc1q0yc4w2cw3tnjupq2qcj54qwd0y5e6xm8ptk4y8;1;1;0.13175702;07.11.2024;07.11.2024
34FEeuPLdhp3UdvXJgfFtMmGEQKTSAceUn;1;1;0.13169282;09.11.2021;09.11.2021
bc1qf3y06gn0ap5uyqlp0mpns47whtqwy4xgamus7m;1;1;0.13138109;07.11.2024;07.11.2024
3MgbLwR9DUhv63FgDaPnveEDGHR1emm6NA;1;1;0.1313;23.10.2021;23.10.2021
bc1q4vstz5074ctq7qrrwvkghhudkvw0nut2ggzfa6;1;1;0.13104214;12.06.2023;12.06.2023
bc1q8ssxrnxh90dyhhjfxkkp4swh552zqnn5ajlnc2;1;1;0.13095198;30.10.2023;30.10.2023
bc1qlwka3yytq773648s5jmue8knh299rayl64gly7;1;1;0.1300814;07.11.2024;07.11.2024
bc1qy6hyejdv4z0dm42ey62nh6yhdrh89mp8f86wwk;1;1;0.13;16.07.2026;16.07.2026
bc1qus0z9jrprrhv8cuxjqzz02urrgyl9n7c2uuy27;1;1;0.13;07.05.2024;07.05.2024
bc1q43vjmmpphjc2t4ads5yj847w270ujlrgtgq53n;1;1;0.13;15.03.2023;15.03.2023
bc1qtcuwfkuhz885ag8c6zenuyjpja06cff72lxadm;1;1;0.12999859;21.03.2022;21.03.2022
bc1qda26t5vg6jj7u37wlq2cheh0x4shlagre9zw8m;1;1;0.12998966;16.08.2022;16.08.2022
bc1qwgrx7st3e45wk82ytzgxxcf3j2khy34crle5eg;1;1;0.12992347;06.02.2024;06.02.2024
bc1qwsf0r3vl3uwmh0m2sf4g3gn2d0mct5wvdr3p3d;1;1;0.12982903;31.07.2026;31.07.2026
bc1qzud3rx5pnaj9649w4mfv7dsck5jdu9kkuhtpcy;1;1;0.12954;03.09.2024;03.09.2024
bc1q769w9c2xspkecnldk68kvjdh87fz4p0e5ws37a;1;1;0.12890904;07.11.2024;07.11.2024
bc1q58p4dd9chun0u5scdqgrvjen3x3mwdlxjp2nf9;1;1;0.12864553;27.03.2026;27.03.2026
bc1q95rr4usc66ghq98p6ff9feks75xxkk6ushzx3d;1;1;0.12821135;07.11.2024;07.11.2024
bc1q9zk2cxaf0ja5t7278p39cd840q87nvv8f0hfmt;1;1;0.12818678;06.05.2026;06.05.2026
bc1qyauvttvr440ymtzkt70cq0vle479c4tdq8glm3;1;1;0.128;21.10.2025;21.10.2025
3LvHiCuEzSiJLTQ9kBhVtC9vNee311WCpQ;1;1;0.127134;01.09.2021;01.09.2021
bc1qc7kz2eprxn0l2glmjjjv6n4u0qz9up69zqs859;1;1;0.12703604;07.11.2024;07.11.2024
bc1q8tcu6kclv8rylmaw0680wes602jsutn6jwexqm;1;1;0.12621648;03.05.2024;03.05.2024
bc1qm4r8nzllfmhafc9qq8ecg0605pm6prc7gq64jn;1;2;0.12594785;08.02.2026;15.03.2026
3C27M8SiAvPEoVYEmiGzvyRdUN4UGkruog;1;1;0.12564949;17.09.2023;17.09.2023
bc1q4tjemg0p4av8pt8uxqn9xl7a5p5nl3pa6lpjz0;1;1;0.12564606;31.07.2026;31.07.2026
bc1qw6jeksecv3wakgyfcng3t49u92x5lnhxrc4fun;1;1;0.12548383;12.10.2022;12.10.2022
3DdYjRQNqvXUdQfDRp1GUFMVpyR3yzShTU;1;1;0.125;28.02.2024;28.02.2024
UNKNOWN:00200ac523458e9a158ee4c2c6e1d3728ac31fc2;1;1;0.12481513;08.05.2025;08.05.2025
bc1qunk5jdzv2jjyjgp8tqxkwv2y60jtqx0qxwve5e;1;1;0.12476114;31.07.2026;31.07.2026
bc1qetmlgf0ahlshqn3pm4jnds5uj2wx654tmzn5p8;1;1;0.12468673;07.11.2024;07.11.2024
3NVySfp4dmYDWQtDEjhSQNVwjR8QnzZhuf;1;1;0.12467319;31.07.2026;31.07.2026
bc1qhld45h5cqmy9h9qt93we80nw2crjmarcjwsuz6;1;1;0.12447405;31.07.2026;31.07.2026
bc1q3k9rp3ct6d9kzmccckd07fqedpw5rm9dqmw2wf;1;1;0.12421026;07.03.2024;07.03.2024
bc1q6elh64myuurcpgljm5rl2hca827dvt00nclwd8;1;1;0.12420012;01.08.2023;01.08.2023
bc1qhzypmg6wzwdcy6h43swqkdtnn05mxeymvmcw5r;1;1;0.1241809;08.12.2023;08.12.2023
UNKNOWN:00202f04a9fd1154a8ae1d2124193c67887dd156;1;1;0.12381093;14.12.2024;14.12.2024
bc1qwaknhmtdenasttkwwq9dmu78fpd8w5vva98m3m;1;1;0.12369093;07.11.2024;07.11.2024
bc1qzemerftasre8x3swat3z0eds0f74pvdvz4k4md;1;1;0.12335368;31.07.2026;31.07.2026
bc1qedwjpwfgjqdqg2hmgdv4nehgqgllwymtaz0dva;1;1;0.12321543;31.07.2026;31.07.2026
bc1qzgjtv6d9sxt4xwd8fa3hg7xx52zcz9px26cafa;1;1;0.12265693;16.07.2024;16.07.2024
3E5TeQVumPABWyiot3FrSW38orE69vWTwS;1;1;0.12263067;01.01.2025;01.01.2025
bc1p4mlm2uk4d9qealfj9znfh8mq68jw7tjx5u6ah0j43awsm952r4squ2fz9l;1;1;0.122128;09.12.2025;09.12.2025
bc1qpvvtpgekqdze2qq843mqzua7ledazqnjgkpcg6;1;1;0.12189333;31.07.2026;31.07.2026
bc1qqh7vlwv79jkrxjvmqregx0pssdfxq84fmpw2qn;1;1;0.12172363;28.02.2023;28.02.2023
bc1q45a93etpnaypqrmlntgstk3c94qeg7047qf0n0;1;1;0.12115154;31.07.2026;31.07.2026
bc1qm9nzpnl448gwueetm3qefuzhu5eelsd6f7yd8e;1;1;0.121;23.04.2023;23.04.2023
bc1q3gpz3nlt93nzr6660hvz6nzp8vkteadqw64qd4;1;1;0.12097386;26.03.2023;26.03.2023
bc1qs23j222530yqgt9ungh66qalchwzsvxjdtln74;1;1;0.12057427;07.11.2024;07.11.2024
bc1qcjcnnn4834yap0uzlnczvfuz48x47k6wf6jhl9;1;1;0.12038588;22.12.2021;22.12.2021
3LnoB4JUeVzJUG9LCRNQ76o3qPbQN59Cqu;1;1;0.12019857;15.12.2021;15.12.2021
bc1qn5wxqxt5ca5rr9h6wxd73qrugwgu2hr9g2mveg;1;1;0.12;13.10.2024;13.10.2024
bc1qg09mtsx8h6uyyxszrw3snfq883mtlh55ga27wg;1;1;0.12;30.09.2022;30.09.2022
bc1q95tg9q88jyc7ttlqg90r9qgx8acgjs764a40xy;1;1;0.12;05.02.2022;05.02.2022
bc1qpjjvtuhcxvnurkc0vegddwtcdpy8ye42y2scl6;1;1;0.12;21.09.2024;21.09.2024
3CEHnqzg28Fwssne42kZcRjL5RVEBKgTYZ;1;1;0.12;10.01.2022;10.01.2022
3KvP4Jy5xJCvv3GWLMW3P3KPR89zTtWeYK;1;1;0.12;12.11.2024;12.11.2024
bc1q45ans25lvtl0acmwkmkqk48drmaypmdqztfvjf;1;1;0.12;02.01.2024;02.01.2024
bc1q8v4hrp7wg6pax8kyk7l2tcvp9ajdunqaly8aps;1;1;0.12;08.02.2024;08.02.2024
3AAm6NrPkmJe4oP64Yu1GMu6poCtHDajeN;1;1;0.12;10.01.2022;10.01.2022
bc1qt0mgf5vhkx35ds5qlf65zw6gpnurnhy9q0m766;1;1;0.12;02.02.2024;02.02.2024
bc1qghyfxv709alczhap42vf57vcpcnl4rzwkj26ds;1;1;0.11999296;06.10.2022;06.10.2022
bc1qw7uwyypz8qplhklq829n5gjen3mn9vru6r52yr;1;1;0.11997;11.11.2023;11.11.2023
bc1qpy0keg5lasla9zcx2h2nznluduk748uprvqysv;1;1;0.11993384;31.07.2026;31.07.2026
bc1q3uaemuwuec3y2hjwqfvgj68q90vv83lkdpsr53;1;1;0.11980843;08.08.2025;08.08.2025
bc1qnemvlsvne0amt36nej8g5vydnv5435dgv95gr0;1;1;0.11910937;09.06.2022;09.06.2022
bc1quzcendhl65as3t5t4gu6pevklcyym67el4rs9d;1;1;0.11832251;07.11.2024;07.11.2024
bc1qka4pwxp9jlnew8c7xrse7krgne7qphm2qfszmj;1;1;0.11819559;12.09.2023;12.09.2023
UNKNOWN:0020c929c6e31966a498bd2be62479a802cb3607;1;1;0.11813409;29.11.2024;29.11.2024
bc1q25yhn2adj8n5mfww35reepsxq352cac96pgse3;1;1;0.11808592;06.08.2023;06.08.2023
bc1q6klpq3k7aelmswmmqum97xvfqnc9rejwnnvxvt;1;1;0.11610504;07.11.2024;07.11.2024
bc1qy7rwlkv2qcxqtaxu8rkdcsvu8ct4vph9a6zlaq;1;1;0.1156482;31.07.2026;31.07.2026
399hD1SNSm8yMZvqJb3jMkSFYFFYdC1kts;1;1;0.11561525;31.07.2026;31.07.2026
bc1qs8nzcqt8v9ukj3lh8avy54t8sw0un329dygw95;1;1;0.11509804;01.07.2022;01.07.2022
bc1q72ngmdkjcdy0gyvr8393stcqr6mlj2a2lq9mnf;1;1;0.115;19.09.2024;19.09.2024
3NpcU2zxDFYrK4BQMLj6wP2F33beE8XKkK;1;1;0.11424165;23.01.2022;23.01.2022
bc1qwhsg0vgadm269q2kf2sg6cg89qnmt3s4eeh5ud;1;1;0.11418989;31.07.2026;31.07.2026
UNKNOWN:00200b34474daa954a46288325b62be07134e40a;1;1;0.114;31.01.2024;31.01.2024
bc1pqewehufxznqqxe5xmah4mquun03npdhvtd0s2aykn7zj4egudlgsdt4lpn;1;1;0.11370053;13.01.2024;13.01.2024
126Q1sFzD7GgbK1neErZ8ra1h1HdoQLpDx;1;1;0.11365;29.09.2025;29.09.2025
bc1qfwlqkg2n59xr8szju90ctqdxl9khr477uu5326;1;1;0.11364691;05.06.2022;05.06.2022
383cBcmupyobGeN4qoD29xRxhVLm5kdjbo;1;1;0.11312217;22.04.2025;22.04.2025
bc1q992hxrymu4g54u2caeae52w2f0mm9va6dr30r3;1;1;0.1123078;31.07.2026;31.07.2026
bc1quw8d8nwfxsyrvfpsa8lcr0v4ft5k3pv3wx5gv8;1;1;0.1123;11.12.2023;11.12.2023
bc1qque670vr0tcmtkmhfa4sdma9w2s6wnj39pc68z;1;1;0.11219975;30.01.2025;30.01.2025
bc1q4e0yttfdtu88zjxw04a6crv2j9r65g3wz76nsx;1;1;0.11168619;07.01.2024;07.01.2024
bc1q92v28q25lm4fzhmc05fqdq337mzyr23l5qe8x2;1;1;0.11111922;31.07.2026;31.07.2026
368cLSNyqnHNGMdbdCCqqMuCX9Wb6aasSa;1;1;0.111;27.12.2021;27.12.2021
UNKNOWN:0020a6ea6573c29a1fce299c42ad5e0d0c74f660;1;1;0.11096974;26.02.2025;26.02.2025
bc1qtuhrzfxycdcjzu6dkqud8n8xpeafe5l8pgtm67;1;1;0.11066167;03.02.2025;03.02.2025
bc1qf3ha8y5p4zgty25zlytdn396htapwuhatp9xqg;1;1;0.11021892;02.08.2025;02.08.2025
bc1p6jmnwc2pwj8akdjgjwn7tsnvlt5w6lvzen76en67j20847hpv6pqeytpc0;1;1;0.110217;12.01.2026;12.01.2026
bc1qyeall7w86ge2ewwrfy4kyhhz4gldx34v2pt2rr;1;1;0.11001373;20.01.2023;20.01.2023
bc1qgp0h7uce8763rgw887qqq86ldu9pnm49na3jrh;1;1;0.11;12.11.2024;12.11.2024
bc1qhuhvgef6edm8h69ppg0gcwmg6mh90jd48ld02r;1;1;0.11;24.10.2021;24.10.2021
bc1qv0ntr2a2ur7lr55wa8lfe39rvr4vnwumvh7ya8;1;1;0.11;23.10.2021;23.10.2021
bc1qtmy5mu9vlkme9qsjgftqnvs4973j6axt6f8mju;1;1;0.11;03.02.2022;03.02.2022
bc1qr5ysr5yfclwkpyrmhykze38l9y2cu0afhzw48t;1;1;0.11;23.10.2021;23.10.2021
UNKNOWN:0020c76756a74e00fa547f8de0a50a6cc8ae724d;1;1;0.11;15.06.2022;15.06.2022
bc1q30j470ft2u982yuykmph0n04freue0ey7hnw0v;1;1;0.11;06.08.2024;06.08.2024
bc1q46p358jxtvfsgpyd6mmww0l8ked8zh6yup9efw;1;1;0.11;24.10.2021;24.10.2021
bc1q5wxl5txxxku2t6p9yf2q6rwluxwdth3xax4yxz;1;1;0.11;14.12.2021;14.12.2021
bc1qrntwea88padqxzpm40s8e9jcnx4e3q8ya2ta8w;1;1;0.11;23.10.2021;23.10.2021
bc1qahr8qysenhlqzv784k3v6rvhl2dma7y3ff39hw;1;1;0.11;13.07.2023;13.07.2023
3BNppFTCCrGmV4LZjuZYqxwjt2t1R3ncHY;1;1;0.11;22.02.2025;22.02.2025
bc1qzwh9twh3kgdm6nhfl54d2lymh0335esa5g4yv5;1;1;0.11;24.10.2021;24.10.2021
bc1qxvjnnu5p369w245l095xmnhu0pvjz3dksnjwf0;1;1;0.10999692;10.10.2022;10.10.2022
bc1p0s5pasgpayp2mvll7utw2f6zm739np7pryvpwtu0vq8gqu9qxk0q5spl9e;1;1;0.109991;12.01.2026;12.01.2026
bc1qet3wuxdrzq25rvm3krdxcgk3yfxuqjwdaupzrx;1;1;0.10998163;19.10.2022;19.10.2022
bc1qd0ezh52yfagqgdr4h3c48k83c089cqvmryvsch;1;1;0.10998081;28.10.2023;28.10.2023
bc1q63jfzjklvnvdn9vdnd39ye8n59m38w8ec30fw7;1;1;0.10987923;31.07.2026;31.07.2026
bc1q3uzuh9m7lwv45szcu536sld2rxl63jne4sa75q;1;1;0.10964084;15.08.2022;15.08.2022
bc1qnpx2xj9c4x3skqld0mtejw8duawjyzzlpxvzt2;1;1;0.10960493;20.03.2022;20.03.2022
3P5Ej6wVke7brqCt98JKwQCenByyFzF96e;1;1;0.10958243;27.11.2021;27.11.2021
bc1qdf6gh9zne5a6m32gmdvwf3nm2k44ql9l3s7h3r;1;1;0.10957015;31.07.2026;31.07.2026
bc1qfeyrunafqf8gfrajgakyajfdhr8maphrw5rn4e;1;1;0.10936284;21.01.2022;21.01.2022
UNKNOWN:0020bc779a62773ab5a1f0027d98591d36ab3565;1;1;0.10932174;24.06.2024;24.06.2024
bc1q6zt06cnfj5tpfnh9a32e3szursk82keh4fegf2;1;1;0.10926083;22.11.2021;22.11.2021
bc1qnpz3dtur7u3ns2rd65dnmn76349j2a5lazelkn;1;1;0.10926072;20.12.2021;20.12.2021
bc1qnjmkm3npu7pc3e686d09rrenr02lrreda53keh;1;1;0.10925976;22.11.2021;22.11.2021
bc1qarajtstar232yd0kapy95ck8htf4ysr3ddtamw;1;1;0.10925746;20.12.2021;20.12.2021
37dbc7y6oG4kWkwuQQpBAdMJAmHic74jvS;1;1;0.10925627;27.12.2021;27.12.2021
bc1q95hhrt6effcznpt6prjvg2aefncw52df30nfdh;1;1;0.10925338;20.12.2021;20.12.2021
bc1q0lcwrmn5l85yx4y8xdzktv6pfly8smp3csvhrm;1;1;0.1092;22.12.2024;22.12.2024
bc1qhjd5sq09synxcdjqrxl5u68pw3l2meq34zxcth;1;1;0.109;21.11.2021;21.11.2021
UNKNOWN:002097cad4266d7a0560a34e18196fe9f7ae8e2a;1;1;0.109;20.01.2026;20.01.2026
bc1q5jgs40c8v5ytv0l32pmw03fx205ep6wswhspm6;1;1;0.10899019;31.07.2026;31.07.2026
bc1q4krdfdz9rljf5pjzcf0s4ldkrmtsc82lx4u9a5;1;1;0.10896573;07.11.2024;07.11.2024
bc1qeujpvnsuyc6lekx5w0gxsdt8ypkq8ttvu3nxke;1;1;0.10892518;09.12.2021;09.12.2021
bc1qygqpxwcsjvpfhr73x2q2dh0gjqmckjky9z84cy;1;1;0.10892376;22.11.2021;22.11.2021
376PKqauGBYHsu77s4noqriyYTpi5N472j;1;1;0.10892277;05.06.2024;05.06.2024
bc1q9ty4hchuquf66wfe9ry9k34amfejj6aq368xjc;1;1;0.10892258;22.11.2021;22.11.2021
bc1qvxk78ssg36de648udz7e2q0e9uqdnewu6lnvpl;1;1;0.1089126;09.12.2021;09.12.2021
UNKNOWN:00209d906f8bb48245494c81523f59790a741eaf;1;1;0.10863375;07.11.2025;07.11.2025
1Jurz9S3jvb2Ps5Nqw9Kq1xPcKuJk7hp9k;1;1;0.10863277;26.01.2022;26.01.2022
bc1qgj2czmd04hhlm6t6rgt5azkrd3dw55x7vgf38j;1;1;0.10838609;13.01.2022;13.01.2022
bc1qk72yjmxyuhv6zvuects9u89tn5tul4204z4x3x;1;1;0.10837462;16.10.2022;16.10.2022
bc1qvmkvsv3r24deqanad95r3r756pfxmk635sna4g;1;1;0.10831655;26.02.2022;26.02.2022
bc1qwgthrdn2z3tyl7segfaccsjzq6rt8kw7jnl45y;1;1;0.10831648;18.09.2022;18.09.2022
UNKNOWN:0020ef4439363551ccd37e7436159bc7cb6ca47c;1;1;0.10827158;15.02.2022;15.02.2022
bc1qehp63xcgyx7jeq4evx0ur55lfr6qdkranqzdpw;1;1;0.10824425;10.07.2023;10.07.2023
bc1q6fqjct4jpuy90fr0z33da50kdj6qgq477vjdqc;1;1;0.10821599;30.07.2026;30.07.2026
bc1q0j83y06h96nmagtvvwnss0hu7r88d0tpggcq78;1;1;0.10815964;12.02.2023;12.02.2023
bc1qf8dg83xy4sg9q9g6vqe88hccrny87uxjes2pq2;1;1;0.10794793;31.07.2026;31.07.2026
bc1q0254s7z938agnllsakssuydlpftcw5mfatups6;1;1;0.1078;14.09.2021;14.09.2021
bc1qp2pgttzuv79lds93q9cr4qrgnvl5q96l693s09;1;1;0.10779453;13.01.2023;13.01.2023
39SN29a6xQeJERgFdu51GYEaAz61rwhWHV;1;1;0.10778;12.03.2022;12.03.2022
bc1qsfejj3e0ax2eh9urv2kg8x2zh9xjy470j8lum0;1;1;0.10768696;09.04.2022;09.04.2022
bc1qsntstxvgupeff5n0mdrlkqprsmxdmfyswezp5w;1;1;0.10759112;08.04.2026;08.04.2026
bc1qaafslsl245x38qtlvw0pm82e8f90u05c8lk7mp;1;1;0.10747844;31.07.2026;31.07.2026
bc1qemnxhjqenenuejt5cy0t43uqy458x0hpg2euch;1;1;0.10740082;31.07.2026;31.07.2026
UNKNOWN:00202c47c36a54796817151c925e0fdd807180ca;1;1;0.10675791;10.07.2025;10.07.2025
bc1qx655wmgyayvuzm3dzthl7ahsx94huhru8vltxy;1;1;0.10670599;23.02.2023;23.02.2023
bc1qlnwehdmyfyz4knz3er6753rycs6fj04k88edzx;1;1;0.10643779;31.07.2026;31.07.2026
bc1q90jfqw2470rtsyugqhzrtu6udqwh90h00w0udd;1;1;0.10633019;01.04.2026;01.04.2026
bc1ptd8c04rm36zx4xsucjzt2jsp6rajz95t8v9e8d5g4avrdsj50nzsluhjcn;1;1;0.1063215;10.01.2026;10.01.2026
bc1qzazypzcjgg5pqgvehwjdg4wlh5pqgftkfv7yt3;1;1;0.1061;30.11.2024;30.11.2024
bc1qsmmv4u44h2g8vre332zk9khc2rfqmqx73tdxy2;1;1;0.10605468;31.07.2026;31.07.2026
bc1q8wkue05uhtm69w6luw3dchqzsknvetva80s0dn;1;1;0.10602669;08.09.2024;08.09.2024
3NdJpiSHnRForPSZ7xUByTeabb2z43sWUP;1;1;0.10599819;09.08.2021;09.08.2021
bc1q57ksvuu4qvfeumq7hwrc7vutaxwgpk22kqj0at;1;1;0.10575457;19.07.2022;19.07.2022
UNKNOWN:0020dac70ec3cc1ea1e67aa4f483290b3ae31017;1;1;0.10509555;31.07.2026;31.07.2026
bc1qmhfcwnqqejmttwtpt0jajjjmfl6dsdjjarjtaj;1;1;0.10498165;29.06.2024;29.06.2024
bc1qyluetgdwz9rs0es8ae0al0qykm0vp3h744rhgz;1;1;0.10480522;18.06.2026;18.06.2026
bc1q5jkrdym0565yrrtdwlmxpaw4ydwn45pdavrzw4;1;1;0.10478145;19.10.2021;19.10.2021
1GW64gLhN7bjXGMwonw7PsMV32WSyZzixy;1;1;0.10475;21.09.2023;21.09.2023
bc1qt7duhsgc3sd3ff7camhsht2ct6t9rcpf2luxp9;1;1;0.10472163;10.09.2022;10.09.2022
bc1qkfvt6qkkmu8nyzqglhfqfgk6kahs2tgfk3kh8p;1;1;0.10469948;10.09.2022;10.09.2022
bc1qhm09jl4yj7g64kagxqgvjawfxu9l0jhkg6eeps;1;1;0.10468527;10.09.2022;10.09.2022
bc1qjn79jca6nntdmcw4rwrcezz0jasq0pwwp5x69e;1;1;0.1045744;01.10.2022;01.10.2022
bc1qu67ka8zr0h8q9f9nf4vcsrujmuwyyd8tc2u836;1;1;0.10450535;19.08.2022;19.08.2022
3Fi6BjRE14s2QdS5Z3EnTzqCeuA7JD2MzH;1;1;0.10409209;10.12.2024;10.12.2024
bc1qkx5q0tv9cdp0r4kzqu5vzjqnfze4tas8v3jsa2;1;1;0.10397564;19.10.2021;19.10.2021
bc1qs34lslkvn6enr3ghuel04hanjxvkgl76lmuen0;1;1;0.10390756;19.10.2021;19.10.2021
bc1qvukgvvntgqa7hk88plh2dw8umkem5kc5y0p8ea;1;1;0.10389681;19.10.2021;19.10.2021
bc1q48efz5773rva5r4uvedk82ephwxlrx65ss969m;1;1;0.10389654;19.10.2021;19.10.2021
bc1q5ngmhx0vs776frq08d9pt0zh3jfdqazwjudr2p;1;1;0.1037311;29.04.2023;29.04.2023
bc1q0zfdyvytzgwpp9us5lw322j0f3cgld2zqyzvxf;1;1;0.10367137;19.10.2021;19.10.2021
bc1qp6s0e7mfzlt5mxlyx3ra5tls9af4uucmjnzvjf;1;1;0.10366113;19.10.2021;19.10.2021
bc1qpxqf2ekpyqsrjvrqnyuaheyf9kqahf6mrlzpxf;1;1;0.10355736;19.10.2021;19.10.2021
37f6XkW3nkJ5yg2E9wontaWXFPRy6qkTFf;1;1;0.10337173;21.05.2023;21.05.2023
bc1qgj0e9k0663rdvnjgu24r9vnvlzejlzg485mt30;1;1;0.10332121;31.07.2026;31.07.2026
bc1qp95k64h4v2m46g9ejhgzqm690t7zjp3ua4765w;1;1;0.10316844;10.07.2024;10.07.2024
bc1qhqaqqzcnwe8md5ek3qttgvn6cwktvqj62e6qzx;1;1;0.10307026;31.07.2026;31.07.2026
3KNj87b3N9NDncd8q1R9a8VC4wcYCJGUgV;1;1;0.103;05.02.2024;05.02.2024
bc1qkcy272xkxzpfd0tx4zyn3uu865zfd68uh2j9wp;1;1;0.1028943;01.10.2022;01.10.2022
bc1q84t8uskl3pjruz45c3h7qwyj782usvj6flqrcw;1;1;0.10286676;19.10.2021;19.10.2021
bc1qwzs8lknc009ggrwdjknaxgk92z8szrqwdsv5h6;1;1;0.10285463;01.10.2022;01.10.2022
bc1ql8vaq5yr3d2hsz25etlryfs22fdvpe63zgpwmr;1;1;0.10283783;26.09.2021;26.09.2021
bc1qn2k0439wtmuz893skc0xehh4l6942q0jux75xu;1;1;0.10278016;01.10.2022;01.10.2022
bc1qz8cl6yvd4h7z72y556knwl6d4azjwgzprffhey;1;1;0.10277786;19.10.2021;19.10.2021
bc1qfetpz7dpp6m9wxr9tut92z07gkvcdvvy8jamvw;1;1;0.10265789;19.10.2021;19.10.2021
bc1qj6mkq9ywt8nk7vx0vdjy309awzv6zg6gxaqc25;1;1;0.10265276;20.10.2021;20.10.2021
bc1qrd62k2chum73fwwe22a37tj00ufpxtfljxd5an;1;1;0.10264102;31.07.2026;31.07.2026
bc1qsd78r6efdnk9z6r4053nsq7gr79cye4fqwf96h;1;1;0.102606;21.11.2024;21.11.2024
bc1qvd2s3pp4th3pz2prycdhrh8r6z94ps0ntg8ekc;1;1;0.10259919;22.02.2025;22.02.2025
bc1q3mfy53gtxjszkt5u0aldzn6fy3tej6plam34dn;1;1;0.10245614;19.10.2021;19.10.2021
bc1qfag0z7us4cx3qdx7dyna80datp9p7w9dv3yx7n;1;1;0.10242781;04.06.2026;04.06.2026
UNKNOWN:00208911921e547de7ad5bd103727b03e2fdbbc6;1;1;0.10225908;29.09.2023;29.09.2023
UNKNOWN:002019c449c60cb49e068a4da39530aef4009053;1;1;0.102;30.06.2024;30.06.2024
bc1qtt7ht4sjrlkemwg3ynfmdcv2wy2vky3seve0ss;1;1;0.1018989;22.12.2021;22.12.2021
bc1q24t3rp6u7t9gj58ff4mdmlehdqqplkc2423u4s;1;1;0.10186438;12.10.2021;12.10.2021
bc1q2cj6vu5ueffnf00ahjn2j8y9atyfazy2szgpe5;1;1;0.10183612;01.10.2022;01.10.2022
bc1qce356qyxynvspg2a3unuskjqs5nv92a0elhssr;1;1;0.10183568;31.07.2026;31.07.2026
bc1qgxxvvk2rkvwuy95zpf9cmj69rlmnz2ed9533k3;1;1;0.10168236;31.07.2026;31.07.2026
bc1q8589zc6s27ayc4555xkwlqwds3jyw34upqqw3n;1;1;0.10166713;12.10.2021;12.10.2021
bc1qy7v6llsmfdtl07rqzlrtn9gc08pq6dks2jhk62;1;1;0.10164834;31.07.2026;31.07.2026
bc1qd2r6888nppxjvddk8494ld6njezhl9vqr63zfl;1;1;0.10155261;29.04.2023;29.04.2023
bc1q02yxgavwvmy59p8h0rf26y49xclm04gtategws;1;1;0.10149603;31.07.2026;31.07.2026
bc1qqz9guu8345xkuuwszq7u8pn2556jtvx6pcft04;1;1;0.10139167;12.10.2021;12.10.2021
bc1q60fp0535xcyjrhh82s8v6jzadfrvgn99vlr9xg;1;1;0.10125859;12.10.2021;12.10.2021
bc1qjlyye67hmqfy6zygkw96qjl5ezz29ac8zupav8;1;1;0.10125581;12.10.2021;12.10.2021
bc1qccsn8zyjqmwgg5m8x0ej3cpc94xdeatv0fxulh;1;1;0.10108108;31.07.2026;31.07.2026
3C8JbFp3Ze6oosQRQoABHXR4vbsM3JZTcX;1;1;0.10099778;04.11.2025;04.11.2025
bc1qpmkl2z8yeae2wt0t4yrt5hhyxw8f8q0rz27d99;1;1;0.10096327;22.01.2026;22.01.2026
3EKHtZoSoUwxEi9Jm9yvYFptWW6JsESWMc;1;1;0.1007793;17.12.2022;17.12.2022
bc1qyuhn8scqfz9vhvtt53r3plymfjvgwweuf5s75e;1;1;0.10076096;26.06.2022;26.06.2022
UNKNOWN:00201eb9e126df0922ba3bc8ae3c4293b66514a8;1;1;0.10064168;24.06.2021;24.06.2021
bc1qw3fdppp8qgrwvljf6hhwejn9nczxuun25htt4s;1;1;0.10063626;31.07.2026;31.07.2026
UNKNOWN:0020628319513314702eb9a55d820ab220b42058;1;1;0.10037404;09.12.2023;09.12.2023
bc1qnverphp2f42n48f7wen88xpmkuwtz6aydyxymm;1;1;0.1001;17.07.2022;17.07.2022
bc1qs7kcce9vtla5qadjhz6w3ykpx0vke8ehmqcpdv;1;1;0.10005194;31.07.2026;31.07.2026
bc1qlrv3s7s9jwqruuqa00r8jc5xrce6fm5ev058p6;1;1;0.10002439;31.07.2026;31.07.2026
3JbT8EKC1HeFuvdTs4ijmP8bvHsFNt8CuA;1;1;0.10001093;13.08.2021;13.08.2021
bc1qzvjyxvtk03xd87rr5x3dsrdajz5a784zmyhxpm;1;1;0.1;31.07.2026;31.07.2026
bc1pujwhtll095m52dt9l3mpnw0vhtnhqlwvwehay982eeq8jtkwx4gqmj59gy;1;1;0.1;11.01.2026;11.01.2026
bc1qavna3dt4ukz3gtzs8e684799wa4ld27fj2j6cs;1;1;0.1;16.10.2023;16.10.2023
bc1qt84han42al38prd2d37dgmvd3nel0eappqnl3s;1;1;0.1;02.01.2024;02.01.2024
bc1qj90xfsedygf7s6qa7htcw08aezycrkc45wy8k8;1;1;0.1;18.10.2023;18.10.2023
3G6iJgVczoTxZY92fRSyuwdyt5cy55YWwu;1;1;0.1;31.07.2026;31.07.2026
bc1qc3ej773wl42lsj8ehxns4e0pdd89lm6y4g83y3;1;1;0.1;13.06.2025;13.06.2025
bc1qr3lcf9krhnedfa4phgjmxruhxp3tge67m9j67k;1;1;0.1;06.02.2022;06.02.2022
1EePRsXY9BcY7sNgtMb13Ybte1ZuxFceWt;1;1;0.1;25.08.2025;25.08.2025
bc1qmzlasjndcudr3glhh95u9hgl6raqud3xptxwfy;1;1;0.1;19.12.2025;19.12.2025
bc1qg3xp06zgpnerh9cfqlpuhq70jk8neflwanrtk2;1;1;0.1;03.12.2023;03.12.2023
3BNNyH6oBLiJLQ3u5KM9dnXUGwPtypDiq5;1;1;0.1;22.09.2021;22.09.2021
bc1qjsj3hsl7d9v27kc5u9fxm347wptjkqcsp2snmx;1;1;0.1;24.06.2025;24.06.2025
bc1qhr4pkceeh2pallwmyk4vj9jpxdzykhyr6fs32u;1;1;0.1;06.05.2022;06.05.2022
bc1q558gjkflareg6a9j45fc6phprw5dtgjzwu6pns;1;1;0.1;22.02.2022;22.02.2022
36zYFw1dHHpWJWSXxjdSh9WAoUTweoPLUU;1;1;0.1;13.07.2022;13.07.2022
39K9GtzkQVisv7dVSd4gQkhjV9ceaE1ZL4;1;1;0.1;19.05.2022;19.05.2022
bc1ql9f9h8az6vv9kupqyv4uywd6t5ldl6aem42pkj;1;1;0.1;18.09.2025;18.09.2025
bc1qt3va20y9kswmg9eqcujmkf26u0jdmltt3p9ajm;1;1;0.1;24.06.2025;24.06.2025
bc1qszvt8gayz37fm830tydpe7z0ys246e0t42apvq;1;1;0.1;18.12.2021;18.12.2021
UNKNOWN:00207f1291302f1091a383749543a4324e211231;1;1;0.1;18.09.2022;18.09.2022
bc1qlxtzha6zyq7jzxtskc0nxf4cmtu4gaazf5fyf6;1;1;0.1;09.06.2026;09.06.2026
UNKNOWN:00201d8598e704dcb247ab8e227d0629c71219bc;1;1;0.1;06.04.2025;06.04.2025
bc1q0dkszn02mrauu8gpwdkl08m5k8ym0du4ku4ar7;1;1;0.1;25.11.2021;25.11.2021
bc1qnh2me0f5pda3h9ksalmeql9wa2auaj5s920nlf;1;1;0.1;13.06.2025;13.06.2025
bc1qf48uh5w7ajya2xxp28767q95pvqf6r2de554m4;1;1;0.1;17.09.2022;17.09.2022
bc1q6m5avk7klm9zdjds5k0ydgjuufd24ex69p7pxu;1;1;0.1;06.03.2026;06.03.2026
3KdYcz7wMLsN1MAv55a23t6rHUGvy6sXGj;1;1;0.1;20.11.2021;20.11.2021
bc1q7fwl7zdtlft8esregg0t0lhxtlzy52aattr9ld;1;1;0.1;17.08.2024;17.08.2024
bc1q0vcmuwr7z7gugyj0kwcg2n7vlawpjjjwawllvj;1;1;0.1;13.08.2023;13.08.2023
bc1qng8lk4lr2phr47chgvyr33al8vzdlff9yyfds6;1;1;0.1;14.05.2024;14.05.2024
bc1q07t9mdhvlwfr048z2leevs9dgh92pzm2xvr4d9;1;1;0.1;15.04.2023;15.04.2023
bc1qx5m55298rkg4l67g5tzmpm6j420rgtqyrc05xe;1;1;0.1;10.10.2021;10.10.2021
bc1qmzurm3938p2j3danw97jv3lur5s9jj7974ewe3;1;1;0.1;30.07.2026;30.07.2026
bc1pj6pqs945cg59rhrnm80tu8zsenqmv6c0vyf7p2k3f0wvln3lkkqs0uq2rg;1;1;0.1;31.05.2025;31.05.2025
UNKNOWN:0020e655fc2ac824d236383ec87c6b9babb5331d;1;1;0.1;28.09.2022;28.09.2022
UNKNOWN:0020c13f3df161615ac575bd285840ddf25f0a88;1;1;0.1;19.08.2022;19.08.2022
bc1q52zfm3f282uuyruayxkl8dgnee8w22s7zampat;1;1;0.1;31.07.2026;31.07.2026
bc1q7ncl0lmpgp47whkmfg5zy2xluenm39yfmdzfnr;1;1;0.1;19.12.2022;19.12.2022
3FHH7bMRH7QmnUj4tHtjTqy8Txjs2etfC4;1;1;0.1;17.11.2022;17.11.2022
bc1q3f2uz4eptdjxvgskfk52fz8fctw6thu6tevnmf;1;1;0.1;16.11.2022;16.11.2022
bc1qz4954u5e8zcglrj8qjxxg8elu2aqqdvwg45enr;1;1;0.1;01.12.2021;01.12.2021
bc1q2gqqkh0y9wv26tudpwjej5n9kahrmsj2xnlp7g;1;1;0.1;16.02.2022;16.02.2022
bc1qcmg4duypzr7dkrwxdasu6mvkx2622jmtwfr46g;1;1;0.1;17.03.2022;17.03.2022
bc1qs5upxd0dpyp4rjkekhllha9lg7e9j5nvxkecze;1;1;0.1;31.03.2026;31.03.2026
bc1qv24va98g42dqep2s2yte3q8626rdwld05rrrkr;1;1;0.1;04.08.2023;04.08.2023
bc1qmsw5v3zf5z99n4lpr42h7y02ax7dda05x49hc0;1;1;0.1;01.08.2025;01.08.2025
bc1q5g4jwdwk2exp5um6khfcsc5znvvupluerf2zy7;1;1;0.1;10.05.2025;10.05.2025
bc1qkjpzuuv0muwwzd20paws0jkw9mxj6dh0lknzt6;1;1;0.1;25.02.2022;25.02.2022
bc1qj9gvx7dd6kslfrgz3vmhvauycexe7zq899t33d;1;1;0.1;30.09.2022;30.09.2022
bc1q9qy9htecukrmw3h5hxdzk5u4w6rfgmdjk5kr7r;1;1;0.1;31.07.2026;31.07.2026
bc1qrevgfufnjhs7w6c8ax9gdfyla58pexw94k6tvy;1;1;0.1;29.12.2021;29.12.2021
bc1qfnj53pwluwl5tum4aqusue3y5nm94udupe3cmw;1;1;0.1;12.07.2023;12.07.2023
bc1q5z35av4cs32wytzmmkleeynj07l8k0pm30aefp;1;1;0.1;11.05.2022;11.05.2022
bc1q8hpevslff246vgddqkf2hxjuw23ktfk5cpzc4a;1;1;0.1;18.06.2022;18.06.2022
bc1qttughkysc767hxcv4mu8p5cdze3vk08tleut45;1;1;0.1;25.02.2022;25.02.2022
bc1qneecqxgvhz5cw67lc4cxwwhrvyy6qh69z5admf;1;1;0.1;13.03.2023;13.03.2023
bc1qrn2jvy4fydnzczfmss3zc25syednhe7vzzp2ut;1;1;0.1;31.05.2026;31.05.2026
bc1q3yfda3xv2zz7t2rxms083ljey4tjj8lrp2apx7;1;1;0.1;31.07.2026;31.07.2026
bc1qjddcpwewuvytdqx3ptjgnwx30853zczj98j608;1;1;0.1;31.07.2026;31.07.2026
bc1qkne7je32e6jy6n677es770h4k0k2q2ay5lk3t7;1;1;0.1;30.12.2023;30.12.2023
bc1qvluhmm7mpkk8gshe92uhxg2fp5xnkgkl92q5ag;1;1;0.1;23.04.2025;23.04.2025
bc1qvarqymcwzxlktysvst8f4hc6ld5w7s5h0mxce6;1;1;0.1;25.06.2023;25.06.2023
bc1qa0yudncpvldwqf90q8tvy9hrq65z26lezyvf4p;1;1;0.1;21.11.2025;21.11.2025
bc1q44ytcg9cafet9u4ewgkngkrq8verth4pn6luhk;1;1;0.1;23.09.2023;23.09.2023
bc1q706uzu2khus3cs2e2ugfesrch2wpp405c4wccz;1;1;0.1;20.11.2022;20.11.2022
1Q4dYcijXLKCvao7mMmTbsQJikHCSAUCtD;1;1;0.1;05.06.2024;05.06.2024
bc1qwu0wme6nhdps522hma058lza2kl4gmawqsrsjx;1;1;0.1;07.10.2022;07.10.2022
bc1qee28eedrjm86ncj5hkmlsvy37cvguewf3mpfy0;1;1;0.1;10.09.2024;10.09.2024
bc1qce6t40mc07ruujx3n290zhkskhk9zfxx5jwyrc;1;1;0.1;31.07.2026;31.07.2026
UNKNOWN:0020abecdd768b9ce8640df4306883fa8e5d034d;1;1;0.1;28.06.2026;28.06.2026
bc1qskz56umpz7g60nvchumvyrlxryn4a7uh696wh0;1;1;0.1;29.09.2022;29.09.2022
bc1qh8dshmahk4kg0sjh8hz8fcftkz8yeddx9ryma0;1;1;0.1;07.10.2022;07.10.2022
bc1qnc2ue9qyeumdzuq3ymhutgfsa45d3v0lqjzv44;1;1;0.1;04.05.2025;04.05.2025
UNKNOWN:00206bf12a4a6adadfc6979c6b60aaf271484dda;1;1;0.1;02.02.2024;02.02.2024
UNKNOWN:00209cdf693dfc678567e136700d47577cdf5443;1;1;0.1;07.06.2025;07.06.2025
UNKNOWN:00201818421036eeeed5ec1fe00478ea800eefe4;1;1;0.1;08.08.2022;08.08.2022
bc1qkcn5zmg23k845tcyqlwhq9eas0ejgxh9eqy004;1;1;0.1;08.10.2024;08.10.2024
bc1qrx8zzavc05kf8qr22upwr45hvtqasptvzwqec5;1;1;0.1;01.02.2025;01.02.2025
bc1qtdzx4u7v56ekg58m72ape2h3d7undqh50y0j74;1;1;0.1;16.05.2022;16.05.2022
bc1q7nzkqnewj8d9lhmuc4h5ycl648ln95ka5zzrma;1;1;0.1;19.01.2024;19.01.2024
UNKNOWN:00204f998ab05376ed3183996b64006978fbe27f;1;1;0.1;09.08.2024;09.08.2024
bc1qsn99rshhvqrqm6ngytelm6p7dhwq2v9ujt2d4w;1;1;0.1;11.10.2022;11.10.2022
bc1q990vwmh6u89hcutyyttmv4u0nmecpntxvnf6nw;1;1;0.1;06.01.2022;06.01.2022
bc1q45qe52asy953j0glkyn4eggj8uaudehg6ycuy6;1;1;0.1;11.03.2024;11.03.2024
UNKNOWN:002042925b19a5cc9337f9166642d1a8cea976c2;1;1;0.1;17.06.2025;17.06.2025
39UnwuPUdY5ZVSdm6tctYTneLdB4F2cARf;1;1;0.1;11.05.2025;11.05.2025
UNKNOWN:002001d7662b1b806a503664c0f1769eba90dc18;1;1;0.1;13.08.2022;13.08.2022
bc1qkk75f8gjvyqvlew7m9fycfnqurueuagcudmcyp;1;1;0.1;24.12.2022;24.12.2022
bc1qch8mkjfp37amgh2ewylct6xulu9gzgk98l3s3r;1;1;0.1;07.07.2025;07.07.2025
bc1qz4z7td6ra30zj0wgdmuc9e36u6ckqzzlmwa6aj;1;1;0.1;06.11.2021;06.11.2021
bc1qaqzxp68weszvch4rs78appp96k33sunun235z9;1;1;0.1;07.09.2023;07.09.2023
bc1qn0arvp8a5qx6ky9v6j6jmzzxrhcn53fkkdlrue;1;1;0.1;08.01.2026;08.01.2026
bc1qhst7r7ag7uuazk4yw0tyyw3pxc4plnjqqhjnul;1;1;0.1;06.01.2025;06.01.2025
bc1qn403ukd43l35d3dd3ux9jndugt5r2ek28fr7p3;1;1;0.1;04.10.2022;04.10.2022
36i9bU71TpfSasibLhW27MUhCbUG5EDW7a;1;1;0.1;20.07.2022;20.07.2022
bc1q82l9uredvdnn398pfr8z6zwf7m68uuhqpqvky9;1;1;0.1;28.06.2025;28.06.2025
bc1q40ef9yca5kpfw2x4yhac9c0cylqljwm0cd0qa7;1;1;0.1;23.05.2026;23.05.2026
bc1qhk92ff8356n00da5s3cap4q9hj4mv64t5da2f6;1;1;0.0999989;12.03.2022;12.03.2022
bc1qavswtmxm7ppcph4jz0e6dycx7wlqy3ly3gchmm;1;1;0.0999989;23.04.2022;23.04.2022
bc1q86wqdd5xte8g94t9h0xdh8smsqu7e5ccdps9xg;1;1;0.0999989;31.07.2026;31.07.2026
bc1qj5cp76qt67wda6sllp4cgelmwxsgfeacvjrsch;1;1;0.0999978;31.07.2026;31.07.2026
bc1qgcuhpdrdnlk4xqvqaz9uewyse7q4700hrq4vau;1;1;0.0999978;31.07.2026;31.07.2026
bc1qrv2qmpvzq234s67y80jddvf7kp0avmq86m66sw;1;1;0.0999978;31.07.2026;31.07.2026
bc1q8rhp9xafqhd3e9pffgtdhwtauwzuekpsx0h470;1;1;0.0999978;31.07.2026;31.07.2026
bc1q8frzdrjg237xhu87pzmsgnfnz3tcummqcxmnpy;1;1;0.0999978;31.07.2026;31.07.2026
bc1q5naepzknlzmzva5gacxrkau6vf0kwhcpe4h2yx;1;1;0.0999978;10.01.2022;10.01.2022
3FwQnRhbNUypTqwxByanvj4FejSVu718xV;1;1;0.09999778;27.10.2024;27.10.2024
bc1qcs9nd7xjfd7uw76apv9rqkdjr88hfvz2hps3we;1;1;0.0999967;31.07.2026;31.07.2026
bc1qclhnxgjs25qls98hyvgcc9y29wl2m5a0h8xqjf;1;1;0.09999667;07.03.2023;07.03.2023
bc1qem37zfu2xvl82jvktqpgq3rwtnzlfckjp23ggz;1;1;0.09999605;31.07.2026;31.07.2026
bc1qjgzs3dew4xwwyecl3ls9y83544h23g6qwcaxas;1;1;0.09999605;31.07.2026;31.07.2026
bc1qtmzgp8qn0m5rgs582qpswp20ej79ummsrvaqhy;1;1;0.09999584;31.07.2026;31.07.2026
38S7mMDfN3MYByDYfYWedPEcXYzwBsJrsQ;1;1;0.09999559;31.05.2022;31.05.2022
UNKNOWN:002029b90c63789530082281a55b27b196353344;1;1;0.09999516;14.07.2022;14.07.2022
bc1qcx7gdjpey9qugc2heyqkpcagvlpssdrxdm4zly;1;1;0.0999945;08.02.2026;08.02.2026
bc1qtgyutwnldxts4gqx0mfkvh2rafa64lcgrlpgr3;1;1;0.09998966;16.01.2023;16.01.2023
bc1qn4qnmtrp88ghxshgsgsmwezzj0h747nh5q43zy;1;1;0.09998493;20.02.2023;20.02.2023
bc1qgsgleknvwrsy8jemtq7xl5zz00gp5fyftg7a52;1;1;0.09998348;11.10.2024;11.10.2024
bc1qujln7v8msx3z2qcheg56k4kknqhymg0ckpajlk;1;1;0.09998174;27.10.2022;27.10.2022
UNKNOWN:00209b3feb47c5c9feaa2d7b6ba39ea7c8cdebf4;1;1;0.09997957;05.02.2026;05.02.2026
bc1q3gru2ku4t7uec5chgzz099mejev6le8jdwqaxs;1;1;0.09997854;31.07.2026;31.07.2026
bc1q88dtg7rsjy0scj9k42w6sr0afgk2xq805q3yus;1;1;0.09997665;13.03.2022;13.03.2022
bc1qkjstj6lmhjlezm9fyklhy80xqhqypvqefcgzw8;1;1;0.09997514;31.10.2022;31.10.2022
bc1qz78hfast70dhx9y26hq54k3p72zunukzw9vujh;1;1;0.09997184;25.06.2026;25.06.2026
bc1qjxlhguy9gsvdfa9n32pl5pmq2xvcws2t0sgga0;1;1;0.09996955;31.07.2026;31.07.2026
3AXfqyDCGFQveFYYRdRAtU3mJLcdk5HydS;1;1;0.09996666;21.05.2023;21.05.2023
bc1qa32893gd6w7stfj364nkuknswkzs7lmmqas4c3;1;1;0.09996139;28.11.2022;28.11.2022
bc1qh8s6tp75ka92xnzkr9npt9gnyagl844vgmxc0k;1;1;0.09995529;31.07.2026;31.07.2026
bc1q6uthsj0gp84jyt2ptx2dt7qwq0llxsuw9hgxzp;1;1;0.09995139;29.06.2022;29.06.2022
bc1qmy9s67wuwd0vnyqxmn40mnter4q5ffrd9x6dav;1;1;0.09994955;04.08.2022;04.08.2022
bc1q0re0jyz05qvtfcz90enk6rup8uzkxlx2pku4up;1;1;0.09994028;23.09.2022;23.09.2022
3PFTJfJWybBpzkkM6oHPaWv4KB9qw3fUzg;1;1;0.09993841;28.01.2024;28.01.2024
bc1qgs8w8pg9my0y0d4hdeslvr70mngavksysc66nr;1;1;0.0999274;29.05.2021;29.05.2021
bc1qtasgau0q2uzfxgc36hnw7l009tjxd6fntpu8ha;1;1;0.09991179;31.07.2026;31.07.2026
bc1qgppq42jdeyk34zp4fmuekp5fec478skx4hfe80;1;1;0.09988539;31.07.2026;31.07.2026
bc1qr8h3has7hx2qpvnu86w7dj5pxymyczrfke2eqt;1;1;0.09987832;23.01.2025;23.01.2025
bc1qtjrf0md80vmq9spe96yw3z3qq9pt4f2x8cxxm4;1;1;0.09981914;31.07.2026;31.07.2026
bc1qkf8znskqx34v423ewg69rkjrywvrmnn52mvm3l;1;1;0.09981013;25.12.2022;25.12.2022
bc1q38m0p23nh2z7s8ammnrhwg7fz2z4taq4d08h7a;1;1;0.09980423;05.12.2023;05.12.2023
3BUwXwYJt2MGS7g6rVMgd5i3biSu4dWRYK;1;1;0.09974222;31.07.2026;31.07.2026
bc1qr9s4ajrr3d8t0q75myf6vytzas99prfuzcau6u;1;1;0.0993235;31.07.2026;31.07.2026
bc1qzd8xpxy86dnqkscesar8283fkrg7yxht3h9674;1;1;0.09930528;31.07.2026;31.07.2026
bc1q4thqdpkxzwwhaaeu2x3g2r95mjrdfn86dxa5gp;1;1;0.09929924;31.07.2026;31.07.2026
bc1q3enqgsqql57jjdecedx84f75p3j0puj60azm77;1;1;0.09929578;31.07.2026;31.07.2026
bc1qpv8hj4egpj0qsxwz7ywe2u4c4evxand0qn67u5;1;1;0.09927364;31.07.2026;31.07.2026
bc1qudtjazyvsgxu5rdk9l9efknwaht5hfwpmrteq7;1;1;0.09925981;31.07.2026;31.07.2026
bc1quazfavfnlvdk466w9gglht6xrytu9nuv4ej90h;1;1;0.09925918;31.07.2026;31.07.2026
bc1q0rak9vr4h6vnxa86uaejcppa85e89dae5um5jv;1;1;0.09925295;31.07.2026;31.07.2026
bc1qprtp5hrzw406mf7gwdn07zuy0ycw4dvzmxpsgk;1;1;0.09925277;31.07.2026;31.07.2026
bc1qrssw3nj8yaceht876q2au7gsamq5pxzuaxmfm4;1;1;0.0992312;31.07.2026;31.07.2026
bc1qk5euhevcl2pet83w86cd63q9rprdhygfadd6ye;1;1;0.09919598;31.07.2026;31.07.2026
bc1qzt7emhm7kpzdg7hdfqg9plcsynnqzr63flpd5k;1;1;0.09917951;31.07.2026;31.07.2026
bc1qlwu6f7kjnd92zkexg9phgp2ua8zfcyl88yjx4x;1;1;0.09917323;26.10.2024;26.10.2024
bc1q2astyh4ckjjnm4q3rtp8hu6ng7h6pv4f5z5zqp;1;1;0.09911626;24.06.2024;24.06.2024
bc1qxdeu8d6hkctkjqj2xsn2jff4v50zgupd0x4p7t;1;1;0.099;16.09.2023;16.09.2023
bc1qwhe7j6tym0r4p4sjkzfd6cud9uau5uhnelgr3e;1;1;0.099;18.01.2026;18.01.2026
bc1qfwmjez0ckj8pq8ks99lrqknla0y646efrlmkle;1;1;0.09876503;02.07.2026;02.07.2026
bc1q8jak50xg400w64fe5uhyhacvlev36y7kplmzgq;1;1;0.0983451;31.07.2026;31.07.2026
bc1qsmkupyml42hdy4vgd85yy5lyx5p3jt9kdp55kv;1;1;0.09788105;21.05.2025;21.05.2025
bc1qanlvc22tr6ee5gaftw6epq2d9atz3ug7gsy6jr;1;1;0.097696;01.04.2026;01.04.2026
bc1q0006lu2s8y9ecy30733t546jdvseqlgqqsmfu6;1;1;0.09758933;01.06.2025;01.06.2025
UNKNOWN:0020741301b236e2233fdc20d4f82260c34e0c0b;1;1;0.097321;17.09.2025;17.09.2025
bc1qr9qe3z8v3rl4ydr4dcevz85ek62eknq3ej9384;1;1;0.09698971;09.11.2024;09.11.2024
bc1qzj55eyjh7w87482gc64pyd40e0gh6xju5tes4w;1;1;0.0968939;23.01.2022;23.01.2022
bc1qudcwe64duzt6vsae3g7c8q4ytcga9nf9tumt39;1;1;0.09671536;31.05.2021;31.05.2021
bc1qxwcqnyh0ulsag8efrf5zw2ay7ftc48mwns5yu5;1;1;0.09640773;08.06.2021;08.06.2021
bc1qkexu7k8teqclh3zw26rwaay2ljqw2aaw4paxe0;1;1;0.0963747;15.07.2022;15.07.2022
bc1q9ydhdwe2zxhh4tdnlw0peqkq8hkud32wed4e6g;1;1;0.09619863;29.06.2021;29.06.2021
bc1q6ta4ruu5c8vl46mq8tfu9p5k4c3alqupa0lf49;1;1;0.09610843;15.07.2021;15.07.2021
bc1q070gklh3c57yjcg7qmstlcpate0psmuzdwx5ka;1;1;0.09556432;14.10.2021;14.10.2021
bc1qeg5eamp8ltny8sxq0eqca265guamjhlwn78w6y;1;1;0.09525245;31.07.2026;31.07.2026
37f45d7qV4SGKD1L2w4TnwRcz7MgkhKZkZ;1;1;0.09524765;12.06.2022;12.06.2022
bc1qdrm8marhp3l7k3jtt4g5d6yjvpwlqytl39ms32;1;1;0.0952308;12.11.2021;12.11.2021
bc1q9gpuepfvz4nhn3edkcmg34w4jvens95tt6ds3h;1;1;0.0952077;01.07.2022;01.07.2022
383kuCWyK9a2H7Y9SXQGHbAeSAQHZ6HRWw;1;1;0.09519541;30.01.2023;30.01.2023
bc1q27fh8jdvfr55krtludta4rct3yqtk3a66qnqmp;1;1;0.09519175;31.07.2026;31.07.2026
bc1qhsyvje78n3f60yk6jqjv2zr3ppy3nt45nmq43f;1;1;0.09519172;31.07.2026;31.07.2026
bc1qlw7ve54h6zcra4ktw22rp0e5jltcsgrju95uls;1;1;0.09518166;24.10.2021;24.10.2021
bc1qu6rt5f0pca3nr9za89eudy8x3jm6wjdjl37f4h;1;1;0.09516536;17.07.2026;17.07.2026
bc1qtggnpmev4qr0mdcpekgwckjj3e4tmx9eszfaf6;1;1;0.09514537;24.08.2023;24.08.2023
bc1q869m2gp8jrm3ga8shmjeu6gsxt3ag5uyfe6hyd;1;1;0.09513861;20.07.2022;20.07.2022
bc1q2advcvdzszuyyftnxr5g3te3mfwtmff6nww4lw;1;1;0.09513551;01.07.2022;01.07.2022
bc1qsur6jaen03ydw7w259vj7p66ug065cw2sdf487;1;1;0.0951344;18.03.2023;18.03.2023
bc1qdn9t6qsajxgs33qxhw5s4rzyhth8es695sxkun;1;1;0.09512764;25.04.2023;25.04.2023
bc1quem80g60e9xf45tqew846dufraaddv9zy0fgg0;1;1;0.09512637;09.09.2022;09.09.2022
bc1qxr5ynpa3x259ufjld5smfxys6vqzyf409wx6hl;1;1;0.09512474;29.03.2022;29.03.2022
bc1q3v3sqan39djp5tznkaryx4jpwxwerxmjmvwn4g;1;1;0.09512434;21.07.2022;21.07.2022
bc1q5jjfu8yv76lekc2dajeeqnev4hnkr7d5tc0xmh;1;1;0.09512375;29.03.2022;29.03.2022
bc1qknz8p3n5v3xtfgah6vvx835mkptyhqknt986cw;1;1;0.09512365;16.06.2023;16.06.2023
bc1q3fr7fgj9l9uc69r7udw3jv9zfl6w0w2w0p5zdr;1;1;0.09512034;04.04.2022;04.04.2022
35BsZbX8h3SLVo9iajtZTuov68Bgmp6oiQ;1;1;0.09511892;23.05.2023;23.05.2023
3A4sksdJS9Fo1xKjZvytBVrcEx3BrmYFLR;1;1;0.09511705;12.06.2022;12.06.2022
UNKNOWN:002087767677088a37da41d9ee999b450957b3ed;1;1;0.09511472;12.06.2024;12.06.2024
3G4Hb43APNayBaBwE8CeCPdEqiCzCP1WSA;1;1;0.09510138;18.06.2022;18.06.2022
bc1qgj3urarett9wcf9t73nxyczqzfqun30fk3w5c2;1;1;0.09509423;19.04.2022;19.04.2022
bc1qn4x6vt446wleusletpehvgfwlfjkdc2m4rd6jv;1;1;0.09509405;01.04.2022;01.04.2022
bc1qkdaxk3m0jzulwmtyacmn4wav5nvmd524a0p5de;1;1;0.095092;30.03.2022;30.03.2022
bc1qlkxk86jgnhf24zrdcashsl0rxwuynjgqdlf9eg;1;1;0.09508977;01.06.2023;01.06.2023
bc1q2xvzkg0523s38279lfllzh67nx732vvwsyw0rk;1;1;0.09508708;30.03.2022;30.03.2022
bc1qr098phlfmh8vjvu2kxvyfdtu5mpjcahkz05xk9;1;1;0.09508619;25.11.2021;25.11.2021
bc1q4t9tvlhd2png8mkyz0snz9rm8wkjdeq6k6espd;1;1;0.09508465;25.11.2021;25.11.2021
bc1qjj4j2flr8xhe25qj05tsxmtlyzs98d0l8cv9mg;1;1;0.09508396;29.07.2025;29.07.2025
bc1qv5yj43scn9g0c4p68g38mtuqpmhywu24hjmtdw;1;1;0.09508351;25.11.2021;25.11.2021
bc1qxrgnvsf4y0sdwawuts5dyp3rf6rrjv4frswxp3;1;1;0.09508237;25.11.2021;25.11.2021
bc1q9duuwtj4sku4ff6sl4fvrkmsz7skgm8v88s4fy;1;1;0.09508121;25.11.2021;25.11.2021
bc1qlt52gl955wpytgaqw2dzxw6zayqgyjc9lxrchh;1;1;0.0950808;10.02.2025;10.02.2025
bc1qj29gulgqudpk50fr0ynwp5mlqctcqd0wp9gqhw;1;1;0.09507743;21.01.2025;21.01.2025
bc1q8s556pw8u7dyn9vn345ac9cenlud0ln2xt8n8v;1;1;0.09507733;01.07.2025;01.07.2025
3QgVCMWN3VFzBk5siuVWnHE41Cqep6GxM3;1;1;0.09507218;18.06.2022;18.06.2022
bc1qfts650vzvtqjqh2j4hpvukv2zk8jcytx723423;1;1;0.09501525;24.10.2021;24.10.2021
UNKNOWN:00201ab2bc02b5a3edcaf59fde03c6dbb0d71972;1;1;0.09501105;13.11.2023;13.11.2023
bc1qw8hmgm5gg3eamlz6allj0w6zqzpexcy2zccnkc;1;1;0.09498433;30.03.2022;30.03.2022
bc1qv08ty0vgjgcharak3qx6ruym6yhe6hc9qwft8t;1;1;0.09496991;05.05.2025;05.05.2025
bc1qhlyuve6jvtyq5ne0au3j2f5yqv3v5q2u8mnzvs;1;1;0.09496558;28.03.2025;28.03.2025
bc1qzglz3y7586tq9fsamwvmhe77xys5209re9hakt;1;1;0.09496065;17.03.2025;17.03.2025
bc1q35kmznnj57gdaz8f54pqchgd5zqfkhugd25sy8;1;1;0.09496017;02.03.2023;02.03.2023
bc1qn6ehas53htfqsya8ax8xu2c38506g6vepew09t;1;1;0.09495871;29.03.2022;29.03.2022
bc1qz2wt499ahacnnqx6wr5rltsq9yv3grp5q69juk;1;1;0.09495556;16.02.2023;16.02.2023
bc1q8xr6uq9y32alt2mu58plgl6fppwx5m7s8vexau;1;1;0.09495459;28.03.2025;28.03.2025
bc1qnha9ze4qha89jfhfsaes6x7hnqs0xt904s7kna;1;1;0.09494366;11.04.2023;11.04.2023
bc1qc7cqaxy7h9rr9cy5zgm5s9ysxey4wryzsglfjt;1;1;0.09494215;17.07.2024;17.07.2024
bc1qlvd0gjpvxnkvyl3t877g8ln56h09kq9usvljrt;1;1;0.09487869;18.05.2023;18.05.2023
bc1q9an3s4949y0uxednj46luvn5ghp59d45jd4jdm;1;1;0.09486626;16.05.2023;16.05.2023
bc1qqu0saeazw2zkq3klcgfanmg7egk3k70svm5myc;1;1;0.09472857;31.07.2026;31.07.2026
bc1qgdf7c6wy7gd488p04zjvnrtv5tu9nv3983882k;1;1;0.09384124;31.07.2026;31.07.2026
bc1qkpvcjsuev7pkah02ye009tuqtga759cjd03hq9;1;1;0.0938037;01.08.2026;01.08.2026
bc1qrewuud04uy2v9yu7xzkstp29sr3tpyehafwdvt;1;1;0.09378271;22.03.2021;22.03.2021
bc1qyfdrdnlgnjx6qfd6ehg6yytkk8066t5qq0krqy;1;1;0.09376951;08.01.2025;08.01.2025
3M5WLepxASNA5oz1tmUT5AbX2WNPUKCfhK;1;1;0.09366537;02.07.2022;02.07.2022
bc1qkel79e2ampmkvj0208p5mfh3aa8d943nvcj75a;1;1;0.09352933;14.01.2023;14.01.2023
bc1qsuc0fa2nprl20psvjl9fvup7tfh58k4un96jlw;1;1;0.09346;27.05.2021;27.05.2021
bc1q2f5tskcnmqd4htu5atfn8n0qpzv248x09gxgff;1;1;0.0934222;22.10.2023;22.10.2023
bc1q8wnc4u8unksgswc3jkkg998jm9tdr9hvn7zs3z;1;1;0.09338873;31.07.2026;31.07.2026
bc1q2uhk2yc3s3a7gmhy4qh08952qm5hgxt6wepzpd;1;1;0.09291371;11.07.2025;11.07.2025
33qTxkj7WoMtaBsFJXVijpMTTqXTVqwgLZ;1;1;0.09283504;31.07.2026;31.07.2026
35cse3EbUVBnLJ6se6KmR7SmwTLase8c5K;1;1;0.09282137;11.05.2023;11.05.2023
bc1qs3chhfvnt6jhe6l9pzncasrn5nfxn3dv40k2sw;1;1;0.0927619;06.12.2025;06.12.2025
bc1qpqukcy5jxfuvjctlgyuq52fj7t4x3f6z508wsr;1;1;0.09269558;28.03.2023;28.03.2023
bc1qrgavneuadwe9vjk5jnnudgxkhkqdw5ppxk5h33;1;1;0.09261612;25.10.2024;25.10.2024
bc1qtf243dufu59z9w6e6v9nthfk5nnzmcze4e384n;1;1;0.09230462;26.10.2024;26.10.2024
bc1qsan2w4s8q9wh3lq2kt33vr6wdulgnhy067clrw;1;1;0.09229591;31.07.2026;31.07.2026
33abw2HvNZnFuqrYtj8YCLy31USjKEgqr7;1;1;0.09199247;31.07.2026;31.07.2026
bc1qft5fypsg24p6xzz08vtq9cc76r87wlyflt2vng;1;1;0.09167344;31.07.2026;31.07.2026
bc1qlrqkwj8ps9ssnyyls5wlj0vzmatzxu2yxmtj80;1;1;0.091;23.02.2024;23.02.2024
bc1qaac3d9m8cej98max2xk3pp0pm3npsphvud2za7;1;1;0.09089186;01.07.2024;01.07.2024
bc1q3hc5ryud9gnvku6fwth93556et0n5lmj63rmmj;1;1;0.09075153;10.03.2025;10.03.2025
bc1pnduv524he8vegsqvys8p0xryvx4tq6sj39yzs48rh2hmucc79nnqlq2pds;1;1;0.09064654;19.04.2024;19.04.2024
bc1qnuvdf2msjhasy44v7rfezk9pql6qm0wuy2v6fe;1;4;0.0902569;07.11.2022;07.11.2022
bc1qy43fmmyf6aeguyrczly377u738f35vrfchn26h;1;1;0.0901802;12.10.2023;12.10.2023
bc1quar7va5cxhnaggnnwu6nl9qav6kpjtmzplmmvh;1;1;0.09013736;13.01.2023;13.01.2023
bc1qtcmutudr3zcwvrewh7xfdeddjk3jysd42xdtvt;1;1;0.09012654;14.12.2022;14.12.2022
bc1q9fy3x8m9vf2nql9trncnylcypg3n5d9gj3ck85;1;1;0.09003233;31.07.2026;31.07.2026
bc1qgrzsrya8s5gjvdw07a9qv9mv4zzsaq43w9fg7k;1;1;0.09;15.11.2023;15.11.2023
3PixEQSCgFNGXndBu7ps9zSCkLAxR2aysJ;1;1;0.09;19.04.2023;19.04.2023
bc1qtznlmwhlwn6r4cmre3rmaa3qlxd7a3lkq907ea;1;1;0.08999809;31.07.2026;31.07.2026
3HGTeNK9LWD2UMcU5xNZ7SMUad4QM9VNta;1;1;0.08999112;31.07.2026;31.07.2026
bc1qf2g0uvqrzeqn2v4jdsu76nqmmtc6pr00mqgeq0;1;1;0.08998081;12.07.2025;12.07.2025
bc1qv9jm4vdrz9ljpxskg38ud29k4xgt0v2p48n6qk;1;1;0.0898687;20.05.2024;20.05.2024
UNKNOWN:002001f2a358323773c0e839742dcc47f8a484dc;1;1;0.08986836;22.06.2025;22.06.2025
bc1q8ww4urx4xfq0ujhk9n2z3hrtdzwat8qxg3au49;1;1;0.08980028;11.04.2025;11.04.2025
bc1qvaf87teq6s0y9n4gxj0tv4v2630uhuy0j4chvh;1;1;0.08977714;16.04.2026;16.04.2026
bc1qp05e4crkkyrk8snx6adt8hj7yxz4c8jn3qct2p;1;1;0.08976706;26.04.2023;26.04.2023
bc1qxzdek4jsmq3sgw33tnxq93hqn5na0fku2dgym3;1;1;0.0892779;12.03.2026;12.03.2026
bc1qqmj2lak6lz6ndav349df4kxnnnuxhze4a3hfl4;1;1;0.08922827;20.07.2022;20.07.2022
39DAvJQHKuv4BPiZ1oTFiZ48Gr9v3n5sYQ;1;1;0.08922334;12.11.2021;12.11.2021
bc1qnrdvdm2k3c5h6d6chmtyrthyn3k20nv7yvck44;1;1;0.08886813;31.05.2024;31.05.2024
bc1qry8tcfuzsuexh5h9vwkd7msqmt82nf735sd5s7;1;1;0.08857794;25.03.2024;25.03.2024
3QTLVXdKEKC2q2ggUDhaQKb44Qzu33jwCR;1;1;0.08827529;16.03.2022;16.03.2022
bc1pzqcur0zq0trjfvtr2sh68qun552wz2ygaqsqy7ryam9crj8kk6fqstl0nm;1;1;0.08826303;30.03.2024;30.03.2024
bc1q4fyzg32sn992rur6eyzk6vz5kxavuxccuf79az;1;1;0.08814941;09.11.2023;09.11.2023
UNKNOWN:0020c330204ba2d8d6b02a648aac3a7266c597bf;1;1;0.088;22.05.2025;22.05.2025
34dMfFPtrwKu8mEhiu7ce5zJ9SDEjsGp3J;1;1;0.088;11.02.2026;11.02.2026
bc1qyjg5xhcrv2defvhcphl0lr07l85kfx2wjlx205;1;1;0.08798143;03.09.2022;03.09.2022
bc1q3p8u4m25djfquw3jnjc0gudkhr3t3mhacy42wh;1;1;0.0876355;31.07.2026;31.07.2026
bc1qmfh24w32x920cw9zd74heq5xalpv5sdjeleqjq;1;1;0.08719991;01.08.2022;01.08.2022
bc1qne0cnkjw39e5ew93dv6l0vlvqmxcjrr3w0wn4v;1;1;0.08690641;31.07.2026;31.07.2026
3PXa5HC7BYTAGhe35ddtx253M1FmxcMJqN;1;1;0.08632575;19.07.2022;19.07.2022
bc1q34e3ahjmuatp6aft3kjxykc7grnawcnadmdztv;1;1;0.08623304;09.03.2025;09.03.2025
3JmyfHvZjnPZ4QeaCq7p18KwYexECJmqLs;1;1;0.086;16.05.2022;16.05.2022
bc1qaf905qrjetffzzxzy0k277ss4j052v3l8hsg56;1;1;0.0859032;28.05.2021;28.05.2021
3MWWU7YrfE1ve8F15TTcF39NQow1GiGFF8;1;1;0.08585;28.01.2022;28.01.2022
bc1q5ty4dpcq4h3wxgquy5jsgkav549kkyqug8mpk2;1;1;0.08568644;21.07.2022;21.07.2022
bc1qqftespjyy92jz856k4np8tgfzkcrmjhtp6lsvu;1;1;0.08560362;25.11.2022;25.11.2022
bc1qtwy78tv377meqn4whe0ar3y0vtf4ejgvrkl0ze;1;1;0.085595;23.04.2026;23.04.2026
bc1qwalv36q6z9u36xgtsferj7hl6z3sxlvqsva6gc;1;1;0.08551127;03.02.2023;03.02.2023
bc1qc805zwun59hnxhs9cnkx2f5dvhmj2p8rlxl580;1;1;0.08550467;11.03.2025;11.03.2025
bc1qcseglh6wdwvuazy74k6ef9f6728wyavhphknn0;1;1;0.08538503;16.03.2024;16.03.2024
bc1qawuqy0pl3melxmnxdkp4e6zv6ec8r3gkg9gdju;1;1;0.08513681;31.07.2026;31.07.2026
bc1qrawundnx32w88t0xq2t33dgcrt4vdyjugc3nu0;1;1;0.08506525;31.07.2026;31.07.2026
bc1qr5z3qex6f76gwzyat9tuyarcqx95dmhmyhjsd3;1;1;0.085;06.07.2026;06.07.2026
bc1qdh2erq3gk8fwsa05ddk77544sr782fe3krfkwk;1;1;0.085;14.03.2023;14.03.2023
UNKNOWN:0020b2c02389bba2dbc12f5d7639a06e652bf360;1;1;0.08460568;05.03.2024;05.03.2024
bc1q6lml4ejra47yhrxu2s5zqzmu576dmgdv5h6acq;1;1;0.08452342;07.11.2024;07.11.2024
bc1qz5f6pehuc7mq8jue48xw3hnd6j04srxvj3687f;1;1;0.08436458;30.01.2023;30.01.2023
bc1pwsp2srne9rpdzuflsscem38p50gx89y2j9hd0xsez063khrtf3msmurssa;1;1;0.08410655;12.01.2026;12.01.2026
bc1qhstjeavm60x3evwlajnd62vtu4r866gynt2g5p;1;1;0.084;22.10.2023;22.10.2023
bc1q55lqyjz4289r26j47p927qxl2e84k9zkdxphhl;1;1;0.084;12.06.2025;12.06.2025
bc1qe5sg4852d348aa74k9tvuq0smj6dwsx72aldrz;1;1;0.08374281;31.07.2026;31.07.2026
bc1qnsx3snsd2vqzf8pej648nj52xq8sl846g9cssp;1;1;0.08339206;16.02.2024;16.02.2024
UNKNOWN:0020196acfbcc48c5cd96c36a120e632a7b25b34;1;1;0.08319766;20.10.2024;20.10.2024
3B4QGyXgYBSHUZtnKmmLvQ62L6NiFmtvE9;1;1;0.08309996;18.07.2025;18.07.2025
bc1qnnfj09culf9g3458yjwdc52eh24ae9qkrpmrf9;1;1;0.083;31.07.2022;31.07.2022
bc1q58w6t2lnua3v424tl65veg8tdamr8nxvjr6gc6;1;1;0.08257155;12.12.2025;12.12.2025
bc1q2gv0jpqe5x3am6sjm4gecjgue3s6jvqumf0wea;1;1;0.08241017;31.01.2023;31.01.2023
bc1qzxjaecrds08ngetajc32xuxxz0r24kpyhhy7ap;1;1;0.08228878;24.07.2025;24.07.2025
bc1qrnwls3983txhxgfmmpcm5csmksvk2f8d2pq6k4;1;1;0.08196689;16.02.2023;16.02.2023
UNKNOWN:002036086bf2fe3e9ce34a205db6c208c44dcdde;1;1;0.08188545;20.02.2024;20.02.2024
bc1q45mndnxwvxdqzcrpnz2j3dresjh8sfw7v74n3q;1;1;0.08178306;31.07.2026;31.07.2026
bc1qc2gm5l6a6m5vcfsl33p7fgrkv9c896jlyrkgra;1;1;0.0808703;31.07.2026;31.07.2026
bc1qsgwpsds2pscvlqemukewflgc4fpcc8zkgd6tkc;1;1;0.08079364;31.07.2026;31.07.2026
bc1qczv278xzf7z5kz7k7sr8md6akmlvu0anjyptn9;1;1;0.08062463;31.07.2026;31.07.2026
bc1qp6de3dk7q0pfwmtwns94vdzn4h3g297q4nfa5z;1;1;0.0805;14.03.2023;14.03.2023
33p8BvVeApc8rXrbDv23X6ep6tL69WmwQA;1;1;0.08;15.11.2021;15.11.2021
36fSD1jS1xDVwbCrkxAzb88WLNqFZjPPWs;1;1;0.08;14.05.2022;14.05.2022
UNKNOWN:0020946f3b0b676066ee7028090f3b543c2cf754;1;1;0.08;26.05.2024;26.05.2024
UNKNOWN:002097a5ac69d7986e54427ca25458869ee07185;1;1;0.08;11.11.2023;11.11.2023
3MfN2Hkx7XrPX6EdHEMvPgqyJszpDKXhUh;1;1;0.08;02.04.2025;02.04.2025
UNKNOWN:002018dd8910300fa30c374a8060a96ca8f44b24;1;1;0.08;30.12.2025;30.12.2025
bc1q3ww03t3y9q9m9fqjuw0dh0t0w9wfas5ffq0y9k;1;1;0.08;27.07.2025;27.07.2025
bc1q9qa9ghye9r2rzk90fqtc3mtkmuvef8za4yq97l;1;1;0.08;22.05.2025;22.05.2025
bc1q60suv4hs8mn77r70cfmq0jnrsuvtr73eh8srtw;1;1;0.08;23.01.2023;23.01.2023
bc1qaztndkalqt79k5cg3hgfterjfasm4j47fd7sc3;1;1;0.08;19.12.2024;19.12.2024
1geHfm6c73QWXEhcigSwDFesirKq6UEuU;1;1;0.08;01.01.2024;01.01.2024
UNKNOWN:00202c895e581a179fa018e327c744e605bff81b;1;1;0.08;19.06.2024;19.06.2024
bc1q3ant9u6yal65hl2nlwddcywyjzeq8wgytlq00f;1;1;0.08;24.04.2026;24.04.2026
bc1qs4kslc5eh9del59pxlw7klzeartj29w76eftpq;1;1;0.0799978;31.07.2026;31.07.2026
3DaMmgM6SuNTpMTEg2U71zSfmo4mbH1EWk;1;1;0.07999474;31.07.2026;31.07.2026
bc1qty74sxwtp97nwnkkr6yhfl5tuf5tl7p8tx2ng2;1;1;0.07995953;24.11.2023;24.11.2023
3D4qhBbF5SgFFqJ6Bvby9E5exMDiV3mdTK;1;1;0.07978467;02.11.2021;02.11.2021
3M3CYW55xMMBhH9rseKghTNL6jhJH2gsMg;1;1;0.07977911;27.04.2021;27.04.2021
bc1quc9c989kkzlrtf3nvknv32tplk78483ntehtqa;1;1;0.07960838;23.03.2026;23.03.2026
bc1qv96n87nevgpm4ae85ya5a7true9s7p8stuq7se;1;1;0.078796;27.03.2024;27.03.2024
bc1q0v0zccnngjhywaeufk56d3ah7m2tek5kfelvrk;1;1;0.0784;29.03.2023;29.03.2023
bc1q8qa7y0hw45588pen6aj6rsx83998kehslz6xjx;1;1;0.07820533;31.07.2026;31.07.2026
bc1q6p3adtetds6qtdza227drk6regnr2k3u4snnzc;1;1;0.07805291;01.02.2024;01.02.2024
bc1qe76qauesugdzzqj26t68e5qkn644en3lvnwjql;1;1;0.07797129;31.07.2026;31.07.2026
bc1qf7ftavpqpqt2jf5tfmle522mnln6xlwprzxehs;1;1;0.0777798;31.01.2026;31.01.2026
3AKaY73dUawipvZhXXMK6vAfi8iqdd7C4x;1;1;0.07762472;15.02.2023;15.02.2023
bc1q8he85pmpzq0r54u8cvsmaws9m85f58u7344gtz;1;1;0.07758662;24.05.2023;24.05.2023
bc1q8rd7gnyt3krwpfcpkxjck3j5uy8t83vasnh4rd;1;1;0.07751829;02.02.2025;02.02.2025
bc1qqed4mdyc503p9fz85wpe0gepepveanttpf9zcf;1;1;0.07727163;31.07.2026;31.07.2026
33GukwK6hXFavv6V5iudBu9vFbM3rjuu9s;1;1;0.07714213;02.05.2022;02.05.2022
bc1qwkzavjtha06wmgpr8ff5de2qyy402qur385aaj;1;1;0.07706039;08.03.2025;08.03.2025
bc1qhnmrlykg7wyqn588xc709mpgp7r0l24ksznxfx;1;1;0.077012;25.08.2025;25.08.2025
bc1qptkvvkwtxryrpf92xm4e8c2tmjup6klpz4gqaz;1;1;0.077;01.09.2022;01.09.2022
bc1q0x7r94hr8t25w695773td2akqpcqjl7v6k4swv;1;1;0.0769801;31.07.2026;31.07.2026
bc1qc869w6d9rqnc688dcacvmzsulgnqdk8rm4dt7s;1;1;0.07686136;31.07.2026;31.07.2026
bc1qa20j5e3r7jk2tcafjpxvjxrljffjuez9pj5052;1;1;0.07678477;31.07.2026;31.07.2026
bc1qh4v5g9kudl2uzyzumc3tr4vdy9gzynry2vrszy;1;1;0.0767302;08.03.2024;08.03.2024
3BuRdD2kZQTGiuZR1rcqBpA8guDvFpSkJh;1;1;0.0767238;31.10.2025;31.10.2025
bc1qj3ps8m4l7mvpx64ldqnvla3gjt9guhwur6j8cg;1;1;0.07612056;13.11.2023;13.11.2023
bc1qgqls5z7m5tf660l47r4a64qftgq6ez6mjc3c0z;1;1;0.076;30.12.2024;30.12.2024
bc1qylfg2egxp8m483jnnep4w9j0d0y3pdpkm6hcyg;1;1;0.075;30.06.2026;30.06.2026
bc1qw2dfa72sezwt0vd0zzmfzt7e0lvnjy3tpzms49;1;1;0.075;12.10.2022;12.10.2022
bc1qv65zhjua3sk8e5fz8e6yv33v2n3jahu9j5yw8g;1;1;0.075;29.07.2026;29.07.2026
bc1qre7dk9fvm6ehwtysk5zfycug9y7g8u30x9tkur;1;1;0.075;18.04.2024;18.04.2024
UNKNOWN:0020b694814bc22065b672b55705df7db0772054;1;1;0.07494117;25.06.2021;25.06.2021
bc1qlnakqz8vxmrjessn4hczzvgaavv56v7f0le4zc;1;1;0.07482481;31.07.2026;31.07.2026
bc1qu0q7dwegqx5szqfykyu6rnq6wn6enlwht5dcnx;1;1;0.07479839;31.07.2026;31.07.2026
UNKNOWN:0020d5ca579228582a63d82b870416c3ef89c416;1;1;0.07478452;29.05.2026;29.05.2026
bc1quecnzhm8mdrmpac3ktdt9krp5sz68a627p9s8x;1;1;0.07452803;27.07.2025;27.07.2025
bc1qupasa259n3895n77ugtsc0nvcwv3lq5d2m86mk;1;1;0.07442667;22.05.2023;22.05.2023
UNKNOWN:002094853ab044d1fad860a55548cc106219b4b8;1;1;0.0739049;07.11.2024;07.11.2024
bc1qzsjg9gjxxfydu2e42njs44klk2q7g96yxmwra4;1;1;0.07367571;26.03.2024;26.03.2024
bc1qfj4mdfjhks0c7ueuk209shf0ujkgypkqkqlqq0;1;1;0.07342598;31.07.2026;31.07.2026
bc1qjlmu9lch0sdyw3jxsg7dya2s59m896070jmyge;1;1;0.0725;09.06.2024;09.06.2024
UNKNOWN:00205000287533d49fdc8cecee3450fbc67ff683;1;1;0.07233574;31.07.2026;31.07.2026
bc1qj67zmraj49mlckqclkkflrknhkez3znhqjls83;1;1;0.07233333;18.11.2024;18.11.2024
bc1qpzzz905vdw9hcw84yzxsvr8xqrm5ur44sygn45;1;1;0.07233333;18.11.2024;18.11.2024
3A6i9p8FyrwqqFj8pKJcbmuHeZ6J8Ngb8Y;1;1;0.07221698;14.04.2022;14.04.2022
bc1qpnz4egzd7hn5hgtck4yx5smeekqnetcd8hyhx3;1;1;0.07196353;13.05.2024;13.05.2024
bc1qrqe87zpzytdgk0vr2x7t70ty9x88tkvlq4lvwz;1;1;0.07141039;31.07.2026;31.07.2026
bc1q3063027ep35aw8ysltu0edpvz6gsrl547xmlsj;1;1;0.07109092;31.07.2026;31.07.2026
bc1qgf93jnr278yu9cw4cfp3wg22nhy3yvd5a92ct5;1;1;0.071;27.01.2023;27.01.2023
36xd8juy9sGgByCBxuwFfz4PBoWVVGLw4X;1;1;0.071;18.09.2021;18.09.2021
bc1q6p8evjefj9aur8c85wrxnst7d79xxp9vhvyarl;1;1;0.07076406;30.07.2022;30.07.2022
UNKNOWN:00201c2f22f4a82e675f59f2e5f4f69e6c2fd261;1;1;0.07050373;25.01.2025;25.01.2025
UNKNOWN:00202bb40ca67bd1dd66b2a327194dd8e022d20a;1;1;0.0704956;02.03.2026;02.03.2026
38qiVr7uqP5s2LLar6HvhZ1Y7fmNMNTrNj;1;1;0.07046902;25.10.2021;25.10.2021
bc1q6r985mfuhws8au49rqg342vms7hzthqhpx6768;1;1;0.07006484;08.08.2025;08.08.2025
bc1qmr5zqycavrhsnjk38x6tlpwsyxe05n350j7v3j;1;1;0.07000402;31.07.2026;31.07.2026
bc1qmjgkqnavprewyp69lf2sstln6wmp5kyrgcjkl8;1;1;0.07;16.02.2024;16.02.2024
bc1q8dp8rp3hzw0m9856kyru2a0gx3j5chxpg7ydst;1;1;0.07;23.12.2021;23.12.2021
3G3Wn3WKacxznCmok9hadhi68aTE13hJhr;1;1;0.07;30.09.2021;30.09.2021
bc1qtu9hf232ujjypha5f4c3w2wqxdd3uvwu5qpg8x;1;1;0.07;21.05.2022;21.05.2022
bc1qll0tmxap3xghhwkzpdqrm2rh3ruw3f4mdxr86j;1;1;0.07;20.12.2022;20.12.2022
bc1q92v8usg56n60admxhfrnhx46pnce5yjrnxyq86;1;1;0.07;09.06.2022;09.06.2022
bc1q4m25fr07tcek9949en9jp686u45w6yfg5aj99h;1;1;0.07;30.04.2024;30.04.2024
35BfMdLafms5zsizUvHAqRB1Un8HKaESAX;1;1;0.07;08.01.2023;08.01.2023
bc1qwx7wauhm0glnsc9zhzjjwctwfmgxv3h3ht568k;1;1;0.0699978;31.07.2026;31.07.2026
31m5UREp85KtCCjdtymWFooZoW8wptPtEq;1;1;0.06997779;13.06.2022;13.06.2022
bc1q9uz8tyrrvwf6lq74ztpvd2mwsdwg74qs7jgwph;1;1;0.06997351;26.10.2024;26.10.2024
UNKNOWN:00208bc3d519c9388c52e5c7d951dcca1f57f955;1;1;0.06997246;05.03.2024;05.03.2024
bc1qk9kfxnwx3ae3j9g04ads9gfryayy3pzd7w5m3d;1;1;0.06995127;24.11.2022;24.11.2022
bc1q5cr2harhr4kp2wkj4kz2mnjf2vh3fe42rjgeym;1;1;0.06992357;12.07.2022;12.07.2022
bc1qmu4e0vdchurvl6rhqwmtk3k0tz9u2ysplm4cym;1;1;0.06987182;25.07.2022;25.07.2022
bc1qhk7yzuwhp9y327y8lvd6maxk40lnn7utc8602d;1;1;0.06944091;31.07.2026;31.07.2026
bc1q42wuy8djr6kx2lqhdgua0fsps05u0se9ec76d6;1;1;0.06912202;02.08.2026;02.08.2026
35VayMu1hMgcMH3RwPviS4PKHRVxGTxLKB;1;1;0.06909192;31.07.2026;31.07.2026
bc1qryp3pgw0dt9d706anls9zs79qg7dzy4d4qn3et;1;1;0.069;09.03.2026;09.03.2026
bc1q43agerx4mdrwezyz9grcr7h9xyr3nzltay3u8x;1;1;0.06897195;09.10.2024;09.10.2024
bc1qsqcfxq3usaqakuwlt4fvg0wpmt5hag0chdfflq;1;1;0.06881972;31.07.2026;31.07.2026
bc1qeccjxlay07nwg699frkhwc2qt0vxdfw48cq5eh;1;1;0.06854566;16.11.2022;16.11.2022
bc1q9sw248emw4tqcnypg85mzzmez0rfrkmhpfg057;1;1;0.068336;16.06.2024;16.06.2024
bc1qnv45704dv9qxgf70t7ryphnqqf6dyj7vdmc6wf;1;1;0.06831927;31.07.2026;31.07.2026
bc1qda8hmd5t4defrqe0ktrgecej79gekz47g25n80;1;1;0.06827551;22.02.2026;22.02.2026
bc1q3qhcd333q9w35jfv3n892n856crtjunhtxg67q;1;1;0.06817794;29.04.2023;29.04.2023
bc1q033gfgmlhyc3ua2wpgpznqeqnu65apjyx5uh59;1;1;0.06806519;16.09.2024;16.09.2024
bc1q69ephhfyjlf20349achc7zmecn464uwj06anjf;1;1;0.06782141;31.07.2026;31.07.2026
3Q3esHuEMmZV4KUPCmfx7j4U9LKDDoRHQN;1;1;0.06763478;13.05.2026;13.05.2026
bc1qga6nqke8heczgan4hfcjmqdl7g5d9fwyywwus2;1;1;0.06754298;31.07.2026;31.07.2026
bc1qhx2rkcxjtfwhsay5zs3mqn7mn7ct035jykle3n;1;1;0.0675;06.11.2025;06.11.2025
UNKNOWN:002087a183239e930b54e1a70ae351437edc06f6;1;1;0.067392;11.11.2025;11.11.2025
bc1q8f54f9jdwn8sywxzfz2mp853vweq0jwejlhmvw;1;1;0.06715087;12.05.2023;12.05.2023
UNKNOWN:0020bf91b47bf514a394824ddf02b1fb92728cf3;1;1;0.06711365;31.07.2026;31.07.2026
bc1qxt3tlrc88v6w74ux34tp6q7a86fupy3n56ee7c;1;1;0.06700093;31.07.2026;31.07.2026
UNKNOWN:0020bd5ebd8872c38004f6a08c1eb732d8e9b66a;1;1;0.067;26.11.2025;26.11.2025
37KWijFqgLD8hGFPKHtHux29b5uLPMGeXD;1;1;0.0669696;31.10.2025;31.10.2025
bc1qugl0vle8wwc90nlpl2jyk4jsjed9nf4m0um49a;1;1;0.06667171;06.07.2023;06.07.2023
bc1qjx4x80atw7aw7vqzdzq4znyv3z3zgf03n9yhvj;1;1;0.06645866;31.07.2026;31.07.2026
bc1qsakalqdwc6wd5hnjvcm5kp5y8hknd5vauqdw0h;1;1;0.06638578;06.07.2023;06.07.2023
bc1qe0ggc9mr8s6wxzyr7yq9etuk7wl777de6lqann;1;1;0.06636672;02.01.2023;02.01.2023
bc1qe682xtk7p6zm2hkk6w7djz59uwrtn0thuumds6;1;1;0.06634051;05.07.2023;05.07.2023
bc1quax3rq49ljys6c7z0xuczug8rjjsa3ghgun4z2;1;1;0.0663289;08.05.2023;08.05.2023
bc1qsg44nt8wmg0lt2q7enja0vumxm3z5p2vrvdku8;1;1;0.06623527;11.07.2023;11.07.2023
bc1q9674my0twh2p9ah50fq7x8an2yque62f0fey9r;1;1;0.06610661;11.04.2022;11.04.2022
bc1qf0h565hc86up3df57z6zhyyx7szwsfyma2eyj0;1;1;0.0659;11.06.2025;11.06.2025
bc1qf3v5hw5dsv86gdv9k6gd3335hcdu04jhj5uljl;1;1;0.06569405;01.07.2023;01.07.2023
bc1q2mm5mx5frczakr9tf7lek3j2qf6gk32pdqx8u2;1;1;0.065332;15.04.2026;15.04.2026
bc1qdpukrx579r3kcssst2y76xvqd8fmd5p0avjzrr;1;1;0.065205;22.05.2024;22.05.2024
UNKNOWN:002068c6a4fe85fa891309507a980692a8d76588;1;1;0.06519287;03.07.2023;03.07.2023
bc1qmte2ha8a0y8cftr2dxved6w47n6frj2qq528rn;1;1;0.065;19.11.2021;19.11.2021
bc1qk7kl6vwrgf8q4dppq7uprtw8retvpkdc8ncuc6;1;1;0.065;21.08.2023;21.08.2023
bc1ql9cp9f4g2qftdeelyu44hrx8cy8dnw5gmvy8kl;1;1;0.06499651;27.10.2023;27.10.2023
3Mc7buiQnhdRYFDdQWoQGr5wBwStLQsBFV;1;1;0.06490845;30.10.2025;30.10.2025
bc1qmjd38v7u698vcaqzvdnatyj3c7dyvgwrtvqytu;1;1;0.06473442;13.10.2025;13.10.2025
bc1q25c8p7k8sjcsj9663dntcrmke8q2l6htm6njdg;1;1;0.0645483;15.04.2025;15.04.2025
bc1qwljwvlwjkmf5lhesv64de4u5vreju3ladlk0jr;1;1;0.06445961;31.07.2026;31.07.2026
bc1qr3kqmhwadtyewgnccs8xgz6sp6msd7td3pc0pj;1;1;0.0643438;30.06.2022;30.06.2022
bc1q3q4mcjg5l23ut3l4995la7zuzt6kxs4azc2muk;1;1;0.06418603;08.06.2026;08.06.2026
39kYWJr6sEGWovAuKfnhoy4omFMrPVpNNw;1;1;0.06412209;06.06.2024;06.06.2024
bc1qh2sunkndd9w63jj49csu53cr8scfq68mfzgvqx;1;1;0.06411865;28.02.2024;28.02.2024
bc1q5z8pd4qfp43s46q2phl3g6nusr5xf70ndqygvr;1;1;0.06411677;07.08.2024;07.08.2024
bc1qzh24hf40jq0ufaqdvaq6l372q25kzj7amqptz8;1;1;0.064;28.01.2026;28.01.2026
bc1qt7rhrwmgqs6xu9593ntjv4texhffsd30hxkv5w;1;1;0.0639214;18.12.2023;18.12.2023
35gjiwV7pFAAvt8oKHbW5morAXD3WQD1Ak;1;1;0.06387556;23.11.2022;23.11.2022
bc1qrp9amxfvv00zddj2pze9egj9dxzwwdtcj7s0t6;1;1;0.0637384;31.07.2026;31.07.2026
UNKNOWN:0020028dda89a52928cc369783d553783239487e;1;1;0.06353207;31.07.2026;31.07.2026
bc1qkf0y2vmfvegh3m3rdth56s8vtd6x5hcta8nfuk;1;1;0.06337396;31.07.2026;31.07.2026
1HBFRX4qoReCrCqg5vzQEouKRnJVGs7GCe;1;1;0.06332;01.12.2021;01.12.2021
18bJypE8FDJ5FcQPB7GT4HVrxy3xd9uXXe;1;1;0.06324753;29.04.2022;29.04.2022
bc1q8ghy37utnhps0r57tk7fpdkwmf03723c9c8mud;1;1;0.06301319;02.09.2023;02.09.2023
bc1q7j7mcj57c9p279m6953u22mf6tq33zmvzuwrmn;1;1;0.063;23.09.2024;23.09.2024
bc1q5vl72sl6yvtj7znuxdsrdzvmahf2s4dtfunt6w;1;1;0.06254002;31.07.2026;31.07.2026
bc1q6ec7geqcsuperucqzmemez6pwfp05xnjczmddp;1;1;0.06252379;02.03.2023;02.03.2023
bc1q9avedq3p5h0rgn9mydsfmg5wna92xtmnxjutgn;1;1;0.06251639;12.05.2024;12.05.2024
bc1q3746dm7wupkk820clnv4vxde9lu7l6ev4eeafs;1;1;0.0625;25.09.2024;25.09.2024
bc1qwlm4tspjjk200a8gy0278qyf874gjsqllqgtzx;1;1;0.06214773;02.12.2025;02.12.2025
3DvfedQxxW7x5b4gzDjZA4CZdxX2xJR2Sn;1;1;0.06182953;20.07.2026;20.07.2026
bc1qeqhggawu7atds0hr43a6ru9vuhlmfufdrnnn45;1;1;0.06178755;12.05.2026;12.05.2026
bc1qmqgs6c3lcrw9ykz2fw8kxmt2qmtrkd2v8xl35q;1;1;0.06170779;22.02.2025;22.02.2025
bc1qzqp6gx9cjrcd8ma66j4akhy5vap58ue89cu2w5;1;2;0.06155663;17.07.2024;17.07.2024
bc1q8dmrvfuv5278xxztulh25qf2dqdhl737ud0c7c;1;1;0.06145246;02.08.2022;02.08.2022
bc1qq06jc9v0px4x5333autguf5k4xt9grpjladugm;1;1;0.06138002;06.11.2025;06.11.2025
UNKNOWN:0020a78647963ee6ba46c8d5b90b37f4e2b163c6;1;1;0.06099659;15.06.2024;15.06.2024
bc1qgp564s26savmcnv44xmw4pwuhqpf70wjy2rffn;1;1;0.06098733;31.07.2026;31.07.2026
3CZ5SNfCRfVnxpdF5dPrwcomyqePhBm4p8;1;1;0.0606354;17.12.2022;17.12.2022
35QY93Tk8NNqx6NRZi4EGvwvmofPg5Uw2t;1;1;0.06062217;11.09.2024;11.09.2024
bc1q0mv8wklgxzucfs96gl4mvm5k45nfx7z6dtz95a;1;1;0.06049462;13.09.2022;13.09.2022
bc1qayw8nrec0vsa5vj4xee4dqhfgztx2gqq7w2u0s;1;1;0.06042459;01.08.2026;01.08.2026
bc1qr42fhdpg28cwz5d2ghvpcvkxl5nzehv4menc7c;1;1;0.06017306;26.01.2024;26.01.2024
bc1qfvnh759c6wruq5x4sfh87wha4rwmgy3lz9jsg7;1;1;0.06011722;25.07.2025;25.07.2025
3DD7qH31JUxri4MZXnFwDcaxfGbjvJTXEv;1;1;0.06000026;29.05.2022;29.05.2022
bc1qggxzcz9yvll589ds92mjze2mgvqrgjl9pw8fpg;1;1;0.06;21.04.2025;21.04.2025
UNKNOWN:0020d1fc38a1de0b70c4fb35db408ef94613ca5c;1;1;0.06;28.11.2024;28.11.2024
bc1qsgst0fsqxrtg5hqr9mup60f80gls3yy40qrvk5;1;1;0.06;07.03.2023;07.03.2023
bc1qunq88dwzra54yptetwmn5kh8uwx250guzvecgw;1;1;0.06;01.09.2022;01.09.2022
UNKNOWN:0020ca49d2a7b2601f568b609860246c2234a8a3;1;1;0.06;07.08.2024;07.08.2024
bc1p7654sz40zza9l65dmpa25zp3rfm8shxhnudhenl5ywk4v7lawtzqfyha6h;1;1;0.06;06.03.2024;06.03.2024
UNKNOWN:00204d0def906fcf33a7a3e7e15f4ac7e2c5bb52;1;1;0.06;03.09.2025;03.09.2025
UNKNOWN:002075dd668b2ae101d7be0919402d1b89493fbc;1;1;0.06;03.06.2022;03.06.2022
34SU2QnLLH1aYdAGqGR92KQJhPmd7y5Vnm;1;1;0.06;18.04.2022;18.04.2022
bc1qtksqyh467h662wzf6anq5xnve0v6h5yjzwl6xn;1;1;0.06;03.06.2025;03.06.2025
bc1qsmuuujgtrk3xd67hpt00haf9yexyektdt3dw9k;1;1;0.06;24.08.2024;24.08.2024
bc1qu92c2kx5xz523n85tkwcfmekcu7gyf6clrgxqn;1;1;0.06;11.11.2024;11.11.2024
bc1qryvyh7tdmamkr46gawm4v99gnl6uxj68n9v3jm;1;1;0.0599989;07.06.2026;07.06.2026
bc1qd6zzm5xe25uh9aj0gprlm72fqpknhqvyzv9kd2;1;1;0.0599978;31.07.2026;31.07.2026
bc1qewrlnwqar74re4d50nxs8t8ez5da99j9xl0mjj;1;1;0.0599978;31.07.2026;31.07.2026
bc1qp80fmt9yl36kkyx3vyr3ck5lcmpeunsgashkty;1;1;0.05999749;27.12.2025;27.12.2025
bc1qdtugr8jtuu67gs7wj4af2efurvkzyh4unw74pz;1;1;0.0599918;28.04.2022;28.04.2022
3NxHU3dDvco7Gc8xJToBcenw9Rwap3bch6;1;1;0.05997676;15.05.2025;15.05.2025
bc1q684qfgm2z4nqym33fkgs2kzgq48hydvy90ht8l;1;1;0.05929385;31.07.2026;31.07.2026
bc1q2enqm6glaa6n7efdp2vgul5e644ch93p8aj8nv;1;1;0.05922788;05.06.2023;05.06.2023
bc1q0h9aegnta6akt4deysdk59j5s7tdkwhavdh60e;1;1;0.05920379;14.11.2021;14.11.2021
bc1qjfveq5fw2v27kyc4snknmmatw4ah8d3dhhyu39;1;1;0.0590666;16.01.2024;16.01.2024
bc1qwdqq3mf7fla36f97klw239nyxf8p2d93kq2ctn;1;1;0.05906482;02.12.2022;02.12.2022
bc1qulx9f6r8utng5twytz9jfakkpj67gyxq56cl42;1;1;0.059;04.10.2022;04.10.2022
3QahPrhmeR2VapYSYbCsKtqHKp7qjPHcM5;1;1;0.05875;29.12.2023;29.12.2023
3NZWBuPziVVs8rX1LuEjJe1cAyZSY6zfbu;1;1;0.05873467;29.08.2021;29.08.2021
UNKNOWN:002065fe04d61dd203df70a66610d3a5a0e2ad4a;1;1;0.0587241;02.10.2025;02.10.2025
bc1q6kj6n9ca820jw7hdtwx4fz3p9czfkp7s9jxepl;1;1;0.05842522;24.07.2022;24.07.2022
bc1qghuefpc0z93rgz6sk264yx9dvcu3dgkukfg2w4;1;1;0.05802433;31.07.2026;31.07.2026
bc1q35lndtk0jwrdq8jz00dplk7uhsu32ftvu3728w;1;1;0.05799715;26.02.2023;26.02.2023
bc1qusn44azwa83zmxy382936fwqxcfay0n6tzj2hn;1;1;0.05765694;01.04.2022;01.04.2022
bc1qrw7arfqhxedwlkrz093y0lhrtlh9mg3rvfvlxv;1;1;0.05757216;09.09.2022;09.09.2022
bc1q7a8ygzmwxhte0fwy77zq4wh3ru0uzxpvr5pvw8;1;1;0.0574956;31.07.2026;31.07.2026
UNKNOWN:0020e872a5d25455d8f5e23b290bfd4f9ac44780;1;1;0.05745653;10.01.2024;10.01.2024
bc1qnuhyhw52jd5z6g5j93tmwj3g7c93d9tmrwh5hw;1;1;0.057;09.09.2025;09.09.2025
bc1qmxnajcgm4ylcfgm0kw7y6uu0y0rlf7dsgfga3t;1;1;0.05672648;24.09.2023;24.09.2023
bc1q8zh08pfjd8gdnyach7tx7f97vy2t3cgj2p3shs;1;1;0.05667457;08.02.2022;08.02.2022
bc1q2d5k0zrrm4qv8d7r4scsp82tujsvk03sxnrmu4;1;1;0.05658306;15.05.2025;15.05.2025
bc1qetnaz4ftr754k0vf8739z6knkqmurequu44r52;1;1;0.05649534;31.03.2025;31.03.2025
bc1qwfrzmhvawyl8f49jtghw85r95tt3jnq6ny0ane;1;1;0.05643694;19.09.2024;19.09.2024
bc1qvmkk7tamcz6x6d42sunuf2ussqrjunterzuf7x;1;1;0.0561987;31.07.2026;31.07.2026
bc1q2cmjtpa0q7xvmp9psdcr3mmmvkhj38qtzvzrqe;1;1;0.0560886;31.07.2026;31.07.2026
UNKNOWN:002078f9ac43869de274c8fb554a162a83157475;1;1;0.05605322;08.12.2024;08.12.2024
bc1qetv3zf9lfs3slwv0hjts8ckf5a95cyky697mum;1;1;0.05585269;05.06.2022;05.06.2022
1ExcpyqHRuiSwJJ8cehTqMyJ4kKLoo8TuU;1;1;0.0557;25.01.2023;25.01.2023
UNKNOWN:0020852a0b47cf87240748c317ebe47741d4cb5d;1;1;0.05542331;25.12.2024;25.12.2024
bc1qsp7586nzsvqnu69606rt4ud0sxt7xcdf05zxjc;1;1;0.05531651;01.02.2026;01.02.2026
bc1qycj8t8as6zhgcpf370szaddde3ac0d5wl0dqhd;1;1;0.05520749;19.11.2025;19.11.2025
UNKNOWN:0020fa9bb02319f0d09ebbb9de497f1a243029aa;1;1;0.05520239;16.04.2024;16.04.2024
bc1qg82vxysmayvd6q2tqqgkp0vgp62yy3t2fyev36;1;1;0.05513359;31.07.2026;31.07.2026
bc1qrpc7qz2vcrl2wy0pd759q6vsryzve7dvafcdsc;1;1;0.05503975;19.11.2021;19.11.2021
3PkA6AKcvL9Qd2pwZuVASrasE6i2z1wnbs;1;1;0.05503931;26.10.2022;26.10.2022
bc1q6dczuzg7e9yrxehtrw4d40az3yed0uvms38zr0;1;1;0.055;31.03.2025;31.03.2025
bc1qp26x2rres9h3v00z3anway66z726yry0y0ctr2;1;1;0.055;18.04.2022;18.04.2022
bc1qarpp55rtxa6tagczt5lvcygk22qd8tw5u79km9;1;1;0.055;25.02.2025;25.02.2025
bc1q9u9tttv6rrqy8qch93kg20zkj7gkkgfq6jg0ds;1;1;0.055;25.11.2021;25.11.2021
bc1q8mtxz7wfndlg3kt66zzmwneazhutap02nsdqea;1;1;0.055;14.03.2023;14.03.2023
3P8dW8CTmW2yz3WsA5FXq6FZDzbZUFC9no;1;1;0.054992;26.05.2022;26.05.2022
36cvJtg3sAFxFMwLdVRjAZkpvm4Q7k1Sq3;1;1;0.0548595;10.02.2022;10.02.2022
bc1qh4y0c0u29g43ga5la2726unavx2ec80xg02wfc;1;1;0.0542896;31.07.2026;31.07.2026
bc1qy3tgtpgxnszwr303lj0duusc94gzl4kp3jqdq2;1;1;0.05425793;22.04.2026;22.04.2026
bc1qakaulx53y9cn7evhw6kq58flzctz5wpcz5u0q6;1;1;0.05396238;06.11.2025;06.11.2025
bc1qksr0d93jrxfc450pd2lrvkhng9aaqx9qaaxsdd;1;1;0.05394845;31.07.2026;31.07.2026
bc1qmpf4usgglf5hca6uh5lg5wh8wu52v7qdg8yvt3;1;1;0.05394507;10.09.2021;10.09.2021
bc1q8pdcmar9r0qndz54y4gu6zh94du5jvumqptjsh;1;1;0.05393637;18.01.2024;18.01.2024
UNKNOWN:0020d96b186a742e01dafc13557b2ec63f18b344;1;1;0.05384116;31.03.2024;31.03.2024
bc1qmdd43suuvm485vae4atrvh0vhnntf3n8x6qt39;1;1;0.05380226;22.05.2025;22.05.2025
bc1q7wtc3vn5nk3r4vvje9akeg0ys3fv04d2e4gce0;1;1;0.0535297;03.04.2024;03.04.2024
bc1q2wq3q5a5khkt7ljma6l7f3puheyuj55jssmxvp;1;1;0.05338551;09.05.2024;09.05.2024
3C8qeGyiuiSXf8ZcPFYyQu7Lwz5xPnyweJ;1;1;0.053;29.12.2023;29.12.2023
bc1qevckr9ytdpn2x0rt2dnl46ul2knahfxyrlw8lg;1;1;0.05291736;31.07.2026;31.07.2026
bc1qs9wz0vz2z6v93wdj2qj32k9wtepuu29n4qglzd;1;1;0.05287321;23.06.2025;23.06.2025
bc1qz2wj5zcy3aufdwv3c4rvsv9fmfwa0djm362gpp;1;1;0.05286601;31.07.2026;31.07.2026
bc1qgmfymxvl3euz04hnue5686kdqx6fcu7gqmrhyj;1;1;0.05281234;31.07.2026;31.07.2026
bc1qjtjx3mdanrsep9mhj6pjnhld9vpuu9k78sx43s;1;1;0.05279334;10.09.2021;10.09.2021
bc1qruggha3eqecphf4286tugqzkfru52ay2s875l0;1;1;0.0527499;31.07.2026;31.07.2026
UNKNOWN:0020571d6dd1910f9b9980f6e33b6d92976cb147;1;1;0.05270967;10.01.2024;10.01.2024
bc1q74jy8scwzer8w59q4pgukw8czrfk6tsj6l80rh;1;1;0.05260576;25.02.2025;25.02.2025
bc1qj424lesg9kgjrejdfkvpz56u0fhgf8kznma3p8;1;1;0.0525;31.10.2025;31.10.2025
bc1qdue2lt7qkcplw2nlkevnwjahl5fhrwu67snamr;1;1;0.05249085;28.09.2025;28.09.2025
bc1q503gzhw47mvj0eafukhls9jnz7j3wy6u83rxvd;1;1;0.05242389;03.08.2026;03.08.2026
bc1qmcvl059eq5t536u37sny65hdr7myjhzu9t8u4l;1;1;0.05242343;15.08.2024;15.08.2024
bc1q93lg87jgkk6yepvcthkpkwlsh5awe0a6ynvetp;1;1;0.05237241;14.03.2024;14.03.2024
bc1qkdluwlq55duv2zr23mjwnagpp66uthdmlr362c;1;1;0.05236742;01.07.2024;01.07.2024
bc1qpvfwa2drrmz8t76ugazzv906nnl9nk52k368lj;1;1;0.05236389;03.12.2024;03.12.2024
bc1q5ye5aunwjwp4ldhjpfjpreuzn5svc5xd23vvs4;1;1;0.05230378;24.05.2023;24.05.2023
UNKNOWN:0020cd3ec9ba96c1a6d9aeb07affc1ec5c52d056;1;1;0.05214259;28.11.2022;28.11.2022
bc1qkmg6hqj0vuljraflt9e2fnckk0u0fa8q8g5lzp;1;1;0.05213924;26.02.2022;26.02.2022
bc1qg26w4yenl3eypd7wdgjzuc4ujtptrhugt963la;1;1;0.0520818;31.07.2026;31.07.2026
bc1qafuh0exdu4hy0rzg9cccrsypsd6j225e2jussp;1;1;0.052;10.05.2023;10.05.2023
bc1q9u308qxuygk6txkpttmluw4exu6rd6sk8pgx2q;1;1;0.052;08.11.2021;08.11.2021
bc1q36u8sjs4w2nndm0gwpv83gw2x5lmr3agupvdlp;1;1;0.052;31.07.2026;31.07.2026
bc1ql6scqvl0kqsl7cg39hgca0kv5hczdx0fmy6g9y;1;1;0.05166391;31.03.2025;31.03.2025
3FhkA4thSfK5da2cgZcSFL7QSVch5DpZca;1;1;0.0515;26.06.2024;26.06.2024
bc1q0pqhcykem3sftp8r852ln0tjd5nmv2xyc3njua;1;1;0.05138105;04.04.2022;04.04.2022
UNKNOWN:00207aa640cd3be94b0d37569edbe8bdc66d17c3;1;1;0.05121;14.12.2025;14.12.2025
UNKNOWN:0020ac9475e5d1a5e487adc0e4834f2ad491a6e5;1;1;0.05117521;31.12.2024;31.12.2024
bc1q5xxlzwxd63fsqkkek8mhh4j4u3q70l2z4c2972;1;1;0.05117312;02.02.2024;02.02.2024
bc1qpzynwftllhmy7l48kgzgune9cgn5hpdj6hyquh;1;1;0.05111;30.05.2026;30.05.2026
bc1qgz49zk0p22752lhfu6vd8f8sht78fd8v2t6s9n;1;1;0.051;20.06.2025;20.06.2025
bc1q4yd5ks7m0xjjf7m3nyhe0x9t6mksg8cp433nzl;1;1;0.05097677;29.01.2023;29.01.2023
bc1q2w2lysfj2mn4hv30udg9y7fwa0wjvsucqjmnk6;1;1;0.05090974;01.08.2026;01.08.2026
bc1qv7d5hsxugjejyzk0z4tcykskvynaknyhl3dje6;1;1;0.0507508;18.06.2026;18.06.2026
bc1q2qv09gruel6jwl3w96ufk6uhzdl98wv3y5lwl3;1;1;0.05070379;31.07.2026;31.07.2026
bc1q59lh08x24gs746hn0uy2lawddw92lued4qmleq;1;1;0.0507;14.11.2025;14.11.2025
bc1qzehegp7phmup92ljukf67hue8jwd5muhehwarv;1;1;0.050567;17.12.2023;17.12.2023
bc1q8pylk522vfqr3p8zgr342v95ejwd52a96hkj34;1;1;0.05054014;31.07.2026;31.07.2026
3BW4Hf8yFcLNgGjmAXLX1237x5myPNGJez;1;1;0.05045;28.10.2022;28.10.2022
bc1qdzg3xd05an48pe0hz9xgcqfsgsqxkey5slc0w8;1;1;0.050333;23.02.2026;23.02.2026
bc1q8n9etypd5wkr7cy5465rjqx73366ceh2nehxpx;1;1;0.050325;20.02.2026;20.02.2026
bc1qmzz03edkczk0ale29tztrtlfl74k77yezhn78v;1;1;0.05031356;31.07.2026;31.07.2026
bc1qn8jyzypd6856t24x9t23eygz4ymr03mdt3kj3m;1;1;0.05030083;31.01.2026;31.01.2026
UNKNOWN:0020a3c10d1c2d3c5bceb1d82c4e8ab26f4718b1;1;1;0.05027043;13.01.2024;13.01.2024
bc1qxl8k9zf2ty9dwknf6ah5e8hzdcs9uxxnw49mhu;1;1;0.05024538;14.04.2024;14.04.2024
bc1qyxeja9xm98afx88nsunxftu903s0tapkscctsl;1;1;0.05023286;29.05.2024;29.05.2024
bc1qvgxutae67hgawpvv5fz6qsa207llddxtda5nfm;1;1;0.050206;01.04.2024;01.04.2024
UNKNOWN:00202bfa7856e2ef2d22d363575cd313fceb88b3;1;1;0.05019823;01.04.2024;01.04.2024
bc1qq2uu0w60slxe9r9hvdcetarqph90ss2cfkn7vw;1;1;0.05016764;03.01.2026;03.01.2026
bc1qlud0sh0fhmtzu3ajmm87vf9k4q5l8fduy8udfj;1;1;0.05009128;13.03.2024;13.03.2024
bc1qg8wjy583zcfm5azmq6etqtgn53qd64g29fk55n;1;1;0.0500484;17.09.2023;17.09.2023
bc1qgwgdse3gmysrqu5pqqwthnpfnkp7wef9j02l9v;1;1;0.0500484;17.09.2023;17.09.2023
bc1q2npxyyggexz605zvjs6u97py82as0c34rhy0x7;1;1;0.0500484;17.09.2023;17.09.2023
bc1q276lupqtw20ww5y0mnguwa67map2s8v3thatcr;1;1;0.0500484;17.09.2023;17.09.2023
bc1qsx22r58lczvn6s9dqw6stqarh420j7rfhm7u97;1;1;0.0500484;17.09.2023;17.09.2023
bc1qvdf76cnpq2h7x9dq28ep06922kfck4laxnqzhk;1;1;0.05004537;04.09.2023;04.09.2023
bc1qvhzn3k7aucum582zxekgu06nfjk29p4t3snyqc;1;1;0.05004537;04.09.2023;04.09.2023
bc1qdgle6gs7zac6t389tgnujut4vjuzujx8sn9hex;1;1;0.05004537;04.09.2023;04.09.2023
bc1qh7hxl5ykqf8yavd8xugtdtv03c7p4eespzm8tw;1;1;0.05004537;04.09.2023;04.09.2023
bc1qmqv70nl2kdtkc44dnkgsz5ksvw5llw7f9cx50m;1;1;0.05004537;04.09.2023;04.09.2023
bc1qhcwh5l8m3xynvkzf75gnqyyzxcc3rsrkvy987q;1;1;0.050012;14.11.2025;14.11.2025
bc1qdzf0xasnjllnn3vuyl24apern89sjmjhv53289;1;1;0.05;04.12.2022;04.12.2022
bc1qaxyevt0z7np9ah0j3zxm8gyyvyl4graxqn6wht;1;1;0.05;30.01.2025;30.01.2025
bc1qknmtf4n9mwcjudljw4ycjz2d7lsjgedn36ve6u;1;1;0.05;31.07.2026;31.07.2026
33WeDsvz7yDVgmMhzccPD8fHB6wyezvaKG;1;1;0.05;17.12.2021;17.12.2021
bc1q9raqfkq8jmy377sddy4jqg2gsrhgdsrm5gtlea;1;1;0.05;14.11.2024;14.11.2024
UNKNOWN:002001bc325211fcac2a09b559830644386edf40;1;1;0.05;21.11.2021;21.11.2021
bc1q84eamkhwjqjs5mgkrqw4ed4ytxwyxzxccuk4g4;1;1;0.05;31.07.2026;31.07.2026
bc1q8a606ea6j4dxqy4krwzksghy3dfc4lkdk6rrv7;1;1;0.05;21.10.2025;21.10.2025
bc1qqm2v30kxjtf6x9stxyk4v3gh3gcs3awaztg52e;1;1;0.05;12.10.2022;12.10.2022
bc1qtkgq0puhd0dw7wy2urp9dutmgmq6p95kl2sht3;1;1;0.05;12.02.2025;12.02.2025
bc1qfdhv80zcahzgx0rrhnqm8kdlgxwp07sp06xuas;1;1;0.05;16.07.2026;16.07.2026
bc1q59aa9rqux54teh83pspgkn3dlunpjp3ym0v6ze;1;1;0.05;08.10.2022;08.10.2022
UNKNOWN:0020036542db5cc01d673fcf68af9629bfaa772d;1;1;0.05;19.01.2023;19.01.2023
3D3U877VVKHpAREREiz4ZsyNd97q8unupq;1;1;0.05;30.08.2023;30.08.2023
bc1qml9qgktjgdg3gu67w6twp0ksmj30jzr46ux2dk;1;1;0.05;29.11.2025;29.11.2025
3J87e5Xj6jfjmuDAdmeBAFJyLV7cTnr63T;1;1;0.05;30.03.2022;30.03.2022
bc1qrrdnapqxgk7w3tu7jfqcmljr48suwkp97c3qxv;1;1;0.05;08.01.2023;08.01.2023
bc1qnmfgyja87t2hespkf3xvk6ct3nvvyw4z6mqnd2;1;1;0.05;31.07.2026;31.07.2026
3ANiJipfL78CbQ3qv2n4mYcNQjKp53hYPQ;1;1;0.05;19.09.2021;19.09.2021
UNKNOWN:002031bd3d22a326701c2ced5dfbb05e4c5105f6;1;1;0.05;23.09.2022;23.09.2022
bc1q0uskd7crcs9rc938chhd2tjn47ru5ujpnt9xu7;1;1;0.05;01.01.2025;01.01.2025
bc1qncx4hhyeyannxn8rgpwyeu3l8sn708zvmtk3fm;1;1;0.05;01.01.2026;01.01.2026
bc1qlqh62w6et45z6uqf35gav0zd3wg0ams7wprw8p;1;1;0.05;11.04.2022;11.04.2022
bc1qhm3ynw86grhrtq5q5erla3kdcnuvp99sgqq68n;1;1;0.05;31.05.2025;31.05.2025
3GdUftvwmAQSgToGg87aGq9nSQM1ATUpdQ;1;1;0.05;04.06.2022;04.06.2022
bc1qsmdla9kykds37sz5z9pq5lms40vj6y2ecx5ugz;1;1;0.05;08.06.2023;08.06.2023
bc1qztpp2dk8gltc5dc20fmnktnwng3rfg673rshu0;1;1;0.05;11.03.2024;11.03.2024
bc1q7pv59nm2rgkmuwf7kl3attruqp033ya35my4gz;1;1;0.05;22.05.2025;22.05.2025
bc1q9ma6nz46tqn3wd4jjvze7mrv342jazvk6a9jr4;1;1;0.05;25.08.2024;25.08.2024
bc1qcahdhq49jz6neefcscnfwkun7k347zqhr0wyjz;1;1;0.05;03.10.2025;03.10.2025
bc1qvk6emty573apcevzxk8mguwyacjr3uqqd5kq7x;1;1;0.05;15.12.2023;15.12.2023
35CdaSMEBR4WXJRdu5EEKnSDypLDpPZfEa;1;1;0.05;23.02.2022;23.02.2022
32sYUatt9Pzoh6aS4Ad6kQvuhyMZUV7Z1x;1;1;0.05;16.05.2026;16.05.2026
bc1qpx07ql4szyaumm5csj2jc9w24cnx2vv2ap2uxl;1;1;0.05;12.01.2024;12.01.2024
UNKNOWN:0020c2cb8c47fc3493a8a78f4f6b289f926b1cf0;1;1;0.05;27.01.2025;27.01.2025
bc1quplxgyyd7fdyl6xvp32gmksqggdkejcqekrdwu;1;1;0.05;11.09.2025;11.09.2025
bc1qqq8s59uq9edxhs3jhsnmjfkxmnkr47vxal9k6c;1;1;0.05;28.01.2026;28.01.2026
UNKNOWN:00203382267bf115a72ce8e58ee011746d355c4f;1;1;0.05;29.10.2024;29.10.2024
bc1qp5krh9q8rjt8xjk0hgwmfel22440szns9zjcmq;1;1;0.05;04.12.2022;04.12.2022
bc1qegzq6d4kt8ypydkunt0alvmvjgumk89vu3r259;1;1;0.05;23.08.2025;23.08.2025
bc1qqr4wpjpwjttcan8lpkz4nrerhm37x83sfnnahy;1;1;0.05;10.05.2024;10.05.2024
3FrmWLychyzhiVJJCBPqs5LX4Z1Ktr6aY9;1;1;0.05;08.02.2022;08.02.2022
bc1qfyhm4nq0v22x5vxk93uytuhs99p9g989d5l6cs;1;1;0.05;11.03.2024;11.03.2024
bc1q6af8qmkrz77q4dzm5nla52zsvzhzprww9620gc;1;1;0.05;31.03.2026;31.03.2026
bc1quzmmws66saje35p2gk7shu94uvn8vknvv9mad7;1;1;0.05;08.07.2024;08.07.2024
3GGymkMdWGUnusRAP14qo7bGyeiRefTcmK;1;1;0.05;28.01.2022;28.01.2022
bc1q5tdy6nz0l30uw4jyw4ww7xeh3amh4gd3emz2s9;1;1;0.05;14.05.2025;14.05.2025
bc1qwlz7le0vt6zhc0m3nl2uafxvvtqfhutphmhaus;1;1;0.05;09.02.2022;09.02.2022
bc1qem6w5t2yk0tzlj99r8n3jd4yk9lxq3mperscq0;1;1;0.05;22.05.2025;22.05.2025
bc1qrvlqcktjvdxx2ajvc703xl83n3u387raxfy76j;1;1;0.05;15.03.2023;15.03.2023
bc1qq7l4ysj2ah45t3qyrds8u389v43hkufl8ffxeu;1;1;0.05;13.06.2025;13.06.2025
bc1q5dxzam4c2xaamc8cv8pzdrf9lhewn7ss47jtma;1;1;0.05;25.10.2023;25.10.2023
bc1qh7ffsq7r99vmevtz8gm7d7vax97rrwe03n2zma;1;1;0.05;29.12.2025;29.12.2025
34AbR9LkN1hR6h1vMPjWV9JLp12CWAak9x;1;1;0.05;03.09.2022;03.09.2022
bc1qg8gdf4f93nlmp3s3kvt37003rx7p7rdam6h3mc;1;1;0.05;23.12.2023;23.12.2023
UNKNOWN:0020c95345a4c00b2acf5d02ad37c46104afa625;1;1;0.05;03.08.2022;03.08.2022
bc1qrhpq3lr80n5f7tt2rax65y7nzs8d5hqfr050af;1;1;0.05;30.05.2022;30.05.2022
UNKNOWN:00200a2dfd1af96c64d36ecc01037eff8809c3df;1;1;0.05;06.04.2026;06.04.2026
UNKNOWN:0020bd2cade605f256a2b0d3e15e39d3149cd9fd;1;1;0.05;30.12.2022;30.12.2022
bc1q58hz8njcaafdfjtxzwzhy8yyu5tu6zt83ccpkf;1;1;0.05;28.04.2026;28.04.2026
bc1qhx4hg3tj95dyezg4easgs27vr2l5rnyls62uem;1;1;0.05;07.05.2021;07.05.2021
bc1qznl2qyg4xcynw66tpycxzdpfjn40q77aef0jmq;1;1;0.05;01.01.2025;01.01.2025
bc1qdtd5w7perzw459vrr7wpkfezgnh8f5vygzw5v3;1;1;0.05;05.05.2023;05.05.2023
bc1qtm8mde95ufyjfvs04gnmfckq6p876jcqeq0mfn;1;1;0.05;08.06.2023;08.06.2023
bc1qwpapmvd74y9u36qrffgd608frqksrpu9s9h5uq;1;1;0.05;14.03.2023;14.03.2023
35VZNEvuMiWENTWbRxHam2QGaQpSv6m73D;1;1;0.05;11.04.2022;11.04.2022
bc1q4p0np90wph30de7kykm3rc053xyw89mu3eusqw;1;1;0.05;11.08.2022;11.08.2022
bc1q7yenvv0ppcjy67a7t7eqwtmaah4h7e9wuktevq;1;1;0.05;07.10.2025;07.10.2025
bc1pxy0xyadxrpuq7rvrlr0vv3ye35sy3zhzcxqrru4dfldy2t8mlqfsdqvfxq;1;1;0.05;19.06.2023;19.06.2023
bc1q0c7gwjk5hyl0v4sngj5nmv70ks44cj5s40s25v;1;1;0.05;06.01.2025;06.01.2025
bc1qr7xllvsg5gfh074c64yxr5j7d0udjl5p3vmsfg;1;1;0.05;25.02.2025;25.02.2025
39EkE2oXvqGQyYq4HNSSoHuraR126VrMQs;1;1;0.05;11.11.2021;11.11.2021
bc1qnqujhh5km40cjsfm2guum3pykcv6pdr7s2c4ek;1;1;0.05;19.12.2021;19.12.2021
bc1qh3m89e5j5nfukrawhht3c7a0vufalxve3yz0d4;1;1;0.04999932;31.07.2026;31.07.2026
bc1qlk7xnpnwmktxj67urfrczjtqkltsu2lhcw08x6;1;1;0.0499989;06.04.2025;06.04.2025
bc1qmxvccf2avc5pu2juud36nu5egxmlvzdy4x30au;1;1;0.0499989;06.04.2025;06.04.2025
bc1q64xqfdycapft9ulv3ehj0ejq8pk8hfxzg6jdcs;1;1;0.0499989;07.01.2023;07.01.2023
bc1qc8d0arfsa5y8amr78l5w0kpkx0fu8xzhfrjnrf;1;1;0.0499989;06.04.2025;06.04.2025
bc1qk73k3n7gs6ues45czqwtvk7grxa4xhlmpzndfp;1;1;0.04999888;31.07.2026;31.07.2026
UNKNOWN:0020cef47ee204f85574bc5206d168517886dd0d;1;1;0.04999878;18.05.2026;18.05.2026
UNKNOWN:0020f88e7fb3d413d285192730895e4cc1f0fce9;1;1;0.04999878;18.05.2026;18.05.2026
UNKNOWN:00202e98c226a43ac3725ba828f08122bb01698e;1;1;0.04999878;18.05.2026;18.05.2026
UNKNOWN:002049c5719dac6498faa4f85a71e5d1a7ea12dc;1;1;0.04999878;18.05.2026;18.05.2026
UNKNOWN:0020df361277797a931b878aa4e13044324da679;1;1;0.04999878;18.05.2026;18.05.2026
UNKNOWN:00209741610a8a831f119a97305b668024de2476;1;1;0.04999878;18.05.2026;18.05.2026
UNKNOWN:00206b2b3e8cd4bc96c6177305eec26a990835e0;1;1;0.04999878;18.05.2026;18.05.2026
UNKNOWN:0020d75a2b7176bf5bd8ef944bc78f78e245be96;1;1;0.04999878;18.05.2026;18.05.2026
UNKNOWN:002009c397db29774d57f20f58aa0aa926959885;1;1;0.04999878;18.05.2026;18.05.2026
UNKNOWN:0020a70d4d7c3940d08888c371374a63c17b01e9;1;1;0.04999878;18.05.2026;18.05.2026
UNKNOWN:0020a96a62a440a066778dd604c1d4e5e176ef1b;1;1;0.04999878;18.05.2026;18.05.2026
UNKNOWN:0020ac6bab6fd788d6fc65f2d996f03168c7d234;1;1;0.04999878;18.05.2026;18.05.2026
UNKNOWN:002045bccdb3881e79b782f89689679709e838dd;1;1;0.04999878;18.05.2026;18.05.2026
UNKNOWN:002029ac23dab4ac635858906641d6548ca5f3aa;1;1;0.04999878;18.05.2026;18.05.2026
UNKNOWN:00203819c13e04df849a184514e4b32502b6ee03;1;1;0.04999878;18.05.2026;18.05.2026
UNKNOWN:0020bcad6621a3e9909aaa703db4e185c3b64dae;1;1;0.04999878;18.05.2026;18.05.2026
UNKNOWN:0020ff2cef74f0885f30c7bd5e13f9a0553c2be8;1;1;0.04999878;18.05.2026;18.05.2026
UNKNOWN:0020b3a469f3bf56f863a3fe76322ca70ef1cf01;1;1;0.04999878;18.05.2026;18.05.2026
UNKNOWN:0020a49d104f1637066cc8d3c09aa100ee42ceba;1;1;0.04999878;18.05.2026;18.05.2026
UNKNOWN:002031666b1dc6fb9a9e73810ff29174fee8bf26;1;1;0.04999878;18.05.2026;18.05.2026
UNKNOWN:00206388bd8876ab69c8a8de3ac30dd1b51c73a9;1;1;0.04999878;18.05.2026;18.05.2026
UNKNOWN:0020d58c2ea90ebea89a27bbe19481929382175d;1;1;0.04999878;18.05.2026;18.05.2026
UNKNOWN:00208ecda2e4c581de95a1f49387de3612f5efab;1;1;0.04999878;14.11.2021;14.11.2021
bc1qrt0uveft83u5sa3vshekmhqymkt5t0htj7974e;1;1;0.04999782;06.04.2025;06.04.2025
bc1qyepfla4tkf9tzxkutz85y8mtk728aevq49x423;1;1;0.04999782;06.04.2025;06.04.2025
bc1q5sxatr2e9j2dxlpgh9zuwage4l8ku3wcskv2cv;1;1;0.04999782;06.04.2025;06.04.2025
bc1qd2ecy8h4mjc07xl3zx6j7t3s2ft6rms4lsshm6;1;1;0.04999782;06.04.2025;06.04.2025
bc1qgs8at92l30ctf3xxp75czkkkp3zzjazh4g6uqt;1;1;0.0499978;31.07.2026;31.07.2026
bc1q6zvaxx7mm4ct5m7v5y6jazn4aw902xcn8clufl;1;1;0.0499978;31.07.2026;31.07.2026
bc1qrx39ujup903mhla27ptav0xuh7cmg97d5kz20x;1;1;0.0499978;31.07.2026;31.07.2026
bc1q6k0j00hdvq3ttvel43yyxr6d4lh02934xewr3r;1;1;0.04999776;31.07.2026;31.07.2026
bc1qhxfk90cm2ec60az88ah35rqqn3tzs3lnuu7l6z;1;1;0.04999761;30.08.2022;30.08.2022
bc1q2qzydhmed6ew5yqzucqj2th35a6ydgeu7u8a57;1;1;0.04999761;01.09.2022;01.09.2022
bc1qxpgvxnkqj5vckjhw7t3udmn30ps4as85r7vsdl;1;1;0.0499976;01.02.2023;01.02.2023
bc1qtln84t353v6xmjrkquuwfz29lwgawvsvxxu3ex;1;1;0.0499976;02.02.2023;02.02.2023
bc1qmdlxrnm84g6dmx2lj8gp8ccnyym5n8unerhjmt;1;1;0.0499976;02.02.2023;02.02.2023
bc1qlkwcw3kw9z4asc4ehuljyl6kae2phq3vy7hjrg;1;1;0.0499976;02.02.2023;02.02.2023
bc1qa7hh4d59hcnl4a6py4ha35d4s7gtxglz3hs9k9;1;1;0.0499976;02.02.2023;02.02.2023
UNKNOWN:0020e17b77032694db48116d720a7d26e7957344;1;1;0.04999755;16.11.2021;16.11.2021
bc1qwyl76mmetwxmc9r65zmuhy99000aeav0xanhv5;1;1;0.0499975;31.07.2026;31.07.2026
bc1qe5tgqhgzjcmsmlgev7zs3ymkv4ytxazsw6qjx0;1;1;0.04999673;06.04.2025;06.04.2025
bc1q2nqcwmasfkkwnmddnqwwe9ddkz8a58gn3h03sa;1;1;0.04999673;06.04.2025;06.04.2025
bc1q4da8dn4rkyhcn23appjje4jrk2ngamdt8dujx5;1;1;0.04999673;06.04.2025;06.04.2025
bc1q5f9rlmrh6wvayv33qxw6gh0avrd26ux3l3gxv7;1;1;0.04999673;06.04.2025;06.04.2025
UNKNOWN:0020f2998b083b225bb669e0f6b9aaa8cad1838d;1;1;0.04999637;18.05.2026;18.05.2026
UNKNOWN:002020b772b76a86e14b7f0fc87f871963268e68;1;1;0.04999637;18.05.2026;18.05.2026
bc1qzhz2tcfp6kfk8ej49pe9js2235g9vyneeuw8pm;1;1;0.04999622;23.11.2024;23.11.2024
bc1q7jy3xlfmaladqm6j6e0wyl2m592mjtzs4wee9p;1;1;0.04999622;23.11.2024;23.11.2024
bc1qnvk607t4j7sl0xl08p3f6wnfkvqatvre3pf6lg;1;1;0.04999622;23.11.2024;23.11.2024
bc1q7aauluef8py4eqxf8u42eh85l4hjngt8ng4sud;1;1;0.04999593;30.10.2023;30.10.2023
bc1q7dqctsg20ty5f4pqn62yrr74k7zpg7hmsnhhcy;1;1;0.04999563;23.11.2024;23.11.2024
bc1qklq62axuvnvpssh87wgcjtlk2k4c4mawef6r44;1;1;0.04999563;23.11.2024;23.11.2024
bc1qcgcml3stwp53f9qrhwn8em682md58g2rxec709;1;1;0.04999563;23.11.2024;23.11.2024
bc1qzk56qpcy4qgkxx536m6ykgr3u7j5mtdygh4fwk;1;1;0.04999538;07.03.2023;07.03.2023
bc1qwyldh8lxh4hn94p9hufpus5qa45y4spgkvrtth;1;1;0.04999454;23.11.2024;23.11.2024
3AhrKEBb3HZiiRvAHo14TPJWy6GMX1KNE9;1;1;0.04999443;30.01.2023;30.01.2023
bc1qjgz30q0cnzre3d884dwurgqas566256t3n27ef;1;1;0.04999146;31.07.2026;31.07.2026
bc1qsx6u0paszh4680rdtkygxl97udlc8rxgx7zdj3;1;1;0.0499901;17.01.2023;17.01.2023
bc1qx62xu8prfwugkqm9pvl8rh6642d4al6m7r5fk5;1;1;0.04998908;20.05.2024;20.05.2024
bc1q6vrrpjav8sy623dngmmk299nya02pf28ds4w6f;1;1;0.04998908;20.05.2024;20.05.2024
bc1qm5v5ajsvddcnqvkkp6xjujcpe6yjt00f7njrws;1;1;0.04998183;31.07.2026;31.07.2026
bc1qlkypmgkp8w7eydnpwadnqgsggrj0h4kxhzdfu3;1;1;0.04998071;25.02.2025;25.02.2025
bc1qduqhxztldrntwfrhjr7vfrgawwqy3r4a3dex6m;1;1;0.049978;01.04.2022;01.04.2022
bc1qr5y4yshsrnke7x2lskqpva8v70p3799cr4xsmy;1;1;0.04997269;02.02.2024;02.02.2024
bc1qdda7nm9je3g0udlcgazfddgdzzdl837h02gu3w;1;1;0.04997017;03.01.2024;03.01.2024
bc1qp6u8n96ehmlrha0x4w6dvrfvt93q3n04kv3q0n;1;1;0.04996403;24.10.2023;24.10.2023
3P3aQR7e5dx2KBYcF8eePXn888rBmXxouj;1;1;0.04996032;01.07.2022;01.07.2022
bc1q4j7r9ng7pd287ztg5zd2mzx6htcwh5fr9nmnc6;1;1;0.04995985;24.05.2023;24.05.2023
UNKNOWN:0020d887945f9a540ac12d41146c3428bb31c1db;1;1;0.0499499;09.12.2023;09.12.2023
bc1qlnssc9z7q8h4gv6ldm85f8rmc0qe3ldk0ng0l9;1;1;0.04994754;01.06.2022;01.06.2022
UNKNOWN:002000df499e5af1829114a3901b0b8f30f216b9;1;1;0.0499417;08.12.2023;08.12.2023
bc1qvkydha86h3gy8qc6etvf9x9v2qa2hwy6v2slpy;1;1;0.04992665;30.07.2022;30.07.2022
3AfmtUT5BjvCK64f2iz3DzcME2VATCJVK2;1;1;0.04990399;01.08.2024;01.08.2024
bc1qnw99m3277gy55pyr82h5wl658q9pfmvucz9u87;1;1;0.04989666;06.04.2025;06.04.2025
UNKNOWN:00201135b82cddd235fa5cd163853b693d1c7225;1;1;0.04985199;06.12.2023;06.12.2023
UNKNOWN:00201f4e67e3eb71d0db0a986e4f9b241278eff0;1;1;0.04984099;23.12.2023;23.12.2023
bc1qdzf62vy2h7qwk7xe8dtjxzase9w0sp06za03uv;1;1;0.04983797;23.12.2023;23.12.2023
UNKNOWN:0020afa6d76c0b430a8d3acccc320afd33841acd;1;1;0.04982879;23.12.2023;23.12.2023
UNKNOWN:0020d083099248d3660cb37fb9d07b80362ea34d;1;1;0.0498251;23.12.2023;23.12.2023
1Jo6fdqCFL75kWibnmGUHR9Zg6VAiQhDgH;1;1;0.0498177;10.07.2024;10.07.2024
UNKNOWN:0020de8b04c817611a5a68bffff6ecd571457807;1;1;0.04981146;18.12.2023;18.12.2023
bc1qkywup63k860hqhldregwsnmqlwfag0639avzjz;1;1;0.049811;14.11.2025;14.11.2025
UNKNOWN:002097bcf5198a5d430d250c078b95a4093a4d8b;1;1;0.04980669;18.12.2023;18.12.2023
bc1qsq3nru3gv86jcnt4yjl2j0rz2sgzufljy9eleh;1;1;0.04977484;31.07.2026;31.07.2026
bc1qclda2awat8ev0dq4j2vt65gmy2ql8pqd96kae4;1;1;0.04977412;14.11.2025;14.11.2025
bc1q4pd6vfxjjtxqw80yt7nlc32gd88kjhj770ea63;1;1;0.049751;14.11.2025;14.11.2025
bc1q7029h9adplxhtwr8ptyshxyg6wn5yghrrmsmmg;1;1;0.049721;14.11.2025;14.11.2025
3HzCQZiSr29kZ24kVdJFfHnKYn5nTZmjzp;1;1;0.04962;09.03.2022;09.03.2022
bc1quz8cdlp80hq924cz69fswfy3tntdf3exfd47a4;1;1;0.0495513;26.09.2021;26.09.2021
bc1qa2udyhtnr5q3rhwwlpp5yj4f4x0y95tynzcr6w;1;1;0.04952;18.08.2025;18.08.2025
bc1qcjvnehxv6dmdzrywysw37jy3sdwaen0r4thlcm;1;1;0.04943816;06.10.2022;06.10.2022
bc1q4gthlw4h4px5lcvjhwkd85g0q6l5wxxanrtmur;1;1;0.04940831;21.11.2024;21.11.2024
bc1qtshz5hrd6f89ucyptgq5jjq889jvww42u4j5ya;1;1;0.0493585;02.04.2024;02.04.2024
bc1qhwyyxnk9t0wj38qd9aywcz5ps7uuxuzck52h0e;1;1;0.04929798;16.04.2023;16.04.2023
bc1qhx3gysfu330grv25tphutdtvveu6qf3gj53en3;1;1;0.04929353;14.05.2024;14.05.2024
bc1qvw3zv2u8t3dpcf03g6kfea9pysg7tmzhnrs4z9;1;1;0.0491;18.08.2025;18.08.2025
bc1q4hteg72gkzfw4fdlqqu7aqqd8l5w4lejpwjp6w;1;1;0.04903428;31.07.2026;31.07.2026
3MMrSZ1KeFqCGEqXgcu6A5kEN4hMuXdkQk;1;1;0.049;23.05.2022;23.05.2022
UNKNOWN:002035565910703c2eef14b7151c8f5d66c9a0bb;1;1;0.04899297;16.11.2021;16.11.2021
bc1qsczl94mqxsgh4jswlwz6eduf7xs95wkaxrvg6v;1;1;0.04899073;09.11.2024;09.11.2024
bc1qxvaql73w75jq9kttc8f2t42l45v36wep2xc3f9;1;1;0.04898888;03.09.2022;03.09.2022
UNKNOWN:0020e9d257535140905400382a8547586c25d717;1;1;0.04896961;16.11.2021;16.11.2021
bc1qc95f2acq4vant3kg9mu93l7qsn9950zf9jfmfm;1;1;0.04895332;04.09.2023;04.09.2023
bc1q5x34pzr0z7re4kg8l7a47zwumn7cncxele0l8e;1;1;0.04864895;27.09.2022;27.09.2022
bc1ql2wjqdgrw3hlmlj9uf3pmykaneh09s4u8a7m8p;1;1;0.04862714;30.05.2024;30.05.2024
bc1qyqjq7z9s0ygpgfhrvracwg45kgugwh8qthe0x7;1;1;0.04858278;31.07.2026;31.07.2026
bc1qs2l3vsdu3y007qkgjyd5x0aqgr56ryawn0f5u9;1;1;0.04845493;08.01.2025;08.01.2025
UNKNOWN:0020a59f12128e3d0c988205fb44fb71779b6928;1;1;0.0481694;01.05.2024;01.05.2024
bc1qflh8nen5kh4e2472cy29hz8hp5x3x5yxxzgka8;1;1;0.048;17.06.2022;17.06.2022
bc1qte4v5nwtgam9l3t5y7446plktm267cur0ny7x6;1;1;0.04791893;27.05.2024;27.05.2024
bc1qwj5r7nwgd9t2nvdl84guawnpyjsak5dc3hv5qm;1;1;0.04777396;31.10.2022;31.10.2022
bc1qay20urm6hggcs2m2t39kcjaefxk53n5t736xkz;1;1;0.0476031;16.07.2024;16.07.2024
bc1qmgatemmywysdnzzlf20ty5rtmelpslg4glzll2;1;1;0.04750236;08.04.2022;08.04.2022
bc1qnc8avplssczdjwev9dlqagyejl0u7672czqwvt;1;1;0.04744296;27.08.2024;27.08.2024
UNKNOWN:002021e7d1570a1a0aa9583ecff2bc5e8c2e9026;1;1;0.0473;25.11.2025;25.11.2025
bc1qmscaszyvncc0zlfahkh90vcjyjy7fu7wcwtz60;1;1;0.047236;18.11.2025;18.11.2025
3FunzRYvKiX9sS4TH8XvMVanS6dahqDRBA;1;1;0.0471832;10.02.2022;10.02.2022
39cv7tggAuc7QzMqYKZ7AkzzhQuzKqeVbw;1;1;0.04716619;30.08.2023;30.08.2023
bc1ql2qgrlf8ku3g38w94sgq23a2tzmfl4s7uklp46;1;1;0.04713821;31.07.2026;31.07.2026
bc1qhdjlv6qm8tywz3fd3zhur78q93yrunraaf6r6u;1;1;0.047053;15.01.2026;15.01.2026
35Qc5mCFHRDFW7EB76qcChfifNXyb9PwxP;1;1;0.047;01.08.2021;01.08.2021
bc1qtrcpvndh923nc6lzkwn6f4rcl80f9jhykk0ryt;1;1;0.04696106;31.07.2026;31.07.2026
bc1qlh55geejf0w48uzqz8k53e98aek6axcq58gdxv;1;1;0.04691388;16.06.2026;16.06.2026
UNKNOWN:0020a731740d63568d60380da976650346dcd238;1;1;0.04683958;02.03.2025;02.03.2025
bc1qwtr0dv5jk5hc0fq9mahgmjjgf77qxv25z4vvkp;1;1;0.04683902;31.07.2026;31.07.2026
bc1qmje567lawm4fx44lyl4rsw7jpaujzdvv0a0jy9;1;1;0.04668707;25.09.2024;25.09.2024
bc1qutxdn4rwuvla0gma8sj86zreemvt3syswncxar;1;1;0.04657633;31.07.2026;31.07.2026
UNKNOWN:00201427f82712fbea1d27b6f5770c7e81fe44a7;1;1;0.04649614;16.05.2024;16.05.2024
bc1q3a0nkvs3cjwm2l4ez5latfsk9wgqy9xdku7rue;1;1;0.04641497;08.06.2024;08.06.2024
bc1qgvvuc2d80l8qnwjxxm3jnp9mgdvx0ngg7vdn62;1;1;0.04640171;15.07.2023;15.07.2023
bc1qpn5nk4hyf5ytqlr22y9y7208gd5rxcvx96cpr0;1;1;0.046163;17.06.2024;17.06.2024
bc1qeaup52w733hhht7pje4a9ascfla05hzfv6e36z;1;1;0.046062;02.09.2022;02.09.2022
bc1qmls5f3df50k8huddte0vy4fjcdz3xprj7dfjj0;1;1;0.046;30.01.2023;30.01.2023
bc1phmnng9jkjpdxgzau07e3sysd8ct5yww6ctfzzyh3yaatxnj542dq8heww4;1;1;0.046;04.02.2023;04.02.2023
bc1q4t508arvwlede8p698cs8luneerh2rrtz2yjq2;1;1;0.046;08.08.2025;08.08.2025
3G5WB6dur4My6A7d4nwCc5hYYpWbNfkqVh;1;1;0.04579605;10.06.2021;10.06.2021
bc1qau9djnpwvqqsdxwhzu6dm9xjr2ckzp4m7jrt7u;1;1;0.04560354;31.07.2026;31.07.2026
bc1qkmweawfg0pczvqvj734mvqla0hn3rs9f5dcflr;1;1;0.04559095;31.10.2025;31.10.2025
bc1qg0g49wq83vgacyag02ff8hx7u6z7lft3xepnxp;1;1;0.0455833;31.07.2026;31.07.2026
33yGiDJZ4Ta98JWcFH1ftfcr7wmnDGRoHu;1;1;0.04549132;31.07.2026;31.07.2026
bc1q7f0hyz6yj6a7lerdvntxr7jjl6hutydavptz9f;1;1;0.04546141;27.10.2022;27.10.2022
bc1qlkzd8mfzrkkmwnxqyvvgdu3nrk9ttz5449spq0;1;1;0.04532008;31.07.2026;31.07.2026
bc1qj04fwudrjrjuk43nlp5mt290l6meffekxnhdvz;1;1;0.04513515;31.07.2026;31.07.2026
bc1qlt0ssh5yq48djpf4kn4jlftsr0fwsjwse5q7f6;1;1;0.045;12.04.2025;12.04.2025
bc1qeqnuuy9l7yapqa2up9n2k6zyg6ey2970pual22;1;1;0.04493403;23.05.2024;23.05.2024
32WN3mWNSULDVoyTi1r3NL245eRFntzqiQ;1;1;0.0448129;30.06.2023;30.06.2023
bc1q806m5h84ljvgfhgf3qzcqsg4v2qlf98uldgqwt;1;1;0.04474281;31.07.2026;31.07.2026
bc1ql880xel5jv3lh6369frd8mz58cmeve9hv7tu73;1;1;0.04473951;11.04.2025;11.04.2025
UNKNOWN:0020e960082379eabe95ccdbf2c261398b543b93;1;1;0.04467452;01.07.2024;01.07.2024
bc1qh0lyn7dlury5xdtwtd7raf9nyzyejmrackm0s6;1;1;0.04456989;31.07.2026;31.07.2026
3PZ9vG7aijZDi1rMHLbwaD5XWtuFtNmCqS;1;1;0.04446591;01.09.2023;01.09.2023
bc1qtt79t5vhksmkplckqtz9xm3c5we0hx7t8sgfj3;1;1;0.04446301;31.07.2026;31.07.2026
bc1qar7e9cjpa3uahd4m6lg62n7h7u3t4ttntdqz8s;1;1;0.04427956;14.12.2023;14.12.2023
bc1qv2xn29nnh2jmd55cv2r57rmp95eax20wc6cyml;1;1;0.04409149;18.01.2022;18.01.2022
bc1q03e6f80pgqlfyh0nngrzfcsxg3fky9zy4sr9jm;1;1;0.0440649;04.01.2022;04.01.2022
bc1qfvkxszh58cgtqwtte76pg30fa8kmeaqc7c6g6j;1;1;0.04401562;13.02.2026;13.02.2026
bc1qxhvdcxtgdf776ycl8dvadtvas22jv6uu93yw2g;1;1;0.043936;29.12.2024;29.12.2024
bc1q9hvrzyupg6x6zw67vtuqnmfwyzfhckx092uemd;1;1;0.0437961;19.01.2025;19.01.2025
UNKNOWN:00203769632d80d4a7ccbbd23f1c53ad18bf4a8e;1;1;0.04372332;25.06.2021;25.06.2021
bc1qa9ms0hh6ykcl4t0tq88tm88ljm8gsuv7xy9cgt;1;1;0.04365579;14.04.2025;14.04.2025
bc1qdjpj8gtgr4e4nlvzttsqag3jrgmyka8k537r2u;1;1;0.04346747;31.07.2026;31.07.2026
bc1qxkwheg0ghkvps9fmqugtfscrspf8804ppjxmpz;1;1;0.04345127;11.04.2025;11.04.2025
38yV3v9atWtRWWKawcWCqJMPioevZqbZoQ;1;1;0.04341748;17.03.2024;17.03.2024
bc1qdl03mj9gf2pzsewxzcpjr5tysgnnzw03qg7t4r;1;1;0.04340544;31.07.2026;31.07.2026
3LPUTQagcuGwqeq47TvsPnv71wHCfhCuew;1;1;0.0433513;19.03.2024;19.03.2024
bc1qy35npscswnzszdaujc5rqnm8y6lzu3yju2y32k;1;1;0.04332893;12.04.2025;12.04.2025
bc1qxgt5k9x5al93mu7n6hk3sd57prt43ekmcfgdfp;1;1;0.0433;27.05.2026;27.05.2026
bc1qr38tthu4zhrhqly9rj7als8hh7n3q6535ezwch;1;1;0.04304714;31.07.2026;31.07.2026
bc1qkqvzl8kndnn86mtvvmdmwd769wh3220ggddyld;1;1;0.043;25.03.2024;25.03.2024
bc1qpa4gv0g4uchxarrtnj8ez93dvsctwzv5ch9dwp;1;1;0.043;20.07.2022;20.07.2022
bc1qt66q3njzhy9n7lm5a8lej8y8tg7hgj4ljduyy0;1;1;0.0429;10.03.2026;10.03.2026
bc1qw9fml9vg6acyjfmuvm2at3q6t3tvw84dqtchn9;1;1;0.0427302;20.08.2025;20.08.2025
3PagcTZbuzCB74ErJWZjbiQToXmPju4j61;1;1;0.04269;01.03.2023;01.03.2023
bc1qzh64gssz7efcf73vnsmctshs3v72w83e06xgul;1;1;0.04265037;25.02.2023;25.02.2023
bc1qndevahxzutpfl95djhzarh7l4xmp4trsr84td4;1;1;0.0426415;30.07.2026;30.07.2026
bc1q3peq5kh0evkzdmlyc4cy2246qnnkdcagyua40f;1;1;0.04250004;17.09.2023;17.09.2023
bc1qel5m2gg2euya89sma8rupf9e9zyl3qkjh66m2k;1;1;0.04247893;18.09.2025;18.09.2025
3AHEsLKVV5mkrrYYnKF9555cjs96SKR8NJ;1;1;0.04238593;29.11.2022;29.11.2022
bc1qxqu356654ad25rf0sujm5l2ef0036zwvt8dmya;1;1;0.042;28.05.2026;28.05.2026
bc1qf3evzw8sn0qmwkzgvzzdygqlh3x4zstn6a79pc;1;1;0.04197216;31.07.2026;31.07.2026
bc1qn73j9u8nhqyf42tf9qcyz3czxram2azjzkwfag;1;1;0.04166061;31.07.2026;31.07.2026
bc1qcc9x32m43mzphprfc8m5yjk0r2zmfwans0qspc;1;1;0.0415517;06.05.2026;06.05.2026
38YpNrc7ry295BhEXQ7qRTyR38r8gW7N5W;1;1;0.04153682;01.01.2023;01.01.2023
bc1q7audn5a5d8glpzzm8zmv5sq3kvhkt564p09e4c;1;1;0.04141473;31.07.2026;31.07.2026
UNKNOWN:00201b38cf4a127f5783cc7d7d980016fa7528cb;1;1;0.04132755;25.07.2023;25.07.2023
bc1q0u77f6cwqggt492lh0ua6epwnmqr9hnw0l47hl;1;1;0.04129041;28.07.2023;28.07.2023
bc1qjmv25eh8zulhcd5ajv8mazvql92du2fdw2fmuw;1;1;0.04128565;19.10.2021;19.10.2021
bc1qknun20xrv9r79s02z75a8vwyfwyc29cj6am30f;1;1;0.04126898;31.07.2026;31.07.2026
bc1qkdgnhqhsdscyjgpume2x0vjmny7qnptggrvq24;1;1;0.04120039;31.07.2026;31.07.2026
bc1qasvd00evwpuxy97xva6clgcsq9676p6rglesn2;1;1;0.04116028;18.05.2026;18.05.2026
3NG5s832dsEQaaDhv2PETRrgzm1qDAm7Me;1;1;0.04113003;31.07.2026;31.07.2026
bc1q2l77h2xdmtcgzyyuvg0h85839rdh94mgjtx0lv;1;1;0.04107713;28.03.2023;28.03.2023
bc1qhwtzkkpaa6q9280a3j4gy60q7kl2nf8qfa8t2p;1;1;0.04105077;06.09.2023;06.09.2023
bc1qe0xnldswmees8y7dhw5u3e5vckklrs6luzk4r9;1;1;0.041003;03.10.2024;03.10.2024
bc1q5g43fd8hyrpjlstkfvm8tl4ql298ps8cyhlhuj;1;1;0.041;07.11.2024;07.11.2024
bc1qw39puk3g0n5r6qvlnkjl43695v4jzreu7femf9;1;1;0.04099424;27.10.2023;27.10.2023
bc1qejkt9hg33qvjsvqm7gcqqs4tf2hfgs568e30j5;1;1;0.04099233;23.07.2022;23.07.2022
UNKNOWN:00206be47b3c8b9ce660cb72a52d7f338a7c882a;1;1;0.04098732;25.06.2021;25.06.2021
bc1qprjnaer0vm589mf9and2pqt762kpaf4lczeh8c;1;1;0.04091407;30.01.2025;30.01.2025
3Fuax2vBfjVpYE1RJ2hXR9UJVAwFTqTTqx;1;1;0.04082038;25.10.2022;25.10.2022
bc1qm7sss6tx7jl580krhmztjp6lffukgewat5dr9q;1;1;0.04067299;16.10.2023;16.10.2023
bc1qqvt5rhkm97zhpqxetmexc53klz8x6wn3sw2l4g;1;1;0.04066293;01.07.2024;01.07.2024
bc1q06d0fty74377x8eykhzvjysk0wer4j9pphtf8a;1;1;0.04057582;31.07.2026;31.07.2026
3KjVjHvDJwHDyL5ZY63xPu9p8kUkyUMNf8;1;1;0.04056195;08.01.2022;08.01.2022
bc1qpceggsyk4v6pz3ykmvwmu89zgf30lghm73q6hc;1;1;0.04053516;31.07.2026;31.07.2026
3Pu6GA4btDac4CRkxqDwEq8T5eqRGqKxDs;1;1;0.04040747;12.12.2021;12.12.2021
bc1qd0spyu8zhq2628yntqrgpax70ffv98vdhty2ug;1;1;0.04035471;14.10.2022;14.10.2022
bc1q3wr7wzj9xev6yc8fk7sgqjtulhxr4yyz9x877p;1;1;0.04031486;25.10.2022;25.10.2022
bc1qdjw8pvacqudq7ur0zxyhnnzvgapdlfukywxqnk;1;1;0.04024488;31.07.2026;31.07.2026
3ARYVomWtW1n68uG3QPxhcuFTe95zmr4TJ;1;1;0.04018557;17.09.2023;17.09.2023
bc1q5yge06kzx025qtxd7csn794peyxym5phpsmrtx;1;1;0.0401;24.08.2021;24.08.2021
bc1qx5swef8w6l94w2g0xwzwxx9ctmwayhggcr8zrl;1;1;0.04001843;31.07.2026;31.07.2026
3Qu9AmDrYCrb6KadtyDkxgNYJ7oNLqTRVJ;1;1;0.04;01.12.2021;01.12.2021
bc1q2gu360jccqcvd4s2sw8q64d6cf9me9h3qwredz;1;1;0.04;17.06.2023;17.06.2023
bc1qhtual00eacx2xmpc02rj27e3sye3hpy3p6mcp8;1;1;0.04;21.04.2025;21.04.2025
bc1qpeu4yljdr7gf0uje3fz53qnx59zm4xhg5djkkx;1;1;0.04;21.07.2024;21.07.2024
bc1qftmpzxmgx0f77mjqnefgdt2f0h6sggmadm0eul;1;1;0.04;07.11.2021;07.11.2021
bc1q77pk742ev5zyujlm87yvgqg8dsceppzjrnyhrx;1;1;0.04;01.05.2025;01.05.2025
bc1qvtgswhn4tfet8e6p2xasy5pmaeyjt2dg4kspgj;1;1;0.04;03.01.2025;03.01.2025
bc1qvhgg2ew8w9ymhd0sdz58rqhk0v3fmgnvmcl496;1;1;0.04;16.08.2024;16.08.2024
UNKNOWN:002006145876e4938f33c60c833acfb25408ebd9;1;1;0.04;23.01.2023;23.01.2023
bc1qfrmh0lpm49cz57y7cz5pkg26k2dtfdt9a9dvt2;1;1;0.04;09.12.2021;09.12.2021
bc1qep3lwhl8aywrn5vml05ew8fk92pqg3m8f4fd7c;1;1;0.04;22.04.2023;22.04.2023
bc1p63e9mjvuj92vvmqjntjwpy5w6j2qmtpqtdslzkmvsks49ap5f3wq65mqxn;1;1;0.04;04.12.2025;04.12.2025
bc1q77rla3py3alhxeey9r2jrlmg96q032n8kdakxj;1;1;0.04;16.07.2025;16.07.2025
bc1q2m894uuww2cezl3fchlecavgnqhh9uak4t537f;1;1;0.04;06.12.2022;06.12.2022
bc1qjummf9zz0dsctyx25f6q7uprj9v5n45sruc88p;1;1;0.04;29.01.2024;29.01.2024
bc1qr3sxwdyxn5cqy6y6q0t6x4pp94004tk7uxwetu;1;1;0.04;19.09.2025;19.09.2025
bc1qr5ygpnrkw009nswh95cyrp46p8sszda68xma28;1;1;0.04;31.07.2026;31.07.2026
bc1qzdug99vcy643hfcx4m7w5fxaesmdfweqdrmqge;1;1;0.04;19.08.2023;19.08.2023
bc1qxg8jx972ph967acjq57jagsl2f26rd4qdvjtfv;1;1;0.04;19.12.2025;19.12.2025
bc1qhen9sgf9qzydxmfrzcz0ht8tffcmtl3clejs70;1;1;0.04;01.09.2022;01.09.2022
UNKNOWN:0020befa2805a7ec8d7ab70ba542ec1dc6fc02c6;1;1;0.04;17.05.2025;17.05.2025
bc1q3r2z7nu4vda6xfpw9d97768776dsx4yde4hh98;1;1;0.04;11.07.2021;11.07.2021
bc1p3m82lym3cuywgr3s28wf8ynvrjk8d62fw73xuxg0y688saazyfjsa3laca;1;1;0.04;24.08.2023;24.08.2023
3GjKSdXeLhnkmMCyFtbP5PrmUGm4PDnrok;1;1;0.04;04.01.2022;04.01.2022
37tFja1fMx3mUjcMMGPCujmRks7bdVoAty;1;1;0.04;14.02.2023;14.02.2023
bc1q93s9l2ehn78e6x7adgce5dme7hzcgyfk8qpaey;1;1;0.0399978;31.07.2026;31.07.2026
bc1qmxl9xhl4r0zjt8c3jaauyjpyttelf6lyjmlkgt;1;1;0.0399978;31.07.2026;31.07.2026
bc1qc66fptqe5wn40ehlpu5rm20gsx86zhtvjdfkhh;1;1;0.0399978;31.07.2026;31.07.2026
bc1q6s09x2zg5n8v8jvv3yaa77ae4j067ntkxq4sj6;1;1;0.0399964;31.07.2026;31.07.2026
bc1qzvl39dt0xytnp57u9400nrmzyjvtuscv2u6d62;1;1;0.03999577;21.04.2025;21.04.2025
bc1q6d3ece04a8lx9xnh8lc35ze6ejvfvncapuvpaa;1;1;0.0399909;31.07.2026;31.07.2026
bc1qh52mcshjjn47utch6sxs5wv7tgt66yer4uu9me;1;1;0.03999013;21.04.2025;21.04.2025
bc1qwhuptu4pvfdys760qnuhgsv2r2rv3gq2u078th;1;1;0.03995938;14.05.2024;14.05.2024
bc1qt9qs63cst99mza0q5nnl0rk9aj6vvse9hahfkk;1;1;0.03994403;23.05.2022;23.05.2022
bc1qnh3j8znf0kca4dunhkh2ttj78j8fk7azu6a7dp;1;1;0.03983688;17.03.2023;17.03.2023
bc1qlcupw2x65kgzkcnux5g9uhwfr4aq82rjpfdxj5;1;1;0.03980263;17.04.2025;17.04.2025
bc1qlkvp2h45h6mzm3cuaqpxd6a87ncggqtgwaswj9;1;1;0.03961864;31.07.2026;31.07.2026
bc1qh4axwc7klvq83t6ej5swyd8f5nnehsxka4zw75;1;1;0.03959831;12.06.2026;12.06.2026
bc1q0t99a9l25ttp4d8uhh93v6uxchauyzydj4ddg7;1;1;0.03951289;11.01.2026;11.01.2026
bc1qmzt4jeqm58mlfve9zqqxdq2h50tpvlwdmkha3n;1;1;0.0395;21.03.2023;21.03.2023
bc1qnt25sf0lq9qvvwns9ryws5fyg8s7pedc9clu2c;1;1;0.0394011;21.01.2026;21.01.2026
3JPwFjmtedoAiGX2K6HxKyCsutVXRebyQ1;1;1;0.03932726;31.07.2023;31.07.2023
bc1qgscq485jnspt66rehea5qvcwf20zm57yp2x5yl;1;1;0.03922175;23.06.2024;23.06.2024
bc1qxwukjzgdvmrkmnurh8p3nal0eyswlwhphqp95q;1;1;0.03918378;31.07.2026;31.07.2026
bc1qksls7nd3k32um9780d3urjpxua37ftcm8ldrvn;1;1;0.0391271;31.07.2026;31.07.2026
38rLDzdaHGY6A6EqiTz2g6MQprrBrTVqKf;1;1;0.03907799;24.08.2023;24.08.2023
bc1qy8rfk4fe89y8f9p62j7ffugepd4z2ddakgsyyv;1;1;0.03884066;08.03.2022;08.03.2022
3KjQv1EhgZvSokwmGsb48UhfHfrmeAbG5K;1;1;0.03880356;27.12.2021;27.12.2021
bc1q8hasu7u47fuahss3m76jnz9andnh8zfrzaa3x6;1;1;0.03870176;31.07.2026;31.07.2026
bc1ql55ehsjkhl49rs50fkjtf08nw824gpf9d32zhv;1;1;0.03865736;03.02.2025;03.02.2025
bc1qfjexevul2ge5x80gs7ekdhcfle4uwc28kxggpq;1;1;0.03859693;31.07.2026;31.07.2026
bc1p3rrq2m70v0w34d3d7ryutcm8vnmuytjjgdmp603m9szrcn5rnc4qmqdye6;1;1;0.03856;27.11.2023;27.11.2023
UNKNOWN:0020ab6adefa61d42570adf9802279344c27df70;1;1;0.03853023;16.08.2024;16.08.2024
bc1q6n5xd3h63wqymgyqrdkdrq52yuz7nwmw6dm4qs;1;1;0.03846242;21.08.2024;21.08.2024
bc1qrmlh7hhlhfqyrgg0pjn6vpd6k2m5feurj4lj52;1;1;0.03807755;18.01.2022;18.01.2022
UNKNOWN:0020e0470e3dd0a23b507a22f8a7acab68a2e213;1;1;0.03803034;28.03.2024;28.03.2024
bc1qqlmmcetuaj0wnevt4ncsesm4yfxdllardhe7kk;1;1;0.0380195;31.07.2026;31.07.2026
bc1q69hng58sl90mjaesum4vypdfp7p7reyxvv0yl0;1;1;0.03800941;07.02.2024;07.02.2024
bc1qa74z74t9rjg0sm74sj89ys72wtcaqlztl27uxm;1;1;0.03788222;21.02.2024;21.02.2024
bc1qt0yhq3df0vsspmnzz4zks68tggcf8qcpawt46j;1;1;0.03781913;31.07.2026;31.07.2026
bc1qy7s0f0ddv3e2n0v6cyhsus0h9lvl08egf2q9zw;1;1;0.037645;11.07.2024;11.07.2024
UNKNOWN:002013aa8ddb74c6009a3c02a42d98d5d45ad03b;1;1;0.03745602;19.12.2025;19.12.2025
bc1qsy50dzwrkek5g8h3xtq6hhewpfdp3f77zrsm6q;1;1;0.03743382;31.07.2026;31.07.2026
1G3R6F4f7xYPaEwtszPqCxuk5o9TmfKKmD;1;1;0.03737;21.07.2022;21.07.2022
bc1qc02zftu5tkwtz3uvmpv4dhzke0tvrgtne7jxum;1;1;0.03723478;21.09.2024;21.09.2024
bc1qwwfs4tsfmcxzn53a2eee685wsphn7ls6azfzqz;1;1;0.03718513;31.07.2026;31.07.2026
bc1qd582rezrd5zs44cjzx6ylfrpcyju78mv3wxwvv;1;1;0.0370478;31.07.2026;31.07.2026
bc1pamud68vvgmzlm4lsscjkf8jz6gfux7ca8aqycut594kp5e6q68cqa6ve50;1;1;0.037;24.08.2023;24.08.2023
bc1quczkuqqq0jdqzl8yspfd3p8x0t5xrs0dt9ux2e;1;1;0.03690153;12.11.2022;12.11.2022
bc1q2s4xd2089hwdm6t0efhv8955njuhaffwh4qlvn;1;1;0.03675704;03.05.2024;03.05.2024
bc1q3nujrtrat0sn5ntdsu0gd9sutq28606whx7g3g;1;1;0.03668846;31.07.2026;31.07.2026
bc1q5t25mlmeh9lc4yrh4u3skzfxw3535sfadsecph;1;1;0.03668597;30.10.2023;30.10.2023
bc1qajh3ex3698j45dyhzl9aaha6h2cgqpvks5dxkz;1;1;0.03660506;31.07.2026;31.07.2026
bc1q8rkmtgx6589nulgz5suhngswwn4ueum0dndy6g;1;1;0.03658142;31.07.2026;31.07.2026
18q6Yv6PL9B9BQdaTwULQTGxXso2kmJWpi;1;1;0.03636;21.07.2022;21.07.2022
UNKNOWN:0020191d3525a938baf4a5daf64987b0df0150e8;1;1;0.03627929;15.11.2025;15.11.2025
3He1spKqJgoLo55SZAnkegqbJv3NePYagJ;1;1;0.0362292;09.03.2025;09.03.2025
3QarzPTDQe33iTp9MjUSvAZj8DNv25Q8fz;1;1;0.03621925;10.03.2025;10.03.2025
bc1qmnv5x9tc795s39q9c995ggvpf6v7dltyrzewk6;1;1;0.036103;26.05.2026;26.05.2026
bc1qfekcjfhdlyp4lc74xqkjp6qrltnnzs7q9jgu86;1;1;0.03607599;05.08.2024;05.08.2024
bc1qry63yzgp6e8dj64rsx3yx27v9fklw5jkwzwhdh;1;1;0.0360478;31.07.2026;31.07.2026
bc1q7afvpj0ym465e0lgmtzyf6ptuva06t8kxcqk5z;1;1;0.0359912;07.10.2021;07.10.2021
bc1qgdhx2447z5xs4t0kjvkxmxwpshhcacmsd5uw0y;1;1;0.03598996;31.07.2026;31.07.2026
bc1q4x6ux942d6p0jupsjhncqjqze9s7mynn52ulad;1;1;0.03582444;07.04.2023;07.04.2023
bc1qtckk76t6sntl23xvjpx8qnst8cdlu4ms4kwzpq;1;1;0.0357551;21.04.2023;21.04.2023
3Bh3MJwrjASTLieu9PAo9atCQLjf7jWaBp;1;1;0.03572748;27.01.2023;27.01.2023
bc1qcjgazv49dh4e5w7t3hgpsskkym5j2nh6ykwksd;1;1;0.03570271;14.05.2024;14.05.2024
bc1q92jpemmpkfkj5r0c7j3mts2cuxe9nzddk0r752;1;1;0.03568467;10.11.2025;10.11.2025
3JzGF77T9Z7Mf4cZoJM1utg8PPfAg43N8K;1;1;0.0355898;26.03.2022;26.03.2022
3NxXRuzueqPdpHs4Sx1L5ByofRZ4E2xGUZ;1;1;0.03552386;30.05.2023;30.05.2023
bc1qe4wcnkrj3zfm09kgmspgr24aqgj4qzn6ccyrpl;1;1;0.03551306;31.07.2026;31.07.2026
bc1qyv0jypng0eysgyn9x506ft2mavcfwn03mffdtn;1;1;0.03548544;31.07.2026;31.07.2026
bc1q55gtcpfm08tjlztxlqehpe4g5whtawl6veg9gg;1;1;0.03539118;05.08.2024;05.08.2024
bc1q7n7jsf83xpyqqgd9wc9k7yx9x55qdj7hd9y020;1;1;0.03538085;22.04.2023;22.04.2023
bc1qq4qtpkmmq8ygjht9npwj6rsfdhvj3dprfru875;1;1;0.03536593;20.06.2024;20.06.2024
bc1qek48zkuacyst7xkr73qxhm6lt98puc4ws3806j;1;1;0.03533786;28.06.2024;28.06.2024
bc1qhhvfuwchk5gpr4f0pk50umjrskntfxmrq7yx3x;1;1;0.03531087;31.07.2026;31.07.2026
bc1q42ygjc24ltfuzmu3r9x2q5tsdeh275j0mxzu2q;1;1;0.03530581;21.06.2024;21.06.2024
33t2eoeRW5NKgrsQDWBtrSqWVH4sSjFS1y;1;1;0.03525487;18.08.2021;18.08.2021
bc1qsxwpjd9d5sxuryjxr2cgr4q6sh25f30zw57tcl;1;1;0.03519508;07.10.2022;07.10.2022
bc1qmlltpzlmgnm52zukvcd9th0rs4qvwu8wctda32;1;1;0.03517712;01.04.2023;01.04.2023
bc1qe7ur338dev6s9c4spc08nk0gpegjrxvez3phgu;1;1;0.03508325;02.11.2021;02.11.2021
bc1qmxgs0ze0w0senjznrkz6g7c88u3rgzzj0sd3le;1;1;0.0350675;15.11.2021;15.11.2021
bc1qa30lvwd2wml66whl7z4vnv6ktyas3w943gp5et;1;1;0.03501032;20.03.2024;20.03.2024
bc1ql0d9r2hdcxw4rvxljq5sggxtnvjdl7up3wtq65;1;1;0.035;30.03.2025;30.03.2025
bc1q3fpwnxsde69603xzwvj8myn5rg2d8jqwd6rymq;1;1;0.035;12.10.2024;12.10.2024
bc1q4jqkk6df3zmz02jxhy3nwasp3zcj446rcpensy;1;1;0.035;30.03.2025;30.03.2025
bc1q24u22yra9rqz5qw5m5c38kdme8thyvarxkrq54;1;1;0.035;01.12.2025;01.12.2025
36SvZN4622LVnJ49zjNUmwCvg9mQMRU7b7;1;1;0.035;08.02.2023;08.02.2023
bc1qymecup0m6m26r7mzghzqklrkrtu2ke8eujtu7j;1;1;0.035;07.12.2021;07.12.2021
bc1qxcl7ltrpcmdqc2r3zp84numv358e788dw0zh2l;1;1;0.03499883;30.05.2026;30.05.2026
3MtEv3yptFLgTTczXJ1Cc9EbPCEKgwpvsA;1;1;0.03499227;12.07.2021;12.07.2021
bc1qv4xums0wmp45lan28tv4l4mucazpsemns6fn5p;1;1;0.03497716;17.07.2026;17.07.2026
bc1qj304clkzz6vezc659cgl4w0c96ctc7jmfp9apg;1;1;0.0349172;23.06.2024;23.06.2024
bc1qfg8chywfxn9m8gsg4p90cejsfnt978ge2xujrd;1;1;0.034885;03.10.2024;03.10.2024
bc1qjqndh5pya3lmcffz5rz0m4fumjgjax9l7fnawj;1;1;0.03475;17.12.2025;17.12.2025
bc1qzl609ky9mdu0r5k5anfkglx0ee67akfl04yarg;1;1;0.03474905;14.05.2024;14.05.2024
bc1qd9x6fe3wkg9euc5nmmka07ql0cpzn7s0mpa8c4;1;1;0.03472584;08.05.2023;08.05.2023
UNKNOWN:0020f6c834411543ff4f8c3ff34151d42f2c574c;1;1;0.03472378;21.02.2026;21.02.2026
bc1qvxmrrtymecrd9d6a22rxy3q3d5j8uqhf5jcvr0;1;1;0.03472309;18.03.2025;18.03.2025
UNKNOWN:0020ce0544323d2bf04b569bb8c0a28251fa27d4;1;1;0.03472061;25.01.2026;25.01.2026
bc1q5z7jfrk5v2aea6q7eq86j83ymz0xa6sp27rgez;1;1;0.03466329;22.12.2021;22.12.2021
bc1qf9ltzn9hy5nsgg8xrz8a9d74g0yy0fyp5zppzw;1;1;0.03463715;08.02.2024;08.02.2024
bc1q9jg0qx60u2rwy8gcjddcsqlsuya0l5w42jr738;1;1;0.03459609;07.05.2023;07.05.2023
bc1qvlfq7a4m3za6qq0ktealzep8hra5ntjp57g59k;1;1;0.03451967;30.10.2023;30.10.2023
bc1q8j3ft58vljan2rrrrtxh6gqkkzk245jv0uvenp;1;1;0.0345;23.01.2026;23.01.2026
bc1qqa90frmgpuykwc8qhu6567dj07lk6gwywqcl0f;1;1;0.03449379;26.09.2021;26.09.2021
bc1q253x69wcxyzdzhe56n09vwtvyyl84hawelfm7p;1;1;0.03436371;10.01.2026;10.01.2026
bc1qj6whxvcs8sj2vyam68ed8x8kstkf0heaxw80pg;1;1;0.03436305;31.07.2026;31.07.2026
bc1qh0p6em27uqnvgzvugaa3s47ryhmxwnjmrharyr;1;1;0.03424189;07.01.2024;07.01.2024
bc1qjvr4jha25tr7nel4zzvwshe38cu4xfqu3mszcs;1;1;0.03420608;11.02.2024;11.02.2024
bc1qhcqvrjzhx2dlutgy5kx9f7520lwz4d6zja0cv3;1;1;0.03419614;31.07.2026;31.07.2026
3M6ne8BwiwEZgNyFpDLf2x66PxNr7ykqKT;1;1;0.03413112;22.02.2023;22.02.2023
3A7XoDmqVeDWezRyxbPHYsiCpW32fRcLCk;1;1;0.03406435;22.10.2022;22.10.2022
bc1q09xluwz5n0a7vsy2x8xugnzh00pmcaudcqeglj;1;1;0.034;26.03.2026;26.03.2026
bc1q5auxv348usjqzl7pd8sv3yfu6xc77ev0ue56sf;1;1;0.034;13.06.2025;13.06.2025
bc1qwnccms2xp2mzpzetveyjyv386wm59ly43sg8ya;1;1;0.03391438;10.01.2024;10.01.2024
UNKNOWN:00203a2b347f4e9c566ea1cfa94aacd66a5fcbf4;1;1;0.03357336;16.09.2024;16.09.2024
bc1qt9pp5jmkcadq93fsyr5legc80pzsml3a9h3xdd;1;1;0.03351831;23.09.2021;23.09.2021
359LGCPATD2fmQgfPNWzvD3H7NhfJDqXd3;1;1;0.03346553;21.10.2023;21.10.2023
UNKNOWN:0020a458e73639f88738689db01021ed6b657b5e;1;1;0.03337778;24.11.2023;24.11.2023
bc1qd5uqtm89delrn940v5um963n3k0hn6lgkr6l5y;1;1;0.03330831;31.07.2026;31.07.2026
3PDqT8hLw8GrNzBjp32F9LSjjpoF76e3Pj;1;1;0.03329922;10.02.2024;10.02.2024
bc1qnzncju3vvtgwk4ax93wkv6yap6ewvaqsy88tgk;1;1;0.03329176;31.07.2026;31.07.2026
bc1q3sgkytrm05vjjac3ppy6ed8hpcyq49n0zpglzx;1;1;0.03327195;04.06.2023;04.06.2023
bc1qpuecdm47x82jlrfa0fqhh7zna52y85aapre9pj;1;1;0.03315417;04.04.2024;04.04.2024
bc1qsg8uhjf8akgd37dhu70c2vlp2hxzsrjp3aljkv;1;1;0.033;23.12.2024;23.12.2024
bc1qyw0h5gap2yxqaxahm0pjhlcqxdkx3elhky23yj;1;1;0.03299782;12.02.2025;12.02.2025
bc1qvf4hda6j6drcj2jrtarxn7dv5hycgczy46zglc;1;1;0.03299758;20.02.2025;20.02.2025
bc1qatzd5drly5jsd5nj2wmmtdcf8nh3xp53yz3q7v;1;1;0.03299674;28.10.2023;28.10.2023
3KaivgYMZG8L7KvAjgz4ejQYicd2KEXYMf;1;1;0.0329858;01.04.2022;01.04.2022
UNKNOWN:002060ddc971f9a50bb1aeae20904c2b39bf60fd;1;1;0.032974;01.04.2024;01.04.2024
UNKNOWN:0020741b19ddc9f742fee6be961ca26a10cbf6ea;1;1;0.03292224;30.01.2025;30.01.2025
bc1qc30fk773czfujzqmnsl0z04f7lr6pu67nfzjhj;1;1;0.03290062;17.06.2026;17.06.2026
bc1q9txygrfx2xm07fglgdhhf4vtqn998gdw2snewx;1;1;0.03280041;30.06.2023;30.06.2023
bc1q598gpt7jf4kl6l0rs0r3jaj6qmw0jvwdqgq2d8;1;1;0.03274552;26.03.2025;26.03.2025
38nfXCHroWpLu2pai6D5YSNp9BnWU5XSVW;1;1;0.0327282;01.07.2022;01.07.2022
bc1q8lm4g7ulejtqc5zj8ceh4ufpx78zf4kawgydgt;1;1;0.0327;04.04.2022;04.04.2022
3KaaEGwU7TZUf8JwKzGCHWBa66iJUHPL1G;1;1;0.03259136;02.12.2021;02.12.2021
UNKNOWN:0020d9f45982e12fbc81196aa16990fbd9e8549f;1;1;0.03257316;01.04.2024;01.04.2024
bc1qzxt8s9cur32kqr2wjdxq9q7jyur22xf86wpqqz;1;1;0.0325675;10.11.2021;10.11.2021
UNKNOWN:00208ece90f8502c0f5c15e8d20180414a1b808d;1;1;0.03256087;31.10.2023;31.10.2023
bc1qrwpyx7l7syr7ar68yzkaml2te7qvp3t7dtp6wu;1;1;0.0325;01.07.2025;01.07.2025
3Q2yJqbqfCQ4eSZw5LUfCf5paBpA7ck3xh;1;1;0.03241917;27.09.2023;27.09.2023
bc1pvltqscuw4h38k23nus3wx7sftf36gugfcl7jrzyur4aejdtvyz7scm6yqm;1;1;0.0323;10.01.2026;10.01.2026
3DJ4awjgtpb9kqVnoj8nkgEVBWmwgm6GL6;1;1;0.03223092;13.12.2022;13.12.2022
bc1qzf95s593x2q87syr8vwafkj43s38uqpc3cynp3;1;1;0.03222094;31.07.2026;31.07.2026
UNKNOWN:002000e5c5cd7fbe9f10bc44f92b479e8431757e;1;1;0.03216325;10.01.2024;10.01.2024
3JSBETFEgvmFvgFxWJs685PV7nsewEd1Zu;1;1;0.03208656;28.04.2023;28.04.2023
bc1q0jpwam4ynvpktuk3xjdutvqhmjs9h0vpcg6vrc;1;1;0.03208;12.04.2022;12.04.2022
bc1q75jghsplmp77rrteejlry6pg87r445lzd9fmh7;1;1;0.03203;31.07.2026;31.07.2026
bc1qw4nr7dfk4a9p56w0ty683xppyxzwqv4wfz9k9a;1;1;0.0320189;26.02.2023;26.02.2023
bc1q3caz3a97g9drgfxl8mqh48n4z9u7rsz05uvc5g;1;1;0.0320109;01.11.2023;01.11.2023
bc1qw2znswgy973n2guu7ynlqlr5l2hk7rdvlm0xk2;1;1;0.032;21.10.2022;21.10.2022
bc1qzgwyd9pldph3l2xqywtfy6xq0274gedukpg5dl;1;1;0.0319978;31.07.2026;31.07.2026
bc1q8d02kgjn6zk4yz97r0szt35gqxtd2uspzppdz5;1;1;0.0319978;31.07.2026;31.07.2026
bc1qk8w0672m6zmxsa7ds4lrl7skqau3tt9zyeg9ha;1;1;0.0319978;31.07.2026;31.07.2026
bc1qdwg7ta509fcrm0wd0f2mwfl8q55e853cguymam;1;1;0.03199029;22.05.2024;22.05.2024
bc1q3f9gde4n6wf3wp2wrngv6ehda73fdfq7xnfcgr;1;1;0.031943;13.04.2024;13.04.2024
bc1qqadxl5puuzgkcuz5xe6xxsufc27584n3gkpye0;1;1;0.0317787;31.07.2026;31.07.2026
3EcE8e7K2FYJZHbKDeVsrjy32GJ6cUvqiX;1;1;0.03175087;24.06.2023;24.06.2023
bc1q5lkh57jdd2j8f89tnw3lfpt9jru6z9tt48cnud;1;1;0.03174;31.07.2024;31.07.2024
bc1q9d9jfdpk8lxkqwxjwpa0q3a8t90285yc2k36g5;1;1;0.03161061;24.09.2025;24.09.2025
34Wn9VVzM9ujVH7o9A4GtNaBxZTbJhSm4P;1;1;0.031597;29.12.2022;29.12.2022
bc1qfntxrxdjk3d4hgucvt632qu6nfp5uh9j3gmz6y;1;1;0.03157091;10.06.2026;10.06.2026
UNKNOWN:00208a2ace24e178d51f81cd0e5c23626077ba19;1;1;0.03151421;24.08.2024;24.08.2024
bc1qk5erxfcfzpkmwzn0rnl3m2vaek7vh9e5zczyu7;1;1;0.03151215;06.03.2023;06.03.2023
bc1puh57vchq0xcrdxudg4vg3wqcywz2svy6t0zs7dmternw4hvmn46syppl34;1;1;0.03145;27.02.2025;27.02.2025
bc1qraygrhmfayucj7plqxwaj7hfu58vg46f372z38;1;1;0.03137249;31.07.2026;31.07.2026
bc1qvuvpcnt0yhxc0hfz9ujwzscka60rww6yg95v6j;1;1;0.03122858;31.07.2026;31.07.2026
bc1q89474ej9xm0z9vh5eycaxsj4chq4tkgpy70evk;1;1;0.0311941;19.05.2024;19.05.2024
bc1q3944f3jnwekjp6p9ma5gx0z2nm3l84cek8zwvt;1;1;0.03097837;13.03.2023;13.03.2023
bc1q4d3rkqvd9tlst9p39jefv3ekcutdlqjaluul0z;1;1;0.0309148;31.07.2026;31.07.2026
bc1qn0pyddsfqdvr9y29fdmtr09n82h8tyk8u3r5pt;1;1;0.03090551;07.04.2025;07.04.2025
bc1qu04r384ahwh0jdu8tjkcf2ngdguyvl7s34aqqg;1;1;0.03079681;01.05.2024;01.05.2024
3LPhegtp7gXHoS9v2D1SViBf8Lkp6NCWSt;1;1;0.03079474;02.08.2023;02.08.2023
bc1qz0kyt66gk72kdke0gsapq2tcsh7zpf6aj504vu;1;1;0.03077231;31.07.2026;31.07.2026
UNKNOWN:002094bedfec621b6fe473e4f09badceb0708ccc;1;1;0.03076657;02.10.2025;02.10.2025
bc1qhml9drz9tdff6klcws6uujsc68sn6hpaqp5f8u;1;1;0.03074;22.05.2023;22.05.2023
bc1q9570y57npywd8cn7r5prxt7w6zuvan30fnzaet;1;1;0.0307;03.11.2021;03.11.2021
bc1q8y9k247vkhpclkjudjdpa4ynn75ldhj9w3ter7;1;1;0.03067645;02.10.2024;02.10.2024
bc1qcyau7r928juyrcrf7u4gg6mmx0ptnzdz55f9ld;1;1;0.03066129;05.01.2023;05.01.2023
3BcFn1eMau3LySU6xYmfsa8kPHvC7kAByi;1;1;0.03065378;02.10.2023;02.10.2023
bc1qc9rplhrrqd890w0qk2juh9w8zxu26ctnglyfdk;1;1;0.03060656;31.07.2026;31.07.2026
bc1qkcpjz5gwtmamysra0fnlcg6sdajmahgzj0d5hf;1;1;0.03048029;28.03.2024;28.03.2024
bc1qgr4d6r9z2ntdvwppzfwmeg2frlvfpgp2m09yg9;1;1;0.03042014;28.04.2025;28.04.2025
bc1qle2zxjp30yds7k7cvgc7j6xjjeq7hxwp0z4ueh;1;1;0.03041517;29.04.2023;29.04.2023
bc1qxms83wkyhmh8tgw87q3fakcjsecs6gpystnrmc;1;1;0.03039423;31.07.2026;31.07.2026
bc1qlr93nly9pn52n5lt92eff3h642xt5v9hdynh7p;1;1;0.03031921;31.07.2026;31.07.2026
bc1qe5ywg7alz0f47hv75xvwwjuhfaj2h38lxkgdaw;1;1;0.03027805;20.01.2025;20.01.2025
bc1qtfdh2lfasa66qk4gc5sky0qtvxz6kf5gghgh3u;1;1;0.03027547;16.03.2026;16.03.2026
UNKNOWN:0020de26f991e3db972276f09872945db4699ee1;1;1;0.03023231;10.07.2024;10.07.2024
bc1qdr69kzgw90lkaa059zrthnh9785r7jlwrhuta4;1;1;0.03022185;31.07.2026;31.07.2026
bc1qnu8fhftk50hspu0ea5trp6qr69y8ht0wgerqh7;1;1;0.03021;14.11.2025;14.11.2025
bc1qakwx5sdd43ejmwquezfapmnzrgreqzth5pgagw;1;1;0.03018215;20.11.2022;20.11.2022
bc1qpqy8mepgdqlj9k9cvr9c4s03exk38v5twdu94t;1;1;0.03010384;13.09.2022;13.09.2022
bc1qa0n8hen32j6ecj92gdzxqmfv0r3vwzq33mf95z;1;1;0.0300826;03.11.2024;03.11.2024
bc1qfuxhp2sdxsyyd570uet9r93dtf6sfvpvulx7z4;1;1;0.03008;04.06.2024;04.06.2024
bc1ql43etde5mwuudk8zwngt70hugkv6qjegau78lg;1;1;0.03;29.07.2022;29.07.2022
bc1q3hzlpghadzr7qx6rw20fkte5ggzqhcf8u73s75;1;1;0.03;12.02.2023;12.02.2023
UNKNOWN:0020945e3803db3dc8da0910d7df69907a33a6ca;1;1;0.03;24.11.2023;24.11.2023
bc1q0p78ksmgdrtl8g6d34ph0gn2cyh4ng3mwl959x;1;1;0.03;30.07.2022;30.07.2022
bc1qqkqf48tffjsrtys9k2j7u9gr8efpxwshe7u39m;1;1;0.03;03.03.2022;03.03.2022
UNKNOWN:002061e9b04815efe040c72d5f9dd3eb19600149;1;1;0.03;27.07.2022;27.07.2022
3BF7rPnJksC7FvWTuKtUEuV4o2hDQcGNfA;1;1;0.03;16.01.2022;16.01.2022
bc1q3j92uq0xtu7ze7arhrvdv0dz72tw63v7syehh6;1;1;0.03;21.07.2022;21.07.2022
bc1q7fn2lm8x6pkwj7lk2g4k4kma243kgv8rqkexhc;1;1;0.03;04.11.2025;04.11.2025
bc1qppadhwdunusrhaw5qxpxe4pfazet4t6afawshd;1;1;0.03;07.10.2021;07.10.2021
bc1pd2p7juwhat25yz5eznfz9c7wekpgq250x757vll00rtxdfutlspqk5wzdf;1;1;0.03;01.08.2025;01.08.2025
bc1qz9ph0glnhw8mn4z6wdty663lg0nckmmq24ctnw;1;1;0.03;29.07.2022;29.07.2022
bc1qjzpts7zsuthlswfkd62783k8ujd2uylv8qhlra;1;1;0.03;05.12.2023;05.12.2023
bc1qt599trjjxmyyvr55crf5425tj6qyzww3447ghn;1;1;0.03;07.04.2025;07.04.2025
bc1qgf33mzxpnq87plk8ykcqjqd05ndvuyw72fwpzc;1;1;0.03;11.02.2022;11.02.2022
bc1qfs7ajqe2jpgatpeu7jtumy3xanxx0cd66rs44u;1;1;0.03;23.03.2026;23.03.2026
bc1qcferjp3r959q5mftezujzgyumxrxdnl86r9lya;1;1;0.03;01.12.2022;01.12.2022
bc1qf038yskpp3hn45cp3glhfhl0jykz5my7agg938;1;1;0.03;20.03.2022;20.03.2022
3Hjku3uwAc9U3Abr2cvd81PowR2oAsuACA;1;1;0.03;07.02.2022;07.02.2022
3FzBY1vQLJ9z8xucwWeuAfwX33bTKyczyK;1;1;0.03;19.10.2021;19.10.2021
bc1q0dsa93gc7q3tlvls76cxpx7zay96gdm30rf3kk;1;1;0.03;16.12.2024;16.12.2024
bc1qylpyepwzde7dgflq3jcefhvvqvfq4lhevag058;1;1;0.03;27.02.2024;27.02.2024
bc1qnk2u3ec79t9nxra2euhjqva22xxqcteq0t0f5r;1;1;0.03;03.09.2023;03.09.2023
3MXwGX8mitfb2eLtPjGjjQetYsNKsUXkfi;1;1;0.03;01.02.2025;01.02.2025
bc1qgy24vl4gqrvmj00t243y77mx4qllyck667tmup;1;1;0.03;19.06.2024;19.06.2024
bc1qugtg8ffx85k7sr745dyl78mk2gf8vtlmwj2pek;1;1;0.03;18.04.2022;18.04.2022
UNKNOWN:0020e7d3eb3ab440cf15aef94034b33920f10c68;1;1;0.03;11.05.2023;11.05.2023
3CQviFS9kE6Pg7RdNb66LbEqePbdcbicks;1;1;0.03;04.11.2022;04.11.2022
bc1qdqh5spw6plhmk6ch67q65av9gm8schdh85zd7w;1;1;0.03;21.11.2025;21.11.2025
bc1qv82w23q6u5gzd6npq6w3c5tykr4dwfdwt9etdr;1;1;0.03;22.12.2023;22.12.2023
bc1qwasvlcgq47j7y73erhgtxm4egss4j8chq42uat;1;1;0.03;26.06.2024;26.06.2024
bc1qg4xlm0dz5t82fns73z7mpgtywevn6qy6tqpamk;1;1;0.03;27.10.2024;27.10.2024
bc1q0npq360pgl4nnt26ng4kg3wymd2dp7pg99p6fg;1;1;0.03;16.01.2024;16.01.2024
UNKNOWN:002048fe64c54c3b4c8a298c359dfae20803d569;1;1;0.03;27.02.2025;27.02.2025
bc1q50us6c7ankkygpaendxv9pattz2dcsshn4t6nw;1;1;0.03;01.02.2025;01.02.2025
3H3R7gUeGXAGJJf3tR21f2nHSFJQsnb8iT;1;1;0.03;10.05.2024;10.05.2024
bc1qglulrpakszs57jyx9guyun0caenq4v93w87mzf;1;1;0.03;10.01.2022;10.01.2022
326EZ5k8XD78oGWWLA9UC8p7Xs2bbduU9s;1;1;0.03;07.07.2021;07.07.2021
bc1qlus2exp68tcjlq78kjev4jaa5e495t8u52z02s;1;1;0.02999939;31.07.2026;31.07.2026
bc1qlhhwfl452nzj0569pfdq477s4wnrn3qeqzhc32;1;1;0.02999836;18.09.2025;18.09.2025
bc1pylux7a8h52ls83sru4vs8644wpzkrqlcq769h3lj89dng32plc0s6y4s8e;1;1;0.02999481;06.02.2025;06.02.2025
bc1q5e3482l37h229n8wzsz8j6dasdvjczfvkmcqhm;1;1;0.0299923;18.07.2023;18.07.2023
bc1qjlne0ffxpeur6yy9xvxp6veaqp259xjnntfvsx;1;1;0.02999085;09.11.2024;09.11.2024
bc1qek5l0x6dtp4yv87jxadgg2qvv8e78xgaz4a0ss;1;1;0.02999051;09.11.2024;09.11.2024
bc1qrqyy4r3dq7kxrwvyxz97zmhxme29rjes0kp5f2;1;1;0.02998977;23.01.2025;23.01.2025
UNKNOWN:00200123cbb6b2dca54ec15d2b3b5c8594fb6cd4;1;1;0.02998714;11.03.2024;11.03.2024
UNKNOWN:00205c57bdaf1314f43218ede4c8e57fb8b0517d;1;1;0.02996638;13.03.2024;13.03.2024
bc1qkpmj33xcswtwsw94cqakwwp6d7gzznyep7js3c;1;1;0.02996155;31.07.2026;31.07.2026
bc1quwtw2s6qpy078tjqhwseq65sl8x53jndu4ewjn;1;1;0.02994398;31.07.2026;31.07.2026
bc1qrrv8q87clnqj6acz8g7v5aa8pdm8lpdzjwhrp4;1;1;0.02993847;13.06.2022;13.06.2022
bc1qmnp5gtytp6gzjlpff9799gh382z0phamfme7em;1;1;0.02990648;07.07.2025;07.07.2025
UNKNOWN:0020514addc7bf874e496d80ecf4dd0c4d590794;1;1;0.02987883;09.04.2024;09.04.2024
bc1qp30svkcv2xy7mphj4s5pzy408lhgqxxa2gnl6w;1;1;0.02978;31.07.2026;31.07.2026
3J7TiSGh8JNsSasPj467CdLhNwURdSoLYK;1;1;0.02975556;18.10.2022;18.10.2022
bc1qyvaxq6src02vgjetgyuj5nauz6fxxayw3sqg22;1;1;0.02973199;12.06.2023;12.06.2023
bc1qzvepa8zpj7ht7r6lj9l6sx5t63h3yl8x73js2a;1;1;0.02968472;23.02.2024;23.02.2024
UNKNOWN:00205c9b98290278481ccb8b6cd94f2c836f0f34;1;1;0.02966461;18.11.2024;18.11.2024
bc1qn3fppck207ekenk72jq32f73vyy6qe2ddfnxuk;1;1;0.02957618;31.07.2026;31.07.2026
bc1qaryspg4lua4wjupemlu95vakgpg2u4ptgteafn;1;1;0.02956977;31.07.2026;31.07.2026
bc1qkkmqkjr4kmt4zkrnt0z5s645mrdjae7va8p920;1;1;0.02954331;31.07.2026;31.07.2026
bc1qhkfzqrzqtj3l6a62gaj660qsqt7tfr96ax7nya;1;1;0.02946729;31.07.2026;31.07.2026
bc1qhrgttvrg4s7rw00gz3y27827ymjy4jlzuca8qp;1;1;0.02945867;05.09.2024;05.09.2024
bc1qaytdm9crtzyu8guwmx5ly5kzz8ygshejytssyf;1;1;0.029395;03.10.2024;03.10.2024
3KyZrHctYrXLo5AtgFuAsVdzZJFFcq67AA;1;1;0.02935414;31.03.2023;31.03.2023
bc1qrzdnndt8q6s6zynq0k4xhr389cl3e6hy8ahc0g;1;1;0.02916212;31.07.2026;31.07.2026
bc1qurjctyan0q8clnfh98c4267xlsxxsdlu3hjzr9;1;1;0.02915087;24.06.2024;24.06.2024
bc1qq0gajgczw8ugfzf0nmqeanfzy3tshv63rfqd4x;1;1;0.0291304;03.06.2024;03.06.2024
UNKNOWN:002063979be2dafc9bca4f1b584595467322bd2e;1;1;0.02911858;13.11.2025;13.11.2025
3M5xToK4UVshJRCHVXPK4wMmqrc5uV6E5j;1;1;0.02890037;06.08.2021;06.08.2021
bc1q0qej3zw6fn97k8fn28p0r4j4x84wcafpkjqjzm;1;1;0.02886483;31.07.2026;31.07.2026
bc1qy7qd5cl2aws02ahx9c7un5zy70dn8apjlqj6dd;1;1;0.02882641;31.12.2025;31.12.2025
bc1qnqukuukpjjkfdmz40lmusnmrx6fm9pe4zdv7ds;1;1;0.02882559;07.12.2024;07.12.2024
UNKNOWN:00201f1ea845dfb4a658905c3aebbb3f1ef5267d;1;1;0.02878234;24.09.2024;24.09.2024
bc1qclm6dw9c6g4q73vyveaqprufz7yq2f4rm2rlgx;1;1;0.0286829;16.02.2026;16.02.2026
bc1qy4uzz3j2xed7llvjwsmwc68t48pr7vwd8cxwa8;1;1;0.02863119;31.07.2026;31.07.2026
bc1q4mtk7tfm3kld0euj2p99w8ve9gewzh7gsu982e;1;1;0.02857143;18.05.2026;18.05.2026
bc1qjpzre5rzapqgtgf4qmxw99868v8p4vwjh8lyf5;1;1;0.02856859;23.01.2023;23.01.2023
36ZcaL6Gxwo6kL9dDAiC49D9D66DXAaCFA;1;1;0.0285;19.05.2022;19.05.2022
3FFdRoWRNvkMkCNNrRxqgyBVs9RVCwDnq2;1;1;0.02837848;11.12.2024;11.12.2024
3MMC6usvLphZoJ2GeSVHJbSUEH5u4t7rEX;1;1;0.02819595;13.02.2022;13.02.2022
bc1qnqksx4qxeh6ercgzqter2e436p4pz0xs6jv464;1;1;0.02814;08.01.2023;08.01.2023
bc1qxkan94dmd0qj8c43z7vhm5dnm3746y3x39x2rd;1;1;0.0281;22.05.2023;22.05.2023
bc1qqhkup60fgeka3lueqm4g79nveqkpmq5ssr8jgf;1;1;0.02808052;31.07.2026;31.07.2026
bc1qxpurf4240mt4q224nmpsqsjrkvad2h8wrfa47n;1;1;0.02803893;21.09.2024;21.09.2024
bc1q25kv555y900nv26j9y8y5vuwcdpp4hfk3xdkh9;1;1;0.02802845;04.06.2022;04.06.2022
UNKNOWN:00209ece88a297c1593f3349059fafa12ad9ff2f;1;1;0.02801151;28.12.2024;28.12.2024
bc1qn95pc9nqrvydderljxat3t9vtyuc88zm532u04;1;1;0.028;23.01.2022;23.01.2022
bc1qs09m5kh5pcdesshuuwt8ptvgqh9tpvwlwxq90x;1;1;0.028;24.06.2026;24.06.2026
3QbWCx2rV5CG7fNR7XwvcZN9gAeor3hj1J;1;1;0.028;06.10.2022;06.10.2022
bc1ptvtqpp677kgp8wsw6w5vl7w96vay7q4xyy5vjxanjuplmwgw224smwzdhn;1;1;0.028;25.02.2023;25.02.2023
3GedJ6gxjoVpWJPqgtG8zdGbh4BwrxJDZ9;1;1;0.028;22.01.2022;22.01.2022
UNKNOWN:00203dba8cd00dae03ff30c3fb4a288627f7ca68;1;1;0.02797102;25.06.2024;25.06.2024
37ruKGFAhz1f8X89jctN8oiU4nUwZKC9LF;1;1;0.02790702;24.11.2023;24.11.2023
bc1qv708que2f9c7s07gykrqn0xq9u9gjgkeuyjsyr;1;1;0.0278101;27.11.2023;27.11.2023
bc1qn9fn2wahfgj6dxg23nzmav09ugznh7ne49el9w;1;1;0.02768978;31.07.2026;31.07.2026
bc1qzatz57dmsyzqlzgnf8kfsf8635a08h4lz3uwp5;1;1;0.02752028;01.07.2024;01.07.2024
bc1qvug8wn234c8hch8sxjq5925ukq5pfztytwrlr7;1;1;0.02748481;12.06.2023;12.06.2023
3G3yBUSCnCAhztPS26PPW6cm6bQptWHwNP;1;1;0.0273993;28.01.2022;28.01.2022
bc1qwrxwuvathxsk8evkgc3le6de609ttzvsyjvm92;1;1;0.02722436;22.07.2026;22.07.2026
bc1qtslat63fkhhdwu6fhuy6wv24shn56q95zxuv60;1;1;0.02719989;31.07.2026;31.07.2026
bc1qtqtmpncs4mzccaw42p37q3ueatnqfd96c4le7n;1;1;0.027189;28.07.2026;28.07.2026
bc1qdr8upx90vrr5jyk30mmyy4wr6frxe87fc40m7p;1;1;0.02717618;10.03.2024;10.03.2024
bc1qrz9xhnewktqyrhv9ec290wwnvvxupdtgu9dtka;1;1;0.02709072;31.07.2026;31.07.2026
bc1qwmdvgr2v7nkgwh6rwluw667lfq3u57ytsq4enj;1;1;0.02707328;19.01.2024;19.01.2024
UNKNOWN:00202de0fde3d1de68e500a3c3e4f659e0a6bb11;1;1;0.02705344;29.11.2024;29.11.2024
bc1qmkc8ktma0ymsu2xph4y0ln3wgsp83lnqz30g7y;1;1;0.027;15.07.2025;15.07.2025
bc1pg8tnh97ruanutzh5c3s9jr6m4mwxpfejd96trcyd3nkf59xzduqqrg84ww;1;1;0.027;19.07.2023;19.07.2023
bc1q8kdkc5mvv8k8kd7ynffgfugrtj42ywr853tem6;1;1;0.02692993;24.02.2022;24.02.2022
39BkUX8Fy8vNjo61vrfPg3hkdXJGviyeTA;1;1;0.0269;27.09.2021;27.09.2021
bc1qxwx46ux6tdqkgfynl8w7ddxnlqknx90f5um5nf;1;1;0.02681333;31.07.2026;31.07.2026
3DWh8oV86WAMQG48JrgWo8RhqmhU29zswg;1;1;0.0266998;22.01.2024;22.01.2024
bc1qgjh8ukxccfrvh89satx0sp08uec2uf2xmnerzt;1;1;0.02669441;27.09.2023;27.09.2023
bc1q88hdnt762mwklfnswncfwmqslztx8kdjty3fdz;1;1;0.0266487;03.04.2021;03.04.2021
bc1qj2mz2gtls2x469zz7dclcy8usphdud3ct3twva;1;1;0.02658553;31.07.2026;31.07.2026
bc1qss5heldqve84u00kpq5rn6gc7ljvpjergrtjts;1;1;0.02658236;31.07.2026;31.07.2026
bc1qw295uzle9qpl9xs42tvxqc0jsncj4ey4vvp6pu;1;1;0.02654027;31.07.2026;31.07.2026
bc1q7x7vrja9hjxcakcl6kr69ajz2dw0p6l6rnlxtf;1;1;0.02653942;31.07.2026;31.07.2026
UNKNOWN:0020e31033b97e9f7e83d3a0424c41e188441f67;1;1;0.02653823;01.08.2026;01.08.2026
bc1qehqmsp3u64eym54nvmleuxukszxedsu4pvqcal;1;1;0.02634636;31.01.2025;31.01.2025
bc1q4ran2gpwq96g2v029s2u67wzalh85he4qutpgu;1;1;0.02631164;22.12.2025;22.12.2025
bc1q8kdn294f89a66fkw33kpsc247kns7h50m53k30;1;1;0.02606648;31.07.2026;31.07.2026
332VVLcRHwVVAyWKosFofCZwqgYz1YdoVm;1;1;0.02606035;24.08.2023;24.08.2023
bc1qgjd5vu54ua8u7x32h4m6jqruxvhs5hrdf9dkge;1;1;0.026;05.09.2021;05.09.2021
UNKNOWN:00202f63ae177d8d4258d1e16100b3d47be44915;1;1;0.026;17.02.2025;17.02.2025
3Ct6vbUauDYpvory66jJ8LfkqJ7NabfkSQ;1;1;0.02598747;29.09.2023;29.09.2023
bc1qx3kh6jrz7n4ufz3cvg966zjearp45mq35pps0l;1;1;0.02588362;25.06.2023;25.06.2023
3KJ2o3DiQVAnFPDsgfkeTTyUQXYDxnRP5v;1;1;0.02576547;14.10.2022;14.10.2022
bc1qp5s2d4a8xq822p26m5qu29gplfyngr6gvhlf4m;1;1;0.02571968;31.07.2026;31.07.2026
1K1wRjZYXnYHrMWMgg98NdX97QsvUR3R6M;1;1;0.0257047;08.03.2022;08.03.2022
bc1q93jq4em9v9nla2uk4kpgjmr5xeymsvwzd6dqnp;1;1;0.02565894;31.07.2026;31.07.2026
bc1qe9lj5k8ce9cpydxkzkqhnjm79gax6cjxuml49v;1;1;0.02565535;02.06.2024;02.06.2024
bc1qwlsms3jnnn6srs6vr43n8cp4f8l78p0264pn03;1;1;0.02564135;01.02.2025;01.02.2025
3MQHc6E55PYTXyHQK7FHJadrNX4CnHN2Mx;1;1;0.02561223;11.03.2022;11.03.2022
bc1qcxnqh3me4lg3x67ctwwtrfcr06mnd7v5yuy4q9;1;1;0.02554809;25.06.2025;25.06.2025
3AWcck3XY8cvQYoYWQxzcdCLgdLSD7K2GF;1;1;0.0254872;13.04.2022;13.04.2022
bc1qregkhrpzpyhgaz0tje46jccsy9kgjjqrv5dguc;1;1;0.025378;30.06.2021;30.06.2021
bc1qd0689y08snnmzh5clztjn6lfx9rqa8eycgv03s;1;1;0.02534437;31.07.2026;31.07.2026
bc1qy6kvjq53fh3dfha59cgecrxznxhgus3eludkla;1;1;0.02513705;30.07.2024;30.07.2024
UNKNOWN:0020532bc2bd2693a5935fc3caa101eb970f5651;1;1;0.02513557;29.05.2024;29.05.2024
bc1qahpvpsgkaw770hueyqna9hul2cnpdvmzjulhv7;1;1;0.02509781;31.07.2026;31.07.2026
bc1qsc733tejmg98jj7mhkuxyy9zw2kc5gk3w2t6fc;1;1;0.02509274;30.04.2021;30.04.2021
bc1qy5dgm8lfawtkwrzakj44pqaaxjcmp037csaat2;1;1;0.02505582;31.07.2026;31.07.2026
38JC8eYFbYr3k5CqVd6VMA5TMDX2ooWrqd;1;1;0.02504656;11.05.2021;11.05.2021
bc1qr5r5rs3yhtc9ha2qwy28xvr55hf6wf8qypw5vq;1;1;0.02502491;31.07.2026;31.07.2026
bc1q72npy6gxtlfef9eajaazrkyz24hn89acu4y7rr;1;1;0.02501284;07.12.2021;07.12.2021
3AEwH7xmDkh71QS3wj7noT9ZAR66An16VS;1;1;0.025;28.06.2024;28.06.2024
UNKNOWN:00208b2f536f60480fac276a96702965b3b768d7;1;1;0.025;03.01.2026;03.01.2026
bc1qm2jmp0rnmpwjsp5n5wglefqpg85gqce7srvpxd;1;1;0.025;18.12.2023;18.12.2023
bc1qxjgpqhp6clufq5z62d80xtp86eatsknjspza0w;1;1;0.025;03.07.2022;03.07.2022
bc1q6tg64pan6vmg5g3p5c9c9sau2sj6s2khlhhmc6;1;1;0.025;12.06.2025;12.06.2025
bc1qepgct0c0qzctfzp9ysvj3ynmuqvfx02x79u40q;1;1;0.025;02.04.2026;02.04.2026
bc1qnz7tftc658wfafjnfkjs2rfc5y6zcv29ef2lsl;1;1;0.025;03.07.2022;03.07.2022
bc1q5ymskzm4dv4hgqfjy5fl0vg5ru85el82p3zjx4;1;1;0.025;03.07.2022;03.07.2022
bc1q4wxmqhvqeffehcm63exg64m2qdu92y6l6lxghl;1;1;0.025;03.07.2022;03.07.2022
bc1qwt8fpypt5vlkaa4puyws6lev23rnzpfxagluhy;1;1;0.025;21.08.2023;21.08.2023
bc1qlrxpeyekrcwdy957spfh75gppy7uvqk0ej3w5r;1;1;0.025;12.06.2025;12.06.2025
1H7crAS289eGzVBcLLq99CP5DmqmzWnRDu;1;1;0.025;29.11.2024;29.11.2024
bc1q7jhpan0zzfezv6hnsmsx02uphlyyxlw63cy86s;1;1;0.025;26.07.2024;26.07.2024
bc1qaxfe0ns9aew4ukhq5895zh6nqks5efwpegkr6t;1;1;0.025;06.03.2025;06.03.2025
bc1q6rqruflwa5mt6eyadj9zn2j6vty6fkyv0j3rn6;1;1;0.025;06.10.2022;06.10.2022
bc1q7dxh8r7w5wvj7dk0accj36ywc83v3equrg2mqe;1;1;0.025;03.07.2022;03.07.2022
bc1qcv02fz98te42wsepy9ytr8fd3cg8yjyj49vc28;1;1;0.025;03.07.2022;03.07.2022
3DXkCk6GPS1V4dK6sTh9gC6XVow6LW1qP8;1;1;0.025;01.12.2023;01.12.2023
bc1qsnnjfrcelv3ts8th65p9g3p869q8ppey2w2jra;1;1;0.025;16.03.2023;16.03.2023
bc1qn9truzkxdpqlg2mua9jtq6nvxlendpzk4f6q2v;1;1;0.02499781;31.07.2026;31.07.2026
bc1qd0j2jj0jv8nnjkwehc589nt3av64xcesnl7cxz;1;1;0.0249978;31.07.2026;31.07.2026
1DcyRBb5b928iFE344gdeG6mx1Y2DjaeTv;1;1;0.02498701;29.11.2024;29.11.2024
3CQfHzJKrDC6dJAQbcK9WVA2vRo4avqTCg;1;1;0.024982;24.09.2023;24.09.2023
bc1q628gg73qu66vaxcec236r4j0u35zl4wersfk8k;1;1;0.02498197;31.07.2026;31.07.2026
bc1qfd4dqrty7fy43yfgqwl255e6z0vr7y7u74af03;1;1;0.02497802;31.07.2026;31.07.2026
bc1qy6j6ks3sms08crnwlj8qjd8jlcn2lk5lqk3nck;1;1;0.02497496;04.04.2026;04.04.2026
3EYugRmUf7BGKp2kzPCpzgzLjz4mSBjYV5;1;1;0.024974;30.04.2024;30.04.2024
bc1q5wgnnurl0dsqk7e40vt40f2q695kyq2gxmdw2k;1;1;0.02495359;12.06.2023;12.06.2023
bc1qzrccav5fgtrmvxrlvyq6pdcpwzp9e9g93q3adg;1;1;0.02493481;31.07.2026;31.07.2026
bc1qsptck83mzfqvw564rz3vyyferug98w8hk3y98s;1;1;0.02489978;01.05.2025;01.05.2025
bc1q8cwmkwfnrwj8y457scgv0mvg9cql4txqjfv79h;1;1;0.02489977;01.05.2025;01.05.2025
bc1q7yzx8p3rydzfek3jwj36ne729nyuuz00cd9ms6;1;1;0.02489977;01.05.2025;01.05.2025
bc1qtxlkce7kuw5907v3a2l46t0x98y4r24jrjjl4y;1;1;0.02483412;31.07.2026;31.07.2026
bc1qkyumasprlvynyzhxd5242ks38se5upt9g5e9h4;1;1;0.02482102;23.03.2024;23.03.2024
3BxxEg8pWWoXUN7h2gctnLyhQJQ9sywc9d;1;1;0.02476791;28.01.2024;28.01.2024
bc1qm767xngxfsqvxjn4ekk957hhdgxjpztjgmd9yv;1;1;0.02462;27.12.2023;27.12.2023
bc1qq6n68acnepum0gdp57dnn4sgr2e772rlfujqpm;1;1;0.02458212;31.07.2026;31.07.2026
bc1qejk5f9dza05rcn0prputwtpaeyplqjruc4reqk;1;1;0.02452493;31.07.2026;31.07.2026
3BL95BhPXX4VkGAU5a5cjdaLiU74H3qBBW;1;1;0.02447342;31.12.2021;31.12.2021
bc1qax5grt7f0kezfwpvl98jrvlvaxcfhjx37q43ur;1;1;0.02445481;18.03.2024;18.03.2024
bc1qqdevduf55x5dzjcemj2gqyxglh45hxsdt9e5nl;1;1;0.0244;02.07.2025;02.07.2025
39TVFt2q5gRaLfkXxSPuRRU3gqXrhRZMCL;1;1;0.02428702;21.03.2022;21.03.2022
bc1qn0xvslql06v0xv5av6x8nxxf8wmhakfr0ta74j;1;1;0.02427812;31.07.2026;31.07.2026
bc1qxcjly8erw7kxndnwxwyqyfvtdkranz5cgagdxe;1;1;0.02426685;10.04.2024;10.04.2024
bc1q29m56d5extqgmpfctrnrhq57g5tu7nrnhwe9hc;1;1;0.02426475;22.08.2025;22.08.2025
bc1qtz20qkglwc0vj82nequvmlpet3gzwtasq8gtlz;1;1;0.02426051;31.07.2026;31.07.2026
bc1qqd4pznn57qwup2rrjd6t7g8uskh0r7l2rfqu5v;1;1;0.024253;05.02.2026;05.02.2026
bc1qaynrvu8c4ex5rxf6rznvgn4aj23dyc00k8hrd8;1;1;0.02422659;31.07.2026;31.07.2026
bc1qryj2mk6j60z6sv7t3rwa37lru56wkm3yjvtkdu;1;1;0.02414256;31.07.2026;31.07.2026
bc1qw3d0d5kmwmcgr7cjssv3fw4sxwmnf7dgelxfeh;1;1;0.02412584;05.08.2024;05.08.2024
UNKNOWN:0020be606b95086b46905325456d5e2e9f37d800;1;1;0.02411984;28.09.2024;28.09.2024
bc1qsnc6jh4qrdv57ppjpuj3uc092fwacpeq2kg2dm;1;1;0.02409251;02.07.2025;02.07.2025
35zXgCM6k1XZbjrJFhHKCBc5X3xzXyeB46;1;1;0.02400846;19.04.2023;19.04.2023
bc1qy05hytca8u9cpmfdlqvxna5xdlzz0yx348rqxu;1;1;0.02397224;31.07.2026;31.07.2026
3JwZnYpqXBjcpnJRgYmnVNzcwgWgHQ41J9;1;1;0.02395021;22.12.2023;22.12.2023
bc1qngw4a93nyhu2ctjsgjakslfc3dxte7vceagec0;1;1;0.02394249;03.06.2023;03.06.2023
bc1q0za69s4jwk3hmc976sm5ntww5n3uwycysj8pqy;1;1;0.0239243;01.07.2024;01.07.2024
bc1q3tl0e9mrm43xm4t0npcplnjhty5xs7gtw6p7r3;1;1;0.02389291;31.07.2026;31.07.2026
UNKNOWN:0020d8b038833c5c03f3dd5bd257ce975e2888f5;1;1;0.02388006;25.10.2024;25.10.2024
1GzaAXM621H15dioyYB3qk5Ymt4d599N8U;1;1;0.02385952;19.01.2026;19.01.2026
bc1qc6m3rz35j8mqtze25lhtsqj83un8eseawww99x;1;1;0.02383267;11.03.2025;11.03.2025
bc1qdfmafmllcepu7u3m3dqzn0exl2j5heu3ga0r62;1;1;0.02381565;27.07.2022;27.07.2022
13puhRKH3cXumeB5g3zdaRzde6zLe58NVa;1;1;0.02379278;17.01.2022;17.01.2022
bc1q7vd44lra6ku3zzz9du8679hv7vhrue4cmzzc2e;1;1;0.02379058;17.07.2023;17.07.2023
UNKNOWN:002013bee7043f1a89703cee82af8df57f5f6768;1;1;0.02372998;31.10.2023;31.10.2023
bc1qcak0cukrrdfhs2spg0nj3yg8zja6n9y6grjysp;1;1;0.02370672;04.07.2026;04.07.2026
UNKNOWN:00202efcd5146510fefda2a3fa76a0178a866eaf;1;1;0.02369813;22.12.2024;22.12.2024
3Jb6q6dxw8JovCSzYBkTqqXNCGrUBL7RfH;1;1;0.02367037;01.10.2023;01.10.2023
3AiE6TVCkybRQ9uZG7SBoTVXqEjLKqJHPp;1;1;0.02366;12.02.2022;12.02.2022
bc1qhra82yrc83yrwpdrk2xvq2lcanjva9r7se3370;1;1;0.02365604;01.08.2026;01.08.2026
bc1q8akrdcu8qr4gsf4mmv6pd5n0ju95mv700uxh75;1;1;0.02358923;31.07.2026;31.07.2026
bc1qkdxedc0n6t0zra0qsthqpvsat0059jt9vsj5s3;1;1;0.02351874;31.07.2026;31.07.2026
bc1qd2mpn9ywtzgs3cjh6nkzawdvunsglazzga4zzv;1;1;0.02349752;31.07.2026;31.07.2026
bc1q3wtdd9vuf7y6x0xlrh8afcuvytg3vrphdna5m4;1;1;0.02349095;31.07.2026;31.07.2026
UNKNOWN:0020203ecbd299241e50dc9a723832d7d11a8852;1;1;0.02342;10.10.2021;10.10.2021
37uxkiRd4rwity3zwMu96zU3fxWtL87ns7;1;1;0.02341362;28.12.2023;28.12.2023
3KWHYVxRggJ2cMfAYQZg1HEwqLdv2Rn9ae;1;1;0.02332334;21.01.2022;21.01.2022
bc1qp62xct2uwhuzkez256swn7360rvkymzp0w0ckn;1;1;0.02327397;31.07.2026;31.07.2026
UNKNOWN:00208f2b0562caf7319f353850e8d13f270ab06b;1;1;0.02324014;15.12.2025;15.12.2025
bc1qrkq2dkmcqrl63cvc40dvwx69rdd3h2a3val3ff;1;1;0.02321312;10.03.2025;10.03.2025
1H8D86d1V2cbLGnK16Z4W5zmw25h5hrnan;1;1;0.02315891;09.11.2022;09.11.2022
bc1q8zx8rkn74c9gpyc5hujxvcajy7fr08zw3dmlru;1;1;0.02306952;31.07.2026;31.07.2026
bc1q783gx6yxuc05nwfc444kvq3tl43qv47hndvswz;1;1;0.02303347;31.07.2026;31.07.2026
bc1qfaxmr3d5cpc0ktfh7cvvfxa5efnjzaczr4af8j;1;1;0.02300746;31.07.2026;31.07.2026
3JmqJYrnLH312ggyAaRRxijA3x4R3gwU3A;1;1;0.023;02.05.2022;02.05.2022
3MJRy8RRYyiz2VwP8z6itM3ga5UC47Qh7f;1;1;0.023;03.04.2022;03.04.2022
3NWVrkSWbpqUXReDv9yUrC6CFnDJTAGbiX;1;1;0.023;04.07.2022;04.07.2022
bc1qa8y9cpfy0rtf99nmhtrzawtt36htuewqx0h7sq;1;1;0.023;29.03.2022;29.03.2022
3F7erGebmUPZ4uBUQTW6Rwhsboiw9jw2ME;1;1;0.023;10.08.2022;10.08.2022
3DbE3sqNbiKFAqk68gR22wtBW4fQnHnavV;1;1;0.023;03.06.2022;03.06.2022
bc1q9efwfm50t3nc7ghxdxdykunawxc4t7adfkaqzy;1;1;0.023;15.02.2022;15.02.2022
39UwkfPJi9sMDR5QzdgpRdNpSES1QFAbNY;1;1;0.023;24.07.2024;24.07.2024
UNKNOWN:0020c287718fe5450ebe16708a0136b954700fc7;1;1;0.02298401;25.08.2022;25.08.2022
bc1q4rcvl0u92080jr3lq0wp05nunx7kwsxqfrgsur;1;1;0.02296886;31.07.2026;31.07.2026
bc1qnn3pg9etg7tjvm6amk4wuk8zxmkf5u938w5qcl;1;1;0.0229417;01.05.2025;01.05.2025
bc1qm4qvjqtasf6u6v4sf232h2ggfcfl7spa8ywd5l;1;1;0.02291033;31.07.2026;31.07.2026
bc1q5afvs234d9yym5hm7lgcj9s0kmrka5xwn8vfk3;1;1;0.02287;09.09.2025;09.09.2025
bc1qp4lw3vypy0d4z5se389h7x2877fckpvtguf683;1;1;0.02284428;30.11.2021;30.11.2021
bc1quj79nusge8uyzk67jmls85j4jc73t20l9lvwsk;1;1;0.02278781;12.02.2024;12.02.2024
3BgF99VnLTxNv8cCnQh9yMQnFGNzXFNqNT;1;1;0.02278178;03.12.2024;03.12.2024
bc1pxxpxafgr0ruxje73rlw07wnsss9fhke89fx05lrxgulvahyk92mqlzk9ex;1;1;0.0227532;08.01.2025;08.01.2025
bc1qhymt50ldy8ahg4e6jq8v0e2j7zc0phpgxwq6rw;1;1;0.0227;12.02.2023;12.02.2023
3CZSmNB7LxKzD7u6bFyV2ni47dmaT45QdT;1;1;0.02265965;29.07.2023;29.07.2023
UNKNOWN:0020568544350b76c6e3aad860d625d4e89f3163;1;1;0.02257568;04.12.2024;04.12.2024
bc1q7t95t35nkndc6evjpga6uwelepvsea22yyq8qd;1;1;0.02257232;14.07.2025;14.07.2025
39vWz49YLsGFbmBydUK7oCPkLs4UtHRaug;1;1;0.02253291;26.03.2022;26.03.2022
bc1qc67czrlnth35f05t8436lnan6z2jg0t5gtmr5m;1;1;0.0225;06.03.2026;06.03.2026
bc1qmqp9lrja4nky695r7ew50047yvvv9qgqkrk08p;1;1;0.02247935;02.09.2024;02.09.2024
bc1q74j476cdkqu6azy0gmv76exwq624cktwf2e6j8;1;1;0.02239;30.04.2022;30.04.2022
bc1qej44xj2xfr2quqjplwxkd0ljyu6yfgz689jmm4;1;1;0.02236546;31.07.2026;31.07.2026
bc1qvx69mfmylxcgspf24zvju4458m6qq7dmsyau96;1;1;0.02235778;30.07.2021;30.07.2021
bc1q2q8al0s26wgrerdhd5ck0ms4a949l6xz3cra98;1;1;0.02235709;01.08.2024;01.08.2024
UNKNOWN:002084a142f798c8418b915386cc9af434861492;1;1;0.02235395;25.06.2021;25.06.2021
bc1qewt0tduvhs3u6nfq3ctynundxxfjg2hymd64kh;1;1;0.02232754;28.09.2022;28.09.2022
bc1qt6f4w23qgv2sc7vn422cu4jfg5cdwk0mwu6xdd;1;1;0.02231806;09.03.2025;09.03.2025
1JVySzVMMJvVSVXibF3jSaZ7FDVvWSXEkU;1;1;0.02231366;06.06.2024;06.06.2024
bc1qhwq422zr36mr9mm2agxl6fyyywhj3hffsfx4q3;1;1;0.02227172;15.07.2025;15.07.2025
33WjszURqjHqnzEStTcGBiW4QAspZDYgXt;1;1;0.02226891;06.01.2024;06.01.2024
bc1qe5j2gr4dn3ksua3djyk9ykhrwxs5a8lqdmlyrq;1;1;0.02222222;24.06.2023;24.06.2023
bc1qlxu0manhkh34zd3h7jrllnpnl0tywjyel02kt3;1;1;0.02209847;31.07.2026;31.07.2026
bc1pn3dgzf2sjwadt09pm7deaqsphseexf5s7tpsn4dlkujyyzakqakszqt4l3;1;1;0.02209205;22.01.2025;22.01.2025
bc1q6yaexc66vxx4nxxkxfwr5r5ttfym7nqaeu024l;1;1;0.022;08.03.2023;08.03.2023
bc1qg2augfgvn8mngejzlxlyl0v5cfumjhgx3vr7lj;1;1;0.0219851;31.07.2026;31.07.2026
bc1qajxu9tcnr286lp0mekcgstzwl2z82fznw3eamx;1;1;0.02198368;31.07.2026;31.07.2026
bc1qh3znlxprprn8gwmk8x5pwx67jtj9s5elez9hyd;1;1;0.02198016;31.07.2026;31.07.2026
bc1q5vyg5e4azw3xz37kszdhf4wxfyjeteauuzwmvv;1;1;0.02185563;30.01.2025;30.01.2025
bc1qt64v0ldsf8ymlrklpv6ncy27hdduva3zvcufs8;1;1;0.02175509;31.07.2026;31.07.2026
UNKNOWN:002033238af78410a39608d1cf9ebae94cec507c;1;1;0.02174733;10.02.2026;10.02.2026
bc1qunnrlks8pg4g5gds0jwvst4pxhm4k80cuhg9tw;1;1;0.02173572;31.07.2026;31.07.2026
3L2GeRXt7hUuVvigpCuiUMakfWtY2kPEhb;1;1;0.02172943;01.09.2021;01.09.2021
3BEVEKjDzgSY3Aut7Bm3bUrDuuz3CXdzhn;1;1;0.0217169;24.08.2023;24.08.2023
UNKNOWN:0020571cee5a6d47861b74d7896033c9bcc7505e;1;1;0.02168991;05.09.2024;05.09.2024
bc1qrrrzymz5vlaz8w28cjva56y35p6txg9qra28jd;1;1;0.02168751;17.01.2022;17.01.2022
1G4asbnKHeSpLgmmAqnEHcgMnJ5y2wX7Dk;1;1;0.0216559;16.05.2024;16.05.2024
bc1qxs802x3j0fpu292zflrzmv6uynsm5uxf30d2r2;1;1;0.02159716;04.10.2024;04.10.2024
bc1qzmcsra92a5255vptxe0laa6wcc9uk5d8z4yaty;1;1;0.02157422;26.02.2024;26.02.2024
bc1q5xnjqxhmg7ll7xlztaraas5tdyd4d0as63vxam;1;1;0.02151386;23.02.2024;23.02.2024
UNKNOWN:00203db8f13a37541b41c43c17c397a39b2f505d;1;1;0.0213984;14.11.2023;14.11.2023
bc1qx3pcqjl8mawt0wpqf4806440zawdlhx2t5aqvq;1;1;0.02138919;21.09.2021;21.09.2021
bc1pmrut97qxu39daqs5yf5enkcrqmz32kuvjl77c0ljkmgqdjlyarmqrkwnn0;1;1;0.02136094;28.04.2025;28.04.2025
UNKNOWN:002027a4a0fc042df9bc08f07329188226437e47;1;1;0.02132285;13.01.2025;13.01.2025
bc1q75rn60wx9hv80anpl4cz4z0wh7yjfn26h6wlrd;1;1;0.02131828;04.03.2024;04.03.2024
bc1quvrtvewn09ee9krhtpcudr25ydwwa4dcqy6c0z;1;1;0.02130848;05.03.2024;05.03.2024
bc1qn2p6xnq4759u0y6p84nafcjxdgkzfus2n6vn9k;1;1;0.02125499;20.01.2025;20.01.2025
bc1q4xmy7qt04up5sed463xsrfaq4ty0m4rz96lgcw;1;1;0.02124089;11.06.2024;11.06.2024
bc1qxjr3e69f7uzsfed6mz88ja0k03fn4zdlfqw3pc;1;1;0.02123627;20.02.2024;20.02.2024
bc1qa9gv4xfznl0exhndljfg77xh9w7tv56tvxu7ln;1;1;0.02123234;31.07.2026;31.07.2026
bc1q5cdlcze3w4muf47s5tx3sjt6wqtf4k99sutlmy;1;1;0.02113153;31.01.2025;31.01.2025
bc1qypt5fj8t0ueat6ssxgad4cj7ul886m4n4y05mu;1;1;0.02104834;10.01.2024;10.01.2024
bc1qhf5a8ne4ey2rk6tmkgt3t90mtka4rxc97azkgp;1;1;0.021;26.03.2022;26.03.2022
bc1q9kjuug0uc3k9un3fqjjgj4p0zgaurq2su3df89;1;1;0.02097706;01.07.2025;01.07.2025
bc1q7a6z4vx2w6w7ehux59fuvmrcmdnevfqknjhu62;1;1;0.02096582;19.02.2024;19.02.2024
bc1q44dtqn7n589ufrjzsdm6awp5mt5n74z7alws84;1;1;0.02095108;23.01.2022;23.01.2022
bc1qc9n342mwata2t7vpj4hrcpus0jc9dxcx4k9kzm;1;1;0.02094845;31.07.2026;31.07.2026
bc1qhwjxja56xcx2a0rsqclysmpsd42gzsjk7ttv0z;1;1;0.02094811;31.07.2026;31.07.2026
UNKNOWN:00204485b086fd6456a5b665e1a3614ac4278499;1;1;0.02093391;16.12.2024;16.12.2024
bc1q3tf3w37r7tqzvm5sxkzzfa85fsq76ctvu8lm78;1;1;0.0209167;21.08.2025;21.08.2025
bc1q9dztczkfcmmrk8x8r76u23kdcng0akp30dm2dz;1;1;0.02079066;25.02.2026;25.02.2026
bc1q0zvu7dwzgxlg4r3jsdzdmqpwq5yqf8k7xg2nkz;1;1;0.02078811;16.11.2024;16.11.2024
bc1qmdzk6wzqvmchzpqx8vmyxed4k5ffpdd9r6c993;1;1;0.02078568;31.07.2026;31.07.2026
bc1qxw2fqk5cdh0gsmhnqkl4y4xncejkku8gxf9na5;1;1;0.02077329;12.06.2023;12.06.2023
bc1qs07gy7j6cw68uy0q5clk2k55h9hrkl6cg49k79;1;1;0.02073195;31.01.2025;31.01.2025
bc1qlzztgcqjwmlq74fjxjxz982g33hdaafaj62j3n;1;1;0.02057723;12.06.2023;12.06.2023
36pnQoKTEbRTgYGRhXtDnxd918JJ1xHAVv;1;1;0.0205422;15.03.2022;15.03.2022
19G8ZdHC6VEtQvZvZ5zRQxVcebFkfGTTkf;1;1;0.020532;06.02.2023;06.02.2023
UNKNOWN:0020ddde532fda81607a10f80b5b55b58c6e7cb3;1;1;0.0205;06.08.2023;06.08.2023
bc1qncu3t0pkryy325l6g805p64hp5m7m92r4vpnht;1;1;0.02049859;17.06.2024;17.06.2024
UNKNOWN:0020092d4a0e57fa8ed51ff72d87f2c5e2114d0a;1;1;0.02046786;10.09.2024;10.09.2024
bc1qyyvgc64ldm5thf0utett0dvfqre63cguftd55k;1;1;0.02046554;02.12.2021;02.12.2021
bc1q2zs8l27ktkx4y2wjj9hd4y8q57nhpd4ww38rx9;1;1;0.02041323;11.01.2023;11.01.2023
bc1qp2ews9d0a054kq5mhmvuj0wx98qaj8x8pmam7v;1;1;0.02040124;17.01.2022;17.01.2022
bc1qwh3elm56v9ke46q3wyx2zt03c0r7szmdaqw0rk;1;1;0.0204;18.08.2024;18.08.2024
bc1qckcp60swxa0de75myglxhmex5g7z8pm249hpxv;1;1;0.02034962;31.07.2026;31.07.2026
bc1qe9sfveekml3ftway8mwgu52s9zhqp4c3gc4uzx;1;1;0.0203495;16.02.2025;16.02.2025
34738XtKe6CoZftUcFyD8YeHbqktSAWRwY;1;1;0.02033976;26.02.2024;26.02.2024
bc1qukrqk7cp4gatad0sjtjfwstqa94f5837mlxc30;1;1;0.02025217;29.06.2024;29.06.2024
bc1qpxcu5jst0advlywcs4crpjk3xvz2rjr35jqme4;1;1;0.02023473;05.08.2024;05.08.2024
bc1qqllcxdrls7kwzkfwvdrajruurgsp0g22emnuw0;1;1;0.02023302;08.06.2022;08.06.2022
bc1qky057jyh498zm2ztzlpezlgu2e9nrjedpnnpqa;1;1;0.0201796;20.09.2023;20.09.2023
bc1qzhvmg0dv7cueqr3kwh9w063ryghlxtrx8ssvxq;1;1;0.02016;06.02.2025;06.02.2025
bc1qeamggp6ch7mepc3vak45mf4nm9kxx28ah7lc8k;1;1;0.02015765;25.10.2021;25.10.2021
bc1qrv86t7xw57maac69j0nlspf4akskry9ufd4fep;1;1;0.02009265;05.01.2025;05.01.2025
bc1q4v3nzygplz3k35xnpypvyq5s4su6lm7lz86lmv;1;1;0.02008322;03.09.2024;03.09.2024
bc1qg0f73sjywk7xafmfs54wusafa9ulqay2ccc4gt;1;1;0.02005504;17.12.2025;17.12.2025
bc1qgfec37qjj7fwxj9mw6w0247eledx5evq2a285a;1;1;0.02003859;21.08.2021;21.08.2021
bc1q0fwwurp330ec7gkgdqsc68784mf72p0r65c8nt;1;1;0.0200312;31.07.2026;31.07.2026
bc1qm2ajeeydnez43dqyeg5ldg9avzead89mn76jwp;1;1;0.02001828;28.11.2021;28.11.2021
bc1qwsnru97j3t85helhqcfhf7t4u7f23vfsslx2r0;1;1;0.02001388;03.09.2022;03.09.2022
bc1quwwfs6caw6hj8zk46hrwt68mh9zv3cud4t9qqs;1;1;0.02001;11.05.2021;11.05.2021
bc1q7yt05fp3eukmjp06tfnunjkpf4v4hg8fzf9ukk;1;1;0.02;24.08.2025;24.08.2025
bc1qmw8mttpkyac73262kzx4s4x98k67xk02ym2d67;1;1;0.02;14.02.2024;14.02.2024
bc1q7d8a3t400q30uplnewukxzuehwd2y7wtxcgumq;1;1;0.02;15.12.2025;15.12.2025
bc1qezcnxddltd2z8c7mmw06a4hmg8j8k9du4dce2a;1;1;0.02;14.08.2022;14.08.2022
bc1q3rn70qha5uq090q7wz5gky722glcs9rnw49tvp;1;1;0.02;08.10.2025;08.10.2025
bc1qqyngstx3w0hy5tf9amnxqsth6gpueav9067x0g;1;1;0.02;18.07.2023;18.07.2023
bc1q9j2y6zy9xm7f2cnwcm4n9w269mlekg0ee0ypuz;1;1;0.02;19.09.2022;19.09.2022
3Jc5zbwGCEinH8NVweQRN1fPrscwNAxVqb;1;1;0.02;27.05.2026;27.05.2026
1G71hUgL4qrqvbBRCUhQtD3gwCS4kLrQH4;1;1;0.02;09.11.2022;09.11.2022
bc1qlld0yr665cuukyte9tnfllprhfum8g8n7jf57n;1;1;0.02;17.05.2026;17.05.2026
bc1qffkeg4w63hrc5y87eu0vf8pfjpqysrv4ztelar;1;1;0.02;11.05.2025;11.05.2025
3MsmtBV9BpazhcQANPucwzod6pnPCivkJF;1;1;0.02;01.02.2022;01.02.2022
bc1qacvhqa5znm0k8nka4l5k5fvl69p8hmxvp77gap;1;1;0.02;02.04.2025;02.04.2025
bc1q480qhaxnk9tcvyrvtr7vpkrulv5wl7rm8f87z6;1;1;0.02;26.07.2022;26.07.2022
bc1q3tq348f32ngnl9vk2x9svt3h72lhh6pwnqu5rz;1;1;0.02;31.07.2026;31.07.2026
bc1pxmeek74j83tly5he7yetlrgwcxy7v27056uesq8xmv5m8jq05kpquntk9m;1;1;0.02;21.10.2023;21.10.2023
bc1qtr7dkewxlxq36ed9lny5fgy29dkp8wd3hxksu9;1;1;0.02;25.03.2022;25.03.2022
3Hf7bvZvBaKyomuaCzeXu7Gt8LcXQwSViv;1;1;0.02;23.01.2023;23.01.2023
386RJprzFZjxwccgBrmgLU8Hafk5H7y18F;1;1;0.02;02.04.2022;02.04.2022
bc1q234lnulaskg73j7asmy53ykc7u9k8mlj67yhct;1;1;0.02;20.11.2025;20.11.2025
bc1q85qw6tfk7e0wzdw7nu09j6l3lq6mstx22jm427;1;1;0.02;01.12.2025;01.12.2025
bc1q6hwe9xge5dthafyelps89jfxgmgkadj9t53dfc;1;1;0.02;11.12.2023;11.12.2023
bc1qf2kkx47xnkz2na9hu9a289k97vw7tjd3kscu3x;1;1;0.02;31.07.2026;31.07.2026
UNKNOWN:00202ceb721a1e31d4fb3ed7bec400efdc7543ef;1;1;0.02;23.12.2025;23.12.2025
bc1qy8tjx384y7p2ql8t0wtc5x34cs7n9twwpermys;1;1;0.02;09.12.2023;09.12.2023
bc1qvl9a2t0alghtqdujdkdwk3e55x8crujd83ys2q;1;1;0.02;15.06.2025;15.06.2025
bc1qfj5ad8t5a447jlf8wd99f3hmx7c509vjmm4rpe;1;1;0.02;16.01.2026;16.01.2026
3Cz8EUeP9ez6wXeu43TTHTZRNGiC3dJMBz;1;1;0.02;29.01.2022;29.01.2022
3H6VjGygyPJvXpj1km4NZpFoK6JV5K7exF;1;1;0.02;10.07.2023;10.07.2023
bc1qq7688unnw2fm255q960s3n22qda0268tmynjaa;1;1;0.02;28.01.2026;28.01.2026
UNKNOWN:00203d679b557a5e9b151a994b0363d49f90c14f;1;1;0.02;12.04.2026;12.04.2026
bc1q6k2tgmwjp8uwpuus2atgf5fvc5y2ghkh40qnm5;1;1;0.02;21.04.2024;21.04.2024
UNKNOWN:0020477200bb62c82b177be6024a2e6c7320496a;1;1;0.02;25.07.2023;25.07.2023
bc1qrlxlzrk6cgvpuz2larmcyaysnp3t2k5ylhsj7v;1;1;0.02;25.10.2024;25.10.2024
bc1qk53fkvwkgf5nvyna3g5uhkcdg6hc0lwk3uq83w;1;1;0.02;26.12.2021;26.12.2021
13JKi9enRfDqNe323YLeJtrZJ1gZW1cBJM;1;1;0.02;27.07.2025;27.07.2025
bc1qalmg3wzepuvewva58dy47tjddajq44a7sy7ad5;1;1;0.02;09.04.2026;09.04.2026
bc1qnqu9edly6ug30q2mkj0qkram6720wd5akjmk3r;1;1;0.02;02.07.2025;02.07.2025
UNKNOWN:0020cc6671ac07d359c676fccc61ee44706ff08c;1;1;0.02;08.04.2024;08.04.2024
bc1q4245p9vx429cuhqzjgyamrf68gepsanq0jaatt;1;1;0.02;19.03.2026;19.03.2026
UNKNOWN:00206532f859f5acc4118850644a6aa12685f2f3;1;1;0.02;06.06.2023;06.06.2023
bc1qrrqqqnmk7m4t0ue97tzetf3882rf6d0edhk092;1;1;0.02;16.10.2025;16.10.2025
bc1q5ldcpr9anu5f9zn5dtdarcwmn0pwpwghn8vmr4;1;1;0.02;23.07.2026;23.07.2026
bc1q7rdv02dk5zvpj9e9j95yk7egnwu7rgq8xsyhx7;1;1;0.02;22.12.2022;22.12.2022
3K5UtmkKPxRFCtscTW3Zm3NAfVSteA4CAE;1;1;0.02;01.08.2021;01.08.2021
bc1qyfj36n0gswtajl03hmuekw2sx8wv6u6z35yja8;1;1;0.02;15.07.2025;15.07.2025
3QNwabU1oW71Ps5F65i7duYwKHWbdYchiY;1;1;0.02;20.05.2023;20.05.2023
bc1qvth2a6q8jhcpl0l3c8eyas5d8ccquclknyjq6q;1;1;0.02;22.02.2022;22.02.2022
bc1qzvw282f9qak4zezqsmpgfx8egmsvz9x4qcz8zj;1;1;0.02;04.07.2021;04.07.2021
bc1qwkxa6yevugtq8tdnte3fgxmse0p0228lyywhgw;1;1;0.02;26.06.2024;26.06.2024
bc1qdv3adh6r5dsdunvld3k8v0yty8cn7ujy63g9tr;1;1;0.02;22.08.2021;22.08.2021
bc1q04r62ref362kgqz8vcrgajyswx25jak7c0sjp9;1;1;0.02;09.05.2026;09.05.2026
1KiK5PmAKeY33S7Ba7gdE7eREfrEtYXjsf;1;1;0.02;04.12.2023;04.12.2023
bc1qq68jn3yx0kqhqsllc77ycxrnd2zy5qkcl0w39e;1;1;0.02;31.07.2026;31.07.2026
UNKNOWN:00202f8491a9e5ed2d15cc71c874b2293c171377;1;1;0.02;16.01.2026;16.01.2026
bc1qyd9zp5ftrh9uaunp2ufnmw2w6sa3ql9clumram;1;1;0.01999573;05.11.2024;05.11.2024
bc1q0whdfqzyltdhqnwfmfr5dksgng3sqatz95r7hq;1;1;0.01999529;09.06.2022;09.06.2022
bc1qs5c5znef9hvmvm0d0x5yn8yv3va4rnam3al8lt;1;1;0.01999307;30.12.2024;30.12.2024
bc1ql3gl4j3c80frl7ka3z4wkt7rnyvyt5zct63edd;1;1;0.01999159;03.11.2023;03.11.2023
34J1bEKJKFX5mEAcFMicMVVtaDAGhu3rdo;1;1;0.01998898;06.03.2023;06.03.2023
bc1q3tzjezvevhnswx4vlz0f7yxekqs588m3wfp8sh;1;1;0.0199867;31.07.2026;31.07.2026
bc1qtvstrvq28jcd2egz8ly2w68c2xt5x9k9semdl3;1;1;0.01993159;11.09.2024;11.09.2024
bc1q48zmkdmln87zqcnqj8ft63y3ru80ztc59kg0m4;1;1;0.01991235;11.03.2022;11.03.2022
bc1qxww2vzfs9n8lrvsjhwh87f62tyrcc2vq4urm7r;1;1;0.01989911;29.06.2024;29.06.2024
bc1qh4ef8eq77rljjvjrhpldmcq9c7ur6u3u9szdw7;1;1;0.01989274;25.11.2023;25.11.2023
UNKNOWN:00206a06697c7e9b36c5cb8b28d858a074ba80e9;1;1;0.01989125;18.05.2026;18.05.2026
bc1pu6cpnurws0vt787qu0vr6n0syq4ytre5f550c2dl4nurzhml970s7r7vwx;1;1;0.019824;20.02.2026;20.02.2026
bc1qku70u23s8tm6xh7uv6cnvce8afjanx8dv2pgk0;1;1;0.01978969;31.07.2026;31.07.2026
bc1qhcys4lj5y62mvheym86829yr8u559z2zlhpu8f;1;1;0.01977694;31.07.2026;31.07.2026
bc1qx79nen4ljcevzyzcm2ag8vem75luc89ethwje8;1;1;0.01970254;31.07.2026;31.07.2026
bc1qpecghm6rdsuwaq36xx3hqvhjs8tzmjynfdlxck;1;1;0.0197;26.06.2021;26.06.2021
bc1qdygc7g83vapvgmk4gl4rayytm83y49r8u728xx;1;1;0.01961134;31.07.2026;31.07.2026
bc1q8fpe72qvs3uyyetk62fq573pqzc89ruu5r9c6r;1;1;0.01958554;29.12.2025;29.12.2025
bc1q0zkce4m0hee4jgfugv05k3je9lrfq4dff3k63w;1;1;0.01956519;31.07.2026;31.07.2026
bc1q6pffmtp0a4qh7f04kqf6sezggmrw88mqf3enc0;1;1;0.01955936;02.09.2024;02.09.2024
bc1qx30ey34lrsezag90ptdgkjxu42unje5cal273c;1;1;0.01951854;24.05.2026;24.05.2026
UNKNOWN:00206071ef75ceb18cd7bed1c745048fa801127e;1;1;0.0195;26.04.2026;26.04.2026
3QVkzoqy9tT8wp6DWeSizJL4kYNvxmxyzt;1;1;0.01949897;27.08.2022;27.08.2022
bc1qf99k0z7g62wjsl95j873ufzcksz459e66csm6t;1;1;0.01942499;31.07.2026;31.07.2026
bc1q88zhcclrewwpte2t8x23qwl6t8swjvjmduujcm;1;1;0.01940054;31.07.2026;31.07.2026
bc1qav40vmsw0zry7s6mu052fnqe27faq7x30mmzqv;1;1;0.01927343;03.03.2025;03.03.2025
UNKNOWN:0020e1138de2adb8748480892af73cae9985a726;1;1;0.01926843;05.05.2023;05.05.2023
bc1qjtuzhmg6d2tzgn0sq4e6pyjpt75nsqxs4f0pd9;1;1;0.01926511;16.08.2024;16.08.2024
bc1qq5peehtcdf70lgspv8vdfrxpzekr9tz4v3h7jq;1;1;0.01926306;21.07.2024;21.07.2024
bc1qa7tgmj69460l430g30wvf30vrpnumtnr9x3v8x;1;1;0.01923697;31.07.2026;31.07.2026
bc1q4yqkpeeswxvfsavqdsdnmc9hv58j5rv6246c64;1;1;0.019225;31.07.2026;31.07.2026
UNKNOWN:00204d5ed5d39d3a3f5cceae10bdec8a31345e36;1;1;0.01922384;13.05.2024;13.05.2024
UNKNOWN:0020c00be84b78062fcc8268570e5b0a05b11eae;1;1;0.01919537;28.06.2024;28.06.2024
bc1q4xkseusqzptgdcdjzqlsl4qm8mknufwlt9lw9k;1;1;0.01914377;16.09.2024;16.09.2024
bc1qn6rt6uk9x4hqx490usc9dguedsv2c45ue5lcqs;1;1;0.01912704;09.07.2024;09.07.2024
bc1qgj0l037xxr2w99sstpklqndslhzlah6xdg0hkq;1;1;0.01910828;02.11.2025;02.11.2025
bc1q4hm7v4k2528wxzeq6t24ersr530tdrkk8vm2d2;1;1;0.01898903;11.07.2024;11.07.2024
bc1qhhlfx65ynztg395wq4xk0kfgjq6u4nypaly3qk;1;1;0.0189394;31.07.2026;31.07.2026
bc1quhk2nhu7ala2lsuky0asdlk8yesy6zr4agw9h9;1;1;0.01887492;28.07.2024;28.07.2024
bc1q6extwl2cafqau77an9z25huz3m788d5hwl65n4;1;1;0.01884204;31.07.2026;31.07.2026
bc1qn0jy52nesjfnk8mdvfxlemfqtkrap0nn0t342w;1;1;0.01880011;31.07.2026;31.07.2026
bc1qtnfsj62n5nmgpzpwfnt7l8hjqres0tkuk5u2h2;1;1;0.01879649;27.10.2023;27.10.2023
bc1qmvfl6tcny7vdwu734447dqvanphxk2x48jjey6;1;1;0.018794;17.12.2025;17.12.2025
bc1qs6mn6p2vxpeftldsjuwa9sedj26uj8sxv0w2pe;1;1;0.01876;31.07.2026;31.07.2026
12ZckAAmaxv4ySHNyGaaUoeBknXLyTXfCi;1;1;0.018749;20.10.2023;20.10.2023
bc1qjuqwy9fgwj7kq9fjegrl75eknps4d5mwdr4sn5;1;1;0.01873051;25.07.2024;25.07.2024
UNKNOWN:0020cc065b5fdb31cf6ed4f2d3715cb8341398ed;1;1;0.0186509;24.02.2024;24.02.2024
bc1qhlqsk8fw5ydt6dr6fpr40cgtghvxz59cs4tu28;1;1;0.01859595;31.07.2026;31.07.2026
bc1q83q27fnmumdu3jpm4kvhenxmqwu6ux70rzcqmt;1;1;0.01853055;01.03.2022;01.03.2022
bc1pjgqwrz8v2fhlstuyd0ekmeytwwl0ql8uzyxkdg4zve928savmrvqhgjush;1;1;0.01852205;27.02.2025;27.02.2025
bc1qp0et3mnwrcqr79h6mm2tsgjw23w6hdewuk2a25;1;1;0.018486;03.07.2025;03.07.2025
3KmYxmnUyZjJ7XAPQymXWEmay9aU8XCNMn;1;1;0.0184748;02.05.2023;02.05.2023
bc1qhh59w650jhg7lgaqqfjnry2wf4hfdgef5t6juy;1;1;0.01845076;12.11.2022;12.11.2022
bc1qjqexkk395xn2hvgg8wfvwtaalwk574nwll3tny;1;1;0.01843917;31.07.2026;31.07.2026
3KJDAJCbkK8xBrKGXvY1VAq8dDmaivTstK;1;1;0.01842994;25.06.2024;25.06.2024
UNKNOWN:002063191ec80dbbc23a42d7dfdd6cd10e9c6814;1;1;0.01841587;21.05.2024;21.05.2024
bc1qwc58uec524eu9dk5km5puvp78zjc64lxdrw3h9;1;1;0.01841346;22.12.2021;22.12.2021
3GArY7DxBu4uiQigbc1UbZjwHvjWJaUJzD;1;1;0.01834;25.02.2022;25.02.2022
bc1qsl0g4aw7uvwpfzhlqdstw02maddt8u05qwf2e3;1;1;0.01833784;26.09.2021;26.09.2021
bc1quvn8xmfu0740pktt99lf2j83m65deygx76vl9n;1;1;0.01833207;16.09.2024;16.09.2024
bc1q5lznnhcxadsgl38hmap8htnd2yrv4krz3lqdza;1;1;0.018249;11.01.2026;11.01.2026
bc1quetpg7ay8jxvn3swl0klf0elhu6tddj34cm0k2;1;1;0.01819079;31.03.2022;31.03.2022
UNKNOWN:0020312a3d49cbc3637730acd228b46ede6879d3;1;1;0.01818988;04.04.2025;04.04.2025
bc1qj45dul4tsxnhxpz9kmp6thevg4q8uvd742plh8;1;1;0.01812001;27.09.2021;27.09.2021
bc1pqzye8l375xsaf67p5e570768m7g9z9n4zw05gsll9wwanh8fp9hqhfc9mj;1;1;0.01805385;11.12.2024;11.12.2024
bc1q4rln7ur43vruj4xv0j5w4hwq0smaf9c3pecesl;1;1;0.01805279;01.05.2024;01.05.2024
bc1qjdg8lmej0dhyhfarepushh05l8ccfl4nqdpwzn;1;1;0.01802004;26.12.2025;26.12.2025
bc1qsvmgyycqz0wdtzxkahxy94a8q5zfe94hq8fe5e;1;1;0.018;01.07.2025;01.07.2025
bc1qwhgvunk3m2u5me2g3jlm8szkdv0wuw55j54u4x;1;1;0.018;23.01.2024;23.01.2024
bc1qfcek3fhwep90p0cnsmp50l77mgn62gyq777f6t;1;1;0.018;23.01.2024;23.01.2024
bc1qv92huwjplfy7kmv8tg7g3gluwagu9pegguu22l;1;1;0.018;26.10.2025;26.10.2025
351ShHvawqvaDHLxHTesTDR2XcC3CkDh5J;1;1;0.018;08.10.2023;08.10.2023
UNKNOWN:0020eb745a1915c0c3af0ef03ad2e236df14b674;1;1;0.018;10.03.2026;10.03.2026
bc1q004lqnr96wlg9v5ne6srzd5ne39s2yy6pujy20;1;1;0.018;06.01.2022;06.01.2022
bc1qghq6a2u3pme0hq9p9lnnwnk879pm7pcr9nyytu;1;1;0.018;10.07.2024;10.07.2024
bc1qdumzw4udk8fkhwurvjsek8ckehyayaq50qyxfr;1;1;0.018;23.04.2021;23.04.2021
bc1qj02l0jg8ejhs4thzv42ghfwumtd9fgg40pn397;1;1;0.01796513;29.12.2022;29.12.2022
bc1qp432ee0fxlj8008x975ntef3fy9h3gnuxwug8p;1;1;0.01782;29.11.2025;29.11.2025
bc1q8etqj3y3c506td4xwfrfurqj96juxjd24n0uk2;1;1;0.0178042;31.07.2026;31.07.2026
bc1q2mkyccmld5grdawfgm5nkx7smr03jk25wr354u;1;1;0.01779771;26.06.2024;26.06.2024
bc1qj27yre4qrjc3n343zhtw4p8nzr9xum0uel6wqk;1;1;0.017797;29.11.2025;29.11.2025
bc1qsv9lg6qla0hmkdrazxtn5pru9jdur0h8xjdxgx;1;1;0.01779134;26.06.2024;26.06.2024
UNKNOWN:00203356a9f4da5a9abd705e594c72a74769cfc3;1;1;0.01777425;11.05.2024;11.05.2024
bc1q5rja4vg2u62r0l2v6u5a9755p9v572jkkuwqmz;1;1;0.01774999;11.11.2021;11.11.2021
bc1qvz4ztk4qqaet4wwd2ulyzhsyezlcmnwpn6gmu6;1;1;0.01773629;31.07.2026;31.07.2026
bc1qrkv6cyanxwwsyu3egflskj87gparhe6uw3dyzc;1;1;0.01773311;31.07.2026;31.07.2026
bc1qetjzdql9dxq0t7c85fv7cvdrvq7ykst3zk5a9f;1;1;0.01771;02.05.2024;02.05.2024
bc1qznf4a6w8zppwq4kxxwxaq3qr83tug4gyua0h7r;1;1;0.01768894;06.10.2024;06.10.2024
bc1qw4cv0d9vwe6cw74cenwnxagv8dgwpksyfhttke;1;1;0.01766427;31.07.2026;31.07.2026
3CXVbndteBT7LTx8Zq9Q9vmjhU9Zs7xyLX;1;1;0.01765257;12.05.2023;12.05.2023
bc1q9tekwa08y4w0kp3mqs5q7kxg8rqcwpa9fn9tsv;1;1;0.01764338;31.07.2026;31.07.2026
UNKNOWN:0020ce5b6a4c682bd0e7f723a5a9075a946b3e3d;1;1;0.01753966;10.10.2024;10.10.2024
UNKNOWN:0020e83a71c10a8ee216a545e7b691f4fac716d4;1;1;0.01751469;15.05.2024;15.05.2024
bc1qwuwvnh24m5cg5j2qhm6eae04yx5kr5u42j6zua;1;1;0.0175;23.11.2022;23.11.2022
bc1qc22ecpgr862znf9hqcqmk9mksvt4q44dxx7x2z;1;1;0.01747266;15.05.2024;15.05.2024
bc1qvt3ktmx0prnl6tp9tnx6wg56pncr9krmsctpxe;1;1;0.01746223;23.06.2024;23.06.2024
bc1qzdcqkgmhplx4pjcev57u78pj9mwlzd7err43pj;1;1;0.01740338;31.07.2026;31.07.2026
39rLTyCGaNCoZGwr3DseaikhHnQk8qDBSD;1;1;0.0174;30.11.2023;30.11.2023
3QMkD3iB7Rdjk16HahHptjzu28HWuppvqj;1;1;0.0174;30.11.2023;30.11.2023
bc1qumjt0k7n2jnc0jj2amzak8nlfkxy3vxwadrk4v;1;1;0.01738446;31.07.2026;31.07.2026
bc1q7sxnchyc6a6zw8rpz357ht86dt4jjdg333ys4h;1;1;0.0173245;31.01.2025;31.01.2025
bc1qkd6t7w35xp0un7acrnr9lwyhp99etkz6zpahdc;1;1;0.01729014;14.01.2026;14.01.2026
bc1qfh00u35err6t9s8c44hpm4wqg7ejxzqms5akjv;1;1;0.0172812;30.04.2022;30.04.2022
3NBttJSdWQT1Dh4SxnMBK1PdZyK1pKJCrv;1;1;0.01726464;01.03.2024;01.03.2024
bc1qj2jeth07xyvpa2a5dfuahsy7h7qs53jg9zdwq6;1;1;0.01723857;17.03.2022;17.03.2022
UNKNOWN:0020b90bdbfe4bf2a66ed9cb622deaffa96e4089;1;1;0.01722293;10.10.2024;10.10.2024
bc1q4efhnm8ztjvdxedxdvwqz6895c5fx8hnte8553;1;1;0.01720096;27.03.2025;27.03.2025
35xb5HZ5yUXeTrb61pAVSk3TAyfvjQpWTs;1;1;0.0171212;17.12.2022;17.12.2022
3JihSsmjpdbSbUdbAcFwgSjReztcNMrrQZ;1;1;0.01709565;17.05.2022;17.05.2022
bc1qy3h2xlh6d532v7f5nenfkj7df4vd4mmxfd798k;1;1;0.01702406;13.07.2024;13.07.2024
bc1qcqm6vzax8gx04a4sxvackqtk0e9uuahjk2y48x;1;1;0.01701;29.09.2024;29.09.2024
bc1qm5fhnk88xjqdyljr34cuq6vf7smtrf4fcdey5s;1;1;0.01700019;31.07.2026;31.07.2026
bc1qw5wlerhs3ladhst9nflu47m83jjk5xm7pntw2n;1;1;0.017;21.09.2021;21.09.2021
bc1qhapkgemkndmzzpptp7ne4alcx2599u2fam27uh;1;1;0.017;17.03.2023;17.03.2023
UNKNOWN:00200252331af62fd98ddd55e85855347479e87f;1;1;0.017;19.06.2026;19.06.2026
bc1qws8790dtz4t7mutfzqljhh5lfcjwzy6947nwr8;1;1;0.0169978;31.07.2026;31.07.2026
bc1qmm9l2wyc7l4src88qy08cmwd0304ganthqgrwr;1;1;0.0169868;04.01.2023;04.01.2023
bc1qeujr9zv2t7xwmr9g0wcy84m0sl06hvwl0gj637;1;1;0.01696876;09.07.2025;09.07.2025
bc1qy7jzhuc5rc3x9kuflkf58nkq5e9g8ktrv9pc6m;1;1;0.01696642;16.04.2024;16.04.2024
3LWmrLw8XFwoJvLbbdbrnatDaTb6E7CMck;1;1;0.01696378;19.02.2022;19.02.2022
bc1qak00f6kftv9zdrexnu0pzcrurm4wxe86elwqlw;1;1;0.01694093;21.06.2024;21.06.2024
bc1qlyaj322zmt6sqychgm6r37fhrl2hftvf80dd7t;1;1;0.01693055;26.04.2024;26.04.2024
UNKNOWN:00204be5bc30fdf40c27e3189559ba5ef48af258;1;1;0.01691614;14.06.2024;14.06.2024
bc1qvetf6xn0rkel3697x7q08az853tc9lkeu9pkn9;1;1;0.01691562;16.06.2024;16.06.2024
33UXKf4u6EkjyKphKuQeJCa1Hh5ehz8ZH3;1;1;0.016903;08.04.2022;08.04.2022
bc1qhsjt8ha6rsd2c68qr2xngxsu5u3m58gqd6l84k;1;1;0.01685772;24.07.2025;24.07.2025
bc1qcrllc6xur7tkkz5g5pe40uum2u7jd3aw6sdvjd;1;1;0.01680183;18.06.2024;18.06.2024
bc1q82t3qucm5hrzzym9kn8qhxgfl53p9lx2r94fya;1;1;0.01675374;31.07.2026;31.07.2026
bc1qh09e0pg2qk45ewm5hy2axcf8ec33nlfs2c8xrx;1;1;0.01672352;19.04.2024;19.04.2024
bc1qlrmr4lwmpdlcmjs7att8zzg0r5044psl6c93y3;1;1;0.01670558;18.06.2024;18.06.2024
UNKNOWN:0020218d8dcc61200b07c7db1cfb631bd396578d;1;1;0.01668349;28.05.2024;28.05.2024
UNKNOWN:002054727ef8786467d6687b772809390593ba5e;1;1;0.01666342;16.05.2024;16.05.2024
3Ef36bdoC2QPFKY7HN3q9JD71eyxCsQRb7;1;1;0.01666;12.07.2022;12.07.2022
bc1qytyq5883umksflydep937ru6n299cwgnjrdqk7;1;1;0.01664992;24.07.2024;24.07.2024
bc1q7ut37ep09u5h8v5zj6s4hqm9s9jaau4zhf5594;1;1;0.01661417;13.06.2024;13.06.2024
bc1qy2frz8lla474zfs84j9vw07tkchhcdn6uggwlu;1;1;0.01660396;16.05.2024;16.05.2024
bc1q3dwv0wn0ez9em4ak64w3grmzawaxdfadczrnhr;1;1;0.0166;16.09.2022;16.09.2022
bc1q6gualj9ltgwpkw5nhunqac6sm4wn4rjasvn0pr;1;1;0.01658848;16.01.2025;16.01.2025
bc1q5gjzzk2l4z7pu86ygqfuukglkwl97zzlerjs2k;1;1;0.01657;29.02.2024;29.02.2024
bc1qqffaqkdyuxstweyqq7nka2cl60lnmg7k8h8j3l;1;1;0.01649648;23.04.2024;23.04.2024
bc1q4jn7pdjx7x4j8edzzvwmsqxe6t5ghc2vdma793;1;1;0.01645728;15.04.2024;15.04.2024
bc1qv8xlz4n98c53cwmh7chllmk836ehe5usxr30gu;1;1;0.01645555;07.07.2025;07.07.2025
bc1qr2fsdnnn9u70n8y7g0wsdje5d26jlamafgxcee;1;1;0.01644878;08.08.2025;08.08.2025
bc1qc5t59fwrxvfynjge9vpv398d09fwzp4nqszena;1;1;0.0164474;31.07.2026;31.07.2026
bc1qqpt60qmj7xm5vy8rqpq9eph0s6n040xpwg2xuw;1;1;0.016435;14.03.2023;14.03.2023
bc1q6c06vq4nr0drnqjg4mmh6tzv0x3trx4r8w3j3n;1;1;0.01641889;11.12.2025;11.12.2025
bc1qnw0f75d5rdx903kd892snkym70xxwmg85q94kq;1;1;0.01640393;29.06.2023;29.06.2023
UNKNOWN:00200a1b37a8941f9a2db5043f67b01f93cef502;1;1;0.016394;07.10.2024;07.10.2024
bc1qhwf8e26k0m48g7fsfq4mxf68pswkkve482q6gy;1;1;0.01633932;31.07.2026;31.07.2026
bc1q29q2m3cslggtvq95ewn4pcv4fn76wf4s2quesj;1;1;0.01633464;27.07.2024;27.07.2024
bc1qa2jx6a0v69pd0hv8lnaqawkxyza42h22h7njv2;1;1;0.01632506;31.07.2026;31.07.2026
bc1qf3y07hmy63lv6l85t50a4pptewgmv77767ku4s;1;1;0.0163009;09.02.2026;09.02.2026
3Cz7cmL957PRohC3c6VTmfWkcoYbwLUkgL;1;1;0.01623142;22.12.2021;22.12.2021
bc1qzh0glc59flxcxkwtl3uf000jmzx5xj6cz8f5yx;1;1;0.01622991;09.01.2026;09.01.2026
UNKNOWN:0020d6c2cf2d2610b06b7f11f491f779237847ae;1;1;0.0162;05.01.2024;05.01.2024
bc1qvaqzkh53pm0vu28xfxs5td32ygyp9h2jvrxsa5;1;1;0.0161862;15.03.2024;15.03.2024
bc1qnrpnsqlz2eq248e7vx285th6n8gt3ec7ej7p09;1;1;0.01616957;31.07.2026;31.07.2026
bc1qd955k0wgqpgzfl8zg6cakxlnle8f98pnr6wcvp;1;1;0.01609938;31.07.2026;31.07.2026
bc1qynxdfwmuzflk2pq0p90hadlktpc9kf7n245sak;1;1;0.01603802;18.03.2024;18.03.2024
bc1q37qeeytsmmnfdyqyjfueh5cafcckaxalrtrtt0;1;1;0.01603579;23.10.2024;23.10.2024
UNKNOWN:00205ff36ac4e360342d0c7f26f9c45d35d70166;1;1;0.01602559;01.05.2024;01.05.2024
3NrsNQicQDK1GABa4y7uuPTFogGKfMNiCm;1;1;0.01602492;30.07.2022;30.07.2022
bc1q7s0e3f2qmjydztsf7zuj7u3c6u6klrntxu4dlh;1;1;0.01602286;12.10.2024;12.10.2024
bc1q8tzzpunwjwrwhuxqcqeyp726qa63wxuzm0vml4;1;1;0.016;31.07.2026;31.07.2026
bc1qfd4wpv5hpq28qnd5kyxr2j8v6nzpj6z5gye7fh;1;1;0.016;18.10.2024;18.10.2024
UNKNOWN:00208d627bc2302adbef8a45f1833cfaeb020d91;1;1;0.016;19.04.2023;19.04.2023
bc1qdp2akzzsghgef8zvpjgu0jxvd3h5fnsp9c4l23;1;1;0.01594103;31.07.2026;31.07.2026
bc1qt6mjkende8afl7l6cg2plle6dd63uwsz23gzrk;1;1;0.0159381;28.07.2024;28.07.2024
UNKNOWN:0020698210a936ba818078498273b9e911a386ac;1;1;0.01591305;04.06.2026;04.06.2026
bc1qyxaswl5068es457jclzha28zydajaxx920rxkc;1;1;0.01588847;09.11.2024;09.11.2024
bc1qz3ed5n49qqw8atds4agusa8fh4syqsw65uv4tx;1;1;0.01585962;18.01.2025;18.01.2025
bc1qtelvgjeuf8mcrxfaa3wk95lw5xg405ef2u56ln;1;1;0.01585655;19.12.2022;19.12.2022
bc1qgsl0w3mthq597v7ez6d42f88sxkm0ghgmmfsfs;1;1;0.0158422;31.07.2026;31.07.2026
UNKNOWN:00208315fbbacfd72a844db1f5d45b2928aa6fb6;1;1;0.01582099;05.11.2023;05.11.2023
bc1q6vdtjmm9rgwegcmnscrmfg5mxxfm0s9h6ehj8j;1;1;0.01581441;14.09.2022;14.09.2022
1N53Gh1aDSvwWFpFuHiTEdYR4hV1SYKz12;1;1;0.01574506;29.03.2022;29.03.2022
bc1qdmnna63k0jr68v3tfl8scnq9c7aw7u4jvp4a9k;1;1;0.01573051;22.05.2024;22.05.2024
bc1q6gr92jjqh6lpd6dy90sqls9jjx84l6qm4atd7v;1;1;0.01568716;31.07.2026;31.07.2026
bc1qj64e24t8jukujyjvm9kjv83mk3ef7vqhx9fsv9;1;1;0.01566491;31.07.2026;31.07.2026
3B8T7twBLNP5XuDKoWtZauD4UqkqiLQRvP;1;1;0.01566318;01.05.2022;01.05.2022
bc1qrtcdv7vfqcj0rly27rjlkm0pyyz44f9par0nx6;1;1;0.01561306;31.07.2026;31.07.2026
bc1qxu8tu9k2alcfl7pvdtgyq057xhusgf70pgjz7f;1;1;0.0155989;05.02.2025;05.02.2025
bc1q79nc5scxzpyyjjwfnycwrckf3he6hdct2wl968;1;1;0.0155664;31.07.2026;31.07.2026
bc1qemm4zvym4dunyrcvuthpl44v49lfqvraqxmhpe;1;1;0.01554086;31.07.2026;31.07.2026
bc1qr53yw6d7wm6759qugqq7a5ecxgeqjdg9aa3cr6;1;1;0.01553762;08.06.2024;08.06.2024
bc1qsjnm4jqmcxxudlm46sacg0mu5233uexxktdavz;1;1;0.01553161;30.07.2026;30.07.2026
bc1qqq2gdun4p5jvgdqfdn3gq4rve75razvl97a9uv;1;1;0.01551663;18.05.2026;18.05.2026
bc1q7m2vmlltyk5w7r4wydrjz7zyg0yy59eskv0zhj;1;1;0.01549089;03.11.2023;03.11.2023
bc1qhhh3q5a2w8jhe5wgeh9vu7kavrsl8v4nd26eul;1;1;0.01544218;31.07.2026;31.07.2026
bc1qlh38n42qeyf4avs28x8ujehegswjpxtsymj5gz;1;1;0.01541678;31.07.2026;31.07.2026
bc1q378v7aqfn7zhykuvr4w3uf0me7gp4r8m5yy28p;1;1;0.01541202;31.07.2026;31.07.2026
bc1q4tvmqvkyscdzwg6zywpk0qldlcchdhddckds2d;1;1;0.01540668;25.03.2025;25.03.2025
bc1q80mvx3gnrz0mjnmfx5ylnaeefdmvqxj6qtxf8w;1;1;0.015405;14.01.2025;14.01.2025
bc1qvkkrufpuv67pa6gzes0sn85f50n2rauyz4clps;1;1;0.01538844;06.11.2022;06.11.2022
bc1qh0rf5es3xs20y65kpemq2r85cyp4jdvax62pm8;1;1;0.01536333;26.03.2024;26.03.2024
1JDrcFtnwXmaKmUgoM4bSdUEF2aDkkdzQh;1;1;0.015345;19.03.2024;19.03.2024
bc1q6vf3lnrh3pnpxkk49pv8fhuccr4qgf6sgtwll7;1;1;0.01533782;31.07.2026;31.07.2026
3BJtvEcTHjofirLc1hDF2j6Q1LH3quCVj6;1;1;0.01532652;30.03.2024;30.03.2024
bc1qzkm55q7dnftdk5n64d4sdkq8r8stnzjqrtpkkm;1;1;0.01529714;03.11.2024;03.11.2024
UNKNOWN:0020ef7c5566c2f607d78a78109fff839bb0786e;1;1;0.01527546;12.04.2024;12.04.2024
3GdH5SQK2dFHSpw8TNLWtCqLSs1a6ABL5z;1;1;0.01527089;16.10.2022;16.10.2022
bc1qcar8w82yg90tsv73m72a5jvw66k93ajdyun466;1;1;0.01523072;31.07.2026;31.07.2026
bc1q3sh0u482snf97pw2xrsydu4lhqtfgauv9xl9yc;1;1;0.01522151;31.07.2026;31.07.2026
1MoCcUpshS5GJf3677ue4aj25Lg2mG77ru;1;1;0.015221;20.01.2023;20.01.2023
bc1q9xcmmh7nrhwrguf28r0ntrjjaeqxnv9sqggxn9;1;1;0.01520324;15.11.2025;15.11.2025
bc1q8vdzs9eaw35fqtjpv3knslecmklcjkjksrq7ap;1;1;0.01518401;18.09.2025;18.09.2025
bc1qd5tdezmq4l4yvaxjguysd4tp3x35uz4gp6gga7;1;1;0.01517636;05.08.2024;05.08.2024
bc1qhr4aftt53zehwvy0qp93my7sdyut8u7zl6fw2p;1;1;0.01515247;25.03.2024;25.03.2024
bc1q9pxht0pvgd6j6fg3wyn0k2pprjzpprzdjtmr9a;1;1;0.01514093;01.04.2025;01.04.2025
3MP55oFDY8LbQCmbMvqFjg9w9LMvd5PRP2;1;1;0.015114;14.03.2022;14.03.2022
bc1qu7vew2m8hl9zhqvth8gv6qar5cnecsy8srtsul;1;1;0.01510606;02.01.2025;02.01.2025
bc1qu5rgaqaxr6y0z2v0kfdr26x2j9s43f0lg60tz8;1;1;0.01509288;07.01.2026;07.01.2026
bc1qqnklq7lmqmmy8rvs9g6vms0ksjyps5cxt8v9ja;1;1;0.01506332;03.11.2024;03.11.2024
bc1qqxh6calu2nchp2r0dh27puktndq5lyjvly8ncd;1;1;0.01506246;21.06.2024;21.06.2024
1CEyS6GyfadZAgk91512UbC4pMw8LAvbg8;1;1;0.01506;22.09.2023;22.09.2023
bc1qm8elzmg8xd3nx9wf2pta4axpe0exqy7fgg65fm;1;1;0.0150331;19.02.2026;19.02.2026
bc1qc72u5gfleyprs84fpukveyzuj7ljlqc5mc4fnu;1;1;0.01502659;31.07.2026;31.07.2026
UNKNOWN:0020eaf8ae0e927fca23aafca55a18226382704a;1;1;0.01502477;15.08.2025;15.08.2025
bc1pafzhshtcedc3wcspqtrf5g6nl6hcppndm22crevwz6vltv7un9ls6kajqt;1;1;0.01501804;20.01.2026;20.01.2026
bc1qyu3yetgkethstx7gkluw43alw99xj9lk3c4sex;1;1;0.015;03.10.2025;03.10.2025
bc1qrr9as834ndngpcj3uqqtm6qep8xdw09288g3l6;1;1;0.015;13.02.2022;13.02.2022
bc1qu9ter65cr3vwsm0dlz6ggwhx530emltgged72h;1;1;0.015;15.04.2026;15.04.2026
bc1qvzttjvym3ugf60nqzcp984y4kv45khxqn6kypk;1;1;0.015;14.11.2023;14.11.2023
bc1q70534g6nzk49h9pgnzun005uny3d55c7srm6r9;1;1;0.015;16.06.2026;16.06.2026
bc1qhcsp3lmf76qlx9kas0m4ky603d5rehdfcrzwr6;1;1;0.015;25.09.2024;25.09.2024
3EddBqKqsjcGezcS1PMgpJ6GUWoE1bVhtm;1;1;0.015;23.05.2022;23.05.2022
bc1qayy0ksn63wr689jdu5gnn0djvfm4c578qtd78c;1;1;0.015;30.10.2025;30.10.2025
38yczz2dPH8GwUNf78McsZdQYV6DCRXN2z;1;1;0.015;08.06.2025;08.06.2025
bc1qkpp3sd50cu4pntvxxfphw43lpewh07v8n8ny62;1;1;0.015;08.06.2025;08.06.2025
bc1qtgx07jq4gsfka97lqw6zr5pwv5jayjn23fvcxu;1;1;0.015;19.11.2021;19.11.2021
UNKNOWN:0020c8787bb513ca4429be7d4201f1fa6b412fce;1;1;0.015;09.04.2026;09.04.2026
bc1qhxsg77aeggfn8g0kaa3lzkjqc757umx9n38cmd;1;1;0.015;12.06.2024;12.06.2024
UNKNOWN:002051fe6b64e2c3dd87998dcffa7ba75be644c1;1;1;0.015;18.03.2026;18.03.2026
bc1qc7xhz3r3ystrhhyx524mgzns05mh8wv4tavgpk;1;1;0.015;29.04.2026;29.04.2026
bc1qdryjumtrdf3vcjkg350yu6kw8jwejz64qlvv93;1;1;0.015;03.05.2025;03.05.2025
bc1qsx9a3wf77u5t57ehr07r4marpu8tax0n0gzwy9;1;1;0.015;24.03.2026;24.03.2026
bc1qpadquly4eu63lllzjlstylhgu6v7kgt68kt63m;1;1;0.015;06.05.2026;06.05.2026
1AqmWZ3AE5wksFgeHscCTmZT1UN7KhW4xX;1;1;0.015;29.10.2024;29.10.2024
bc1q57dh2f64mnz6f08aharsdejvufdyfjck7j6hx6;1;1;0.015;14.11.2023;14.11.2023
bc1qq4st34nucmdfqww3fntl04k6mhy5tvewlracez;1;1;0.015;24.12.2025;24.12.2025
bc1qgvd93rsffpelfu9hl8leslt5vq382yhyt54rym;1;1;0.015;02.01.2026;02.01.2026
bc1pd5492mlqzc9xwfyj63aap2pa5ddatpua97590rp99cx3xg6w09fqsp4qva;1;1;0.015;11.01.2025;11.01.2025
bc1qcjh286etyxzsxzzj8vsrwc6npgrvytzg3knaz9;1;1;0.01499914;31.07.2026;31.07.2026
bc1q65qdadelcfruct5y67kq5nq66xaf44gsl55rsv;1;1;0.014999;19.01.2026;19.01.2026
bc1qnjlwhvctarf6uu3tzxv7apr6r85na0gekssp05;1;1;0.01499867;31.07.2026;31.07.2026
bc1q3z3yzwy7fg6hfccdh6fhkl29quwnxr6etp5hv6;1;1;0.0149978;31.07.2026;31.07.2026
3NmmWE5ZaUstXpMChzWtXXa2GtSrhkhEX7;1;1;0.0149937;11.09.2022;11.09.2022
bc1qdhhsvunsyc9ntqs4y4k7ft9urqr96md3x5kvrj;1;1;0.01499315;31.07.2026;31.07.2026
bc1qyqx7wyqgy4z3fxw8wzuf8q808a7d8zvnfczxrf;1;1;0.0149899;31.07.2026;31.07.2026
bc1q0mvwtpuftun9aqxduraznau2k8qfw8065wyvur;1;1;0.014988;17.04.2023;17.04.2023
3FuaY8F8it7F2d2jf3JnVL1STm7eFgHGx3;1;1;0.01496938;05.08.2024;05.08.2024
UNKNOWN:0020b98ffa4bd70eacdc8b4907c035e27f4fa5fc;1;1;0.01494599;13.12.2023;13.12.2023
bc1qf0n6y7unzd7sctylskh3v5vc0zwwufka2kn695;1;1;0.01492679;18.05.2026;18.05.2026
15abgovxBw6dnsb6WyL1RiPzfE4o16c3xr;1;1;0.014922;05.07.2022;05.07.2022
bc1qutm0ysc8jm42xvksdjqka6h2nye2rstcr8xvcw;1;1;0.01490706;27.03.2025;27.03.2025
bc1qzl2g0j25m8w50fjl59g6mf57kat2fmm4uptch3;1;1;0.0149;29.08.2024;29.08.2024
UNKNOWN:00200b18a63979f7a04df7b69a08e44fe6f10ae0;1;1;0.01489002;30.11.2023;30.11.2023
35hNSTzVf3T7HN9ifj3X7Qiezh1bfpLcML;1;1;0.01488942;01.12.2024;01.12.2024
3Qd6T1ZuoXvje6m3RCw3FbFuAi4gUmc2d1;1;1;0.01487769;01.01.2022;01.01.2022
bc1qll2hcv295zdh5v4cf4fj4h7sat76k4kgqnuqnu;1;1;0.01482387;31.07.2026;31.07.2026
bc1qq27sldyhf3we2usrnpfgkatwm95tjqu47gea34;1;1;0.01477154;31.07.2026;31.07.2026
bc1pdfrq56srw44z6usvgn0cgsew46gd48m83g05thx4h9m6f73svk5q9tueja;1;1;0.01475162;01.12.2025;01.12.2025
UNKNOWN:00200dd791be114911aad159cd33bf0b151f626c;1;1;0.014689;17.07.2023;17.07.2023
bc1qp98w5naefx5rk64evcdtuhuas08tfpvm7hx3g0;1;1;0.01468737;02.10.2022;02.10.2022
3QeitHEBAECvPBvQU2TnoXtRhiquCQWUve;1;1;0.0146817;15.10.2022;15.10.2022
bc1qfkkyvkfc6krypvnkv58ph7249paeqhd0mq8kd8;1;1;0.01466743;20.08.2025;20.08.2025
bc1quxnp7dawyadvsrgwa7g2hfqtwpm68fjal7yyuu;1;1;0.014645;21.07.2025;21.07.2025
bc1q64xcndq7gt44lnw9s4qdgqmkr7x0yv4qj4k69k;1;1;0.01463;02.11.2025;02.11.2025
bc1q5thfpwzg7r6xtgarzqf03d7snmrtk9w3fnuyzv;1;1;0.01462124;17.07.2025;17.07.2025
bc1qyuza929fge6lf6875je4tss0w2v6n2a84val6l;1;1;0.01459712;03.11.2022;03.11.2022
bc1q2pgv6am7cg75v638pv3nxntej3usn5vr4vac8w;1;1;0.01458962;31.07.2026;31.07.2026
bc1qxsdvexqkl6allfn56nqts6dmhtqk6enlk5v20n;1;1;0.0145372;13.05.2022;13.05.2022
bc1phprlku0ssrtmdqr9evgqk05eguq3m9sywwcq4hw930ckw07uyczqjt47k9;1;1;0.01453374;08.01.2025;08.01.2025
bc1q73j9xafc3y5tuseqlnl2dxwjau3h4r86keav2z;1;1;0.01451339;24.01.2024;24.01.2024
bc1qmqwh40k7wh2uey8g37fxs57lch30ccn35g6ggl;1;1;0.01451252;18.03.2024;18.03.2024
bc1qcmsm7tn2caryyzwwzhxdfxxvncpzx44yzcfefd;1;1;0.0145;16.02.2022;16.02.2022
UNKNOWN:00203074a6594f59253cafc6562d7e220d15434e;1;1;0.01446443;30.03.2024;30.03.2024
bc1qfn5z6573lm6qwwfnl88ewkd7ng74cuudgf7ylw;1;1;0.0144292;12.12.2024;12.12.2024
bc1q5kfca5054hczl6dlgmlvlx2dchm8hzaaz60pzu;1;1;0.01439753;31.07.2026;31.07.2026
1HwMhdx4AnL2nUfStV4QLxupbeAwvJDHfZ;1;1;0.01431546;19.02.2022;19.02.2022
bc1qfk66m0vns9kae6uhwfzmfhpuly80mcgg8pwxhm;1;1;0.01430608;22.07.2025;22.07.2025
bc1qqq96gwhx48akg5t6l6lacw56h0q3053zf75rxk;1;1;0.0142917;31.07.2026;31.07.2026
bc1qfyupgg2f7rtd0y68keyqvzp2aj7pnrakl9kqct;1;1;0.01427863;31.07.2026;31.07.2026
bc1qqauwusgrlhmcnvzmk5ljdhmqc62dazgwvjg826;1;1;0.01426885;31.07.2026;31.07.2026
3At2vrWQA2R1NXe13Mk9t3VkQ22svdcMAK;1;1;0.01426533;18.01.2022;18.01.2022
bc1qejgnywzhslmyvxujavf2fh6k9hhjge88wc5hem;1;1;0.01426426;31.07.2026;31.07.2026
bc1qp8v3ufnv0rc2n93v7ucnhwss4g3qdq4sag93wg;1;1;0.01425994;31.07.2026;31.07.2026
bc1qdwc3aldsz5j3gdu4rgr345amnsqtlr5q8ttzpz;1;1;0.01424085;08.10.2022;08.10.2022
39HpfBE3aWWFmPzqLHdHgChFwtNCpd9faM;1;1;0.01424049;02.11.2022;02.11.2022
bc1q93x9r4kuu3ukgsny27cddjc5rz2exuy0y9dklz;1;1;0.0141836;15.01.2022;15.01.2022
3AQFYAWtzG2LQoEPzqexknaVuCYUcrUztV;1;1;0.0141744;01.08.2022;01.08.2022
bc1q7a8cdq4cj80dted7vx69h53a7hra5way4neutn;1;1;0.01415388;03.03.2022;03.03.2022
bc1qjh5ylvxt263ql0vzd3vrc94kppqyn29x5ymgxs;1;1;0.01413623;27.11.2022;27.11.2022
bc1qupv44hcfmhqfgrarvsn20uu84cx7mpewseuk0n;1;1;0.0141;05.12.2021;05.12.2021
bc1qngm84umtahppck7cc0wxvsn4yp2cqad8eja2gv;1;1;0.0140876;18.06.2026;18.06.2026
bc1q36qlzs87wsuv2zluaxkl7f76d9mj4nx7a8wlvy;1;1;0.01407242;20.11.2022;20.11.2022
bc1ph752tdkq0ay5qtm0jvr2wvd4avwvcum68hu9d4u5wqwxmqf04fss34w5al;1;1;0.0140441;12.01.2026;12.01.2026
bc1qvpdwh03p9tyj2gq2qvztf858pezqglqn52datq;1;1;0.014;27.05.2021;27.05.2021
3MMPVpnT2HPKofMH3deynCebXcwVRwPDDB;1;1;0.014;27.01.2022;27.01.2022
bc1qd4tapycsm2e7h8j02wf92z7pm0czc93vrlrmgn;1;1;0.014;08.12.2025;08.12.2025
bc1qu4j5mt6src9ptjyu3l8usggw3jcsfd6rhzyutt;1;1;0.014;31.10.2024;31.10.2024
3LPxWTx5mZQfzcH95ekSNDFCZZ6yXk9m8q;1;1;0.014;18.02.2022;18.02.2022
32A1kKVbtUd6xAvT1ubJu6C5x3NYo4HVsr;1;1;0.014;08.03.2022;08.03.2022
UNKNOWN:00200a725a2f495c90fb45af598b016923c38ce7;1;1;0.014;13.02.2026;13.02.2026
bc1qjdnyk89jgna8lfdmn6lnrjf0ypxqeafq86x6ah;1;1;0.01394418;01.07.2024;01.07.2024
bc1qdlz9f07kzj4zenfdep5juur88z9d97tv5curud;1;1;0.0139436;31.01.2025;31.01.2025
bc1qmk5zdyy08v7wtaxheuh2ydfff0xxcm208sj686;1;1;0.01390599;31.07.2026;31.07.2026
bc1qlglvpzpkxhsmhpmu2yjmnnknmw2567e9x4slrh;1;1;0.01390401;31.07.2026;31.07.2026
bc1qcjhlcwt9tadvyxkcw32g7lyq3fwq8da9kpkm35;1;1;0.0138967;31.07.2026;31.07.2026
bc1qaj4jtz7nqagmxxzprhk3v9syglglr82gkcmqcq;1;1;0.01388211;31.07.2026;31.07.2026
3JR5i7CA714pyggtGg75YiKrk6gsSZKuP3;1;1;0.01385061;23.10.2023;23.10.2023
UNKNOWN:0020be0f8f75edf4c6b1bdb9e7551e2e0e044dd2;1;1;0.01381355;17.07.2024;17.07.2024
bc1q7gjqjmjuv8jgrfcafryldks2wfnfuvg59ejd9f;1;1;0.01380068;31.07.2026;31.07.2026
UNKNOWN:0020f520d4338fdbd7c9bec1da9b0445d4a3be8b;1;1;0.01376927;25.06.2021;25.06.2021
UNKNOWN:0020dfdade047784c7058b0cb21254a043bc73c8;1;1;0.01376604;31.03.2024;31.03.2024
bc1qpdq3wr9uprrmzt3e79uqz590jjma95f2878fvd;1;1;0.01375602;03.06.2024;03.06.2024
14JettQCb3cWptyhGaWe4Mzs4y5zdgzEXe;1;1;0.01375;07.01.2023;07.01.2023
bc1pd8rrsqj7desac6y2feq0pm54hrqn8ypfvvwweex2xr6wl0yhg9cquec9kj;1;1;0.01374677;04.12.2024;04.12.2024
bc1qpjm4zlluprgk89lm65cs3kgk53lkxf0hd3y6ac;1;1;0.01373911;12.11.2022;12.11.2022
bc1qdqvca3n3dtg8pgtk2e6gz4sx7mhp57c9gnck0r;1;1;0.01373191;31.07.2026;31.07.2026
bc1qd38dxpevzn8wrfq72xqy0zwhx4s9f7qzux5jdd;1;1;0.01371;22.04.2026;22.04.2026
bc1q5rh444flfnh5m7kz4a26ahf8hdnd95qhhadyxt;1;1;0.01367118;31.01.2025;31.01.2025
3KokPtF2MBwNaPMqqQfRyCJY1TF8A2RdNN;1;1;0.01363781;12.07.2021;12.07.2021
bc1qv49mmm2cvuyc39e530mte3gd0eknf4k5jm9kmz;1;1;0.01361983;24.01.2024;24.01.2024
bc1ql84j3rzh6h8lmvp2dkuynxfy2av25yj2trz8t5;1;1;0.01361039;31.07.2026;31.07.2026
bc1q0u4kt62kx2pcvm9dtnkegd67552unht8paxh8e;1;1;0.0136;27.06.2025;27.06.2025
3BD5Z26UgKbqTZH65NK9c6rhHANmLYDUG2;1;1;0.01358264;12.11.2021;12.11.2021
3Pm4jVmPjeFtU3jJ1oAxZE7VeCnqc5ftYZ;1;1;0.01350887;09.12.2021;09.12.2021
UNKNOWN:002050e55988aebc7ffee631358bdf3c028e0b6d;1;1;0.0135066;24.05.2025;24.05.2025
bc1q7e5uj4cs0xsu3z9ga9nv2aucrrrueteg92q07v;1;1;0.01350063;28.01.2024;28.01.2024
bc1qldezx5q4g9hvnh9sfu2pe0lugl0y7e76n2upe3;1;1;0.013496;17.05.2024;17.05.2024
bc1qfec0nu59qm5ajs998gmvq3pu3xryrsk2kxwsx3;1;1;0.01346389;31.07.2026;31.07.2026
UNKNOWN:00206d9b73e55ddb041c88dde5d34639eaf2ed05;1;1;0.01345986;28.12.2025;28.12.2025
bc1qrdt7mrvdhz6c3f9pzr6dt4pel7xpfd639uzk3g;1;1;0.013452;05.09.2024;05.09.2024
bc1q9h2at366uvex2q400qlxmq9gnjmtljxstt0mxt;1;1;0.01345028;31.07.2026;31.07.2026
bc1qmcuzrnd67fagkdh3f9px6wc2vmkv2fzm3rlve5;1;1;0.01341413;02.09.2025;02.09.2025
bc1qksjk6vpp2gxmntvdevs3e0zhd0ufdkc5ln7h69;1;1;0.01340597;21.08.2021;21.08.2021
bc1qcydqfex6zn3vyrvwav4ykecpc8c5a5jydmlu49;1;1;0.01337173;31.07.2026;31.07.2026
bc1qyqx2wrvcsgp9jvlkl3hl0vhxy7xyscmkre7em3;1;1;0.0132876;28.06.2026;28.06.2026
bc1qr8etfmew233gy3sgtuus57pfw8vk7cygt3qw2p;1;1;0.01327786;31.07.2026;31.07.2026
bc1q05psdfyhlph064yyuunqg9c03cuhjfe2f5zlph;1;1;0.0132618;06.05.2022;06.05.2022
bc1qaqd000a8vy8edetja8zch2krx690afjn85rtr3;1;1;0.01324496;31.07.2026;31.07.2026
14Wae1ifczDPx9o61FUdchhHriDe5sAD5h;1;1;0.0132;28.09.2022;28.09.2022
bc1q4srpprs9kycsh3x8ht444pz26wqt66zqygrp7j;1;1;0.0132;20.03.2025;20.03.2025
bc1qgr839mz3n2sf5q06z6xzv2x0e248ggzrjud6eq;1;1;0.01318322;31.07.2026;31.07.2026
bc1qp2spsgw802azuhdhnuxs3d0k8y5dww5guqeyxz;1;1;0.01313157;04.03.2022;04.03.2022
bc1qefq52puuhacwnfj5cldq9l77vjpetsqqcsk3mz;1;1;0.01311357;31.07.2026;31.07.2026
bc1qhffsxxygxqq0mt247daqyhprm3p2ulkgzw5vla;1;1;0.01306976;31.07.2026;31.07.2026
bc1qfhjcqr7kquwu7wp0l07guhhgfrswmcklgfev6h;1;1;0.013058;03.06.2024;03.06.2024
UNKNOWN:00201d4e1591740e890a03e483c588c0d34c3b59;1;1;0.01305087;25.05.2024;25.05.2024
3PG3WCcMrxa2czEopLuDEbfqpn63kx81BU;1;1;0.01301421;27.08.2022;27.08.2022
bc1q9reexnpgpfy0vsq0wmdduh98xrtm2zwnvew8qn;1;1;0.01300539;31.07.2026;31.07.2026
UNKNOWN:00200783947cbb6909e93d42115533aaae2ace1c;1;1;0.013;30.03.2026;30.03.2026
3ApUgDR79SvRvShux8AR2Cr61yESrBDbrV;1;1;0.013;26.04.2022;26.04.2022
3JWiuwFWiQEZScXRe5TP5s7quGKKLCgJrT;1;1;0.013;27.04.2022;27.04.2022
bc1qr3d965nlpmzxvuhtp9l27eu7jyvp62pv94gjjm;1;1;0.013;16.05.2025;16.05.2025
UNKNOWN:002003a79879559ea2edad8b1e57990cdbf610cd;1;1;0.013;31.03.2024;31.03.2024
bc1ql67w4a7l0q7n8h034n67j9p2pxda4hu4ywvwrm;1;1;0.0129919;03.04.2025;03.04.2025
bc1q5c04zu9965zvk25ett5dyv6fd0ygujw9dxxmms;1;1;0.0129883;31.07.2026;31.07.2026
bc1qtt4u4v35nu6rnnq399yq6xgfw3cxk37gngqc9d;1;1;0.01297565;31.07.2026;31.07.2026
35egbfrfT2pEkHPhdmJX8ZKR4mFekoMg4m;1;1;0.01297341;31.01.2022;31.01.2022
bc1quufq50t3fh6qk4j2jlys76zy89ah2zwhkw8la5;1;1;0.0129729;18.01.2022;18.01.2022
bc1qn9mjt3tluwrqes7mfyrhcqhwc5t59m60yp3vdj;1;1;0.01293758;25.01.2024;25.01.2024
bc1q08jctvnnhzqx2xzz2fq90vf74yavgwg6eacddu;1;1;0.01290699;18.08.2025;18.08.2025
bc1qf6837l9e9z2hdwpc6vurpd4mykxsvrg85hqylr;1;1;0.01290086;07.02.2024;07.02.2024
bc1qurkh5lnnp20tqj5g7y9rw0y2mzmer83rh2d75g;1;1;0.01289694;31.07.2026;31.07.2026
bc1qaqt3czee5wnjqdv2gl56kh32g9vkcxzh9stnva;1;1;0.01288;06.04.2025;06.04.2025
bc1q7yvg0hwksj2hrm55fdww9748qcpqcpwlqzy75p;1;1;0.01287412;31.07.2026;31.07.2026
bc1qywqw0yx3msat5rqk5klczn7z8yftam709epuhr;1;1;0.0128394;20.06.2024;20.06.2024
bc1qr7kem256fmumg5ptqhaunjhevq2dxv2pq3tfud;1;1;0.0127916;07.08.2025;07.08.2025
bc1q4yxk8znq9gnm93q7drcvzm67gfj8cuq5sw46yh;1;1;0.01275;16.01.2026;16.01.2026
bc1qkzrw67y75w70ezlnh0y34y4rz6nn4u566982kg;1;1;0.01274176;10.06.2026;10.06.2026
bc1q86r7e6wlvvdwjc0fugd0nwgu0f497xr9ahjwaj;1;1;0.01265996;22.01.2024;22.01.2024
bc1pdpda86f6pazrgluzyvcar8vp9ajxj2zma5ttdtwuru6m7t78qg2qzy8gx3;1;1;0.01264445;08.01.2025;08.01.2025
bc1qs5g862rt6lgrjvynknejzsl3pjkpan88jv46kg;1;1;0.01263934;20.04.2026;20.04.2026
bc1qvqh0y5wn3pq3rr6ryaw2flf9ry8ena2plewvk0;1;1;0.0126311;31.07.2026;31.07.2026
bc1qa5amm4hnatprjm6tnjsv3qj9fzdtlm8c6550ad;1;1;0.01262857;04.11.2022;04.11.2022
bc1qxg3l0kagw4rlk2f36yn2typugr95az0use8ch2;1;1;0.0126;09.09.2024;09.09.2024
38KsG3KZeSwtqbmqKrx5JsNv3ijYXPToin;1;1;0.0126;26.03.2023;26.03.2023
326NhLfYQYxhQvSXKa9YaxKLFhYoTm5c2f;1;1;0.0126;25.04.2022;25.04.2022
bc1qlmua2p5e0g5j3tzvc8eexw0vnd66ahj0962jm0;1;1;0.01258192;19.08.2024;19.08.2024
bc1q6z2qtlwym5lccx2pxhse4mp8a9rkl7x5akdynk;1;1;0.01257025;25.01.2024;25.01.2024
bc1qjm5zeasr3x6u8d69wqxseh4cw2mfshzz6xlnkw;1;1;0.01254301;01.02.2024;01.02.2024
bc1qvvjgsh3q3a59j52p5qkcd2r2uv0rphx9gjzham;1;1;0.01252873;31.07.2026;31.07.2026
UNKNOWN:00201ac931f29872b4452a2f613f618176b6eeca;1;1;0.01251881;10.01.2024;10.01.2024
bc1qds52rzvfl20knhhfd896nadptjrrzagqrswwyd;1;1;0.012513;02.11.2025;02.11.2025
3Grw36CY6HGAd1E2qm3BA8fpirFQEAoxaD;1;1;0.01250907;15.03.2023;15.03.2023
bc1qsd8ntk05wr3l4dvzh6x2upr5rncd9k4hw0dwt8;1;1;0.01250338;31.07.2025;31.07.2025
bc1q2muk3ka7f07r7ghjtkvh9aw8npzp9zgkdvdtej;1;1;0.0125;02.12.2024;02.12.2024
bc1qzhv2c2v073xwwn0j7se0wu2fs0vrrw8hmdavrt;1;1;0.0125;02.10.2025;02.10.2025
bc1q3wgav2k9ahulvpe5kelc870ane05683tpd43cl;1;1;0.0125;16.03.2023;16.03.2023
bc1qmgxtass36w3juk8k7u3v0rzyfgup95feefvvjl;1;1;0.0125;25.09.2025;25.09.2025
bc1q8g0wulpnun9fky5fmdzckl2alljxe2scu7fg4m;1;1;0.0125;25.09.2025;25.09.2025
bc1qdzftt29qsu7a8n726xgdstkjd9whklu44hzjle;1;1;0.0125;26.11.2025;26.11.2025
bc1qq9jqwe5zqrycq2lshxntnkd7htyeyn7hvfw2sm;1;1;0.01246377;30.07.2026;30.07.2026
bc1qsuyem5wzp284tgq3se4vtnhpyvnawffld2y83p;1;1;0.01245465;04.07.2021;04.07.2021
bc1qssen3uqa28c87vtw9px07zqejrvvqhn2c4jjdw;1;1;0.01240532;24.02.2022;24.02.2022
bc1qqamruu76du3favj5e9095evhqgjwkwf08wnlyl;1;1;0.0123903;31.07.2026;31.07.2026
bc1q3dx7nhy4mlg4heu5kkvvak4klrjknnu9ndy3dn;1;1;0.01238462;31.07.2026;31.07.2026
bc1qg9uyyrd9kjru8ujlh9tm7nnmhw5fr89skfdueq;1;1;0.01236906;01.02.2024;01.02.2024
bc1qmynknd8q7p45zzh962y98e6ge08zvsfvdvsqcr;1;1;0.01236;21.12.2024;21.12.2024
bc1qh5njhuyd6737lyuctk6v72jrlcytlwdhldetme;1;1;0.01235;30.03.2026;30.03.2026
bc1ql9l5nqyupphh4wf9l3ra3rhz67syx4e8jhsytm;1;1;0.01231741;12.06.2023;12.06.2023
17DzQhJJxcSbiMVG6SSxjv9ogxSJ2SSLq9;1;1;0.012315;07.06.2022;07.06.2022
bc1qx4jqpj34lz895zj9f4he8rqmc24lasudgrrk3h;1;1;0.0123133;31.07.2026;31.07.2026
bc1qzf8cewsgq7nw5vqsgwjf3yn5wgvdp4tl4t8y8n;1;1;0.0123;09.09.2024;09.09.2024
3FygKYxroaEVPXdMuxrQV2HFkUUziytpAv;1;1;0.0123;28.08.2023;28.08.2023
bc1q5vlrxgphu94j9c8a3kepktr6g2kyv58fwy09aw;1;1;0.0122923;31.07.2026;31.07.2026
3JG3UvNVZkH5eM9BKReoPSY5FL2sJXG59S;1;1;0.01227588;12.08.2023;12.08.2023
bc1qmcpx6nsytnz787qf8tw0nj3utf0v5w6apnwyg3;1;1;0.01226999;06.06.2022;06.06.2022
bc1q7qnv73dth2dec9ur4j7frdzvnjwd3r4wxcujd2;1;1;0.01226739;04.01.2024;04.01.2024
bc1p9ffs0q8n3grzsvye3pqemha2ep86e5zknm7kneg9wjn0swccw4rq4jsyum;1;1;0.01226119;06.11.2025;06.11.2025
bc1qjq48kjgdj0m6n9c8d7q0sh359e960n3aah5q36;1;1;0.0122484;25.11.2022;25.11.2022
bc1qjdkcy6nxvqfrfuylpxvp9ghhvclzmfn9rhkk4y;1;1;0.01221514;06.01.2024;06.01.2024
UNKNOWN:00204bea5b99fe8b32bc4964f391797caf3b4e37;1;1;0.01219878;23.11.2021;23.11.2021
UNKNOWN:0020143964974c82f3a2a4cf911095bad3ac3648;1;1;0.01213296;11.07.2026;11.07.2026
bc1qa9dnykh5yusw238mjcqtajv25mrhrcnwxezwgl;1;1;0.01211326;31.07.2026;31.07.2026
bc1q2sj8etnjvjvy5qqfmvkjv9jsnn3zwxm3e3sp5r;1;1;0.01208675;24.03.2023;24.03.2023
3BbzYUuNSYv5daoCwsvt1YVd9BDR4bsoDm;1;1;0.01206456;16.04.2024;16.04.2024
bc1qwz2yjvrxxgdew6qhe92ty5s4gt9plsfyww3r5m;1;1;0.01206223;31.07.2026;31.07.2026
bc1qr8lrxkw805unrf4t3kp8udr5cwuxc7lpxcl00t;1;1;0.01204176;31.07.2026;31.07.2026
bc1qvukkmsuzhutf3fv5ejlcfk02mgswa8rgvpl4tq;1;1;0.0120076;09.01.2022;09.01.2022
bc1q99406nq5fddmvqkqr4jepthevsa24rhy5f5gq7;1;1;0.012;13.09.2023;13.09.2023
bc1qcjkgz9k96znz0nrwh2rtjmxjyvyqf27a64vrxn;1;1;0.012;12.01.2022;12.01.2022
bc1q2vfnmuqn6fu3g76j8kqwjqa9pgukjjtvv00xj4;1;1;0.012;31.07.2026;31.07.2026
bc1qsdh4sdvtgsckgjhh67ndcv3g6jwgcy2ukcxka8;1;1;0.012;09.06.2022;09.06.2022
bc1qd9aprfvn8tuyf67emsurd82lsrakd8fw3fq85p;1;1;0.012;14.01.2022;14.01.2022
UNKNOWN:00204787f42fab9bf74ece151e63466f4fccee8a;1;1;0.012;17.07.2024;17.07.2024
bc1qpkgwpdt8npk5nvaprjhr9sm4qksxusc44f73vs;1;1;0.012;18.11.2024;18.11.2024
bc1qdvm9e2dm5lgxkusg4z2hxagcyvhhgprn3xs7qt;1;1;0.012;10.10.2023;10.10.2023
bc1qca0m3at059ceedxkc7yct5tdh49m0lywhmyxpt;1;1;0.012;23.08.2022;23.08.2022
UNKNOWN:0020d242fa28cd9f7f89809ff17186462040b6f5;1;1;0.012;24.03.2026;24.03.2026
bc1q9lu9z0ed9gal08pfxn7khduaqwumruksnmpq8f;1;1;0.012;07.01.2023;07.01.2023
bc1qrkeqgwv4kervrevtdajxh3k0tx2qxrdkrx952x;1;1;0.012;17.03.2023;17.03.2023
bc1qyj4k4vfcp84t0a4h3tl4ju8zxzu0uhr68w6sh3;1;1;0.012;07.01.2024;07.01.2024
bc1qul9agv2a5043ywxglf2yr5u3p4h4uj45xyqhhh;1;1;0.0119989;30.09.2021;30.09.2021
bc1qr7hgdp65skgtm8p443e8tat0z4p47klwp3hvsp;1;1;0.0119956;26.07.2021;26.07.2021
bc1q7m02unkhr0hng9nnm98vk97wugt9qc37rtt4cx;1;1;0.01198417;02.02.2024;02.02.2024
bc1qypwjl2kgudsyxxxmtgn3x088tnxt53dn40huhx;1;1;0.011964;13.04.2025;13.04.2025
bc1qu20k98z482ske5cmn27pg2vs2tq9hrrdcr2npp;1;1;0.01193918;31.07.2026;31.07.2026
bc1qgyv4rczf4yd8je400azprj7k8wahwytm6u4aus;1;1;0.01193369;31.07.2026;31.07.2026
14QXx6UmskAcMdDcfdjTC6qunpyH8gtwAs;1;1;0.01193367;12.01.2022;12.01.2022
bc1qqdt3wvrxew0vcv62etf5csqzv0zpku9q33uahr;1;1;0.01192241;14.02.2025;14.02.2025
3Eppupz4tK5GeaNxEFwxZtsGHUd2Luk1M3;1;1;0.01192;08.12.2021;08.12.2021
bc1qaf648nfputvv8u6gd39dc0mxjhsw625ysscs83;1;1;0.01190524;13.05.2024;13.05.2024
3CH3BvNS9Z5m6pkz6sndPeTSsmZMLck7rP;1;1;0.01188885;17.01.2022;17.01.2022
bc1q5eyf6dyxqsucd9kf882gl4c2gd0wfytqjp346f;1;1;0.01188092;31.07.2026;31.07.2026
bc1q6ns8sl6fw8m984aa0jzv2yf3sfxge74v7tdsmh;1;1;0.01186052;31.07.2026;31.07.2026
bc1qe3murmf4ghtgez7yl4jjpfprw45f2p0xuc5cvq;1;1;0.01185306;18.12.2024;18.12.2024
bc1qfcghtnn7nh42gfnx8zvfwx42fx78xwfkdy90cl;1;1;0.0118299;29.08.2022;29.08.2022
1PvJucTzvj44a23wWb1Enb1JkEw5QDU5b2;1;1;0.01182692;16.08.2021;16.08.2021
bc1qjfjlne2w4wxa2esrv0y4aajhjk49uyfjg2zefg;1;1;0.01180409;22.11.2024;22.11.2024
bc1qw0zyx4caytkjfxwcmqn73rm2cfhkzxncx98sfa;1;1;0.01180127;31.07.2026;31.07.2026
3Q7xfpQLNUSi8VBWTeL3f5z7QY1p3c931F;1;1;0.01179095;22.09.2021;22.09.2021
bc1qhq7tqkrmh4cnmv6z8zw9spm65q62yuj8ctauye;1;1;0.01178178;31.07.2026;31.07.2026
UNKNOWN:0020512e067054cf6c868d4a56667f641f1af9c1;1;1;0.01177887;24.09.2024;24.09.2024
bc1q9k32eur7yxaghnsvcalww9y5evzhucyhmcf5rl;1;1;0.01175;14.02.2025;14.02.2025
UNKNOWN:00202cad84c28301989276b2d26c9333e3723b14;1;1;0.0117;17.03.2023;17.03.2023
bc1qjj7j6xf3cmhly3xxxhapyx9tl0367ntcuwuppe;1;1;0.0117;09.04.2026;09.04.2026
bc1q3tkxa0lxl879u42pjthq7xfgangjlc7mfuzmg5;1;1;0.01167801;31.07.2026;31.07.2026
38TeHTmLTRfo2kAr9F5mh9CcWLTzP6Q139;1;1;0.011677;10.04.2023;10.04.2023
bc1qz9ppqxmut0ctexxuwtk2mgwel5m46qv3xyfmmq;1;1;0.01164753;03.12.2022;03.12.2022
bc1qmxw6kzhnzuh2s4pdz7shtpzsjul7jzv2rsez2q;1;1;0.01164465;18.05.2026;18.05.2026
bc1qtgrakksxqqmt5gu0eekmv0m5r7wavtaduj9q7h;1;1;0.01162131;31.07.2026;31.07.2026
bc1qcwgqxfk6h8h5l68re62xpjmpxvrc6sdj0rg3s9;1;1;0.01157918;01.05.2024;01.05.2024
bc1qe7fhz37hws7d3hmptmwn8ccsn7yx6paufavfgu;1;1;0.01156292;12.06.2023;12.06.2023
bc1q5x5p3qhumrawd4w4xzmjxf0dsckjmfrzcpqaad;1;1;0.011558;12.11.2024;12.11.2024
1BvsLfsukfdYgwSVWsS3maQabRfmdq2PAv;1;1;0.01155327;04.12.2022;04.12.2022
bc1qe37rz5f3yxzz44rvwv0cfqujkfwqrc0zdwequh;1;1;0.01154917;31.07.2026;31.07.2026
bc1qdgfu57yafypy9cvcf37d7ke2rrw04gmrx4a8u9;1;1;0.01154532;02.02.2024;02.02.2024
bc1q2wsxwfepq288qemkncn5gc57wvjr4pk0kyhcdx;1;1;0.01154512;06.07.2024;06.07.2024
bc1qwkrf2tc6syx5jn8a6xlz5cyegmdmhvzreyz750;1;1;0.0115419;20.07.2024;20.07.2024
bc1qc4j8tk2z7paa9xrvm3arsxxpyt920rzcnaskvc;1;1;0.01152594;31.07.2026;31.07.2026
bc1qrfkqvwd06rn8rzsxxgcf9yvan64j7rgd66vw90;1;1;0.01152123;29.06.2023;29.06.2023
UNKNOWN:00209d18451e4ad98845fc05dbaf198353d8abdb;1;1;0.0115;26.06.2023;26.06.2023
bc1q7k2j560fa5m3fxjk8pp3f63ju4724z9egfthxl;1;1;0.01149;31.07.2026;31.07.2026
bc1qd9mhpzmhv32w4hknzst7xnzn8yrt9cu9qsxy2c;1;1;0.01148037;21.07.2021;21.07.2021
1GygSQ9spNk6HxtGjEB5EHDjG2perrMPjd;1;1;0.0114783;23.01.2024;23.01.2024
bc1qeh4m7g5hq89nnx02x887wx5xfh6crxfelqwff5;1;1;0.0114507;08.11.2025;08.11.2025
bc1qdy7nvuvgl2njywsnjnm56mg40uwq4kts4r3sn7;1;1;0.01144238;31.07.2026;31.07.2026
bc1qc89vqp4rhrfzjp8x5c23kylmuq0888fn88n92j;1;1;0.01143872;31.07.2026;31.07.2026
bc1pjwm2asleft4tt8sx2tqytcusdwpfkj008h8xtq5ux735spvdpqdqzdnwtu;1;1;0.011432;21.11.2025;21.11.2025
bc1qyh7l9cmgaalyxm0gl79e7x8tc5k2ccwlcn46aj;1;1;0.01137254;21.05.2023;21.05.2023
bc1qdtn29ddc2a382hs0ya6r042nasgkhcjde6xwpr;1;1;0.01136375;31.07.2026;31.07.2026
bc1qdan8n7yexfax8rdkp53cfwj4c66vvty87e3zqq;1;1;0.01135469;21.01.2024;21.01.2024
UNKNOWN:00209bb5c70735fddec0f5da61e5c09f2059f5aa;1;1;0.01131318;21.06.2023;21.06.2023
bc1q2u6xpmjh7fltpvavamu63kkuv29yv7lmzt4xcp;1;1;0.01129866;31.07.2026;31.07.2026
UNKNOWN:0020d5c8917f3bdc732496629b493d73867e18cd;1;1;0.01129424;19.03.2023;19.03.2023
bc1qfem6f97mpkyg5vzplp22mpf4jq8h4c29fmz34v;1;1;0.01128479;10.04.2024;10.04.2024
UNKNOWN:0020beeaddebc1221d9644bf4b4cddefc72b87cb;1;1;0.01128029;01.09.2023;01.09.2023
bc1qk2t8gsv64e0mks3wq2hqut3um9dptn3n03qmej;1;1;0.01126574;30.10.2022;30.10.2022
bc1qe09g9qc8mf33dk0kh4fwkzun8frsaurw2mrvvu;1;1;0.0112522;12.08.2024;12.08.2024
UNKNOWN:0020382f05989334c07b036ee6f625c2752bb947;1;1;0.01124426;21.11.2021;21.11.2021
bc1qmfggty9mdak2n8ly0w0pecptslaj5jktqc8syz;1;1;0.01122785;14.07.2025;14.07.2025
bc1qxf2r96hwhy5ptxmz6rxqe697ddjhk2v5k6zlzh;1;1;0.01122053;23.04.2024;23.04.2024
bc1q3eyxclc3k058mdstx3ndjtmrd9d5fna63apjcp;1;1;0.01113687;03.11.2024;03.11.2024
bc1pwasfh8ku3kt3lh8t54yp954jn87ah704qyusdkzcrnky4tvyx5uqh9erx6;1;1;0.01113038;17.05.2023;17.05.2023
bc1qtl7tk4x8p72srxpyjhechey6za4jcv4ttxtc8f;1;1;0.01111593;05.04.2024;05.04.2024
bc1qttkx9vngds8j8xze8dc8vpeum240tkxzkvt73g;1;1;0.0111111;27.01.2026;27.01.2026
3PgHYaWYiFMHuK5rTAYfiUNi11n16YZRu2;1;1;0.01109563;21.08.2023;21.08.2023
bc1qhhk9r03kzwt9plgly4cf9fvtgtjunkqyx4gxrn;1;1;0.0110675;29.03.2023;29.03.2023
bc1q0d9lppcqr6fug5jrgavpd8eh67fyck8farpy9e;1;1;0.01106031;31.07.2026;31.07.2026
3H6SrsV6xYPRotK7t6H9zxCQPNCyrBKGwg;1;1;0.01105623;29.08.2021;29.08.2021
bc1q438alq05jv564xve98xnl8pk4squhulwexx0c2;1;1;0.0110457;17.12.2021;17.12.2021
38DCmPo7ZBbfP5s7qgJLAssfbMDbA4p5Hm;1;1;0.01104122;18.11.2023;18.11.2023
bc1qr85fn93z74z60pp97qdgz9rns0rweksgrgrv5m;1;1;0.01101894;05.07.2024;05.07.2024
bc1peyyaaes9psf04aty368rgh7atvhv65sc9hgm20zzamp5yd3e3lwsrrc323;1;1;0.01101402;08.03.2026;08.03.2026
bc1qq402ugk8m0a9ewfzpa3lxjfaqxj3nnpynxajdw;1;1;0.01101;19.06.2025;19.06.2025
bc1pc7h6a3mwdck3dvmg0g2s9sju8h9hqg03347sn6tk4t8fcg27yc7qpf9cdz;1;1;0.011;29.06.2026;29.06.2026
367aAp1eEXuh5j5tXEFQNVqqCMGJw9UyZG;1;1;0.011;28.06.2021;28.06.2021
UNKNOWN:0020990b563f395ec4f5966e1bfe657a3609a861;1;1;0.011;06.06.2024;06.06.2024
bc1qqvcdh7jvmreeyaahy07emdsd470m2z2a8kvcaz;1;1;0.011;14.06.2025;14.06.2025
bc1qteuvjnjufrldvuc57kstrw6gdvrp9guuu6evyl;1;1;0.011;21.05.2022;21.05.2022
bc1qkqs34qygx38ecyh6y6nlltxw063f2v2k2p8n3q;1;1;0.011;27.08.2025;27.08.2025
bc1q8kdh3d06le93sj6jy3acykehjwc23ht8r0tvw5;1;1;0.011;14.06.2025;14.06.2025
bc1q34gsst0sun29946gqaa4rlatm06kvwxsuxrmws;1;1;0.0109972;25.12.2023;25.12.2023
bc1qgvn9v378dayqwtwasy7srgmemlag9g0ctnltar;1;1;0.01099392;12.08.2024;12.08.2024
bc1quus5qgd7d87tr05973jupn5gkfzp67p5nqf375;1;1;0.01098628;11.09.2021;11.09.2021
bc1qpnrwwlvc9tktq2m5gvg6gu48lf5tjrlwj34hc2;1;1;0.01098288;31.07.2026;31.07.2026
bc1qymlx6q6g3rycjs5xphxfac7t08dcg7q882982q;1;1;0.01096536;19.02.2023;19.02.2023
bc1q7lsl2fe6thuwg85cgwtflw9wqycm4tdy8vac9q;1;1;0.0109479;03.09.2022;03.09.2022
bc1qxee0et5vq8xqvndkkv2mhsu9y5anr7k94x9z3f;1;1;0.01093548;31.07.2026;31.07.2026
39HYTf9gw6v1YEfWWCfVNw6AKuufMC1mqR;1;1;0.0109196;26.06.2023;26.06.2023
UNKNOWN:00209d5754148bcd92acada718d18669cb8aaba0;1;1;0.01091896;24.09.2024;24.09.2024
bc1qvhzv35s7tsjurg3ljd2adv07jadh7tqwye7ln9;1;1;0.01091799;12.08.2024;12.08.2024
bc1qs5c8cp0jrpqnfdlu6k6qa8w6knruxafxchjgzd;1;1;0.01088763;19.03.2023;19.03.2023
bc1qncrxdspsx25q22fue32l0z960avqg6makd3t26;1;1;0.01087041;12.08.2024;12.08.2024
bc1qq3we06y6aa0859v2ejzk8ez36472xe035xhzpg;1;1;0.01086982;15.12.2024;15.12.2024
3J65bhiRrFvsXxAyfsSn11CHa8kEZzbQPw;1;1;0.01086792;25.01.2025;25.01.2025
UNKNOWN:002032dc35ea5849df6831d1c78db4084b14f4ed;1;1;0.01083627;15.01.2025;15.01.2025
bc1qryeedgjvlcrn9gs06cp4q5r99xkgsk3ryg4h76;1;1;0.01081479;31.07.2026;31.07.2026
bc1q2ddge8jmnjf0pxkkafu7z40cdt2uleka7zerle;1;1;0.01080707;31.07.2026;31.07.2026
bc1q4rc7etsfnjc7vgm2hv0slxap3sudv4mej7g29h;1;1;0.01079881;27.01.2022;27.01.2022
bc1qx8ch6u0f844q8xwjpsc6zr09g4vue8k9qg97w5;1;1;0.01078403;12.08.2024;12.08.2024
bc1q3eacjgdq2hd2e9xlcyk980zx8ygsqvym4tsj0c;1;1;0.0107824;08.05.2024;08.05.2024
bc1qlmn5zx6zfxyuhlq9fq2529rpm5gsn7atzw5w8p;1;1;0.01075553;02.10.2024;02.10.2024
bc1q7p2dvndf9dhwkamvwgg47hnue6yl8cv3sfe98u;1;1;0.0107431;21.01.2023;21.01.2023
bc1qq6k4vywc72f3asg5ueqjqlvvf2nxvjq8u9ye3k;1;1;0.01074161;12.08.2024;12.08.2024
bc1qdqm26dhtn0lhyepkjk7f0tep7pl4sfaunkq5dj;1;1;0.01073643;31.07.2026;31.07.2026
bc1qhszz7chs970lqnfrdr6chjamdtmjgdc5n7zqxj;1;1;0.01070329;15.10.2022;15.10.2022
3Pye2SwcG5D2JuFueKacWZiK6aHj5biHiv;1;1;0.01069792;30.12.2021;30.12.2021
bc1qxtaxtvh2gd5lqzehf5pzdxaxrl2vnmchx7ahcu;1;1;0.01068457;22.04.2022;22.04.2022
bc1qplnyjkuw9cntrywh45wfqq6akypa078gagepz9;1;1;0.0106356;05.06.2025;05.06.2025
bc1q8yllda0wn8nc0ga27mhrs0tkec0u0w9ppzsh3w;1;1;0.01063305;14.04.2025;14.04.2025
bc1qvtehy6ekd4jn8enn4y2pgspvq099s5zvhkkm60;1;1;0.01062662;31.07.2026;31.07.2026
bc1q6zzt0e09df7d7srvh6wnvr9she2u7zjte5plek;1;1;0.01062452;14.03.2025;14.03.2025
bc1q3v9uz5dy75rtdjqkxl6sqztd46fnrc27acua9k;1;1;0.01061485;18.05.2026;18.05.2026
bc1qclk46swf0w2afd2mrapk4avrcd6rwld75df9kq;1;1;0.01059213;14.01.2023;14.01.2023
UNKNOWN:0020ad927c35b1591118b9b5079b42a6c579b602;1;1;0.010587;14.07.2021;14.07.2021
bc1qy9kwxsrpkdggfefkarv8e44dwll5drx0jjuaup;1;1;0.01056873;31.07.2026;31.07.2026
bc1q2ejhf3z5nvg3wdhpmw2d42dvkz59v6r9myze2l;1;1;0.01056315;12.02.2025;12.02.2025
bc1q30yfeh9tl9lsfffzu8xluw53xl3rxpntq63nr9;1;1;0.01055274;31.07.2026;31.07.2026
UNKNOWN:00200f22bf51ae8cfa163f46823936b7078b592e;1;1;0.0105474;28.05.2025;28.05.2025
bc1q4wfmks2k3uehle53eqtlr59m20apdwrnl5ckvq;1;1;0.01054559;12.08.2024;12.08.2024
bc1q9j3r3cmtqj3kl2eaalnah64hvfe2n6sd06d2ww;1;1;0.01053949;31.07.2026;31.07.2026
bc1qlxxgsm77darwykddz6wkwmd8cnx3knk0604fuu;1;1;0.01052063;12.03.2023;12.03.2023
bc1qfurg6e233gm7x9qmhlyplexuwfdztxjlqcg49h;1;1;0.0105;30.03.2025;30.03.2025
UNKNOWN:002063f9be79a3ed81da0e3d9124742a10f2a9f9;1;1;0.0105;03.11.2023;03.11.2023
bc1qcapxevmcmlfexh2fdkn000rxu83w4m0v9gcptj;1;1;0.0105;26.12.2022;26.12.2022
bc1qdwy74xwwzrszt8a8afazeztvykkrf62cjt278f;1;1;0.01046734;06.06.2024;06.06.2024
bc1qxgdjqmzpcajl99myksmxr28rq44nxy690dam3s;1;1;0.01043306;26.10.2025;26.10.2025
UNKNOWN:0020dfbc8f8bd4354722c3afd125cc7d778200e6;1;1;0.01042301;29.03.2024;29.03.2024
bc1qrhkkx5zfv8et75lcfq0qvffpuz9psn7l3qn20p;1;1;0.0104076;12.08.2024;12.08.2024
bc1qd8pjcyglq28vrqz0a6jnwchfkfp2lwzqqvufcx;1;1;0.0104;26.12.2024;26.12.2024
bc1qflh9y9vlm4dvnlw025qu7swu5x9y2rzz89r72t;1;1;0.01039879;25.02.2026;25.02.2026
167fEiuCWBWuaLL5epuSyrHNZFLnQa8TBQ;1;1;0.010392;10.06.2023;10.06.2023
3QM5mQ9ZLbZLZJofobY54iHeoaDFEqPaUQ;1;1;0.01038242;02.10.2025;02.10.2025
bc1qvjgq9fzav68m8xdx9egjrjkz7r2fnssszxth33;1;1;0.01036037;28.04.2023;28.04.2023
bc1q9m0v4vngga7sfchgyval8g0hjhpclck8aeu7fe;1;1;0.0103309;26.05.2025;26.05.2025
bc1qpq3fupmryl30fs4cs5fz6qr0x2ynz0ht72m6cl;1;1;0.01031908;31.07.2026;31.07.2026
bc1qfu5746def4tqc2fe06kpzafd4r7u5y6qz449mr;1;1;0.01031705;03.11.2024;03.11.2024
bc1q37tjxa33kkf9w202wpfjx4p34w0qhelle380fe;1;1;0.01031142;19.05.2023;19.05.2023
bc1qp8044kqpp2x932efp4x6zc9a9257g5zxwt844e;1;1;0.01028999;25.08.2022;25.08.2022
bc1qj4gc2awxletv43z3yk4vr4wankyev2udj579ag;1;1;0.01028913;12.12.2021;12.12.2021
bc1qah2u3xeuaglt95tftraszdcs9dfeyz6vx3tslw;1;1;0.01028358;16.05.2021;16.05.2021
bc1qsrdq09tanumwrxg7ksva88ufy5kg6rrztqs3k8;1;1;0.0102737;03.11.2024;03.11.2024
bc1q5qnuhq0n4em5j5s3gj0sq78ssr5rraa4j5ejs2;1;1;0.0102735;12.11.2021;12.11.2021
bc1p8j205kyhwpl2l4ydnuzu8kjrelyh0v8u9yt02gcm90qxghasa5qqq33k6m;1;1;0.01026154;16.06.2026;16.06.2026
bc1qlem2r0l3umpzcq0lnt330gfl33q5257hcvq6q5;1;1;0.01025661;31.07.2026;31.07.2026
31i7d8qjVYke7jc83sUdcd4zoDPcPi385X;1;1;0.01025497;23.12.2021;23.12.2021
UNKNOWN:0020a4577570c8481ad8606a52cec3ddeb41fde2;1;1;0.01025;12.08.2023;12.08.2023
bc1q2vzy0rtknwwejryp4suk6lunvwymqzpaznfw0g;1;1;0.01024326;31.07.2026;31.07.2026
bc1qwvrkkm8fmrh9n3hsd7cppc64yvgcaq9xss675l;1;1;0.01024118;28.03.2023;28.03.2023
bc1qqlh93tg9cn8v3rx8kp39lytnsvu4y83kagx6np;1;1;0.01022737;31.07.2026;31.07.2026
bc1q09u6zqd822kwj7up95edmcjg69hk63rcu0ewgn;1;1;0.01021217;27.11.2022;27.11.2022
bc1qqr2kq07wy5dtldwl09p5rgg4xypvu3qgphfm7f;1;1;0.01021127;31.07.2026;31.07.2026
3MxsKzmfhzhL8QTGQj7pdxZRGSDgbD4qiG;1;1;0.01020817;21.10.2022;21.10.2022
bc1qzzy7p4nr8dzk9r3ls9ctl806jks3upt4ce8gjt;1;1;0.01020272;31.07.2026;31.07.2026
bc1q9s4ddgd0hysc2d6kpvvzfhfp0hf8r62e89532z;1;1;0.01020249;01.08.2024;01.08.2024
bc1qucshnajlec3k492epgeln42jqwzzx8m5v5lmr0;1;1;0.01017752;31.07.2026;31.07.2026
bc1q5cfe6xrymtfrp75uvpg0zsg64d7g32jc6gfd95;1;1;0.01017415;08.09.2024;08.09.2024
16ySTeWdhX2zcCWsr1gdJbmktsnZMZVHV;1;1;0.010172;06.11.2023;06.11.2023
3K49L2Cg7gdkf61X5WA2FGxfLJyipYc4XX;1;1;0.01017;19.09.2021;19.09.2021
bc1qq8wumcczpuyuyxsylhkr9mles2u995r26hgq57;1;1;0.01016807;31.07.2026;31.07.2026
bc1qnv8uxm2e6dulturmzfv6yn0pz0ffxalyfcm49k;1;1;0.01016645;26.06.2024;26.06.2024
bc1qjjjnwjv73f43kp3r4yw7ca8eu0pjm8y65tl4le;1;1;0.01016094;31.07.2026;31.07.2026
bc1q33x4vg5fressf2483zq4t6n0wh84cwwv6dywth;1;1;0.01014945;07.12.2021;07.12.2021
bc1qdv5lmwghyvvs8lky2sycyp9fvn04lprhq4m458;1;1;0.01014095;26.09.2023;26.09.2023
bc1qv8vzgxazy4ra5vujudrd9wamw7d82erahgm6t4;1;1;0.01012862;09.12.2021;09.12.2021
bc1qlw2vnz6l7twc7c8t7mnsdyfs3fycg89xk4ttnr;1;1;0.01012575;11.03.2024;11.03.2024
UNKNOWN:00201278ee95a94a531be98dca34c77295883ba1;1;1;0.0101;10.01.2024;10.01.2024
bc1qhr4xvprtexak3wqvujyk45ty27mywdjml6pkfv;1;1;0.0101;14.10.2024;14.10.2024
33rQfvmQ4LxVVN5FxPx8wEhp1tzHUGmmE9;1;1;0.0101;13.11.2024;13.11.2024
UNKNOWN:002070fa72f2b8dfd815050e926bee9fdcce5aa4;1;1;0.01009868;06.09.2024;06.09.2024
bc1qzcpk77w69m89jkjfp98k4jamtpu0nrl0ahw4je;1;1;0.01008905;06.03.2022;06.03.2022
bc1qj6j0asum04gfep77v2aw9tjmsn7t020xma66zc;1;1;0.01008755;31.07.2026;31.07.2026
bc1q567wv70hwcng4r66edu46dp739nw42a8wz3msh;1;1;0.01008694;31.07.2026;31.07.2026
3DbQ7RRJfcmfKL4Jzf9ryB6iecnHjTVVf9;1;1;0.01008031;01.05.2021;01.05.2021
bc1qgltxqhrum32843gh9yg9k822dfy8hl7m4j7879;1;1;0.01007387;12.07.2022;12.07.2022
bc1qnxncnvyqz0khdhmlckrxqer8rkwhjjkn3was92;1;1;0.01006364;30.07.2022;30.07.2022
bc1qzugy6kv82q44n09kp5pg7lfn403na77svn2w0v;1;1;0.01005432;14.04.2026;14.04.2026
bc1qwduxxh8eh3d6andml98xmqyexn0pmpeece0r2l;1;1;0.01005399;31.07.2026;31.07.2026
bc1qyj00uat2su696zjqjzpqqsrdamfu60zqmedffs;1;1;0.01005;20.02.2023;20.02.2023
bc1qpjnx8lxy4dvrk0sd3qky4jh7j8nzgnjtxd3z7u;1;1;0.01004235;31.07.2026;31.07.2026
bc1qm2hvcjqdm5g90axkjkfmwt5e76znmlhk5jlegz;1;1;0.01004112;23.07.2024;23.07.2024
bc1quyzu6vvg2nuhs6t5lsycyhw5z74w2v73langxf;1;1;0.01004112;31.07.2026;31.07.2026
bc1q5uak4krq57qnkqr9w9r4ajgf92jxf5mg2ymkzn;1;1;0.01001608;30.04.2022;30.04.2022
bc1qv4tm7r5pcew4cx9uk0r5d5vpcr5j4pwnzzfp4z;1;1;0.01001;22.04.2023;22.04.2023
bc1qh3zem93vusxwk6f4rus7fdhhur4kuflnyxpe7h;1;1;0.01001;11.05.2021;11.05.2021
bc1q963a8d8w8xwn7gy43rxn4adhh4m8cvrvjulpq4;1;1;0.01000605;04.04.2022;04.04.2022
bc1q8t34txcj29wdydj4mmy443yy0vwparp2wmppnx;1;1;0.01000605;04.04.2022;04.04.2022
bc1qtz56jaqczx6nfqxpxypmzy8qlht4835qlt84qa;1;1;0.01000605;04.04.2022;04.04.2022
bc1q5xsvlllyq2zfnfg36g20pd90jlvquwvkrzz40g;1;1;0.01000605;04.04.2022;04.04.2022
bc1qk6crls05l7xt9allq5cddtkrph45czlrp4w9y6;1;1;0.01000605;04.04.2022;04.04.2022
bc1qcj3qjylepmst05rr0mv7y5uy5aa892mc8hmdh4;1;1;0.01000605;04.04.2022;04.04.2022
bc1q4fd05qq9ualvdegdg997ttmf597xwqlxlzfuw3;1;1;0.01000447;10.07.2022;10.07.2022
bc1qxlalk8hnwv8d70d3zdkzeanwgtr9wgrfnrsvud;1;1;0.01000302;09.04.2022;09.04.2022
bc1q8s6thef2d0qda35guc5ypny90crt65g9z3qlpd;1;1;0.01000302;09.04.2022;09.04.2022
bc1qv9yxp4ulr3cev3a09yn7um0g8ez95fdm35ymxw;1;1;0.01000302;09.04.2022;09.04.2022
bc1q6776hyyq5q2fjay7dx9s4l4vmva8rl9crlx766;1;1;0.01000302;09.04.2022;09.04.2022
bc1qmrey43kytpnza36wp4pnxpxzwlwx8jnyjsdp6c;1;1;0.01000302;09.04.2022;09.04.2022
bc1qucl5nxcdayrp4p20a0gw6j4lw7uppalzkersha;1;1;0.01000302;09.04.2022;09.04.2022
bc1qlfe6ve3w5kjwy02zcpdnj5zl5xdnnd2gllqxus;1;1;0.01000302;09.04.2022;09.04.2022
bc1qgrchu40pu63z4r306dahr4nsm6jz4krmwy44jm;1;1;0.01;31.05.2025;31.05.2025
bc1q5g0g3kdn3q2harxlqnv2xxdp3jnaarf56u5h38;1;1;0.01;22.04.2025;22.04.2025
bc1qp2kswvnr4yj4hda9jw830fl8tjxekhkf0phlqw;1;1;0.01;22.04.2025;22.04.2025
3JjaRkJgxM86yLb6BBCuEUzxy7Pvwa8HBn;1;1;0.01;08.04.2022;08.04.2022
UNKNOWN:0020cead871713d7f7cd2988308a4d9ce7184eda;1;1;0.01;09.07.2023;09.07.2023
bc1qnvszhr6xdwx5nkg653lyelcfmct5t7j4hpna8r;1;1;0.01;17.08.2022;17.08.2022
bc1qt796d3nfwmnlrgcr2zdckwgcfsv89cz3n290ck;1;1;0.01;31.05.2025;31.05.2025
UNKNOWN:00208b8765a4ca8677c136b070d6e8e0807e33cf;1;1;0.01;05.09.2021;05.09.2021
bc1qgdp5jyx6cwwten6tda26g93wpjzmvfdvfgrtp6;1;1;0.01;25.10.2021;25.10.2021
bc1qk6zcrkcvt0errup6vr76n6j0l8qauhs798z3qq;1;1;0.01;22.04.2025;22.04.2025
3FzErhRhmKEJ3J6kmeXMLpVgcQW361h2Wz;1;1;0.01;09.06.2023;09.06.2023
bc1qlr7rgau7yxcr9s2hkmg0mu74z8twz9xjs5ztu0;1;1;0.01;08.09.2023;08.09.2023
bc1qz6gj7mvzgzdw3a2mwyt8wag4gpn76xg8p36cfg;1;1;0.01;19.12.2021;19.12.2021
31vDnhYLAMM7fvKiKd4jpW9J4Bp7UpHKus;1;1;0.01;05.03.2022;05.03.2022
bc1qup0jx5xj80fep9mv2c4vdc3alzrxk0wwngn8n6;1;1;0.01;21.11.2024;21.11.2024
36YgjqqEu5FGRyqXVvL1QTBPwZd3GUxXjs;1;1;0.01;05.02.2022;05.02.2022
UNKNOWN:00200a69fd1e0cf4829eaed9ac542ae251fcdf98;1;1;0.01;08.12.2022;08.12.2022
bc1q82jjdrsp6wjfeldm90nh0w3hu8xtanesf32e7t;1;1;0.01;26.07.2026;26.07.2026
bc1qwlfwxhzesaexgmmvag4gyfdsad02pswsc0mv9h;1;1;0.01;30.04.2026;30.04.2026
UNKNOWN:002055ddfa8556f2828e726498fde06c66f6eefe;1;1;0.01;18.02.2023;18.02.2023
bc1qkvxdgn6rhzk9pdza9urtsuzx05t2kq5t8tq7wq;1;1;0.01;21.10.2023;21.10.2023
bc1qlc74fm2aztgsvquc277ffuvc0c76ejzxryve74;1;1;0.01;08.01.2025;08.01.2025
bc1qp2k3tcex9kzkc4y45my57yaumvq9ny3cgjekp5;1;1;0.01;03.02.2025;03.02.2025
bc1qr0pjgthh0e2zguauj7vj52j0xxwr7au85k5fj6;1;1;0.01;22.04.2025;22.04.2025
1F1yVzJPBndrCWvbP588dpbGAmM9QDBQPk;1;1;0.01;08.09.2024;08.09.2024
bc1qdxn9yu58se3z84yyf8cqxj7r4fw2mkpm056gek;1;1;0.01;08.10.2021;08.10.2021
bc1qdhepxa426exdnawwsxnj7mxtkp5wl7rgkp02ay;1;1;0.01;23.04.2025;23.04.2025
bc1qxvy0svez0xrl5quawm78eyasdwsqzsnh4mrwug;1;1;0.01;19.09.2025;19.09.2025
bc1qx20uk3dn0qhjcptlaclm6ypkcfrsj7au8umq60;1;1;0.01;31.05.2026;31.05.2026
bc1qkvzus0ga5falvgm9dv3rwe9hh4yuncuyqcz662;1;1;0.01;27.04.2022;27.04.2022
bc1qhmpk998vetpyw4ysssxszlez87avz3ujnutdru;1;1;0.01;23.04.2025;23.04.2025
bc1qfdvxsl7hqx6rcx54gkktze7efcfuqhs0jve8nc;1;1;0.01;06.11.2022;06.11.2022
bc1q4uda0n6x8f5n3s8z8mjcatvn4w2733ddnfcys7;1;1;0.01;06.08.2024;06.08.2024
bc1qefnet48vqt0xx2t9q9m5sxvk3rv5nanmccc68u;1;1;0.01;23.05.2026;23.05.2026
bc1qj4njwjkg87n8gz4n4hgswy98zunh93hz8rlusu;1;1;0.01;06.12.2022;06.12.2022
bc1qus4989z73j240dw5zg25as4unkxplfkkcdqaff;1;1;0.01;23.04.2025;23.04.2025
bc1qk9fc6hf50zpk2y9qqryk5kejuhjpwd02a8xnn8;1;1;0.01;22.04.2025;22.04.2025
bc1qp7t2z6hl3z9t4z94ra4a7y92q6cmfxfqrtjc5v;1;1;0.01;22.06.2026;22.06.2026
bc1qh5dvrw4ec38c5deaukhgs3883j4zzhj5dcn57j;1;1;0.01;11.03.2024;11.03.2024
bc1qj5l3c9rtyzlxax7f9gg0nyqg7p9ad6php6cuel;1;1;0.01;29.08.2023;29.08.2023
36rsRMdesckQBQ8s7i1MDAt97EiQnvJu9y;1;1;0.01;12.02.2022;12.02.2022
UNKNOWN:0020af5fedf23f117939c5e61ddd3c758034eb3f;1;1;0.01;16.02.2024;16.02.2024
3BS5qMjoxWTzVd7RYJ7qHjUECR9JsoKP4o;1;1;0.01;23.08.2021;23.08.2021
bc1qu780aye2wcj0rycv8tsjzjrndghky6q9w2dr75;1;1;0.01;23.04.2025;23.04.2025
bc1p5852xmm7kx5a2grdwv528spe2un037grals440je4vfmeccuvjvqhkxjgv;1;1;0.01;18.03.2023;18.03.2023
bc1q866th3leqagkegjka4mqetsr8fw06v23dzt3ka;1;1;0.01;16.11.2023;16.11.2023
bc1pxzfn9dwzdktf00d05qt90sn9gv8r20gp72ujdrfj3k55gzpf490ssrfs40;1;1;0.01;24.02.2026;24.02.2026
3M1HgXWeXXGoPnnwCgMNDivgdfuAxjxJXB;1;1;0.01;08.05.2023;08.05.2023
bc1q82fls34a8ju38r8x0zv7ruqhdvqervpp2hwje6;1;1;0.01;23.04.2025;23.04.2025
bc1qxj5uszqwcgthm52nfauaz7p38fevhgek8f9lja;1;1;0.01;20.01.2026;20.01.2026
bc1qsfsu8wdjxjv44x8emzfsle9uen6gt36qpawmf9;1;1;0.01;31.07.2026;31.07.2026
bc1p7t9378ma3m203529274x52vz227yr35xlddzneg35sz9szdhflxqfu8fpn;1;1;0.01;21.06.2025;21.06.2025
bc1qvxxtpuermnwefktm2a4mgkzxckv890yesptl2e;1;1;0.01;06.11.2022;06.11.2022
bc1q5z8ekmc28ja3uxa8gxnpj8gyqqay9296yunee5;1;1;0.01;23.04.2025;23.04.2025
UNKNOWN:00209c13a683fe85c7432e779ae2b4de57feecac;1;1;0.01;22.02.2026;22.02.2026
bc1qkg8qvdzy4k7ryng8aq045lr334j48l59kx62y3;1;1;0.01;26.01.2025;26.01.2025
bc1qjr3lpl4cxmklcex46jk4zc7trscc7chz83s7xs;1;1;0.01;08.01.2025;08.01.2025
3KnPqa14xJT7hyNRhxNsAMwLN412DWtXmb;1;1;0.01;30.05.2025;30.05.2025
bc1q42xh78vf52j0p4r08ue54t0s73f4glltlycj83;1;1;0.01;03.01.2022;03.01.2022
bc1qyvsc7dkdtx33tc7gxa59hschsta787cxzq8gmp;1;1;0.01;25.10.2024;25.10.2024
bc1q3qd8z2jzf6k5pld7l78qmrl5ds42pd937gl90p;1;1;0.01;28.08.2025;28.08.2025
bc1qyv25m8u4daptuqys04r4nxfhra7k9g2en5n9de;1;1;0.01;14.06.2022;14.06.2022
bc1qf89hnkt638hhk7cletvlpw2tgpw8mc33qsarat;1;1;0.01;17.04.2022;17.04.2022
bc1q3s50qayq0qf8f8gg3hh4u3wgtzshmtf4papct9;1;1;0.01;25.01.2025;25.01.2025
bc1qaljs6gcn7wl2em4hjelpyr3s4reqctuzd74x6k;1;1;0.01;11.11.2024;11.11.2024
UNKNOWN:002035a3f4a57e19fdf60261930f80aea935ab2b;1;1;0.01;02.02.2026;02.02.2026
bc1q4axdvurg80ztszfn9drk4hq2tsh6scqy08xs5r;1;1;0.01;08.04.2024;08.04.2024
bc1qvgeeynstmhpl220ngr4fhd2p7ury9tnn74hhz4;1;1;0.01;07.11.2022;07.11.2022
bc1q6s77v2tchsmm6sssfj5m3slt38e6qz4gsupgpf;1;1;0.01;27.08.2025;27.08.2025
bc1q9qwx08vyf9kpfjvkcehdg2e9fhqgzs29c6e8us;1;1;0.01;06.04.2023;06.04.2023
bc1q3n7lnc7wg3hvsy4dfufa5dmlavje8uzg0ese2a;1;1;0.01;22.04.2025;22.04.2025
bc1qyju0t2m4657n49wwxwcxk72aav5wkdwvv7t87k;1;1;0.01;15.09.2025;15.09.2025
bc1qfvjssghc7qppfela3zj96jupek7ufsjruthlgl;1;1;0.01;14.07.2026;14.07.2026
UNKNOWN:002097c8a176a4b1e8fb8f9543397bc7853444f9;1;1;0.01;07.11.2025;07.11.2025
bc1qugd0axxh2k96gwv8kcm0anwghfu46hwlc3jrel;1;1;0.01;22.04.2025;22.04.2025
UNKNOWN:00202585e566b23717d418fd1a42ee3b5cf07b84;1;1;0.01;21.06.2025;21.06.2025
bc1qy65fdhqn9zkcskxakrcasl82pfg570fum87853;1;1;0.01;23.04.2025;23.04.2025
3Frfh2eyVJCHPnhHYeuVtezLogUEW7HbFC;1;1;0.01;02.03.2022;02.03.2022
bc1qs0r6he95agn8atly02kr2kmzlha6krjw7dfaz6;1;1;0.01;17.01.2025;17.01.2025
bc1qezh759s2f6vqkfqh9pwak5az90tpgl4k0hz9r8;1;1;0.01;08.09.2025;08.09.2025
3L3a47FsF5Z9VjuSvGDgCsqVwWf2vEWs2N;1;1;0.01;25.05.2021;25.05.2021
bc1qctekr0s0hvdu3wgxddfes9s3htudxhtfjt9e2z;1;1;0.01;26.02.2025;26.02.2025
bc1qnvr5ehskxjz8sduh33hqt9klkuvyvuczr95q7h;1;1;0.01;14.04.2022;14.04.2022
bc1qp57l4vcedcq8cvpxkx75lrqxlqfvpk3p0xupsu;1;1;0.01;19.11.2021;19.11.2021
bc1qnsjr4fdm69u70euwu7su7hkcgh2p5hq3amkr09;1;1;0.01;23.04.2025;23.04.2025
bc1qragtwmttplj3rkyp6ulf9x3pwrazl0xg5xnaeq;1;1;0.01;23.04.2025;23.04.2025
UNKNOWN:00205b6e7d58eec62f6fc47b44e0bea765764f3e;1;1;0.01;12.12.2022;12.12.2022
bc1qgzypdpfn99cc95j29zwun60gcwkp6ylzma705l;1;1;0.01;05.07.2021;05.07.2021
bc1q7alad0zgad3jyufeg96k5emecyl77qatj0frms;1;1;0.01;23.04.2025;23.04.2025
bc1qmpww907qj6myu9qpfamp3846syxva8n2hkgjsc;1;1;0.01;06.09.2021;06.09.2021
bc1qjvnyzmt2c75x4hwkhsyhxw7yfttcc0zuccse8w;1;1;0.01;07.12.2022;07.12.2022
bc1qtrmhprwdxh7rddk077sr5xmh39s7kcx5g0udh3;1;1;0.01;20.07.2026;20.07.2026
bc1q3tylkpr0dk9f6fhs3mj6u73p63q8pr453st7q6;1;1;0.01;21.04.2022;21.04.2022
31xsnHUK4oD6ViEtZ6oYjHAzWbYtB8Gp1f;1;1;0.01;26.04.2022;26.04.2022
339zyBcmXgN9DtsA9Snp3MuLRokN8QBhse;1;1;0.01;30.03.2022;30.03.2022
38arVwd31pADr3yojxMXXkWuuiGcXD32nr;1;1;0.01;03.06.2024;03.06.2024
bc1q4f6qka8dzwmhx0ulrnvsug04p5kvg52kr68uw7;1;1;0.01;22.04.2025;22.04.2025
1N46eVwJpw6cRiTbTBfSB4eqMKGc6zKzFS;1;1;0.01;05.07.2022;05.07.2022
bc1qflqd0f4qsyqhe2k2964j7pta8dae4jzh44s7e8;1;1;0.01;23.04.2025;23.04.2025
3GchiykJTCQS7T1ogCbsiH9yS8NfGmV2Yk;1;1;0.01;04.02.2022;04.02.2022
bc1q8pkel4r4g42t5avrk40ghfrstvser3cm32rqdj;1;1;0.01;20.06.2023;20.06.2023
bc1q59ckux6gaklqe9zn0xyx6kta3w9r4rzf98naf2;1;1;0.01;29.03.2022;29.03.2022
36ZH9kex7JC8gxcn54UrxezS7uRRVNgpg9;1;1;0.01;04.12.2024;04.12.2024
bc1qnqy90j24saguq8n6axcufte9dpjz6nayyezg3l;1;1;0.01;17.06.2025;17.06.2025
bc1qc7ftsm6y07s0n9k63s308n8y2qyj9e494c87r6;1;1;0.01;31.10.2021;31.10.2021
1G5rrgeHSu9omukPAicqvaTK6S7hHDwrnC;1;1;0.01;29.12.2022;29.12.2022
bc1qnmnnap7wjkyd858h2ep6qyw56ue8cv88yx7tpn;1;1;0.01;23.04.2025;23.04.2025
bc1qnmkztysh0p4f2gl7lfhtl8r0d02ln0vy0gauyy;1;1;0.01;06.11.2022;06.11.2022
3KEhh3CT8R4W9ARHRNPsjXqgkC1Z3V2Pgu;1;1;0.01;17.03.2022;17.03.2022
bc1q8tnw9mtqhkgryc32umxw28jpy4ctp8eyu599p5;1;1;0.01;07.04.2023;07.04.2023
bc1qjyl94r7wj7x246p58gqd44d7k53u8yt2y03kws;1;1;0.01;17.03.2022;17.03.2022
UNKNOWN:00200d052adf488994bbec2f0b4b0b86b94259af;1;1;0.01;31.07.2026;31.07.2026
1HVUdftc7pVZY8BsYrqe9cNUf2MGKLPaTu;1;1;0.01;25.12.2022;25.12.2022
bc1qfr353aq25a74949f72djtu4fdpx2tlyc20vmn3;1;1;0.01;22.04.2025;22.04.2025
bc1qyqenjxk8m95t4yje9a5j8ewhlx4v93w5zhljs6;1;1;0.01;05.02.2023;05.02.2023
bc1q53m7h4cuk898yl7vkv75g05up29ys609fdw9p6;1;1;0.01;15.11.2024;15.11.2024
bc1q6sy0ah0yz0qdvmp65hdu3mjufczthj5uvhkyt7;1;1;0.01;23.04.2025;23.04.2025
bc1q47qkwm3fqy30px6um9v9apvq48hx3qgy6kqv44;1;1;0.01;22.04.2025;22.04.2025
bc1q7jhmv6cant54s5fkqkee28hrxh43tv47sr50hj;1;1;0.01;16.07.2023;16.07.2023
3N3XFoeccxtBF5RVZKp1pymwu6Ciki2vfZ;1;1;0.01;23.10.2023;23.10.2023
bc1qh0uf363ehv0zhl459we6ck32l24skzvyggtmw7;1;1;0.01;10.01.2023;10.01.2023
bc1q0259zyamp7pkefgght03fshyqcnmuwup5xy6ns;1;1;0.01;18.02.2023;18.02.2023
bc1q4u4lgluwmv3jtmq9z3mm2t59wuq4wferaw2xj0;1;1;0.01;23.04.2025;23.04.2025
bc1qudnfu5z0tt5tdznpx732svthymmsz6a3ksfzne;1;1;0.01;09.01.2025;09.01.2025
3A8pc8dY6DovAErii7i4XjbSGPkaoUnJz6;1;1;0.01;28.06.2022;28.06.2022
bc1ql544snszc84jzkejtfrtalgz0zqp76n4p6e8j4;1;1;0.01;24.01.2025;24.01.2025
bc1q2htk2fn52vmhtctfne0y0krg9h8sw0mwx4vvpu;1;1;0.01;22.04.2025;22.04.2025
bc1qpry8rzv8m4qyk7v2p0paf6r5jdms90m4m6u9k0;1;1;0.01;23.04.2025;23.04.2025
1KmDS72ieo4xgnQQKpP2uxm5wUJ5wHLJyJ;1;1;0.01;25.08.2024;25.08.2024
bc1qqpqtrr4qh075qez6m8reqwn7sh6n0qlzdewk0u;1;1;0.01;26.01.2025;26.01.2025
bc1q530jyr2qk2drh7jgagggw5al3kwuhy3mutaxwx;1;1;0.01;23.04.2025;23.04.2025
bc1q67zfayy2fxcypy8z65clwfzn9d32qvhaqwfge9;1;1;0.01;31.07.2026;31.07.2026
bc1qdczvpv9h3c0yfhhfthwjcaq96d9jtwfm7xg6mt;1;1;0.01;23.04.2025;23.04.2025
UNKNOWN:0020abab28515ddcebcc0ea1c9512e012b2c8081;1;1;0.01;18.02.2026;18.02.2026
bc1qrhdvg25pl4sz8du9a8fpqu4pafmtmj0nvn67ey;1;1;0.01;26.01.2025;26.01.2025
bc1qqzwvhek9nxtttwf4h35zlaj0gfcuadwc3jq67f;1;1;0.01;05.04.2024;05.04.2024
bc1qzr0jg0u4lqrdhtcd2l4mzy6csl9n2ycqjv4trn;1;1;0.01;27.09.2025;27.09.2025
bc1qh28jkyylmdrd6kqrrcp03y6z4ce5x6s7qdsarh;1;1;0.01;29.10.2021;29.10.2021
bc1qvjl9qa755yuxp6evkhtefvup7v43tyjarjdaqe;1;1;0.01;30.01.2023;30.01.2023
3NrpSd5TvrTYaLpMoGxYbSFcHKBGccTLYg;1;1;0.01;17.04.2024;17.04.2024
bc1qangtz3h3xmzz3f038za8z4t2d8jqj286us999s;1;1;0.01;24.06.2022;24.06.2022
bc1qp4ufvcqkwlqvwgyqav9map7rwcq563hy5exka6;1;1;0.01;07.07.2023;07.07.2023
bc1qlpgljsztxg8kjh9xtznnernn5m7cughdntyvsv;1;1;0.01;23.04.2025;23.04.2025
bc1qwpjq9t9axk5t6mmf43w7k958f5g7ufjrm6lce4;1;1;0.01;01.11.2022;01.11.2022
bc1qgcsdkrjjzh9kdd5zvphjllnvdyj6xm83c2l4qv;1;1;0.01;22.04.2025;22.04.2025
bc1qdswzs0terdx8zhmkpxlxdnh6jpdr5hscutj9ak;1;1;0.01;16.05.2022;16.05.2022
3H9YJ91JA7tthiPVUswoPVyGbJag3DQwZ5;1;1;0.01;30.01.2022;30.01.2022
bc1qma2lhu7h3x8u87d92hnrfe7u6mrwf77e36qkvw;1;1;0.01;31.07.2026;31.07.2026
bc1qrqqzthke0fwdarnelufu9k3uuyzr65un8d6nkz;1;1;0.01;09.08.2021;09.08.2021
bc1qsf8uzm933ws502rpn74j53cnxvvez565vcd8pm;1;1;0.01;08.06.2025;08.06.2025
bc1qmm3m8k34axe5cjn0exsr67z5heazk3ysh3y0hw;1;1;0.01;19.12.2022;19.12.2022
3GobKD3p1JzPLxFMpNehwjVNz85yNHomgo;1;1;0.01;02.05.2022;02.05.2022
bc1qs2wlyp0ez5kw5skx848shwk03qt7dml5pq9g5t;1;1;0.01;31.07.2026;31.07.2026
UNKNOWN:00209751d86915e935969358c1c23ccb48d842ce;1;1;0.01;16.12.2021;16.12.2021
bc1qspk4ycxmudap94d74kxdt4pd5gkau3njtpy3e5;1;1;0.01;24.04.2024;24.04.2024
bc1qs9wgrty236dk3rvlxd84m50cu476k85m5qsp8z;1;1;0.00999893;31.07.2026;31.07.2026
bc1q9cgsylrkznytsztqw0r4fvmc2kmzpjevgkuv05;1;1;0.0099989;14.01.2023;14.01.2023
bc1qqh6smt6hg2ymwaztnvnmeac5x04uyn4tltc4lw;1;1;0.0099989;14.01.2023;14.01.2023
bc1qucfwfr2hye58vtrtgaurx8y73y4hpzyq3drq76;1;1;0.0099989;31.07.2026;31.07.2026
bc1qu0nrxdc6hu0csfe4gp0f9djl0ssgssnu4e9zp5;1;1;0.0099989;15.01.2023;15.01.2023
bc1qqrra8g9r65a824f5jwg09j6jjgw4ulhf4t335z;1;1;0.0099989;16.01.2023;16.01.2023
bc1qg64vs3nxrc3dryt5ye8sp5rek606qp8h0jctey;1;1;0.0099989;15.01.2023;15.01.2023
UNKNOWN:00204ed8d0d95bf68ef2c688edd49536f1a59739;1;1;0.00999878;15.09.2025;15.09.2025
bc1qvag8mfl6lgyukjz64w5ycuhf44mfhsua95kkrz;1;1;0.00999867;15.01.2023;15.01.2023
bc1q443r2xr39x9pamkkulps7zj86jty75e4wrk5jt;1;1;0.0099984;15.01.2023;15.01.2023
bc1q8sj3q86rgu2plzzxj40suz6r5auv63sx0ejskr;1;1;0.00999825;13.01.2023;13.01.2023
36Zkzc5niLfxGGBkKaBsG1pgdhP56ZgL6i;1;1;0.00999822;09.05.2026;09.05.2026
bc1qsx7yvypy5za60s4wnruwvuqrzhxaygpx0qfsww;1;1;0.0099978;31.07.2026;31.07.2026
bc1qs5cssyrl0reqcnx9dr04a0n0qq6qwgg4m3lzk6;1;1;0.0099978;09.01.2022;09.01.2022
bc1qrus4jqpg2te6ypaus9uk23kr7gwnx678hwrmkz;1;1;0.0099978;31.07.2026;31.07.2026
bc1qj3640f8hwhc5zn4e3448tp06fs8wsvqdjdycjj;1;1;0.0099978;31.07.2026;31.07.2026
bc1qt2yfqgkmuzc7hxgse3t0fpzu380vrmf6ldglzn;1;1;0.0099978;31.07.2026;31.07.2026
bc1qsueeqw4dlkf3ews3es3kmvjzldunfe0pphp3gp;1;1;0.0099978;31.07.2026;31.07.2026
bc1q5w04x67gz4avtknl6w3y45xqln6jz8v8aayssc;1;1;0.0099978;31.07.2026;31.07.2026
bc1qam4njahsc5vl2ptl99mljsq3admx7gksr72ytj;1;1;0.0099978;31.07.2026;31.07.2026
bc1qcfr0sgysf2mtvzsjan2elhlp86v02jyln5pcva;1;1;0.0099978;31.07.2026;31.07.2026
bc1ql5y7lva5qpay5nyj4475kcpztfuk6f0vdgzjdp;1;1;0.0099978;31.07.2026;31.07.2026
bc1q4a0ty95z0ntcry9nua3rvhku4vj0n5g9zprhs8;1;1;0.00999775;13.01.2023;13.01.2023
bc1qunk3lsekfzr2e999rayvpeng0w4a7l9jperk43;1;1;0.00999761;31.08.2022;31.08.2022
bc1qcsavvutltc5sztqdg8adz9t3ds8wyq0j7yycs5;1;1;0.00999761;05.09.2022;05.09.2022
bc1q4s40jryw9yp9v7tsh0eg22erxagk0ytr2hd5jf;1;1;0.00999761;03.09.2022;03.09.2022
bc1q9dkrckapw3u5yazfrwaf6cgk682870qe3c8geq;1;1;0.00999761;30.08.2022;30.08.2022
bc1q6we5wuwew8qs4n5v733079zw28uxfjh6n5th0n;1;1;0.00999746;03.09.2022;03.09.2022
bc1qa3kex7gs7glda9c32krc98vhhp0g90ztmp6mw3;1;1;0.00999694;31.07.2026;31.07.2026
bc1qjexjzf9vafnm74dllcnyq58zujtfcluuxgqkw8;1;1;0.0099967;28.02.2022;28.02.2022
bc1qzgpet3tkk4mzwrfjvf229a3pa9l9d23dtp9ry6;1;1;0.0099967;31.07.2026;31.07.2026
3M1mqekY2QX5i8gveYcoRqqEnF5UnqWANf;1;1;0.00999667;19.11.2022;19.11.2022
bc1qhxxrk7x9p3s3lzufs30p84lytvslwqkuelemda;1;1;0.00999648;03.08.2025;03.08.2025
bc1qer3mesxt77ens3w0uaydw2a9aylp03a4ggmrzp;1;1;0.00999454;10.04.2025;10.04.2025
331HwfiNbMCgcfA5PdaudHcHrF6eqpbG8b;1;1;0.00999445;31.10.2021;31.10.2021
bc1qygn0xylasu2k0xdseargy76wa8fh3m7qyukw4x;1;1;0.00999436;06.04.2023;06.04.2023
bc1qpw94f4e4mg6jhx2045fdejx067x652mweu4epy;1;1;0.00999393;31.07.2026;31.07.2026
17XbfGFBjYJSRMMGwzCb7F3t6a6QUqES5E;1;1;0.00999391;04.07.2021;04.07.2021
bc1q6k8ay8feaq5hanazffqqtnrn6g3u27wd6mf6ql;1;1;0.00999209;06.04.2023;06.04.2023
bc1qcew8v40677heju76tfy778225mwkfsezlnhjxa;1;1;0.00999104;17.12.2021;17.12.2021
bc1q0kfe8hcj3ndlzcf5l237kq3qrgcqtrvlz94gd5;1;1;0.00999017;21.05.2024;21.05.2024
UNKNOWN:00200e9fa4b765ec6caa6adb95a29e1128b872c8;1;1;0.00999017;21.04.2022;21.04.2022
bc1qajey3nmzfk7fsz8k25vtp39l899x45a7u9nd9l;1;1;0.00998908;21.05.2024;21.05.2024
3K8RdXqakw7ugZGCAEFe1hXjrvwWQZGUfm;1;1;0.00998787;19.04.2021;19.04.2021
bc1qgn9h3ywnzqa2ece96nmme69t6xve794h8kyq3r;1;1;0.00998696;04.04.2024;04.04.2024
bc1qdfpkd6ekfpfzakqlpn3y2krvs82xkpp2n7qu30;1;1;0.00998695;02.04.2024;02.04.2024
bc1qn6v0h5aar8jwq2c9fqkdzxv0dlghehk73vl5ut;1;1;0.00998695;02.04.2024;02.04.2024
bc1qc7fjgsc6xahte9g02qfhp7lsw3ac9lrl50tggc;1;1;0.00998695;02.04.2024;02.04.2024
bc1q2xy34dlmd649wk2kkr5ezx3mf8kp49zwstcjec;1;1;0.00998551;18.03.2023;18.03.2023
bc1qnlx8l2xt8pfstex5pj2yfen47pdvpucy9pc2f3;1;1;0.00998548;28.04.2022;28.04.2022
bc1q55w7h8glk0j9wt73y7uazfnr0zk56kwxww8hd2;1;1;0.00998359;30.03.2024;30.03.2024
bc1qnm2y40xuu23xuvgcss64q2wslpanaetqh7vqpk;1;1;0.00998277;24.10.2022;24.10.2022
bc1q4vwd9v68ytncydkq5afa8y5zegpdnqtfkvjv5j;1;1;0.00997937;19.07.2022;19.07.2022
bc1qy5gu99f3u25vxvrylmuglw4z3qc5cl8x932cf0;1;1;0.0099791;17.05.2022;17.05.2022
bc1q98e2sfd9yxhkfe5x2hetfyj24tsw0weza36wu6;1;1;0.00997494;07.03.2024;07.03.2024
UNKNOWN:0020476b7350617d873b3807c87f994159063c0c;1;1;0.00997468;11.02.2024;11.02.2024
bc1q2cnsp2aymlf4ttzhdcnupk8ucnlgkzcszdrlwc;1;1;0.00997382;27.09.2022;27.09.2022
3D7GYTeZnqTQ69FgQM7ufvJhwXR4pYL2wH;1;1;0.00997303;08.04.2021;08.04.2021
bc1q2fd7s6tkjcnlrer0x4nvvr3ytrftnp2l4t68n2;1;1;0.00997222;31.07.2026;31.07.2026
3Q6W2wQVJThVE6brYcouyP6EgdgL8AhjW4;1;1;0.00997145;30.09.2022;30.09.2022
bc1qeqrtshmcdpeqklljn23adceeljk4mqgj0rgxsw;1;1;0.00997131;31.07.2026;31.07.2026
bc1q9x68msc75mun8p54txkk0yg2jxg6p50n72vdje;1;1;0.00997114;12.06.2023;12.06.2023
bc1q0lejdkvestaemdu6w92uc6xk6vzelc39zch2wh;1;1;0.00996917;31.07.2026;31.07.2026
bc1qg5cetf0umw8ny7j728c9uptd9jnmd5j5wtjypl;1;1;0.00996873;10.04.2023;10.04.2023
bc1q70skr9rmzhmw8mfyfszdttg35g7j3hc577mlga;1;1;0.0099681;22.08.2023;22.08.2023
bc1q5w74558wm9h8d4f22f4856zv68wk8theym5utj;1;1;0.00996773;05.02.2025;05.02.2025
bc1qka30jnayvyggpmzwe2uyjrps6wskdvjtv4uf6z;1;1;0.00996678;05.12.2021;05.12.2021
34WfRVT2XAmQzJKb2Roi72ww8MY25zRENz;1;1;0.00996003;24.01.2024;24.01.2024
3EhpCX5TDkkGCG2jJno9rC3sBTK2Qdfaes;1;1;0.00995124;29.05.2023;29.05.2023
bc1q03p5gclruhyamyah8w8vrnc56jmcldfcle26p3;1;1;0.00994646;31.07.2026;31.07.2026
bc1qucs4pgu89pluy6zzfxxu0amk0ca3hwvvm7j820;1;1;0.00994644;31.07.2026;31.07.2026
bc1q6u95utraexc7xz77h3mluv6c2kd969zha3a9gk;1;1;0.00994625;31.07.2026;31.07.2026
bc1qg0cgn33rnye07wpgzmd8mws39xrjntjxerkned;1;1;0.00994596;31.07.2026;31.07.2026
bc1q85pe3pnfnz5cyt77sq2g05vme5dxyk2zghpxha;1;1;0.00994445;31.07.2026;31.07.2026
bc1q4fj4f7ehkj7dr7ke2wfh4ndx96v5adwqfnjyal;1;1;0.00994393;31.07.2026;31.07.2026
bc1qgjs89ner2zp3spwp536802sqnfflq96jk6u6pa;1;1;0.00994144;31.07.2026;31.07.2026
bc1qk7k3c0jwsc0zeuadf8e5uqjdg37pmepmkd4dqa;1;1;0.009941;22.04.2025;22.04.2025
bc1q8shefu03wewayqpxqp3m8hrzld8qq9tdjxj2zz;1;1;0.00993918;31.07.2026;31.07.2026
bc1q4geq9uzaus0q7t96am96mq29rlsy7pwcakyecr;1;1;0.00993827;02.04.2023;02.04.2023
33XxMi5xZsDhPZXGKVffJRY2Yqe14RPAh6;1;1;0.0099265;26.12.2021;26.12.2021
UNKNOWN:00208201259e402d01171e2b80532700ecd14c80;1;1;0.00992536;01.12.2023;01.12.2023
bc1qhzs5d4vwj8zjdshdghd6dw8hu5alay9ak66n37;1;1;0.00991925;05.12.2023;05.12.2023
bc1q6hn2p3prh5g3fk4wqn9l3tesu24dxzg5h0rhew;1;1;0.00990191;17.06.2025;17.06.2025
UNKNOWN:0020a5d1fd72514ac621e8b87aa0848dc0c314e4;1;1;0.00989878;30.12.2025;30.12.2025
bc1qrq5wgshw56zec66n38adm2pswe2r85tceqn8j2;1;1;0.00989679;28.08.2021;28.08.2021
bc1q3uldrwwusjvwnvya2tv2espncqkp62awknyqtk;1;1;0.00988954;25.12.2022;25.12.2022
bc1qusu08fw9np3rts7pp0c6jg0sk36am79jfhqfeu;1;1;0.00988718;31.07.2026;31.07.2026
bc1qyrzvzmrkj4q2uszkeamnj629u6pyvjxnenu2hc;1;1;0.00988236;28.02.2025;28.02.2025
bc1q32m9qm8kuwk8ka7m94lczs9kr2gvplyjya3mca;1;1;0.0098806;07.01.2024;07.01.2024
bc1qjte3a7pl8fwkx8x6fucansmytdsqv8qrmurwyx;1;1;0.00987104;13.03.2022;13.03.2022
bc1qp0urlxqh06snt6fdc0salcl73zm9gmdgwv3nsy;1;1;0.00986628;06.10.2022;06.10.2022
bc1qwq470t0jchvjcrvcc2yqkdqprv3pzp7tevp9p2;1;1;0.00986611;31.07.2026;31.07.2026
bc1q5rxzulr0e2wztuz5kyy0frt4aptvhzvhdv8wx5;1;1;0.00982742;05.06.2021;05.06.2021
3QWs6Pe4ZQTBUdBPqCMq4tgwknvU1MD9wr;1;1;0.00981309;25.12.2021;25.12.2021
bc1qnp79ka3rukp7fhwh22azfk8gyf25p64vsfwe3a;1;1;0.00979749;06.09.2021;06.09.2021
3Jey233pt8Ewy19Y2SMorUgXmJnE29TmWA;1;1;0.00978184;25.12.2021;25.12.2021
bc1qrx4akkylj9ayrkcga2rm6gq38dvplphx2799tp;1;1;0.00978;31.07.2026;31.07.2026
bc1qqtqenjx6ws7dycpj85ludvz74zllr2sh2uzu9d;1;1;0.00978;31.07.2026;31.07.2026
bc1qgs9mx350f4gzdvaj0zqu5cwsshggptku6df0ch;1;1;0.00978;31.07.2026;31.07.2026
bc1qsr9l3yx48kt3e6nla59lvx47s2cuwuwevgeqxq;1;1;0.00977682;31.07.2026;31.07.2026
bc1q84x4fhjg7dmtz58evt2vqffa6ytt2t9fd2ezd9;1;1;0.00977587;31.07.2026;31.07.2026
35peYynWwgu81tyzromTox2zqtu459gVB1;1;1;0.00976727;17.06.2022;17.06.2022
bc1qzr3zhvglutkft9dk74dyw27tu0p9pa708d7tvm;1;1;0.00975283;31.07.2026;31.07.2026
bc1qd7ajedjhpvgyn233rzr0scz37hnt73z3jrka0c;1;1;0.0097513;26.02.2023;26.02.2023
bc1q22tdew2v0rak3j30ucgn4twuz36vkaa4zey7aq;1;1;0.00974991;31.07.2026;31.07.2026
bc1qeslpdkqwjcjtn4skvd8p7lwqxvlertfuwczdpq;1;1;0.00972467;31.07.2026;31.07.2026
bc1qs5nrluejjdwgjszexy3vmzkcag84p85hv2d7nl;1;1;0.00970099;31.07.2026;31.07.2026
bc1q8qxkra26064w685pmw46dchfeuw2waxpv8emg2;1;1;0.00967779;31.07.2026;31.07.2026
bc1q6f4psnj3ycgxt6f63zzuxh9x390fmuc03darda;1;1;0.00966856;25.08.2024;25.08.2024
bc1q2tc4quw72w89cdvydyr72z7k8ppnu04fee9scr;1;1;0.00965993;28.04.2025;28.04.2025
bc1qwfkc28g2gfgehsjvw7egaq59sanzt7zdye8cxt;1;1;0.00965202;31.07.2026;31.07.2026
bc1qkdz6tqhcr5h6x8ukswxy9msurarhnk6t3h27r4;1;1;0.00960241;23.04.2025;23.04.2025
33ikA8nxKvJX88dqiKRc3EdA75DuE1yekv;1;1;0.00959465;04.11.2022;04.11.2022
UNKNOWN:00207d5074274fa0462e11d184a16116de36d3b0;1;1;0.00956787;29.06.2024;29.06.2024
bc1q9efg9lk7fywld8ydkuuua2fj5mdukay4jkngha;1;1;0.009546;01.09.2025;01.09.2025
3NcCyiBPS6gGqwSz67fcvVsmUKzdUoK8jq;1;1;0.00950856;10.01.2023;10.01.2023
bc1qf50p4zsvtt70q93jz2p8fgr6au9dc9w7th7wrc;1;1;0.00945373;31.07.2026;31.07.2026
bc1qvwnmlt86kup6qlsq0qm3y5e5jdjcrucj52ttjq;1;1;0.00944918;31.07.2026;31.07.2026
bc1qs8ywau85mqty843cq3l6rulzngwchfxfg4jdwk;1;1;0.00943631;21.04.2023;21.04.2023
bc1q7r4ln2cllaps6fwu29k49al78hj2qgqkqkwa2x;1;1;0.00937389;31.07.2026;31.07.2026
3CGCMM1sTe89m8Cj4GtcKSG87cuHsodGFk;1;1;0.00933838;18.12.2021;18.12.2021
bc1qm2h790hfu4ma86s29ms7xkqejn7asfpg8xu537;1;1;0.00933196;31.07.2026;31.07.2026
UNKNOWN:0020ec3ffcfdd083398a51883264b721766a0676;1;1;0.00930867;25.06.2024;25.06.2024
bc1q08cln06t89dar5pgwtejysxx2sh89f3usvjcw9;1;1;0.0093;03.07.2025;03.07.2025
3AXyPNYkWuGHJJ8c1bQtDBG62zMrMozyYX;1;1;0.00929156;10.10.2021;10.10.2021
bc1qhwj462yjnyq87m6nsrhp2ls6dwc50tzaxeckvq;1;1;0.00926572;17.02.2025;17.02.2025
bc1qsn0e3pr6x757h5udzg7c7c7vyzuehflct9l8gn;1;1;0.00925385;22.08.2024;22.08.2024
bc1qj9v7vw23mate6z8g78gxrd862xjcxkevc6ajuh;1;1;0.0092493;14.04.2024;14.04.2024
bc1qu26tap7kzcp83a5cxks9f6t67dctc8zmd4gmk6;1;1;0.009219;25.09.2025;25.09.2025
bc1q3damjfg7vprp6y3pm3n0thz24eu9spmueg289a;1;1;0.00921783;31.07.2026;31.07.2026
bc1qhtzne0xplqjht4w23dukfyjaaq9q9sm6wkxwkr;1;2;0.00919;22.11.2022;27.02.2023
bc1q2d99amvuw0dl6vaysl704lfkndgm5c4gwmyfyj;1;1;0.00915929;23.12.2025;23.12.2025
bc1qs50yuval47lffvaedfwstm6x7c6x5pxtxarll3;1;1;0.009118;20.11.2025;20.11.2025
bc1q5h5ca82nrf626tv70td7hall7854q38cj8e59w;1;1;0.00905;16.07.2025;16.07.2025
3E7zKMQV2mNmYHG6Tqq63FYmxCkuhwvXLe;1;1;0.00901272;07.03.2023;07.03.2023
bc1qhxsegvvf5fllhpg7xmj4zzh4g3u6g77zezzmzs;1;1;0.0090126;22.06.2025;22.06.2025
3Ci9PYVWipdStpvikNatnRTNUnUEt3tE7f;1;1;0.00900261;05.06.2021;05.06.2021
bc1q35knhfw5dt35tfluqupga8527z87kvc8ewp0a5;1;1;0.009;23.07.2023;23.07.2023
bc1pdnu7qwh8y4xcujf5xdffl50l0ywvl40t5533fu2t9ukfqv8g77gsl97vv7;1;1;0.009;21.03.2026;21.03.2026
3QwU7uKUQE5oT1Lk5TpSfC1k5dT1GtQFZS;1;1;0.009;22.06.2021;22.06.2021
bc1qc8cgv0yqrddfvm74q793ufkc2pphzm79xvqz33;1;1;0.009;01.06.2026;01.06.2026
bc1qga3at3tfd90md0mp2g575dxj2nfwlvj4rky5e3;1;1;0.009;27.04.2024;27.04.2024
bc1qgl45x6ns0z88ghh9d3sraxg9pxdxs5u49hvsl6;1;1;0.00899943;31.07.2026;31.07.2026
bc1qkapsplrxemg5d3mwtlg3wd8xjvv3mrdpnl5l96;1;1;0.00898318;23.10.2025;23.10.2025
bc1qjghw092zqp35gmfm3c6l5yn6qkhd0xc9hs45xk;1;1;0.00898224;25.02.2024;25.02.2024
bc1qwd4mh3pa7yntmlgegd7rv4tz0ec996qvcmlfju;1;1;0.00895452;21.01.2024;21.01.2024
bc1q7fq4299373ad09jezs9evrh8af7ajstn4mzcwz;1;1;0.00895395;16.08.2024;16.08.2024
UNKNOWN:00202e0d7bc1653fb8a1d7b75e58a5249b2095ac;1;1;0.00894673;31.03.2024;31.03.2024
33VTAggnfBkSbUsAFDpa1Akyhwd5ahfaPQ;1;1;0.00893795;12.06.2023;12.06.2023
bc1qkya7zkzkqzr9jvxw3ct6r0zuvs25jcper8k06c;1;1;0.00893773;16.03.2023;16.03.2023
bc1qzaqa394rdelvwhljuw5wvy069wn9uv940thc43;1;1;0.00892384;05.08.2024;05.08.2024
UNKNOWN:002081243eca03932fe63967f6ee30864c747815;1;1;0.0089138;31.01.2025;31.01.2025
bc1qv28lmey70uxztdqckju7gheefhyxsxr8ds5gzv;1;1;0.00891149;24.12.2022;24.12.2022
bc1qlchdmxaxsd0hkg34j7dujnpq6a3wyfr22ztagf;1;1;0.00889613;05.08.2024;05.08.2024
bc1qrp8x4hknn3quk68qqfxurqc06nwxnkga3a8q93;1;1;0.00888672;16.04.2021;16.04.2021
bc1qc5f9k6h6mpx36uynptfaa6km62eqzlz9l4u0pq;1;1;0.00886953;09.01.2026;09.01.2026
UNKNOWN:0020fd54df42b38314fda09b42d7361e015e64f5;1;1;0.00883797;14.05.2024;14.05.2024
3G7PKcW29bPSiTMTFNMQnnupewdZxTSaDZ;1;1;0.00882717;31.03.2024;31.03.2024
3QuFKKj2dDsnffFWzB7rrUmBpwuPqggHQh;1;1;0.00881505;31.05.2022;31.05.2022
bc1q74hyl54r0fxhwlz4l88rg0e0afj50a9p3vpk5u;1;1;0.0088145;09.01.2024;09.01.2024
bc1qj0h54uvfg84vyrdwjdnrx2cu93jma9xhumzeaj;1;1;0.00880675;17.07.2025;17.07.2025
3Cazi64iH665usLwHyL1GutPJxUtn4LeNN;1;1;0.0088;02.05.2021;02.05.2021
bc1p8syzy93kkzxf5n8qpp279dm3xrz4afpc2ythkr3ezrgarmm9fntsqa7zhm;1;1;0.0088;08.11.2025;08.11.2025
3Emi8fVNS66AsP3AuK1jhnCWf1f5pHSBae;1;1;0.0087561;05.04.2023;05.04.2023
bc1qy383tf3lkeuknnf4gndcq3t3cn4whkwxl8cyym;1;1;0.00875337;05.04.2023;05.04.2023
36W14D1K5zip2dEn8ja3SFJMf7y8kJxGMD;1;1;0.00873868;11.03.2022;11.03.2022
bc1qda7v5g92rv2sewxe7kyawlvxv3g6rh8hg95dyr;1;1;0.00868622;28.08.2024;28.08.2024
bc1qlm95kt6cemax7x4c3u628kk43d9y29jvhhrg2m;1;1;0.00868547;21.05.2023;21.05.2023
bc1q90efyp9ftsafgjpq3e2nfhenjpa8cja2c7hqtp;1;1;0.00865305;31.07.2026;31.07.2026
bc1qtdg8m5txl52c0zj2v0v0dffhukf4dextt45qpx;1;1;0.00863836;25.07.2026;25.07.2026
bc1qzms5mewtmptyxhqpcqrll42r5p97m0z82rs3f6;1;1;0.00863306;31.07.2026;31.07.2026
bc1qa8wtefke8pnz4935fl9qhjygn9x5n8kz5sh2rt;1;1;0.00862149;31.07.2026;31.07.2026
bc1qv24t0k4ga54zn3xyl98pphph27v5gfr3lvsdue;1;1;0.0085862;08.01.2026;08.01.2026
UNKNOWN:0020e2a52797e28058dc7c8208c3c7f2e46b9d74;1;1;0.00858369;09.07.2025;09.07.2025
bc1qt69ajq5udaqthy3gl9qzp63uj9gydpr03ex5hn;1;1;0.00857582;31.07.2026;31.07.2026
bc1qqglxj7t3duj7fgwtv0vnssqguykw07nfuc6pfk;1;1;0.00856613;31.07.2026;31.07.2026
12GAURr1etY9GE1ELPm8msiW9tswo9NDj1;1;1;0.008512;11.01.2023;11.01.2023
bc1qtf6dsy05nlezvjfvdz85t9x6fqks2kcjcddxhn;1;1;0.0085;01.05.2025;01.05.2025
3Ce6F98dMig5ystzVoj9KvJrzxrcJUZGYb;1;1;0.0085;16.01.2022;16.01.2022
bc1qec7mlefwupkhnjl6h2kga5887gjmg4tf33snea;1;1;0.00847685;10.10.2024;10.10.2024
bc1qftznll9kkezd3cdul95lpze7q7n270yz0dj2ev;1;1;0.00846722;16.04.2024;16.04.2024
bc1qvyet7tznl620gsnflkk8xw8u203r7tckmspff7;1;1;0.0084658;31.07.2026;31.07.2026
bc1qcstd9jw46pxy90ekfpfq2amqj2sdsjwyaa5qak;1;1;0.00846233;16.09.2024;16.09.2024
bc1q9jsrqcs6hy29cmktuezm2xcdrr0llmpenl5gyk;1;1;0.00843174;23.05.2025;23.05.2025
bc1qwjr0nhmtqr6tq75m005u29l937emq8mp2xp9kx;1;1;0.0084282;17.05.2022;17.05.2022
3C6NwmC45WXmcUkcCdqn9iudAtkw3CvDVp;1;1;0.00842;05.08.2025;05.08.2025
bc1qp5ts5pn6cu06nnc0l2dhzt7xdj293zkwhzx6v3;1;1;0.00841716;21.01.2023;21.01.2023
3FH3SRDZ4igi9UbAjzhrmnsxoq2oLRvmrH;1;1;0.00841595;18.07.2025;18.07.2025
15qQnAVLWai9bXcWtnkC8bFdFrdERhNFJH;1;1;0.0084;17.09.2024;17.09.2024
bc1qeuzpn2dfuquny7rag6skfmsq4dyfy8fsjtzntg;1;1;0.00834576;31.07.2026;31.07.2026
bc1qkd65hdzh2hq2nsqmz9e97w8yzkjp73cch700gf;1;1;0.00832048;31.07.2026;31.07.2026
bc1qgx27wjpjm6qs3fak58erk9nexcwl6fmf407ryu;1;1;0.00830288;16.05.2024;16.05.2024
bc1q49an9sy2nxktrxjygkwnyv40rmk9ngtenn3j8p;1;1;0.0083;15.11.2023;15.11.2023
bc1qap7meqzvzsq7k00pd29kn7rackyq9dr0phk8ej;1;1;0.00828013;31.07.2026;31.07.2026
bc1q3nt37ay23hh8jn5vvelnvygytzs2rlj33g948z;1;1;0.00826542;10.10.2024;10.10.2024
bc1qnrj65jqvllfcxqhjavcy2vsq7gzuyq64d753sy;1;1;0.00823874;03.04.2021;03.04.2021
bc1qq4w2kf3gztvvvh8vuhe5ek0ch2tfqkslctn0yn;1;1;0.00821513;24.01.2024;24.01.2024
bc1qfq4tx9r8hameu9asxem0mkjc32r6ges35su0dy;1;1;0.00819023;25.06.2023;25.06.2023
UNKNOWN:00207e738807459e11502586b7856ffc8eee0bf0;1;1;0.00816915;15.12.2024;15.12.2024
1BLWCRL78noPMMRgDdzFF35voUvurfc4mM;1;1;0.008105;08.04.2025;08.04.2025
UNKNOWN:00208cda37cd2181eb489aab88bd8a7d74e27630;1;1;0.00810179;13.06.2024;13.06.2024
bc1qd7n0rt7mvdvlpyayy44j7fxf8xp4a3j0v9rr0p;1;1;0.00808341;06.04.2023;06.04.2023
bc1qgjwrn00an6fnumjrmz3ndnjtphuzy8gj5dd35d;1;1;0.0080675;21.11.2021;21.11.2021
bc1q9pl5mydt95seg9rkgvyhk3vh02hhqykzre82wx;1;1;0.00806652;11.02.2024;11.02.2024
bc1qnd0c8qnyma2zuk88ttfpdlafxrp9g4mu5ncg97;1;1;0.00804737;12.06.2021;12.06.2021
bc1q3cjqfd9d3tln2jh9gf4mfav775yyv8djj4aq4s;1;1;0.00804181;03.05.2024;03.05.2024
bc1qnk79a5jc979lfcv7u0p7d0zn65gx5cg8t2c070;1;1;0.0080005;13.04.2024;13.04.2024
bc1qnhwkrvqvjkskvvkmy77h09kcnat3xg27crk0c8;1;1;0.008;29.04.2022;29.04.2022
bc1qnxh4wh9w0hmu0l4334dkr8hqvak36pychrd20l;1;1;0.008;18.02.2023;18.02.2023
bc1qj03vvvmau0n0peat4fuwdn8kmyhm3pfkczmqma;1;1;0.008;14.01.2025;14.01.2025
bc1qx3fkxa8gkt9fx7ec5kf0h0gk590qkh6373uxy4;1;1;0.008;16.05.2024;16.05.2024
bc1qwd6w87gj9em8rzvgnk7q0w88fge0ld6kg06eav;1;1;0.008;21.07.2021;21.07.2021
bc1p6mckmfdkn4cv57nqnqvud5zztw0psteplkytp6d2ecgq5cuprz3ql5e4k2;1;1;0.008;11.12.2025;11.12.2025
bc1pvda6f7xz7wc3tyl32zgl99afdkr22u2sygg2ck6xzgv7wy3dd4hspxn97q;1;1;0.008;14.11.2025;14.11.2025
bc1q9utjas2vnmf7vtjg2sv30r5u863axlwlrzqsd0;1;1;0.008;23.04.2023;23.04.2023
bc1q7z5237mshu9r8vwpf9talqpg0lvl5t7ug2st4k;1;1;0.00799891;31.07.2026;31.07.2026
bc1qdz4vxr2n4nm23qwvnds2p3knweyk5ydaq6eahr;1;1;0.00799409;31.07.2026;31.07.2026
bc1qfvfgfvk5ktxal4lqwprzn0djfgjn3ewlmxllp9;1;1;0.00798857;31.07.2026;31.07.2026
3DqEgyAToUdN3BULCVo8o7MrXPuj5GgBnK;1;1;0.0079725;11.11.2021;11.11.2021
bc1qq4vdmng5920rjnppx204xvfhtxswm7vmkwq4kk;1;1;0.00796006;24.03.2024;24.03.2024
bc1q88k2dacp7qu8s7d6f5dvue3ur4rjd5vm28lk63;1;1;0.00795378;21.12.2024;21.12.2024
bc1qf9pnr6qkg366mtazy49xhcz8f29up2d9fkr8jh;1;1;0.00789082;31.07.2026;31.07.2026
UNKNOWN:00205d44be209c0fa262a58c640c8ed503278550;1;1;0.00788839;22.05.2024;22.05.2024
bc1q5qy2k7uwpgf6mwkpmjczsuzx2r9j4gxfxhkpv6;1;1;0.0078;31.07.2026;31.07.2026
3QdMUui8SxVy7jSJaKLU9qxBcgCpsguFev;1;1;0.00779002;23.02.2022;23.02.2022
UNKNOWN:0020b36531733f5aaab055d57c738a5cc5a50549;1;1;0.00778929;03.08.2025;03.08.2025
bc1qtmepzhtcur5y0j9cu2j2jd2x7n339l4ez6mj66;1;1;0.00777649;22.01.2025;22.01.2025
bc1qxsqfwc45qq77ah69fuz4whyfdxcvjywvnd0xdy;1;1;0.00777;06.01.2026;06.01.2026
3B97vQQAGrcuRbGmNg7mCLWQFzeGaynPaW;1;1;0.00776176;13.02.2022;13.02.2022
17vuc3ZPsJ76LwLPnUKzXXNycaErvFNEZ1;1;1;0.007756;17.10.2022;17.10.2022
1CcqPY6AgweYQAB95FzZ75cr4ciwZ5244r;1;1;0.007752;11.06.2025;11.06.2025
bc1qzwsf2mm6ptk3nchkya8m403frsl2msnmca08kk;1;1;0.00775;06.01.2026;06.01.2026
3B5ksAHD2mgZ4bGCTVRVyvZmp372AEeP5w;1;1;0.00774233;08.09.2022;08.09.2022
bc1qd3yalgcrmmmx09yp9566gjmw4yrk0heeagqpd0;1;1;0.00774112;31.07.2026;31.07.2026
bc1qe420u3hypz6nytf4fc8h7a29lyek05npgfhwld;1;1;0.00773774;23.07.2024;23.07.2024
bc1q9p6wnd276p2vft62sl3r47hkmntz6k3ahv60rd;1;1;0.00771243;31.07.2026;31.07.2026
UNKNOWN:0020df73cc8cc59bfb6ac60e2505d26a313e0cf4;1;1;0.0077061;21.04.2024;21.04.2024
3PNYdXVtxUCkiBauEYULNraPF9YXjretq9;1;1;0.00768814;20.06.2024;20.06.2024
bc1q6enq2swnlagathgk25hsj5w0tw92vhdgp58mwx;1;1;0.00768263;16.05.2026;16.05.2026
bc1qkgdqzqrga298x4mtkfg7hr8exmjpnq8m7v4r34;1;1;0.00766506;31.07.2026;31.07.2026
3Hq2vj2kpXLhAKbADhQ3XSsZJb1MK5WGuE;1;1;0.00763702;09.11.2021;09.11.2021
UNKNOWN:0020f65b63a872ec1bd75a7410aa0440656f558e;1;1;0.00762;16.06.2023;16.06.2023
bc1qz86skdykx7kxveefqxlxa3pajh0j0yf8uskq7g;1;1;0.0076;28.07.2025;28.07.2025
14otC5qwWSEk253awBAwDRfZxyPQ5d9fPS;1;1;0.007586;08.10.2022;08.10.2022
bc1qncj3t3ttua0tx66nakpy29sw34slhn694z8rsk;1;1;0.00758239;31.07.2026;31.07.2026
bc1qd4ml7w0wqemtmmhuss78kvvvdyzfvgquf99l3v;1;1;0.00757027;03.01.2025;03.01.2025
16YrmuWiKCKwhkP2Vm7ikRwEtX7ZgCzHHX;1;1;0.00757;21.07.2022;21.07.2022
bc1qmj7wd9l6fwtapamdey7p95024vjshdd5jh8x6w;1;1;0.00755105;13.09.2025;13.09.2025
34cumBXz9MK2bqTFiVQUt14SeK2RRCKvL3;1;1;0.0075335;06.02.2023;06.02.2023
3Mwk1d46dF2MgWQmWpzRd6rtBQcYqk6UBu;1;1;0.00751045;04.12.2021;04.12.2021
bc1q2t9xn3vp7cmdcaku838qf244vjeqatyeajeg2h;1;1;0.00750807;18.06.2023;18.06.2023
bc1q4003hj6k6cle8rgtu3a8gz8dtqz92dkm2p33m9;1;1;0.0075078;16.07.2025;16.07.2025
1HZA99y7g6QxsLE3humzQ6vqsJdUBhECDa;1;1;0.0075;23.01.2024;23.01.2024
bc1qu237lhlskqq70ytg695s4z8nw05duy2vx5gekn;1;1;0.00749468;05.09.2024;05.09.2024
bc1qpvuwkkaf2pxlv5mjyr7gqc8ddw0e2nm7ekfyrd;1;1;0.0074727;16.09.2024;16.09.2024
bc1qw3hrwqcradmuhdxttw9xjlkrw7nskacvw7xulc;1;1;0.00740985;28.12.2021;28.12.2021
bc1qfvwu7z94r2ukvkntlpttfj6xykpra49l9d5pd6;1;1;0.00740026;31.07.2026;31.07.2026
bc1qu9cfys4g39wv4zkhzr568uj85mdp40l8va9dvt;1;1;0.00737;31.12.2024;31.12.2024
bc1qkvrnvcz4g6fymmjxdmpskgvyz9r7q07azh4433;1;1;0.0073563;15.04.2021;15.04.2021
bc1q38a9xkhapcapyn7wmx5v59qc6mvvsq4njxq30a;1;1;0.00734251;09.06.2024;09.06.2024
bc1qtdaza9ekzvd2gqy5ap6cxxk8jm4zm9dv0y2azn;1;1;0.007324;13.06.2024;13.06.2024
3EJzxA3RxC4RbNEsbQRopFUhVAbm5tf9BM;1;1;0.00730501;30.04.2022;30.04.2022
UNKNOWN:00202685c7ff6dcf2b994152a51f94adaaddc174;1;1;0.0073;29.12.2022;29.12.2022
bc1qjg62k9lgeuaqgzjwwcdaq559ql5aca0zcs4cn3;1;1;0.00729245;31.07.2026;31.07.2026
39b1G1vKU7oT6tQBVk4M2emjXNKtLAU3pt;1;1;0.00729;22.02.2024;22.02.2024
33vsUEBQL36eJQpBjLFviRVkz6EbU1wD7v;1;1;0.00729;22.02.2024;22.02.2024
3Gg9myoHUPFMS5vvFmGLNTMvRtSU145ZR7;1;1;0.00729;22.02.2024;22.02.2024
bc1qmakm38sns09zavu3ktcdy5rmr6mz7z8zvd7uky;1;1;0.00726813;05.09.2024;05.09.2024
bc1q9jqc7c9msydsmg2nhd9g942dwqyamlxh70a44p;1;1;0.007248;23.09.2021;23.09.2021
bc1qs9meq7cmtlwuk0au5w8gveuw2rdrg8sy5d703g;1;1;0.0072428;31.07.2026;31.07.2026
3EiAXVi8GMxMXjG4bgr2kazXTh2qxMdQ9n;1;1;0.00721;07.02.2024;07.02.2024
UNKNOWN:0020862a7f275768bd810cb4da15411f571cf6ce;1;1;0.00720545;23.11.2021;23.11.2021
34QNk4FShmcgBpoQSse9HjHSy6np8YZqL5;1;1;0.00718958;05.08.2024;05.08.2024
bc1qx3d5z7cf9nw964la7haevc823tkmj4jkwtwgjx;1;1;0.00713822;21.01.2023;21.01.2023
3JEjrvDEFGUvGWf1zoNKuoPwrcgXYsKzMM;1;1;0.0071084;19.02.2022;19.02.2022
bc1qhm7g9dyjh3ackf3f5g8v9dqnag4v2ql0vkhkpt;1;1;0.00710818;06.12.2024;06.12.2024
1AWjeQ7gvm2NDrSsRQFJgzjnWh2xiungBz;1;1;0.007092;05.01.2023;05.01.2023
UNKNOWN:00205057a9c7f166d27f371f47e1b5ac5acf6f6c;1;1;0.00708709;17.07.2024;17.07.2024
bc1ql9227lhcsdu9y0vr2qyp2rsvfyf302xkxulhmv;1;1;0.00708636;31.07.2026;31.07.2026
bc1qa6mup3lluavpfvku4wv34mu4tqeac6dkk8njn9;1;1;0.0070799;26.05.2025;26.05.2025
bc1qgwql9h5aqfell7m5pzj6urn9prz4th7gfd9h2f;1;1;0.00706171;11.10.2024;11.10.2024
bc1qdyata2tulty9gx9lq6gfgn4yafh59mwdh4vxx9;1;1;0.00705918;07.06.2025;07.06.2025
bc1q9c0h8m4gjt4gdqpt52qqr3kwfdufe7my2erxn9;1;1;0.00705318;13.04.2026;13.04.2026
bc1ql5qc55ja86pnucx3vur7gpmadvm05z5vrwnh5c;1;1;0.00704761;14.01.2023;14.01.2023
bc1qlns4sxwm7a4zjf3y56n67v56hjc23y4n4304p6;1;1;0.00704018;28.05.2023;28.05.2023
bc1qznxpntecw2r89jtnf7tcr5tqgzan3utygm55rp;1;1;0.00701754;17.07.2024;17.07.2024
3Bb9UG1QxRwz99H9TX3WyiDp7CxoLfW8Hz;1;1;0.00701;15.11.2024;15.11.2024
1Q8PZ6hTQmQ3km5pe1kdnzfcnnELWYmUss;1;1;0.0070037;15.06.2021;15.06.2021
bc1qymj2t6anyv7gsh2uezs3tce00qnrj365zfg0vc;1;1;0.007;01.06.2024;01.06.2024
bc1pn673l7knx2aq3xq0pdmnpyx3lupr4su8faqgf3rt35wz377urusqza39df;1;1;0.007;06.01.2026;06.01.2026
bc1qj80ez8mejt236354r6p33mz7wvjl7vju8z5ckq;1;1;0.007;31.07.2026;31.07.2026
bc1py7l8lud6f48wqf9jsxnle26j6uscy64ewmu3j7ws72rs30r6lvuqjxl93s;1;1;0.007;27.04.2026;27.04.2026
31p3RmkpKRzapWddRACp2cdrj1YrJCEY17;1;1;0.007;15.08.2022;15.08.2022
bc1q26vdgh389l53pe0zp5pnde3j7j0vcr7n63dw8q;1;1;0.007;04.05.2023;04.05.2023
bc1qyfk5fhj276qnvf55vlgqxxfp29jgu2f7rh8qtl;1;1;0.007;22.05.2024;22.05.2024
bc1q55njqqzyg8x3vdkg2h2gepekfq95x77qr2ps6g;1;1;0.007;13.01.2025;13.01.2025
1LrMkZ28qo2Jyx34NeU3VaKF1FzFYu5oni;1;1;0.00699601;07.12.2021;07.12.2021
bc1qsz2vv5hdxat9xuwwgtxhyww4jjfd72csm4qxpe;1;1;0.0069865;07.08.2024;07.08.2024
bc1qpm7c4v4s8nf9r7zrma3vxnu85lyr6lxw5mfacy;1;1;0.00696689;21.11.2025;21.11.2025
bc1qzajc033w0jj09d95ghqy5qdeny7u5fk6y69n3q;1;1;0.00694547;27.04.2022;27.04.2022
bc1qhv2h8h4z8yvtj04mv32gw393ml5up494l8p6m5;1;1;0.00694232;21.11.2025;21.11.2025
UNKNOWN:00203379210fa06dd2b83c1797f3817ce7b7bf1a;1;1;0.00692147;31.03.2024;31.03.2024
3MrRyVQcgjXyBaunumEq2wHHZQmzdaGVGg;1;1;0.00690225;06.07.2024;06.07.2024
3PEUHWvtiqcV2CMNdjnh28kBQcVgYDTMam;1;1;0.0069;20.05.2024;20.05.2024
UNKNOWN:002074da578fd94ff0ef2a6f52dcd8e4e35f7f1c;1;1;0.0069;16.08.2023;16.08.2023
bc1qppjl2tfazql9z0z2n8dex4f8dzhrmy8fmmk5lj;1;1;0.0069;20.02.2024;20.02.2024
bc1pw0cqluqt6n0g364m8vmunexkrzfayu0klnqk4gycwqvznkrf92gqe8txts;1;1;0.00689032;15.03.2024;15.03.2024
bc1qunz0yuxwt7zfpetwvfzhz95pzn3wfjn70fymad;1;1;0.00686646;31.07.2026;31.07.2026
bc1q4suwyq9ahnrnnv5d397xlkjhxlpecau9zy05rt;1;1;0.00685782;25.05.2022;25.05.2022
bc1qnwfq2xdl9arfmlz2jf4w9z34ycxhfhsqvcw6t8;1;1;0.00685507;02.10.2024;02.10.2024
UNKNOWN:00209ba222a7d6eae4594e92e17db1a4e3595b26;1;1;0.00685;25.07.2023;25.07.2023
3AGmViu1RTmVckXwbEkR95BD4xi4Qunix1;1;1;0.00684911;21.02.2024;21.02.2024
3CGDaS1XmZLCHSZcTUrrau75USUumXmDqJ;1;1;0.00683818;03.03.2022;03.03.2022
bc1qzntwdq7edd2nscrhymnsh6u9fw6qdclhraaw0d;1;1;0.0068301;01.10.2025;01.10.2025
bc1qt0v8jmdpnnvdr3utysugsm8ehhy77ves9rg4zu;1;1;0.00681982;31.07.2026;31.07.2026
UNKNOWN:002070dd82f5850eff9de9015e6c0e0c899d44ec;1;1;0.0068;24.04.2023;24.04.2023
14Uh4tiSHb1gphghADAfEGfHK35hUugh44;1;1;0.00679679;02.10.2024;02.10.2024
bc1qs4k9er26zsp2hgcu0vlw2fcjvt8krslqz9e0ej;1;1;0.00674138;17.07.2024;17.07.2024
bc1qx705jrets7q3cmptpj44qqg32gu8d3vgtlky7j;1;1;0.00673234;31.07.2026;31.07.2026
bc1qkr26kcuylnteclzk4l28wqdaq25rqnr287ckg9;1;1;0.00672383;31.07.2026;31.07.2026
bc1qefzudfxh0mxh0exgltja2t25nyslq0l5vjl9lu;1;1;0.00670366;25.05.2022;25.05.2022
bc1qmfuxv9h3khlrt7cs3pkrfuuvem0p5afypk32cg;1;1;0.00670164;31.07.2026;31.07.2026
342iu3Tfid3ekrCZ6CPeGET8k5LBHAKhsH;1;1;0.00669458;14.04.2022;14.04.2022
bc1q0xf6d6ey2m8p7863ykfdare6sk0u5lkec8k4ne;1;1;0.00668735;19.09.2024;19.09.2024
bc1q5qhxqlx78zc6kxn24sjgxxft736je8emn66z2p;1;1;0.00668522;17.09.2024;17.09.2024
bc1qntvlrrp0jys9h9n3yr9kzyf5k3aq95n7zzk7sf;1;1;0.00668302;05.03.2023;05.03.2023
UNKNOWN:002060268256a1ef9dcf54be2094f27c6935dd04;1;1;0.00667548;21.04.2026;21.04.2026
bc1qw3qaqkxeex3js6zvqufykxynjy0g2nxhnf6mrj;1;1;0.00666;06.10.2024;06.10.2024
bc1qehva2m4jz0j232n5g8056y7cfxlzeccueqzx5v;1;1;0.00661098;31.07.2026;31.07.2026
bc1q53crfqct4t0xzuz2m5ydsmqpe6kyf8ft47rh8e;1;1;0.00660339;31.07.2026;31.07.2026
bc1qexu0ghtm7rh8lwqehl7k5de26xugy2j69rucud;1;1;0.00660207;31.07.2026;31.07.2026
bc1pkum6twnszwece3d6dq4l7l2y0avqk2rzn0sdjxcpj5n49c85zq6q9zu4rg;1;1;0.0066;09.10.2025;09.10.2025
UNKNOWN:0020ba10c1999fce0f15d5814d3cf78b6f2bb239;1;1;0.00659657;16.04.2024;16.04.2024
UNKNOWN:0020a29e8f40880d23c803ceb72e84f4341660d1;1;1;0.00659;15.07.2023;15.07.2023
bc1qmy2usecnfkenw4zc8w7w8l26s2ptxnp5gqxmp9;1;1;0.00657118;31.07.2026;31.07.2026
bc1qqmmvj0hjzwg0ds5p4e604jhwewtsf592c0gfp2;1;1;0.0065703;12.10.2025;12.10.2025
bc1qv4x5rcez35fqjuqranfgf398kcfhff423npgd7;1;1;0.00656932;29.10.2022;29.10.2022
bc1qt63tsd9vm2wmv7xwkjx487gc0snqgdjg3c3ha8;1;1;0.00656703;31.07.2026;31.07.2026
bc1qy4qg3wxf6fv52gluc4wruuzqupyqjsc6afjetp;1;1;0.00656201;31.07.2026;31.07.2026
36ek21eUVNnhuYsfCv84dxionKcNDLzgAv;1;1;0.00655124;25.11.2022;25.11.2022
bc1qf6j56ek9thvxu8txa988ypycypdwal5elsscks;1;1;0.00652307;31.07.2026;31.07.2026
bc1qm2mnyfnc8vqwz7jac3zhqpsw5xqjh3crqj2xl2;1;1;0.00651754;02.04.2025;02.04.2025
34G2jhSuFmBkSjcHW7TtV5DzcAH2dJfBjP;1;1;0.00651056;03.05.2022;03.05.2022
bc1qa22z9pkf77q5f99weng809u7urhmxqlrdenar7;1;1;0.0065;02.05.2026;02.05.2026
bc1q4vnlxmktgspt44gjs5xmzv0afu3jju5lwczrd6;1;1;0.0065;19.12.2021;19.12.2021
bc1pwun2hspmyl5hcr6wq3l6cus9mgeaxumaafrvp22n8rl0a20t8sxssmrwwu;1;1;0.0065;19.04.2023;19.04.2023
bc1q6msfd5t7k5r9hk2fsscse2umdmq60kzpmxrgzx;1;1;0.0065;15.09.2024;15.09.2024
bc1qumel7yzjmac7pk8u0kfwzygnvudqd606d0lnvz;1;1;0.0065;10.08.2023;10.08.2023
bc1qp7ay7e4csmaf7ans5xsrzemjjqfhu2ewcu4csh;1;1;0.00647989;06.05.2022;06.05.2022
3BNSnCZfRodySt2DykyUSiUNS42kMkBJA3;1;1;0.00647864;31.07.2026;31.07.2026
bc1q9tj3n4p0qgwmnf4mdmd72vrkcfnltw23su4qst;1;1;0.00647569;31.07.2026;31.07.2026
bc1qs2cg2sekzuqv9xwq27emura6myyu7ljxcj6dzz;1;1;0.00645877;31.07.2026;31.07.2026
3EGZVHMzUQm7arVrMLf54vQwGc8aAL9Pd6;1;1;0.00645677;15.02.2022;15.02.2022
UNKNOWN:00201a402da2d71890306a4e92f236a5827d5e3c;1;1;0.00645444;10.07.2024;10.07.2024
1F8KzX6kvtJLuWcpqPXbRREi3BtFLbHF6x;1;2;0.00641458;08.07.2022;19.07.2022
bc1q4vwfy9uzc6vg9qs2vzpfpfmmldaftq5sq8xvwj;1;1;0.00639567;17.07.2024;17.07.2024
bc1q75c7m3nrdztlxmc6vss460slh3nk9dhxwwupl0;1;1;0.00636842;16.03.2022;16.03.2022
bc1qgwurnfekdz9hml22cy6fka67lmmjaw4x6uugn6;1;1;0.00636382;02.05.2025;02.05.2025
bc1qetjwh8jq3sk3k2lcx0dx9pv06yhtqp8ll50afh;1;1;0.00635935;31.07.2026;31.07.2026
bc1quqc3x3egyezxwzqprdg9gvt5hnz4cx6n7cfcf0;1;1;0.00635748;16.08.2024;16.08.2024
3FQZDfU3hoTkGrYksgY7PPwSyjVeu5DigB;1;1;0.00635636;31.03.2022;31.03.2022
37VRf7wfUykbMxyvUoD6J48xiGZDsroBJj;1;1;0.00631733;01.04.2022;01.04.2022
bc1qgc2gvcssvfcs2f6737sask9p3j00wyruyqut9y;1;1;0.0063;09.01.2026;09.01.2026
bc1q649da4zhh9kmxrmyv5a4zwaflk397lnn02ueqw;1;1;0.00629404;24.05.2023;24.05.2023
UNKNOWN:00207b2ea0d230da4f88c97e4b24dbd0b8953ebf;1;1;0.00627;09.07.2023;09.07.2023
bc1qt3m75ujwuh83hq3xcwtzpw9pph9xrzahj9su66;1;1;0.00622927;21.01.2023;21.01.2023
bc1q0e7kttktxc7xcpa2yvmdy29e6gnmk3qpus2sx7;1;1;0.0062145;05.06.2021;05.06.2021
bc1q5x7t3765qwy3nxd48t33c3p4tgpzgz58fcaxy7;1;1;0.00621368;04.11.2023;04.11.2023
bc1qsme5h5q34tphgzzsaj9hpay0pjw5tj3229dmdp;1;1;0.00619017;21.10.2021;21.10.2021
bc1qflc3gjx3n4yhftppsw7nen5hh838szuauz0cjt;1;1;0.00618217;07.12.2024;07.12.2024
bc1qjk0kymnfgwqur25e4xl9tum03vltpw7yaur84e;1;1;0.00613618;31.07.2026;31.07.2026
bc1qw0h5g45tyt2dfuevwz23tx0lhqmggnvawx6whe;1;1;0.00613251;05.08.2024;05.08.2024
bc1qlzvnat2u7etjk3hhv42r25k5ta3c536uva0mnl;1;1;0.00612198;03.07.2024;03.07.2024
bc1q7z8plc84vq0gf376dqj57tp3wsc8qg8ty82r09;1;1;0.00611757;13.11.2022;13.11.2022
bc1qjjcud8sk7nplrxj90t7nqmxfnxpqrw74l73les;1;1;0.00610679;16.05.2024;16.05.2024
bc1qrsa4mwkfyxlywl8gtek6sfzqhle7fglvr7eg7t;1;1;0.00610078;31.07.2026;31.07.2026
bc1q2hrnwy9z8g8lkf7myrxh2x7k2yvcsdt0gk7xfr;1;1;0.00608719;11.08.2021;11.08.2021
bc1qtgcg58wnaelp54v4e6xg865p8fz5az4zplc6j8;1;1;0.0060745;13.03.2024;13.03.2024
bc1qujsrwlfce0tknsyj6d5zcp7q29h2729u0jmxu6;1;1;0.00606836;19.06.2022;19.06.2022
1At5espHMpa4oXNXc2X1KxEnMo1ybCS8ca;1;1;0.006017;11.04.2025;11.04.2025
UNKNOWN:00205e9f915ba5340ac4968b192680cb7c844eb0;1;1;0.006;01.04.2026;01.04.2026
bc1qdcsptxh93vf0a520dsrlmv9p95jphwfau9m65r;1;1;0.006;23.02.2025;23.02.2025
UNKNOWN:0020b3c0ab200d2124badaeeb95fa3e2e9903e89;1;1;0.006;10.01.2024;10.01.2024
bc1qkjakz7q9q4pcpy9fyreazm0mewjy788e76adw0;1;1;0.006;25.09.2022;25.09.2022
bc1qg0alyax9c9wm73nuucpef2gh597cz4pjzh7mzl;1;1;0.006;02.07.2025;02.07.2025
UNKNOWN:00201a094e8b0135ab389c4c4492e7e709d5ddbc;1;1;0.006;27.06.2026;27.06.2026
1KpmbF1J3YhFKGmMbT6GgvfjPPqvoVfF6a;1;1;0.006;29.08.2022;29.08.2022
3H4AsuKRhk1qfzLYoBb4rj7szsJUcgYpWS;1;1;0.006;04.05.2026;04.05.2026
UNKNOWN:00209543842fd2f305e2e3d255d8d6cbca31a418;1;1;0.00599878;27.04.2022;27.04.2022
bc1qrh06lvqhmaecy0t9z2nkhwv2c3tyee2y5e2e24;1;1;0.0059956;11.08.2021;11.08.2021
bc1qf9as2jqdv6pc2gu8fnpuafggt47m49e95mlzh7;1;1;0.00597307;02.06.2026;02.06.2026
3HtnZq7XSBGpZCtKtuTvrY7VUEpD7uGcaJ;1;1;0.00596099;09.06.2022;09.06.2022
12gsgNvRt2JuwrAMhYr7Tp9QjwYnw23JGP;1;1;0.00595018;16.04.2024;16.04.2024
bc1q2hxqdhek4erl4ryuk35qs9t3tdxvf7w6yphhgp;1;1;0.00594648;03.08.2026;03.08.2026
3BRSDnV8YvorX2u13fvjMHzCLp88ZhFoDh;1;1;0.0059447;07.12.2021;07.12.2021
bc1qmf6whpvnyxyr83pycx8pnhgaqs2vd4uetvhyje;1;1;0.00591865;22.02.2026;22.02.2026
bc1qmcfm7zytm8j6xwqahzhk3z9l9p20dugweyn8dl;1;1;0.0059;17.04.2024;17.04.2024
3DRrbyfiDJmhEnhNKXxXNJrhgv5QLh5JUS;1;1;0.00587809;03.02.2022;03.02.2022
16km1rwpLsuhCEvbMPL8hcjeRWxRsAr8uF;1;1;0.0058752;02.09.2021;02.09.2021
3CHoD5hnSY5jPtYNcdv8nwkdwnemkuzE1d;1;1;0.00582444;07.12.2021;07.12.2021
36oDUBPFWbPFz29YwsfE1oW9iHogDzaVz3;1;1;0.00582384;15.05.2022;15.05.2022
bc1q2ld2vtuahk99cfdyp9zj2gzkxpygel4e20wsvh;1;1;0.00579966;25.01.2026;25.01.2026
bc1p0c2mxdursjrv67y9ueyt4499mk2l00kd8rmh7ezlx9q97w2yaeuq5ypug2;1;1;0.00579533;26.07.2026;26.07.2026
bc1qu3emt44fsk8d0fn20wpe9dgn4a6ukgxjkgldr9;1;1;0.00578;31.07.2026;31.07.2026
bc1qk7f42w9f768eaelhzpxaqsq6lzfnjg8sdv4epj;1;1;0.00572426;27.01.2025;27.01.2025
bc1q5z9l9z2yzuhe55jvl5cgwy2a5exwnvgthga7kj;1;1;0.00572383;31.07.2026;31.07.2026
bc1q0846cnkp3xq2h59dxrkynefhamqd52c8k8hd39;1;1;0.00572271;31.07.2026;31.07.2026
1PfpCSiedSA35b86ERR5ZVi76dzpRLoyVT;1;1;0.0057;05.12.2024;05.12.2024
15htgeid3b6EUsVQt3jfSioobdWSeFtL2g;1;1;0.00567;14.07.2022;14.07.2022
bc1qyfevktu28hq9wqpg4lke3gy5xq7uca99lumn76;1;1;0.00566661;30.08.2024;30.08.2024
3P2Vga6nvmM8vbRBQmKNhP5xiB9Wrm2P7T;1;1;0.00565821;29.01.2022;29.01.2022
bc1qa03uceajuc9l36avfjasv2y5llc4zv9en5lux9;1;1;0.00563967;31.07.2026;31.07.2026
bc1qufxzwu2d9v23z7tlw346g0lcmsxa2j7naxxyrg;1;1;0.00561797;24.11.2024;24.11.2024
bc1q8n38ht82pjx6edxrf9t628aacmzdx976s52d6v;1;1;0.00561738;31.07.2026;31.07.2026
bc1qhpuvz8k0xexkpe255fzjtk9p5jkvjdks9088xe;1;1;0.0056133;18.03.2024;18.03.2024
bc1q6x8rqtjrtpczrkgwmzu8f4zw8eu6sgn96qg0ep;1;1;0.00557923;30.12.2023;30.12.2023
bc1qmpf0xx0umgfv5llhw2rn7a7u78jet80huwzpdz;1;1;0.00557361;31.07.2026;31.07.2026
bc1q9sj6tzswxar2c8cxrslevgmrmq5nqs2jwd4exn;1;1;0.00555778;31.07.2026;31.07.2026
bc1qczqtjhjz0ppc94z4dlzsmzdyj07pelg3x2w5rr;1;1;0.00554161;29.08.2022;29.08.2022
32jJQy94Tpa4hegBWQ2B2y7tPGGznfsr2V;1;1;0.00553039;16.01.2022;16.01.2022
1JpCnRU6guTEMmUktw17sKSQERwAuGPBw;1;1;0.00553;22.07.2022;22.07.2022
37vYREhLAhyrR83XmBzyufH14qdNeMkTyy;1;1;0.00552873;08.05.2022;08.05.2022
bc1q5m2lldcteqz2e5470jfxyghus5m67fndxzpqat;1;1;0.00551649;29.08.2022;29.08.2022
bc1pg77xp86phxp0xjqqvv4a36jfk4kns7k4t6hp8vyks2l05ay6lqtqgqn3rs;1;1;0.00551094;19.12.2024;19.12.2024
bc1qcsu6hxj5j33pwjjpwr3lxmktfswwtlpjl8a8uc;1;1;0.0055;07.11.2022;07.11.2022
UNKNOWN:002022368061fd612ff27d209d64b736f3375739;1;1;0.0055;28.07.2024;28.07.2024
bc1qe9wjttzz9z6g994kz7euswluprz3ghwmtwekud;1;1;0.00548866;07.08.2025;07.08.2025
bc1qgugzujnfgskdnsef93va5y70tvts0g573men8g;1;1;0.00548781;07.05.2025;07.05.2025
bc1qr5n966aqu4eefmdmhlhy96atr7lmfqn6q9sk53;1;1;0.00548735;21.10.2021;21.10.2021
bc1qrtgts5cncwun79gglj2sflej9lyhj93ajcdz77;1;1;0.00548133;31.07.2026;31.07.2026
bc1qgpr4ttz5pzssu4axr73qhtlrv3zrpe2nnd2lgf;1;1;0.00547645;08.10.2024;08.10.2024
bc1qytuk47et35n66zt4z76kk7r57g6v4rkfl07tle;1;1;0.0054728;31.07.2026;31.07.2026
UNKNOWN:0020d8284e634f51047133afc799f8dc3932078d;1;1;0.0054693;04.01.2022;04.01.2022
bc1q723utk5rye32du7e27au3uhtw23umfwq9mypqr;1;1;0.00546343;11.11.2025;11.11.2025
1LweAgwCYicyrrmUVHJnR1Dci2ahs34XCP;1;1;0.005461;06.09.2021;06.09.2021
3GywCvnDjthmks6wyG4nx9i1WTneaJcqZb;1;1;0.00543652;15.03.2022;15.03.2022
bc1qrxa4ntmc4eazx84qtdt9ukrnff2lq8hjn7npar;1;1;0.00543112;03.03.2024;03.03.2024
bc1qpzqln3dy73xypjtk538u4ecdnnkj3nwg4d2gp6;1;1;0.00543106;31.07.2026;31.07.2026
bc1q3m53l05c7gktac3f9zv0zm0u9a0pdl3dznhvwy;1;1;0.00541883;31.07.2026;31.07.2026
3Eff2Ge54untZZRbyzPZ1xBKbxNStwYjVj;1;1;0.0054;05.02.2022;05.02.2022
1PWTGzHro39QCPntF78pFoa3jGBmDTGg3c;1;1;0.005391;30.12.2024;30.12.2024
bc1qf3dp52z2gy9pumqvxt65ydw8j5et38ulq8gjul;1;1;0.00537915;26.03.2023;26.03.2023
bc1qsnclzr2g24vnvwdsck0c04clvvddzat85wkq6k;1;1;0.0053568;25.10.2023;25.10.2023
bc1qtepm3jg0edcw643gwquw8l69uj4jf5gnvyuwf8;1;2;0.00535169;18.03.2025;19.06.2025
bc1qmkqmcry0v36ek4623ng7t3kz0xzk6p6s6adhws;1;1;0.00534804;21.11.2024;21.11.2024
bc1q45phajvtayvzd9zjzkks5u2mmwtvendwrh4y4s;1;1;0.0053385;08.12.2021;08.12.2021
1MP6xUYhr8cggdM4YvtYAsGdw17tzY9MgG;1;1;0.005335;11.02.2025;11.02.2025
3EvTJ6nk1D2MVMFfj4aTzrxUCKq7bb4Lu8;1;1;0.00531346;01.01.2022;01.01.2022
UNKNOWN:0020f86a34b81251d66b89569b8c6758844b0c16;1;1;0.0053;27.07.2023;27.07.2023
bc1q02sd6dcraeq80k9hdtqtu2jypwnxpqvv7styhy;1;1;0.00529691;31.07.2026;31.07.2026
bc1qu6l5ksuak2m0pt3t93f40xtlgaz5mawjxw2hk9;1;1;0.00529681;31.07.2026;31.07.2026
bc1qe2wjjnr0twhftx7wp48uwzmk5qf8g578k7q225;1;1;0.00529661;03.07.2025;03.07.2025
bc1qrcjanqt8708jfgeuxcr2eaf8ct4tjwuf0ntthr;1;1;0.00529072;09.11.2024;09.11.2024
bc1q89l6zykhjluqcw5pqz0ku8k2dq9gv4cphupsrl;1;1;0.0052703;05.05.2025;05.05.2025
3GWAJv4ifwdJm91xrmuVoUHJvTmYcx381d;1;1;0.00524675;10.04.2023;10.04.2023
bc1qnh9plxur97dpsvhecr3e99mp7ptz9jngrqj8t8;1;1;0.00524505;01.09.2024;01.09.2024
bc1q7re3trm9fdjafxytu9ht3ecf29tjzm8q5hlrq5;1;1;0.00524189;10.10.2024;10.10.2024
bc1q52hgdhz4ahkum3c853dl2mlt0r49e05luucssz;1;1;0.00523819;15.04.2026;15.04.2026
bc1qfdfwr7k2y98tyc2e47ayjyey97rxqk4ncvwvhg;1;1;0.0052189;02.07.2022;02.07.2022
bc1qucrmpswysmt3d8nqga8ze4sv50pnr95guawk5l;1;1;0.00521259;01.09.2025;01.09.2025
3HdhezFMb8qQmpavn1Nnzez3qT9k2bT79Z;1;1;0.00518076;11.11.2021;11.11.2021
bc1qrw8jaa75ahylt8hlqz7lll9lfn880wtmya82ak;1;1;0.00517;22.11.2024;22.11.2024
bc1q472kdvctarmz2dwac09v7pm4mptm2pc42eh9nf;1;1;0.00516833;18.03.2024;18.03.2024
bc1qcurp4jstlwrqkt2lhzt47ue85a0q5efqe5leg8;1;1;0.00513505;09.12.2023;09.12.2023
3QKVJCj8Jd71LKK5rLU7WWVxpKZaaPSQbJ;1;1;0.00512793;12.06.2022;12.06.2022
bc1q7hdyf7vcwuktu0203pq5gxt2svj7pvwy86q4wk;1;1;0.00512451;30.12.2023;30.12.2023
bc1q0tffrkd3mepjjqz396406ls6nswe8hvfvyg24j;1;1;0.0051;10.02.2025;10.02.2025
bc1q2gutt8zmlx05895c7r6qljfvgck8ephuzq6lgj;1;1;0.0051;27.10.2022;27.10.2022
bc1q7dhpwga0wn8rxws27lztm2xhmqtnp860l2vyxs;1;1;0.0050901;04.08.2024;04.08.2024
bc1q9pa0snyhnj6jdx2zeqqql263t8q5fap9laa0q4;1;1;0.00508772;30.09.2024;30.09.2024
bc1qnj9gdv8l9jq4dk6fmjjc3t8fzgmvzj9du3ewjm;1;1;0.00508009;20.07.2025;20.07.2025
bc1q00jndjpseq4a7jqdrvtpnpwjmm7avameyqmyfq;1;1;0.00506899;31.07.2026;31.07.2026
bc1qytw9sarump54myc5urz4arl4nq0wsezydxvhs0;1;1;0.00506235;31.07.2026;31.07.2026
bc1qv3uykwnm8pvx5cs30nhrhu67sxah9w8y2vr3v9;1;1;0.00505556;12.04.2025;12.04.2025
bc1qsgjy2wkpy54vnutfd74mwf5ng3lg2snfys3tlh;1;1;0.00505365;31.07.2026;31.07.2026
bc1q7j9etyqju4gqmzllwj9cjzch7nn4kwvzq98sny;1;1;0.00504914;31.07.2026;31.07.2026
UNKNOWN:002066ced834d2d325a07bcf035694542993ded8;1;1;0.00503988;17.01.2024;17.01.2024
bc1qwg5pa7mnjct0cem3ktxz8qewxf6mw48ejpmefu;1;1;0.00502348;07.09.2022;07.09.2022
bc1q0cngvhhv0x73j3pwta7vfcvvdj4xmtwxmpng7u;1;1;0.00501852;03.12.2023;03.12.2023
bc1q0xsjtd9uxtvec699f93szntn2nsj4edvprgeqt;1;1;0.00501775;31.07.2026;31.07.2026
UNKNOWN:00200f77a8c691eaa0f3f01574819d833700f7c8;1;1;0.00500525;19.07.2022;19.07.2022
162mtZLz38uQkDWSNuAerZiHraUrcoSGuU;1;1;0.005;25.06.2023;25.06.2023
bc1qatefwy2ncjf2xzxdas8y8l8tezfzrhd006sflm;1;1;0.005;12.04.2026;12.04.2026
bc1qzqg8m28aj8wrlwrccz8x006u8uh494m9jagun8;1;1;0.005;31.05.2025;31.05.2025
bc1quca7fc739wtqt6ylwvfr8uyju68cmmlrpfmssc;1;1;0.005;20.08.2021;20.08.2021
UNKNOWN:0020d03ca87426837587bfed207eb32b3beb1ffe;1;1;0.005;23.10.2022;23.10.2022
UNKNOWN:0020958000b55be6ecd95d617329a4e0479d0e94;1;1;0.005;13.02.2023;13.02.2023
bc1q844njdglj9wa80ejvs68w3ckw8yx5zrqn7q8nz;1;1;0.005;18.09.2021;18.09.2021
38z72Z2HbSsHLZ4GimF4xHv71hxqGMLqs6;1;1;0.005;30.03.2022;30.03.2022
35CVx9ThXCg3D3yV7jSQAsf8QkLWLY7rSY;1;1;0.005;23.02.2022;23.02.2022
bc1qz8m44vwx70rccxpuyl3ytcyc7a4c4pwugz2wvs;1;1;0.005;25.10.2024;25.10.2024
bc1qqy5yfm96hd96pll29z7m32f0cyejpz3d4whhc0;1;1;0.005;16.06.2024;16.06.2024
bc1q9l98jtum6vskmd0f8n3e34s7ydacw7a4fsatwh;1;1;0.005;25.02.2022;25.02.2022
bc1qx9d0rtpr7p86gdnc40tztuy89wasltqwza3j5r;1;1;0.005;13.11.2021;13.11.2021
3Lu5AfHNg1Yg4KPJ5b3r5xcJjwnAzwWp2E;1;1;0.005;28.07.2021;28.07.2021
bc1q929z8hpc0vntpqc4v8qg87srm8efy4fq27yj9u;1;1;0.005;01.04.2025;01.04.2025
bc1qhwuppgc0q3y70639r60f6acnmdvzr0klq7uusm;1;1;0.005;29.08.2025;29.08.2025
bc1qtzeyd7x8660x4up8q0hk40t9w6e3x82q6v47jd;1;1;0.005;19.03.2023;19.03.2023
bc1qg42czg8ey7qqhs8hnk09l772p25vgu2hnnhuna;1;1;0.005;21.05.2022;21.05.2022
bc1qav9tfusj3syp5tpa8a2xfpj8t2e35q9frxy8d5;1;1;0.005;27.05.2021;27.05.2021
bc1q9yrfdd0anu34xk83kmqc6czaqacd38680hsux5;1;1;0.005;06.01.2026;06.01.2026
bc1qcwsvc4zaulawk0r7fxf4qqsurn26f6u5fver33;1;1;0.005;17.03.2023;17.03.2023
3MsTwKVabGg94oECkWGNZP2J7X6x51VvMM;1;1;0.005;31.07.2026;31.07.2026
3Jy76UWVFMzWiezXMisfeeXWEaxYimd9W9;1;1;0.005;17.03.2022;17.03.2022
bc1qjed4y99hjpwuz4n8vv7ml9u020xcu6flt76k2h;1;1;0.005;31.07.2026;31.07.2026
bc1qsg283tmancl2nzvgacal4zup7rpf3qf7weh7cf;1;1;0.005;06.12.2022;06.12.2022
1LTNzAckgtv8BQoZaaEv7t4582uXQt5WnF;1;1;0.005;31.08.2022;31.08.2022
bc1q2sjuau8ztfurme2w0vlj9ykcv02wd0kjyuc9z7;1;1;0.005;04.10.2021;04.10.2021
bc1qa9pk6knnx8uu78lcyrtdrtw0memlvg2ugqntmz;1;1;0.005;04.10.2021;04.10.2021
bc1qgz5a4ujuqp2yypaxl8h7zjxkj9t2epctkx3kr0;1;1;0.005;04.10.2021;04.10.2021
33ccdYzXYfHM8MQYPsSGJP2N2Ed3QAkKSc;1;1;0.005;11.07.2025;11.07.2025
bc1pl7l0lx9v5vk79pquvpspk396cwgly8wrm8x4sudnz7thhkg0a63q0xhxrj;1;1;0.005;28.12.2025;28.12.2025
1JXdBq2QBn78qP7xxumGQfGLFb15rYLbDt;1;1;0.005;16.02.2022;16.02.2022
bc1qz0nsmhlm7mjg3dnk50an2f56hvnmqtn45hxere;1;1;0.005;02.04.2025;02.04.2025
bc1qhpyt36kk4ym6lv0vx62klt6r5rknqll36882x8;1;1;0.005;06.10.2025;06.10.2025
33LqjnPrQ7A3GDp6RQ8N2yt6zB62aUqRGy;1;1;0.005;14.04.2022;14.04.2022
bc1qkuq2ua30wqylrz7waq5rek306plj829mra4laf;1;1;0.005;04.09.2023;04.09.2023
bc1qrj907aejr9w37m4gs0n0nz4cdvmn5fwz6wpnd8;1;1;0.005;11.06.2021;11.06.2021
bc1qmmuurjad87x60z7z0letztheuvgh20e8hj7kx3;1;1;0.005;26.06.2022;26.06.2022
338cigeYWmF7qbdbjtvfLGgoXq3visQi15;1;1;0.005;15.05.2023;15.05.2023
bc1qnjxapk4yska782m23r4f8w9j5r0ynzfm58kksr;1;1;0.005;30.05.2022;30.05.2022
bc1qlh9y9tlnfcs83v4hhv0e8hwk5pehx6uja4uyuu;1;1;0.005;13.02.2025;13.02.2025
bc1q6qmh07g9v7k575lfulrcdrfzsecy7chc5f78qu;1;1;0.005;08.05.2024;08.05.2024
bc1qemaajszd4wv95ukcw6d8z7kya4r5zxff9zpg9a;1;1;0.005;19.10.2021;19.10.2021
bc1q0852gdkh7zfyqa4eee6q67hlfsjkt6stnd8mwx;1;1;0.005;07.12.2023;07.12.2023
bc1q0la6pwnu693ch8cqnethfktsnpmaz8z3zgkhg0;1;1;0.005;05.12.2022;05.12.2022
bc1qs26r6lrhmdmxvcc2t99gxkwsy3lpywaxf6xzhw;1;1;0.005;09.01.2024;09.01.2024
bc1qr5658sv4gsd084tqn5cjwytg55d7k22ze8kzkk;1;1;0.005;03.08.2021;03.08.2021
bc1q8dmkrh53933jkcgreffhv7v3jzqxqf2nldzwtj;1;1;0.005;17.06.2023;17.06.2023
UNKNOWN:002053c707feaf7f3c37cf7eb744c20eb18933d5;1;1;0.00499878;27.08.2022;27.08.2022
384nRoNwr9duBCPThsWkRF1i3wpEecQZgv;1;1;0.00499858;29.03.2022;29.03.2022
bc1qwet0pjxhp0q39r9nqp9averk77e2t0vz75zcy6;1;1;0.0049978;23.09.2021;23.09.2021
bc1qte35qkru2dlhpgrndrgmy9f33wfluavjfv4e05;1;1;0.00499768;31.07.2026;31.07.2026
bc1qm6j9xunk4zr0gvzgma5t90dmqu3ppf72cj4w2m;1;1;0.0049967;10.05.2021;10.05.2021
bc1q42m2kylz4vs3teq0r87psaaw3ufct0rntyt409;1;1;0.00499498;02.10.2025;02.10.2025
bc1qdy3qjcua445epjwf7l7cf5nrtcx4yvf6yl6chp;1;1;0.0049943;30.03.2022;30.03.2022
bc1qhy5j3ttcsyxs4q4ku3enu4tlep8we00med8hsh;1;1;0.00499406;17.12.2021;17.12.2021
bc1q9wy2xqh8ahmgds6q0ef3dvdwyy5qpadyam26pk;1;1;0.00498934;31.07.2026;31.07.2026
37ZFty6DZY4xafmHUix5HZxE1sgwYFpt4k;1;1;0.00498764;05.06.2022;05.06.2022
bc1qzmt4uhg5d63g7lwp8lrsdan6ta2mrnk2tykw7h;1;1;0.00498728;08.02.2022;08.02.2022
bc1qgra6t67dnfyq6z84j5ma6qledkm68k37jkyj0k;1;1;0.00498163;03.04.2022;03.04.2022
bc1qgjkn04pggtvewl3pcgqcw9jhznr52ra4cu8y2u;1;1;0.00498015;15.11.2021;15.11.2021
bc1qvhpje56cupa0gj4af6tag7exvzvd5nf35l0lmc;1;1;0.00496974;29.06.2022;29.06.2022
bc1qdxszzknwzm8v6xeqqzm6mfr0ypvzymrj9kl5n6;1;1;0.00496951;28.06.2023;28.06.2023
bc1q2xqtcg3vvdj42wym9ntuuven7ex9yux5kh66gu;1;1;0.00495666;02.08.2026;02.08.2026
bc1q2gtn5fql2u257kgyk6x66rtjnwgmwqtx0q0wjk;1;1;0.00495593;31.07.2026;31.07.2026
bc1qp38v9ffraqz3sxres6uyklkxsxjj4aywwqw60h;1;1;0.00494753;04.10.2021;04.10.2021
3Cw4xXdEn2uUsqYsS9spncwfUG598wjfdr;1;1;0.0049459;10.11.2021;10.11.2021
bc1qdh0hrk00qwukjn7w08vtvj6un4fvd7w5u2rak9;1;1;0.0049201;31.07.2026;31.07.2026
bc1q9ycaqdrjnp80juvnqtfj2s5atpd6umh3stj46y;1;1;0.0049176;15.01.2022;15.01.2022
bc1qj0std7t4l4zh0g9f6qcqk34aggn359nqpr6max;1;1;0.0049;05.02.2025;05.02.2025
31y2m67wUBs55GRKrDvZbA8fZzQK4dbTh7;1;1;0.0048895;01.05.2022;01.05.2022
39YTbYZG8KCoErYjquXdSDbS9NRbWKFkp3;1;1;0.00487459;10.01.2022;10.01.2022
bc1qxkz4e94sp7rzjuwg92xm505z768qav2q8xv4e8;1;1;0.00485668;31.07.2026;31.07.2026
bc1qwk85dap59m2xy6q0jrrd5yw08jz60f4cf7mtts;1;1;0.00484707;14.04.2025;14.04.2025
3M6JAqRNmgH6ojGjyPwd7ouVDTyM2Wy3ce;1;1;0.00482701;31.05.2022;31.05.2022
bc1qt4snwfngvc40qt89vazftzx47y370rch6hy4az;1;1;0.00482342;28.09.2024;28.09.2024
bc1qykyzp4mfg38mwp0y6lyrdwpkmz6v3edactc5qn;1;1;0.004817;29.08.2021;29.08.2021
1KBZobB9UGfZuToopQVNtHj8PwmbCnyEDr;1;1;0.00481536;22.04.2021;22.04.2021
bc1qq0akdzx663fglsat6h5v494d22xunm4eac3yld;1;1;0.004815;10.06.2026;10.06.2026
UNKNOWN:0020a4a100c5a230c42cca357744ae076a1e4c69;1;1;0.00481;19.02.2025;19.02.2025
3DmS4BTGpBNEu2Ff12G89eqpPddho1regQ;1;1;0.00480988;21.05.2022;21.05.2022
bc1qatk3kq82m2rj2eyuvvyz94hst7z330n3jgsdch;1;1;0.00480271;12.09.2025;12.09.2025
UNKNOWN:002020d39eb4fb6765f13592bbdce71547221cd9;1;1;0.0048;22.02.2023;22.02.2023
bc1qwlteymwnme8ckpaczf2kqsuzphq66xxqftucxr;1;1;0.00478188;31.07.2026;31.07.2026
bc1qgfrkf63l39tyzvvv74yz4g36yecr5synqk26xf;1;1;0.00478;31.07.2026;31.07.2026
18h7nMLR4QousULss1TyER8VSFEgTf3fjE;1;1;0.004742;19.07.2022;19.07.2022
bc1q0udj2zgj0ykef92jsagvyk63znpkjdshr6ygd8;1;1;0.00474198;07.09.2025;07.09.2025
UNKNOWN:002074e4d23a89e5e2b4332dd0c32160380e4723;1;1;0.00473028;05.08.2024;05.08.2024
bc1qhgy0rcxh4tkh6nyflzutxtzl5u4uke4sp4l5rx;1;1;0.00471623;16.08.2024;16.08.2024
bc1qz5zxyplpg7nfazysrnlq2zzp00t7rqle9yhu7a;1;1;0.00471291;31.07.2026;31.07.2026
bc1qe4rrkaxm77lnn7jhwc33z4g8qf7rnfxu76q2xr;1;1;0.00470611;31.07.2026;31.07.2026
bc1q2kwvqzx8ymjkfuye6pxw8yvelxrks78mw7438j;1;1;0.0047;17.06.2026;17.06.2026
3K8UnpQnDrd9AGSYFaKvEsbBgupJW5N4VQ;1;1;0.0047;03.01.2022;03.01.2022
bc1qm7r55lekrmw47lkd9y9gvtfvx6fvjxuytxztwm;1;1;0.00469713;12.10.2025;12.10.2025
bc1q9m3kzd5annns4ttudveds703yv4f6w5hea66qh;1;1;0.0046967;31.07.2026;31.07.2026
bc1qetalqhhm05vuupchvp8zelrm4p7zwkzp063k7d;1;1;0.00468692;07.04.2024;07.04.2024
UNKNOWN:0020ec6fd537bdd8021b715bdc8acd30ca5bdacc;1;1;0.00467697;03.04.2024;03.04.2024
bc1q89acwg3ye0jhd6l004ychlk6dwhwdzdp3qnplt;1;1;0.00467574;29.03.2024;29.03.2024
bc1qv6y5lpzp56pmk5wgxxnsuyxdegctww2wr0tf7p;1;1;0.0046739;31.07.2026;31.07.2026
bc1qwae4clep7cyxl9gmvjvk7zw3vu0k5qdh8873fn;1;1;0.00466018;31.07.2026;31.07.2026
bc1qye0h7n85mjdw80g26vkryy2vlkfr44ae2jxx46;1;1;0.00464883;04.06.2024;04.06.2024
bc1qhsey4332datt040aynmxzj967qr3ekqwuxvcsw;1;1;0.00464648;23.11.2024;23.11.2024
UNKNOWN:0020a3009b7c769e674b944aad9080401dc0a6ed;1;1;0.00462698;28.12.2024;28.12.2024
bc1q5jkx2uupjq7vn8t6p883tq0jvfdzdepj2y4npk;1;1;0.00462183;31.07.2026;31.07.2026
bc1q5zgl5e4zchah37sge8908qu9nzxfelaq2rptpe;1;1;0.00461401;02.04.2026;02.04.2026
UNKNOWN:0020e07873038237c14efd3a12b580fddf68fa0d;1;1;0.00460056;14.01.2025;14.01.2025
bc1qpcgq832p02u6nsayymd7ah3vy5x3wegxva6jyd;1;1;0.004598;09.03.2025;09.03.2025
3A6d91PjvkU3SxACYGXy4gzKrhxkyma6HJ;1;1;0.00457664;11.02.2022;11.02.2022
bc1qwdgxn2grq6wyk03uz8wvsem8e52usjtf3zv6au;1;1;0.00457619;31.07.2026;31.07.2026
bc1qg298sjfgd8pzajt3rcdw8736lq2rk4hf6y07hv;1;1;0.00457507;31.03.2024;31.03.2024
bc1q804r3ltx93r5zze83u2h6gd8nn89re9r5mm9yc;1;1;0.00456161;05.08.2024;05.08.2024
bc1qrg8d906jtydn7wfxcsnsfeqaemllmypz9dvqgr;1;1;0.00456;31.07.2026;31.07.2026
3CjAAQZc2MngN1djB1SioLfj7fD4C3swr7;1;1;0.00455563;03.06.2022;03.06.2022
bc1q83ufhxzs509t8hhknxlsescvct0mm90dktx0mp;1;1;0.00455462;09.12.2025;09.12.2025
3FURx4BLjrHguDpiPB4emrKKWdtQyJzGVt;1;1;0.00453558;29.12.2022;29.12.2022
bc1q0rl45pywvf4qdgfh03kwxmyrhztdtxunxvqvpl;1;1;0.00453404;31.07.2026;31.07.2026
bc1qjw20natdwmqm743zs2arf3nht3unvfyetv8cvc;1;1;0.00452437;25.04.2026;25.04.2026
1FJoHXY2C9NhBcD4wumLMuBFUi2QsHYhgg;1;1;0.004514;12.01.2025;12.01.2025
bc1q8m86q9exwa92s5ztfr0fg9c5q7pgcr6wu84mpg;1;1;0.0045119;01.07.2024;01.07.2024
3Gg2Jzh6oMvqwkgFcJ4wUU9YADJXjtDgme;1;1;0.0045093;26.03.2022;26.03.2022
bc1qa8xa40el4a3h209uzzfeygmfs2af8hww4evey2;1;1;0.00449664;31.07.2026;31.07.2026
bc1qlpk3tk4zx07jsltsldunc5mfkwyf9ry0fjlhw0;1;1;0.0044787;31.07.2026;31.07.2026
bc1q93vphpnqa6vspn3hldehk9ml2fw8e3fd90rfd7;1;1;0.00446049;31.07.2026;31.07.2026
bc1q7ky08mny7kas3g07rh0gnumpe8kj822s5mrx5z;1;1;0.0044485;21.01.2024;21.01.2024
bc1qxjackwu4hduk9gufmrnhep29s49sr6j4zwzmnx;1;1;0.00444184;12.12.2025;12.12.2025
bc1qp84syu26nvtdzrc4e7n50u6gx3yte5djcmj9zv;1;1;0.00443862;03.12.2023;03.12.2023
bc1q8trcfrcuhz53zhhshh66s3wj85dkp5qdjupwt6;1;1;0.00443212;31.03.2024;31.03.2024
bc1quaf595jzwujwne7pxrgyqt9p70xu6vt8ttrt4t;1;1;0.00440671;23.01.2023;23.01.2023
3Hhxh4DQYsWFT34bnWsPUCRW4BQkcUd1oK;1;1;0.0044047;30.01.2023;30.01.2023
bc1qetlckqgums8u2vsgdpe6cfkdx4m80e3mpnzfst;1;1;0.00439457;14.09.2021;14.09.2021
bc1qqxjfudxl5z5ukcr3ay24ejxffhrrnw0sx3px49;1;1;0.0043768;05.08.2024;05.08.2024
bc1qumlx4j9f377p5ddm37an68f8g27tn6jda5su3h;1;1;0.0043768;05.08.2024;05.08.2024
bc1qrxsmug6g4mg9n3uf6ug2e3r2gpmn9qv8majdjq;1;1;0.0043768;05.08.2024;05.08.2024
bc1q89c23wcz8mrza4p4zs8eyjuulnn5gd5fppflwk;1;1;0.0043768;05.08.2024;05.08.2024
1MDgtfy1QLNqHVNMV2BwQkQuYxMNDvmKwp;1;1;0.00436559;05.08.2022;05.08.2022
bc1qdksqr4f73ss5x7rgu720uez8xe9ul4wvmujkf8;1;1;0.00433427;13.03.2023;13.03.2023
bc1qyrxtgnkt6e5r7tm3hpu7sm84d80jq8nujukxs7;1;1;0.00431671;17.07.2024;17.07.2024
bc1q6jn4vyhm7h2dn85ugmrjryv7586ueks2z674ul;1;1;0.00429049;04.09.2024;04.09.2024
bc1qnvq8e0n5l0szgr5008dme9u7nehvac5avgmzfj;1;1;0.00427577;31.07.2026;31.07.2026
3BcqTtXW6HPhCEcH9S5G5nP27HXirBh3nC;1;1;0.00426351;26.08.2021;26.08.2021
342c6H4oyri7NgRqjQYnJYgDzxCun22fGd;1;1;0.00423745;25.01.2022;25.01.2022
bc1qmrmxp9mllrucjg8qwu3u2xvj6xsrw8r5vrp5hj;1;1;0.00423517;31.07.2026;31.07.2026
bc1qp36eg0fgmemc57rpxqdz7wtlt39nts8h0svzdj;1;1;0.00423161;16.05.2024;16.05.2024
3Lai7DRLnXxFbXyGf2HUNktEXHA5avULMG;1;1;0.00423;03.05.2023;03.05.2023
3PGG9yTd5Tr5F8i3Jxaqsdp1MN283vrtas;1;1;0.00421775;29.03.2022;29.03.2022
bc1q4r0ex83as3wseehfquw8935ljlf775syy2jcst;1;1;0.00421458;31.07.2026;31.07.2026
33tjxCj33y4aWWv1Q5WqeKCoN9i3PyLzRJ;1;1;0.00420752;07.09.2025;07.09.2025
bc1qa3va8r5ky6873wlzg4aq4fnfw8sww99u3f5u84;1;1;0.00420666;25.04.2022;25.04.2022
bc1qkkqxra89wsnf2umwh4t7llg6pl0r0ua6g3afgs;1;1;0.00420503;17.08.2022;17.08.2022
3FKJAGQjafmTbDnSkHZC7ALbCbMUoDxtqh;1;1;0.0042;23.04.2024;23.04.2024
bc1qmrcxpe2rsvgdmrqjggkkc9az9avwfqul2v3rrw;1;1;0.0042;11.08.2024;11.08.2024
332pAFhzHVAaLHX5LYaDitMJ8t1XZu6RVX;1;1;0.0042;06.09.2021;06.09.2021
bc1quxk86e9flhc0vj96ysafza34qwt9vl7wf8w20c;1;1;0.0042;10.09.2022;10.09.2022
bc1qjyp7y2l89s8aje488qp80zdklh3aak8t88pw58;1;1;0.0042;14.06.2025;14.06.2025
bc1q7lhjv7d7yhuwa7kuyxhjt5x58emz4l8zpxj4j5;1;1;0.0042;08.08.2025;08.08.2025
bc1q6pf469c0q7n5534mj3dmfq5zes457jyswuazpj;1;1;0.004196;31.07.2026;31.07.2026
bc1qr3c543awztnh0w0en3e0wscp0cn7wfd9ww363c;1;1;0.00417138;17.12.2024;17.12.2024
bc1q9uqh6am6p65qrjsxjp29nynnnvmf6pe272479m;1;1;0.00416746;31.07.2026;31.07.2026
36JhEsHW3ofpVu2rTwB2mec4v69qEdvQST;1;1;0.00416284;25.01.2022;25.01.2022
bc1qv8auz94l4vy5tmhhr7f0nak2arexx80uhz27tc;1;1;0.0041624;04.05.2026;04.05.2026
bc1q8nxfhglkkg269ss0w9dh8z8v7tj0d6syflemuz;1;1;0.00415454;19.12.2022;19.12.2022
bc1q72xrr2wtvxa0z50l2f5mwlgwsfuzjkwe94mt7t;1;1;0.00414642;18.06.2024;18.06.2024
bc1qfltwr5nrfye478axcmjctnenlfzx3dj8fyylsj;1;1;0.0041299;14.12.2021;14.12.2021
3LRiUJ9fzD2J2izdMS8BExBFRJSSjahdQ9;1;1;0.00412385;07.02.2022;07.02.2022
3QSxQ9zHcYwJxNgWvcDis63LrAtCixPtJL;1;1;0.00411591;25.01.2022;25.01.2022
bc1p0pgh6fvlhu7xggexhsy7yah77qdgyxtuw405zndaq4pgqulnzkdqsfxz9x;1;1;0.00410687;20.12.2024;20.12.2024
bc1qknygrr70sztn69vw2y6nq2z4gmhtfra3dvg3jm;1;1;0.00409793;16.05.2024;16.05.2024
bc1q2ar86y6gsvdjk5f4qpwrtmvnadgj8xklp2rxjj;1;1;0.00408662;22.02.2022;22.02.2022
bc1qde4dpn95820n9r4f3c2xccr9la2tl2humdqpa0;1;1;0.00408224;30.07.2022;30.07.2022
1M3TcrEqLcyRtXe58hizvHnEu1MJt5TbJw;1;1;0.00406489;05.07.2023;05.07.2023
3NWyFvZZVEAdkpNhCKzfYgD1RQDtgMu6Es;1;1;0.00403514;24.02.2022;24.02.2022
bc1q8j3ymt8k39ezsn99dppzzfetgyz7szy4wfh29y;1;1;0.00403311;02.06.2022;02.06.2022
bc1qq9q2geesms063edsgtshhs37qx03xmj0u0y88n;1;1;0.00402718;22.12.2024;22.12.2024
12ATgT38Rf38w39yjBoBAoVj4EMHrNXpXy;1;1;0.00402598;17.04.2026;17.04.2026
bc1qx6xrmcagm44433dgm238gghwgnrs4lzn8lt3uw;1;1;0.0040243;14.01.2023;14.01.2023
39hx6oFGUT8qafu66Yuux565QCemtfxruf;1;1;0.0040151;31.05.2022;31.05.2022
bc1q6lhw0ruh480n86dljd3ssnc3p8s6tzcgpn6e89;1;1;0.00401445;03.07.2025;03.07.2025
UNKNOWN:00200b6116ac5706794ed9e8b1d337ac378bb7dc;1;1;0.00400368;22.08.2024;22.08.2024
bc1q6n4pfta4ugmppmveswgfap2ygnkl0e02d5cct3;1;1;0.00400047;09.01.2026;09.01.2026
bc1q4h7nz4uw2znnk9wryrs6vhmyp2wnng7f9l73g9;1;1;0.004;23.08.2024;23.08.2024
bc1qed94psazgn6g2y84f9paesxqdcqjvph0hpvegs;1;1;0.004;13.12.2023;13.12.2023
bc1qgrc9kgg2mknpkuvpj777pnl0my53g3s6uelp2d;1;1;0.004;18.02.2023;18.02.2023
UNKNOWN:00201fff38119927eb82cda472087395cfb45ee9;1;1;0.004;19.07.2022;19.07.2022
3NjfMDx6Jj5WsRzVmKX1S3YDKxht6NTTEf;1;1;0.004;10.11.2025;10.11.2025
bc1qfx0cqv8cpwmu5cl5gfr948hdpr6fr767qk4aug;1;1;0.004;12.08.2021;12.08.2021
3DJumrA329wvDniVwXwJpbQbsR2sfuf53A;1;1;0.004;23.08.2021;23.08.2021
bc1qpm3zph7nutl8rc9em8netdf7u8thpwep8nsua3;1;1;0.004;28.05.2025;28.05.2025
bc1q9cczl8khz6t565d3qfl5zmygcvjfrkdum6awth;1;1;0.004;05.09.2025;05.09.2025
375G7xxwe95rqbAzAh2ZkPDyQ5zUf3seoY;1;1;0.004;29.03.2022;29.03.2022
bc1qft047k7qmffc74kp2uw7hxhktw9tjyxuurpum6;1;1;0.004;24.12.2025;24.12.2025
33UGjuS4bbGJM6UGfSbXWXCqxgsLsBAjLH;1;1;0.004;22.08.2021;22.08.2021
bc1pulpgzhnupyannz8nfapt8zx4km26j7x5qft0njtldxzqcl9694ns7hudr8;1;1;0.004;18.04.2023;18.04.2023
UNKNOWN:0020f0855c135e28be5ce444ff154bbd2d9e62f8;1;1;0.004;21.02.2022;21.02.2022
bc1qdtgn0gnkyn8zr63nxq3pf4hwn43rr5dpwpytkl;1;1;0.004;04.08.2025;04.08.2025
1FGeyPMwzMAq15ovg73YBxJ76zSUi64hwb;1;1;0.003999;09.06.2025;09.06.2025
bc1qjsgep59y3q9w2k3sglmua37cumxdlmj5npmqjm;1;1;0.0039978;31.07.2026;31.07.2026
bc1q9m2xenwt6rkffnd0qegrfekqeqwf9z4zezqykl;1;1;0.0039949;09.02.2022;09.02.2022
3QwMtQiUK68xDJgE6eRHwJauJhmk24Nb89;1;1;0.00398254;23.02.2023;23.02.2023
bc1qxjln27ha5fkd32af775unlcq89vd0yy9pse8ay;1;1;0.00397932;22.01.2023;22.01.2023
19xDgwZ5N9MZ3rgxP1czCiA5TTsjCfTVS1;1;1;0.00397;19.08.2024;19.08.2024
bc1q02em26nkevy7lckxca86k0efhgwggayzmhlu7a;1;1;0.00396866;01.05.2024;01.05.2024
bc1qhj8xpg4564ke9tecfeg68jym4wwzynh5pjesz9;1;1;0.00395817;28.11.2021;28.11.2021
bc1qczqqqng29r8qyraqsnt7gat48j092kppk8lpn0;1;1;0.00394923;13.11.2024;13.11.2024
bc1qcy6ya5u6hqeyng3uza4ajnrk3zfkxljctppshn;1;1;0.00392877;04.08.2025;04.08.2025
bc1qjd0a64usy34y4cmz7hnx0afsggajjle8v8enrq;1;1;0.00392725;09.08.2022;09.08.2022
1yfzQJihsiMisuh3gAV8uZuETBxpsnwUM;1;1;0.00390825;01.07.2021;01.07.2021
bc1q8v9ztg079gpdjd7t4g77w860vv6gzg7khkrquu;1;1;0.00390383;31.07.2026;31.07.2026
bc1qehg46rqmedn3pnav4g4zeyr56zhaz25p8ynk2d;1;1;0.0039;23.03.2023;23.03.2023
34beJcWj2egRvBEST2HsWjoRy8UVky54Js;1;1;0.00389615;10.02.2022;10.02.2022
bc1qt6kdq84649pm458auuflkzph7ud2smgg3kuqe6;1;1;0.00388371;22.06.2024;22.06.2024
3GnxxLgdTEKXFoo7C1GVjy6GAjmevomVcE;1;1;0.00388317;22.02.2022;22.02.2022
bc1qxaqqzhmz9lsw09dnxa8q7jhgkwtrrk89tq92eq;1;1;0.00386851;31.07.2026;31.07.2026
3DMXoZmYH94smGZuxtC9hQYZPfrton9wYR;1;1;0.00386789;19.01.2026;19.01.2026
bc1q3qamlgcml9akmt04ysrgjshh56fpm0z68estjx;1;1;0.0038675;18.07.2026;18.07.2026
bc1qnxelymeywk85maaaq4qa7y67gkje6w40rqvej3;1;1;0.00386422;16.09.2024;16.09.2024
bc1q0nmw8amv0pvargk8yadq6sh709ylm60vpuk5pf;1;1;0.003864;02.08.2025;02.08.2025
bc1q3kvcxhapfc6nvvts0msc9xr278gggpm4vl8xx5;1;1;0.00385843;28.07.2024;28.07.2024
bc1qcw2zz4l5sc3pevh7ws6kydevez6yud0t8q2dm0;1;1;0.00383;24.06.2026;24.06.2026
bc1qg87rw67tqlphp9zyf44jyzvpjdqgkp3vh66lpx;1;1;0.0038175;21.04.2022;21.04.2022
bc1qun63y96e60mkql4cv5seh5vn77mam9hmh8568m;1;1;0.00381401;27.09.2023;27.09.2023
bc1qk4xv7nj7065gxyznpw3pjpz6xsyahv038wdqz0;1;1;0.00380942;25.07.2024;25.07.2024
bc1qzusnsy82xur9a0a2hrkcyr3jmktwd0nlzkv6vp;1;1;0.00380852;31.07.2026;31.07.2026
bc1q2q4hs4qm5pt0j4rn2xq5nyxhfxyrep65kzv7u8;1;1;0.00380801;31.07.2026;31.07.2026
bc1qze7ady927jwxfxpk8hqfku7xlvajxuztqp2fuc;1;1;0.00380145;17.07.2024;17.07.2024
UNKNOWN:0020fc7e9ab21eca038e497a65c6aeb2f71539c9;1;1;0.00380109;19.03.2022;19.03.2022
bc1qjx08y7aceqkww0mr06zfhygln66euh2x89x9jy;1;1;0.00379949;06.06.2022;06.06.2022
bc1qj80a243cazdrvg5w4w360aynprtru0yv50hh4f;1;1;0.00379344;25.03.2024;25.03.2024
UNKNOWN:0020561b24cc1744770c6b3008521c11717aeb7f;1;1;0.00379104;22.01.2022;22.01.2022
bc1q8fg5vg949nugdjkamrgapcqdgz5ulvrtv82yek;1;1;0.0037875;13.07.2026;13.07.2026
bc1qdlwdsd09rza4zlfrdsg3dr8hxu03u2dwup24lu;1;1;0.00378688;25.03.2026;25.03.2026
bc1q6n5x9zlsqf6h67ucz45ux9dy0s8devdt72g8kk;1;1;0.00376071;23.10.2023;23.10.2023
bc1q830jfkt099gjp47ahu7hcvzqwazn5r6xdp8fdu;1;1;0.00375956;28.11.2024;28.11.2024
3Ctq3fx7NvxdeZuVEAKAaW9xtbzGcrWcva;1;1;0.00374485;10.10.2021;10.10.2021
12UgJw5Y2ixaZuuUPu5GoppjLryAjgXr3j;1;1;0.00372;25.03.2022;25.03.2022
bc1qf4eahr3g44mkyddm0us7lj9ptzpmctjkvylmel;1;1;0.00371928;31.07.2026;31.07.2026
bc1qsyx396jualyuzdkmznzmdytvcw8jhqnflhr5pj;1;1;0.00371138;21.11.2024;21.11.2024
bc1q8fusf2xk73a2je0d93cl2u5vmk82lt880pvhe6;1;1;0.00370347;03.06.2024;03.06.2024
bc1qzqzfx38g7q449emxlmfcw6zhy95ulqr22un8j2;1;1;0.0037;23.11.2023;23.11.2023
bc1qa7czhne5qha823dnn4mv63v4yat29yzf8jn6uw;1;1;0.0037;14.05.2025;14.05.2025
bc1q057havahrj3wxc4qqurs6julkpne6wfhdauxud;1;1;0.0037;15.03.2022;15.03.2022
bc1qmn7nggdg2u5f8mxyezlp364vq4c4a6f7f653rq;1;1;0.00369446;31.07.2026;31.07.2026
bc1q770ch3jk8h74wvv632cwh4a47hkw04s5u8s3fx;1;1;0.00368;05.01.2025;05.01.2025
bc1q8mc4pwnqyrg3vrdk58f8t6eupnflc2gsxesc9u;1;1;0.00367831;27.07.2024;27.07.2024
bc1q3r3a0m6p5ju0u9wv3m3hsjdj95gxmyj27ddeam;1;1;0.00366862;25.11.2024;25.11.2024
bc1qdskkm4az2lp49qghy3yfhs9tmc2xtukgfcavj5;1;1;0.00365916;22.11.2024;22.11.2024
bc1qjkjcxxgs4lanz4j92emsp9c0ypvagy9etm0d79;1;1;0.00365;08.06.2026;08.06.2026
bc1qg4gh7zm9easnmrunvtqqf45zdjkm0xwzzg73su;1;1;0.00365;08.06.2026;08.06.2026
bc1q4pyma0t0e5ktel6ql3m5y5yr7wnxyvq34dxvy4;1;1;0.00364948;31.07.2026;31.07.2026
3QQF8TTjrSLKoAZXrzvSXGdU4f7nbYNpA9;1;1;0.00363762;25.11.2022;25.11.2022
bc1qz5jr9uuj85el7uf533l6qz8jsl68447gepht5t;1;1;0.00363688;31.07.2026;31.07.2026
bc1ql474pjwsem6h0raqmze5uk8m4dze2m2v2r5gsj;1;1;0.00363668;02.06.2023;02.06.2023
bc1qx0c43avgh7xp0fm2xm0805cewuys3vd7qvjh9e;1;1;0.00362819;31.07.2026;31.07.2026
UNKNOWN:0020e7978005e5ce0e2097049092c99195ac3526;1;1;0.00361528;22.09.2021;22.09.2021
bc1quqlp3y6qdkmmm7r4kf7s8rpyqry42yfc7rqp40;1;1;0.00360912;30.03.2024;30.03.2024
bc1qsgfmtwthc605l8guykvyc9npglu8a2eh6s4zqs;1;1;0.00360912;30.03.2024;30.03.2024
bc1qv6tjvvluj0plzvxuzywju2hpsekp275pkalh4r;1;1;0.00360868;30.03.2024;30.03.2024
bc1qjjptwaq3sc64ek4ynmcxuevahem23xdxq4peur;1;1;0.0036085;30.03.2024;30.03.2024
bc1qnz6dgm53rygpd0f4cad2r7s2ahwg6hsaga2af0;1;1;0.00360048;21.07.2024;21.07.2024
bc1q6hnv4y7xyuau95v9fdljedcev6ksr4dnt9ztnz;1;1;0.00358725;17.06.2024;17.06.2024
bc1quccxwmzhk00u38n7qgveahchvx3m486p4dqmay;1;1;0.0035804;20.03.2022;20.03.2022
bc1q3ls0gktpfreatx9kz4qlrmmdxuc2x37xlflh9w;1;1;0.0035725;25.11.2023;25.11.2023
UNKNOWN:00202effb4e1338baad19103586af67f9932117a;1;1;0.00356401;08.10.2023;08.10.2023
bc1q9xw4t2udu7e2wvvr463g9pc6ly3cnuasntffhm;1;1;0.00355587;16.04.2024;16.04.2024
bc1q28zzmttr3pcms9jp4ngf4jwur9n3gfstqvvr2s;1;1;0.00353947;22.10.2022;22.10.2022
bc1qn0ewelevltjw0vh26t7a2vqsmef38p02kv38n3;1;1;0.00353895;03.11.2024;03.11.2024
15QjfayA9oLd5LUZWrmHaaFQqiP4UaRGtn;1;1;0.00353564;20.03.2023;20.03.2023
15kc4PB1WhmYCz8Gs51VErUk1zSR7cFmGs;1;1;0.003533;09.03.2025;09.03.2025
bc1q2vg2x3uyzv4fesl3s877t6zq5rtr7vudpqm8g7;1;1;0.00353269;10.04.2023;10.04.2023
3K9LrX2RkkTbpoGj93geBXyCvNC1T4hxJC;1;1;0.00351575;02.12.2021;02.12.2021
bc1q4prk4c6c4els4d8g7gc6nqc7zf5ncpndpnm68q;1;1;0.0035;25.06.2025;25.06.2025
bc1qfwdvlr8s6mwh5hjkuqcfujgtlny8kmga7texh4;1;1;0.0035;17.09.2024;17.09.2024
bc1q2rrq5t47r64ltcdzst02unyczvu7hzl2jzq7r7;1;1;0.00347019;02.03.2022;02.03.2022
bc1q0x3uugm790vjpn9qq6xttlv9yr6qsg49pte3ug;1;1;0.00345988;04.06.2022;04.06.2022
bc1qfyjcsfgtszqd264dgxjavjg0hv6u6uu2t00g67;1;1;0.00344757;29.05.2022;29.05.2022
3N9ctJQy8sfHLwDbQsKKxH4e5jwmcc3dUJ;1;1;0.00344724;20.01.2022;20.01.2022
bc1q6kkzjfg8jnsvyrmm5d8ppgzq90rrpyqrmrmlqa;1;1;0.00343386;31.07.2026;31.07.2026
bc1p7lfkqaxtaaevq85chsz2xle0t43g2gxrk88zu5ajmmmu3rhng8aqvz59sc;1;1;0.00342462;01.02.2026;01.02.2026
bc1qvv6vzmndlzg080ajuvecxam4hqhz6vsr6r9hx0;1;1;0.003419;09.01.2025;09.01.2025
bc1qzac0eydl3lmnayjm4ftw52jp82g4yp6h9zat92;1;1;0.0034146;13.05.2025;13.05.2025
bc1qndvl65yelrcktdk79zllfugfcz9n9eqlfl4qc0;1;1;0.00340988;19.08.2026;19.08.2026
1PVYykiLAouwdJd5YMnRPTHUzQiFsERhkE;1;1;0.00340841;09.05.2022;09.05.2022
bc1qma7c6ttvfv6frlqxzgswmqmknlwy3glrkf7f83;1;1;0.00340413;31.08.2025;31.08.2025
bc1qqqack2vc7yg5dtlarpx8yqpxuzeadknr269a32;1;1;0.00340177;14.02.2026;14.02.2026
bc1qer8sh5vcawf02tm5je52499dlck24d4egp7hf3;1;1;0.0034;01.10.2024;01.10.2024
UNKNOWN:0020ceda21ab2091bf693343490338bb9e71c399;1;1;0.00339314;31.07.2026;31.07.2026
bc1quv2htwygwtn6yrez70k2wpmydvxmkuygkgljpp;1;1;0.0033869;11.09.2023;11.09.2023
39ThVGTXGKm3MWJFXsnKyFcei2u9kA5yEF;1;1;0.00338571;30.03.2022;30.03.2022
bc1qvvxs966dvhspl90knu42fc2vhuqhd9c8l2q68x;1;1;0.00338507;04.12.2025;04.12.2025
bc1qep5hch48mx2667qudvpkt23nmmrjwvmzva4xjm;1;1;0.00337275;16.10.2021;16.10.2021
UNKNOWN:0020620a3305ee788885bf9050a7e8b4f0671bac;1;1;0.00336345;23.11.2021;23.11.2021
bc1q0s8uqhqzx5jhew56s0crrh2gk2hj8us74epn6z;1;1;0.00336292;31.07.2026;31.07.2026
bc1q62u2zas7ezlkg09suky6g5p93q68c0xep85hmv;1;1;0.003347;03.08.2025;03.08.2025
UNKNOWN:00206deb5cb8dcaf80fd293514e3f93564fe8651;1;1;0.00334388;23.12.2024;23.12.2024
bc1qu0934j4mjdty3p8ymzujvdxzwxty0tgwaxalgf;1;1;0.00333788;14.01.2023;14.01.2023
bc1qw93rpldlsyx538npns47j3z48yj99r5js6nq20;1;1;0.0033322;28.10.2021;28.10.2021
bc1q2w660h6w2sasp3nceu6729xgj73ls006wuy40r;1;1;0.00333165;16.05.2024;16.05.2024
3KstfzZDJKsKN9AgBf8wybk6UYbFBKevqs;1;1;0.00332208;13.03.2022;13.03.2022
bc1qge47y6sfxmaqefzkld4xxzl4k9gt85rm0l5zlz;1;1;0.00331891;16.05.2024;16.05.2024
bc1q0wdnlrcypyns8vucksr5kev94wplwaupesrz6n;1;1;0.00331597;31.07.2026;31.07.2026
bc1qqwa99e82xngfwp95urkqfjyfx6uhr2z7v8qqcu;1;1;0.00331341;21.12.2022;21.12.2022
bc1q3pat4mpgkfhu4pxgtx7y876c0tdfr999k58l9p;1;1;0.00331187;31.05.2022;31.05.2022
bc1qnw2zwf3kspl2t8nrd7xas7kqq33sst32aeqcmr;1;1;0.00330283;15.04.2023;15.04.2023
bc1qs8urzx7mqxsx4em8uc4p8ql6ekfzqer7aucxgv;1;1;0.0033;27.01.2025;27.01.2025
UNKNOWN:002038e43e3a41701c899afabef3aadb70e37dbb;1;1;0.0033;28.12.2021;28.12.2021
bc1qcnmrzkjl44kxm2asynzzv0xm38u48mg9nmghkp;1;1;0.00329749;10.12.2025;10.12.2025
UNKNOWN:002046256e6c113d65e079fc2f22a3e10dd3a0ae;1;1;0.00329342;24.10.2022;24.10.2022
bc1qsrtda0r8u5fhfjrncry45x83jvz8kp0uknjst8;1;1;0.00328468;26.02.2023;26.02.2023
UNKNOWN:00205c3ca85226c4c8ec8d7636437b867a85fb22;1;1;0.00328188;07.07.2025;07.07.2025
UNKNOWN:0020632e81ea855681cf90b4c274043ab319306e;1;1;0.00327822;16.07.2023;16.07.2023
bc1qnga20s7gp90px9quhc6q22uyfjt0svvjx5l0lp;1;1;0.00327557;23.11.2021;23.11.2021
1LQNZngcxGjrU8DXkuToKRiGW8upzkcQDR;1;1;0.00327101;05.08.2023;05.08.2023
13hkiywmYhLqMqfy8Ge7BiRVqGCNLj3y65;1;1;0.00326714;08.08.2023;08.08.2023
bc1pujxp0gj7pk5s4sd0mkr5rhueduvw9wsn4eey8ufr736ervy4akkswpy8xa;1;1;0.00325859;04.12.2024;04.12.2024
bc1qh82c703e23tt98jqjqjcjuupg54s4hrnl9rgxk;1;1;0.00325382;31.07.2026;31.07.2026
bc1qw5wxj5waas9u3q2fjdfme2rm69eele5cmkgsm6;1;1;0.00325204;12.06.2023;12.06.2023
UNKNOWN:0020a734cd166e31547cc9f0bdff520d6de13f59;1;1;0.00325178;25.07.2024;25.07.2024
371e1fpPwXKNYQ2huSBur4vC2TYTkoQdJh;1;1;0.00325;22.09.2021;22.09.2021
15cb2Mn1LvThXjX2vVmayWG9XHEooWzVFM;1;1;0.003244;03.08.2021;03.08.2021
bc1qavp3l2jf052auyjecld94mrhrq9ql8zlt2asqu;1;1;0.00324163;27.09.2024;27.09.2024
bc1pxuujdcssleau38hsqg7x45uqw4saqa7gun9pvywh0marcgjrwvus43804r;1;1;0.00322793;27.09.2024;27.09.2024
3D8audbXsDQvYfiMSyTWWgiUznQYuPZG6B;1;1;0.0032215;10.12.2021;10.12.2021
bc1q9299lj98vqkqaew0q3xs6vlgys40em0xvmjlqj;1;1;0.00320244;31.08.2024;31.08.2024
bc1q7wrkktrwn9sd8x59v6uq0au2sv7mwqeuzx7wcv;1;1;0.0032;31.07.2026;31.07.2026
3DFFMYB3np1kTg79kZE2yQkNaeigKtEJKd;1;1;0.00318913;31.03.2022;31.03.2022
bc1q48mkggcvkvypdrgyntculvh5602jw8am9r4duu;1;1;0.00318125;12.06.2023;12.06.2023
bc1qqywqqwf554rh56azjne07xe9epc3mf7gveyyk4;1;1;0.0031755;20.04.2022;20.04.2022
bc1qvpgkqxmrv3sl3qe48l8ct82n57rc90fm6ldj6v;1;1;0.0031639;09.07.2023;09.07.2023
bc1qsyacy5mjpcnahnhycnc897xcvg3fmap9cn9s4p;1;1;0.00316193;01.06.2022;01.06.2022
bc1q4jkuc8az769vyztms4tpcmgzlst60678wx73pq;1;1;0.003156;06.01.2024;06.01.2024
bc1qfum4u0tnkls422hldcvkyacwa7z7l6p8v5kle3;1;1;0.00314827;12.06.2023;12.06.2023
bc1q65x2x5ywk276yhj9n9vlgql2n7pmfvdy88xx5v;1;1;0.00314172;19.07.2022;19.07.2022
33U2FnKrS6h87tD9U5nh4uGpM5Ng5SguJF;1;1;0.00313764;01.06.2022;01.06.2022
bc1qf07gl48s2mkss9xca8styfwl65uppg7df2njhh;1;1;0.00312827;31.07.2026;31.07.2026
bc1q8qz64c3gwycqvph42e49vj2qky7p7uuqw5zj92;1;1;0.00312407;31.07.2026;31.07.2026
bc1qupnvjyqgmjjx2jftjacj8pnzawzy8ulctwp7dw;1;1;0.00311707;02.03.2023;02.03.2023
bc1pke8qrqkudzx2dezd8p7ev3l25v04d0xrlckm5afh7nsp2zw99z0swzqwuf;1;1;0.00311479;09.01.2026;09.01.2026
bc1qzn26evrtxmy0jnrd767kfy55q74qc6whe777av;1;1;0.00311094;31.08.2024;31.08.2024
3NHDpVzUzJA6TKT4GxF5ZF8kRd9Dsp8cBy;1;1;0.00311046;08.03.2022;08.03.2022
3LWQuzPApiTq4SB3rswZq59MSaxRdv5hLv;1;1;0.00311015;14.08.2022;14.08.2022
bc1qrx4l278lte00hhs0tp4stcfva3nfr8cln46fx5;1;1;0.00310366;11.04.2025;11.04.2025
bc1qnl7cezvr99asucjh5fz8u7tyhh4eku2feaschk;1;1;0.00310138;17.12.2021;17.12.2021
bc1qm7gxcd9ytt7csjgp566ra2werwx48uylc8mtc7;1;1;0.00309868;09.01.2025;09.01.2025
bc1ql2kymnrf5dltmwda4me9lvn5n376effyfpfjqv;1;1;0.00309432;16.08.2024;16.08.2024
UNKNOWN:0020eb58e3972a9863a51e7163b8ccf86e23951f;1;1;0.00309;11.07.2024;11.07.2024
bc1q8gcgdz78p75578lrd3wgqka9gk4u0k97frp545;1;1;0.00308778;31.07.2026;31.07.2026
39QGyA688JpF6dX4pWvJAsZz1iCd9uhVS2;1;1;0.00308579;09.12.2021;09.12.2021
bc1q73ypeg5u0f3ja3zqusnrf6z2ahx00grq3n68eu;1;1;0.0030662;16.09.2024;16.09.2024
3JfLCAhgzktRHh8bww3XD9ui514YVbqSyd;1;1;0.00306372;02.08.2025;02.08.2025
bc1qxdjqsul8gjetut29vxpk6lucn8ls6t05f6437p;1;1;0.00306262;05.03.2025;05.03.2025
bc1qpzguj620hq4km4y0ypcqw8uvqktxhf6fkh9004;1;1;0.0030621;12.01.2025;12.01.2025
bc1qccqzr45x3gupz82hd22v5g3ww8fdvx9c55k5nk;1;1;0.00304555;31.12.2025;31.12.2025
bc1qcckgtwtttgg3ydqch7fgnth4drhqe03hd805lq;1;1;0.0030359;08.02.2023;08.02.2023
344fB9aU57h4RMTKNmTX59nNdzWf7m7Ywm;1;1;0.003032;08.12.2022;08.12.2022
3GNbaJttUPWpEnfDAXt5MKiv6KkyfnYzp3;1;1;0.0030252;07.12.2022;07.12.2022
bc1pk2dkk60qm0f72yhw0l4p3xfx3faexswwta2qddlj4n8mdl8h2kvs6r8ruh;1;1;0.00300904;20.01.2026;20.01.2026
3FnmzXBhBY79wYyPD5VSHAYA1Gzn2tNYkQ;1;1;0.003;23.07.2025;23.07.2025
bc1qcvg30e37cax8u9a7csyuu7harf5km6kr206zxs;1;1;0.003;18.01.2022;18.01.2022
3BQqV4snT6aYgz3y2Kc3b5jq9cvZfY7Gaq;1;1;0.003;03.09.2021;03.09.2021
bc1qwt027fz546008257ekywaysgm9qfttp28rxs3v;1;1;0.003;27.04.2022;27.04.2022
bc1qwr2kupfdsm0094psn4lewkmxqqhu22ca9xqtek;1;1;0.003;29.07.2024;29.07.2024
bc1qgh8sz9v5zztm4tsjl2zyxjw7qql5j5hpey6yhp;1;1;0.003;19.05.2023;19.05.2023
3QvYTcRHEzE2bzTdsdmzEEfdaSaVfLCm1w;1;1;0.003;08.05.2022;08.05.2022
bc1q48dezjn94ce5pcrrnp9682z9zk7a7pyrpx5dl8;1;1;0.003;25.02.2023;25.02.2023
1KCzQaGyrLgag1A8LQuCuiMFpeSeQ5Av7v;1;1;0.003;29.09.2022;29.09.2022
bc1qxchrdjlh29dwsg0k8a7k5lplyr787zq8wl6sj4;1;1;0.003;07.08.2021;07.08.2021
UNKNOWN:0020fcd122e85f06501574f9a37f104791caf5c1;1;1;0.003;29.04.2022;29.04.2022
bc1qnmualxuscwxr2dmh7j73434uyrta7yfwdyhnkc;1;1;0.003;13.01.2023;13.01.2023
bc1qj85rudce8fg87dj2ul5acnpdfy9jwzwyf2ecsh;1;1;0.003;03.05.2023;03.05.2023
bc1qrzqsvsqx5d8v3y35latnnvmlw2zzdsx4d5wy0y;1;1;0.003;10.03.2023;10.03.2023
bc1peskdfqkxfuuktufvxzadd8dcezkd00g3sg5ccq9psu6xfaqqyvnqem2zkn;1;1;0.003;02.03.2026;02.03.2026
bc1ppxmak40hyhspy3ms7t9vjdwqcunwjyvtvpw3uy6zkdkqtvtkmfds4zrtry;1;1;0.003;29.07.2026;29.07.2026
3FRNLNWjQyjdZmqKEgsYCj8sixK1UsVoTM;1;1;0.003;20.03.2022;20.03.2022
bc1ql239esh5eev990hply6h6emvz9h4p27w8jqpt0;1;1;0.003;15.02.2022;15.02.2022
1NhC9EHqWc1hTk9LeJBkcN38n9hiHjgFaA;1;1;0.003;15.02.2023;15.02.2023
bc1qt6ahc23vpvnf5gwuerj2v26nnu5duzlc2v6mut;1;1;0.003;01.07.2026;01.07.2026
38Bo5tz7db8wSxEY3N2AD588qF3xERLHB5;1;1;0.003;18.10.2021;18.10.2021
bc1qt8ys9ehcqknn50d2a444mdal7xwvmha4pekzd9;1;1;0.003;03.05.2025;03.05.2025
bc1q8k9wq3jf0drfekhl2vrrjevp3ud8w804e2whmy;1;1;0.003;17.06.2025;17.06.2025
bc1pxmj8fq8xc8dw80ngrq8468q0hvkc0wp80j8hqc3c2gx46grd25pqvtgvux;1;1;0.003;30.07.2026;30.07.2026
bc1q60x4xcdgp4mhfw34cwnpd9wdn8uehlep2wfnak;1;1;0.00299425;27.10.2022;27.10.2022
bc1qgnd0x9ttswkjrkkun9vm7tvzpw9wvfld893ay7;1;1;0.00299245;31.07.2026;31.07.2026
bc1qn633dg2tqnz2wz6p89k26lmcvdykwn9xkfpfnk;1;1;0.00299126;03.07.2023;03.07.2023
bc1qsz4ye049mhy2ke2828f3xyf3c0wxzm7nvkafcq;1;1;0.00298513;05.05.2026;05.05.2026
bc1qhfy2sp8588qs6j55wukxc4c47lyvk3appshy8a;1;1;0.00297233;31.07.2026;31.07.2026
bc1qlhj3qga48pxqklgpfhaj7d804zmm56r36cam98;1;1;0.00296505;16.09.2024;16.09.2024
3HDhR5qMrcCYgG3W3hSbcbwgosoYdo6EGs;1;1;0.00296416;24.10.2021;24.10.2021
bc1qkn5v4fdagc3y2wpsq5pguv7rzfc5g0k0x3xtst;1;1;0.00296322;16.04.2024;16.04.2024
bc1qyn88w5t769zyardrcjazrhq3wecw3axm5l2myp;1;1;0.00295033;11.03.2025;11.03.2025
UNKNOWN:0020f26176fe02832e9e38178de7dddd23890548;1;1;0.00295;09.01.2024;09.01.2024
3KYgMiSafCZ6m4VxnCWicgX3NqUXCF3Zsg;1;1;0.00294482;15.02.2022;15.02.2022
bc1q4yv6tuv5wvwr8gnw72nwfk2qe3l57u3y92yj96;1;1;0.00294434;01.06.2023;01.06.2023
13hs2dLD69UuvaQCzktgZwbm56NGCfoU7K;1;1;0.00294347;16.12.2021;16.12.2021
1LkGJyptBw3PABYqYQs8rWdxFPPqGvSPHy;1;1;0.00294132;10.12.2022;10.12.2022
bc1qtrwc6vytt7cknsqxzk2szg53n6uzftnf69x59q;1;1;0.00293803;17.07.2024;17.07.2024
bc1q7may0q6gvfx4gx8kafpmlwdzzejr9w7n943cm7;1;1;0.00293235;31.07.2026;31.07.2026
bc1q2gvlxrp28vllya5v0r69ftf8atau900yv4hu9f;1;1;0.0029;09.03.2022;09.03.2022
bc1q84agxk25l5tx07cjjn9uejyj0f40nxyl7c063a;1;1;0.0029;22.12.2023;22.12.2023
1Lky4XzitFn3sKy5SKZSzvkwzt6zirBmB2;1;1;0.0028875;27.08.2021;27.08.2021
bc1qysmdg8nx2pvwd7lqyhx3jdemkz4zeq4nhl2nde;1;1;0.00288269;05.07.2021;05.07.2021
bc1qjnvjqr4ej52ne3qjqpvyuz69lu8wchyvrm4fng;1;1;0.00287;31.05.2025;31.05.2025
bc1qaqkl8jww6el4540n9n365th863fme72lwd2xun;1;1;0.00286912;30.04.2021;30.04.2021
bc1q57ue2ssh40rxgt3t4xjq02xg6qy7h2j5pky84y;1;1;0.00286576;23.12.2021;23.12.2021
bc1qkq5c99fcgz2z92y9lc0u0q49hh69x4pf3kutzs;1;1;0.00285522;03.06.2024;03.06.2024
UNKNOWN:00202fcbfe2a1cb1726ce034e2e9b8c4fe44c64b;1;1;0.00284756;27.06.2024;27.06.2024
bc1ql6h9juv25n6z4j3sj7w3rgwsd2nlmfr9d0qhwm;1;1;0.00284473;13.01.2023;13.01.2023
UNKNOWN:00207457b9a5aa5940a5f00c7015691ff8bbba1e;1;1;0.00283947;25.06.2024;25.06.2024
UNKNOWN:0020e31a992a1602881571e281cd2c4d812a24fc;1;1;0.00283;25.07.2023;25.07.2023
bc1q4ru6m3ezdehvme5lq2vck0mmcqyhtsyapqekv3;1;1;0.0028245;31.07.2026;31.07.2026
bc1q5rhelu6levj657xu6vnt37p392ft5xxful99kt;1;1;0.00282132;19.01.2025;19.01.2025
bc1qs0cjmyvs2kj2wzmtgz7swy7zq74xj3cqy4p34r;1;1;0.00281707;31.07.2026;31.07.2026
3FLhAQA7Qvyy1ESiQw2zcX1GB8MrAPpZVW;1;1;0.00281535;11.02.2022;11.02.2022
3AwQitK7EGoy5Q2oQB8AnqNegiv59Bdxge;1;1;0.00280499;30.12.2021;30.12.2021
bc1qd5zexzhk3cwnntdw5vc9m28ufnkvy8zmanvgd9;1;1;0.0028;20.06.2023;20.06.2023
bc1qe6uafkcsgxzx25m7nlpedpxnty09y5x6tyk2x3;1;1;0.00279041;31.07.2026;31.07.2026
3GK7GH3ELaWTTre8SWgXWwGR9KybU6vox8;1;1;0.00278639;12.02.2022;12.02.2022
bc1quugwtt98zeljf5njcgkpwrf39jympq9s4qk56p;1;1;0.00276916;31.07.2026;31.07.2026
35mY5nkeGn7LSTFtFYdLNUHHn7xy11ZDsp;1;1;0.0027676;28.04.2022;28.04.2022
bc1qzxmx9quwwf9un2n9he3x7q3tw4459l9mxyv8m9;1;1;0.00276284;31.07.2026;31.07.2026
bc1qe9gwsgu7j7vn783dkujpedj8s33mr2p5h4l6gn;1;1;0.00276186;13.09.2023;13.09.2023
bc1qtx2mgp6vmswfxcd7zfszdzx4ymvntuaeha6tsd;1;1;0.00276145;23.05.2025;23.05.2025
bc1ql5mcm82xvffuqxuzvfuwdn6re39dcggcvndux0;1;1;0.0027405;19.07.2024;19.07.2024
bc1qt4lcqpr5wc6260fj84zjklyyw227u777as6spw;1;1;0.00273443;22.10.2022;22.10.2022
3AJQvnsMRJHgpnLeJwkAsEVKWxpniQkFNP;1;1;0.00273288;08.12.2021;08.12.2021
bc1q7wvrdayax7h5yw3cdtnqu9hu5e56zc9ylng2pa;1;1;0.0027;25.11.2023;25.11.2023
3MeWEp9oL6yAS4E8ZKc3kcdYyyyC44Cwk6;1;1;0.0027;02.08.2023;02.08.2023
3Aq4zM39TgX4VmGPbe5EVcfo3CtaqATMwK;1;1;0.0027;16.12.2025;16.12.2025
bc1qwv7n85ftzpew663ked92ghcm4ehe7frmjfjn8f;1;1;0.00269375;13.02.2023;13.02.2023
bc1qyaj8qsc9c0weejx8z5szf7j8vly6s3yywjm7g6;1;1;0.00268471;13.09.2023;13.09.2023
3AV8kzDPsQZgSwvfNseD8HTH47K6yeU23h;1;1;0.0026842;23.04.2022;23.04.2022
bc1qkpp4n57ye5lxatya3d27r86zhzljkap593dd29;1;1;0.00267334;22.11.2023;22.11.2023
bc1q3hktdremvtenahl92dppjukq93edrkafd3gjud;1;1;0.00267323;03.11.2021;03.11.2021
bc1q65jsv3nmgamr423q3kw3llhwjdhgh0wcjwcuyf;1;1;0.00267296;31.07.2026;31.07.2026
bc1qyypcun6ecsw3l9lnkyukuxa59edz7ewc7wa38q;1;1;0.00266965;31.07.2026;31.07.2026
bc1qqjyz07whh9vy6w5vpr995a35ssfgmycj436n0g;1;1;0.00266481;31.07.2026;31.07.2026
bc1qw5zym8z608q8h03stdle2amsgr4nmlmer7jhuq;1;1;0.00265978;14.11.2024;14.11.2024
bc1qek5glhfmnaqqwy2a6vqay4kqjhg7wl0z8y4gn9;1;1;0.00265775;08.03.2024;08.03.2024
bc1qy4tnhscpx58xtp7wf7lnarxt756mwg39satug6;1;1;0.00265678;31.07.2026;31.07.2026
bc1q67jvqt6jmmcfuz099f84xzd5rak99yhd7pcw90;1;1;0.00265566;31.07.2026;31.07.2026
bc1q39hqnlvw0ama8gn7tasrnyu0wxv6f9tklhrws9;1;1;0.002647;03.10.2024;03.10.2024
1KXYQ9anwvDLAPdMRWdzvM4z9AQDRucj6v;1;1;0.002641;24.12.2024;24.12.2024
bc1qk0gsc8nmu3myg0jwmaxear4qfu65s4zvsrpyze;1;1;0.00264;12.02.2023;12.02.2023
bc1q8g7k4xuth82dnf4eglkuv4nw8w3pyhprc6q42z;1;1;0.00262319;29.05.2023;29.05.2023
bc1q9nvh705p53sjz77q072jqxmvqm3q0djqfmpkcf;1;1;0.002621;31.07.2026;31.07.2026
bc1qpjh4n4mec892vhkuyxwwjtw5enhc69mvpje272;1;1;0.0026199;28.12.2021;28.12.2021
3875So9KX5KqjXxenLfZqBCbRuPUGgYuz4;1;1;0.0026198;09.06.2022;09.06.2022
bc1qxdq83828y570wgtxfyvrdjcylnu3d3zwn24fx2;1;1;0.00261951;22.01.2022;22.01.2022
bc1qc5cjtxuehqaphxy704g4ghkf2e5nlq9wrhzvsw;1;1;0.00261924;31.07.2026;31.07.2026
bc1qfrxmln45n50m8h4zprz0xqysaxdw4nud7ga50f;1;1;0.00261496;31.07.2026;31.07.2026
bc1qar8lycxn4yfdark3vlzhk563gxvmp0scp0nwal;1;1;0.00261152;30.11.2023;30.11.2023
3G4uhCgtGSRQzxcMTaU7rteB2XXSJFkEME;1;1;0.002608;14.05.2022;14.05.2022
UNKNOWN:0020d15939b2673a330a94af1f5c01ff08195d7a;1;1;0.00260743;05.06.2023;05.06.2023
1EcA2hKzvJXcsB2CZcMoq7ZDf9J4kBZyP;1;1;0.002607;22.05.2025;22.05.2025
bc1q29fxdd8ktnnsjeudv2mjgcx30wtnsef8aje4tr;1;1;0.00260638;08.06.2021;08.06.2021
bc1qgu35skjuxtef929wk0nd4jwr3atnpjjuvr3ap5;1;1;0.00260123;05.09.2023;05.09.2023
bc1qcd4pvyafwa68dz6vhtmps3cacz2675ctn8wuy3;1;1;0.00259624;27.01.2022;27.01.2022
bc1qtdll2pj2nchktv33mcspghpfv4wej8ls03lgy7;1;1;0.0025919;17.07.2024;17.07.2024
3E5ytufdhNYvNpkejugG3Yx2mAhdfjJLzJ;1;1;0.00257016;29.04.2022;29.04.2022
bc1q3cpq7uhxjp5fr4n20vvsl5exlwdk0szlvdznvu;1;1;0.00255669;31.07.2026;31.07.2026
bc1q57jpu6uc0c676xvxtxqy6qekfvxjwacdn9ejq0;1;1;0.00253364;31.07.2026;31.07.2026
UNKNOWN:002073dd6f5d5bc68a25f62be40295f8b55d24f9;1;1;0.00253364;01.11.2025;01.11.2025
347U65h9CWnNnbVRX98iZvASoR7yufReNg;1;1;0.0025237;18.04.2022;18.04.2022
bc1qwe8ygwkp5s5gjqa9anndgvceruujmewzqpt06d;1;1;0.0025235;16.05.2021;16.05.2021
32XS3um675msopudPcBgYBgGn11bC98ouh;1;1;0.0025;03.03.2022;03.03.2022
3Mm21tNgykpsLZWnBT5M6JoTmKfFPSsWDK;1;1;0.0025;24.10.2021;24.10.2021
bc1quyl9wtf36ejlykvfglel7mzx8w9k6y3ws65kea;1;1;0.0025;10.04.2022;10.04.2022
bc1q8cyedf2lt9lv63mjth9yx6kf90h8agkyplgaq2;1;1;0.0025;13.04.2025;13.04.2025
bc1qquved9npnsdk07az7r0t4r2nx6scuyyppgxfeh;1;1;0.0025;11.04.2025;11.04.2025
3C9BrmeryCnZFLW6dWRTFpYBwwqG74X64E;1;1;0.0025;13.09.2022;13.09.2022
bc1ql4t3754nt392mg83nzppaksffk9qhdmj6v264p;1;1;0.0025;03.06.2022;03.06.2022
UNKNOWN:00203aeb209ae715e26d7b8e7c70afacef06c414;1;1;0.0025;23.10.2022;23.10.2022
bc1qr7rv7mmt9fanqjl89nhcq3mka4dek7wfv325zn;1;1;0.0025;18.05.2024;18.05.2024
bc1q7hn0l9zmpu7c2q8zcs4ev40va0a3p78qcvlpry;1;1;0.0025;30.06.2022;30.06.2022
bc1qsc4ze77fsfugk05j4hx8wdce24xlly2ctfx3vy;1;1;0.0025;06.05.2021;06.05.2021
bc1qyn5msnn9965msxx7xp22jw9kxv8cded35352t4;1;1;0.0025;21.02.2022;21.02.2022
bc1qp0d0r4zha4nn5zcc7p5r42u76n578hdr5xjw9r;1;1;0.0025;26.03.2022;26.03.2022
bc1qc57f28dpm62z5tgppq6c5krl7kzmxxnvl42ff4;1;1;0.0024989;26.12.2021;26.12.2021
bc1ql2f92ktw9vzhrk6vyz4m7dtmt6y2gewmxu92zf;1;1;0.00249614;31.07.2026;31.07.2026
38aK71N8cwt8DKpNn9YxuApNkGwcr1PhHu;1;1;0.00248911;28.05.2022;28.05.2022
bc1qsywp6vnnhmluwj8m4m02swcj5pdlcvtppyqjm8;1;1;0.00248889;20.06.2022;20.06.2022
3AcF7skyhxuW6DSSVXarVu85ZoJFRKvPfe;1;1;0.00248628;30.06.2022;30.06.2022
bc1qyl42fqar8tl93p8k8wn756vyfmd20av6kca24q;1;1;0.00248534;10.02.2026;10.02.2026
bc1qav8hssxs6r6e4wy2zkcpnrvrs6g5kwwwenrzmk;1;1;0.00248439;21.11.2024;21.11.2024
bc1qpqwgfcsnq5wy66zza8vhzxlh2dzwkrdtp8wpa4;1;1;0.00248338;21.01.2023;21.01.2023
38ay3r9XEkXhH8cH6VeJdKsYHnUZpxD4YV;1;1;0.00247958;19.03.2022;19.03.2022
UNKNOWN:00208342bd9083e29fd06b11b00319fbab1d2927;1;1;0.00247427;13.07.2024;13.07.2024
bc1q2vtt0x8menv399ennzkhn9m3edxlr7fat4u4v9;1;1;0.0024716;29.01.2024;29.01.2024
3382pP1vZboPXTKPTNJrAaLg4cjxojqMcn;1;1;0.00246921;04.04.2022;04.04.2022
bc1qmj2wm6e7gfszwvlhq7uuxw8kya70sl2mwxehmv;1;1;0.00246889;31.07.2026;31.07.2026
32NSg8mnRvmb5vobKrvtsVv1JR6pCSKpm6;1;1;0.0024667;16.04.2022;16.04.2022
15pCz4sn6byD8h93f8HG2aApRBs65Excra;1;1;0.00246624;10.02.2022;10.02.2022
bc1q9gh2mtj7exrx09nsym466hs5gpufwx38nxwdtq;1;1;0.00246357;31.07.2026;31.07.2026
bc1qyucxlh7vvl3ededlwmfdywgxmunk3c9zrkrnnj;1;1;0.00246;09.06.2024;09.06.2024
bc1q30k0trwfhf0ddfhp4u02q3p7aa9ytucj7g6sfv;1;1;0.00245462;05.08.2024;05.08.2024
bc1qep75txe3fgn9f2kt3x3gsxc52vkjchljnp90fn;1;1;0.00245132;21.03.2026;21.03.2026
bc1qvlawhgzyv0vgqhv98mn7490x7tc0ex2ua6er9l;1;1;0.00245;24.12.2022;24.12.2022
bc1q8tfhs6j7k63gknvdxhpu0q393a0wahf4akhqtc;1;1;0.00242807;03.06.2024;03.06.2024
3PpEAbypoXDsv3V95RdVrqJinYaBXTgazd;1;1;0.00241959;09.07.2022;09.07.2022
3NTgZMH8Xv4pVGd3BRPEpZcJD5bkATEKCp;1;1;0.00241876;21.03.2022;21.03.2022
bc1q8tntanhpwd6qn20qhtp7k00pfuyer4azqw3dh4;1;1;0.00241235;11.02.2025;11.02.2025
bc1qe5tmvs826ru2ee39ccqeujg6dz7ua6rufrm5rs;1;1;0.00240829;18.10.2021;18.10.2021
bc1qhxc4rrsnmrqwfdcvqu0nfcqy7q2njshhrxgf8h;1;1;0.00240618;06.08.2025;06.08.2025
3QQmyi4hgdZARfjnt3BJDvSfZKr9i7srgB;1;1;0.0024;09.04.2022;09.04.2022
bc1q757fljs8ln7zjr0rshlmllt6djg42686emqgsh;1;1;0.0024;10.04.2026;10.04.2026
bc1qh5vrggdu7g3709lt966hj7gkdwxkpenykc8tjw;1;1;0.00239481;31.07.2026;31.07.2026
bc1q7mykt7m9q8an855gc37hua2lsad5nwawmjc493;1;1;0.00238409;08.12.2023;08.12.2023
UNKNOWN:0020c58c37272a64a18be0ba367ce55f15c27d34;1;1;0.00238244;08.05.2026;08.05.2026
3DYGgeG32RuGAtnZJHGLmxNFAWKw27SSQe;1;1;0.00238163;06.02.2022;06.02.2022
1BV5z5RRMcDn5us4ipcJSZwPHtbLESeqRz;1;1;0.00237305;01.12.2023;01.12.2023
1KrXoWd82vj3MQUDEmQBj9FSEVLvp5JSdK;1;1;0.0023722;25.10.2021;25.10.2021
bc1qlzu00u60uuw33m3q066c5efrtjn6fdp72tr4x8;1;1;0.0023672;09.10.2024;09.10.2024
3QB3MpyTkV2QkNExW4PfypJLn5ccVcBSiE;1;1;0.00236079;19.05.2022;19.05.2022
3BS3SHc9PtWzhrUeJxSF8HVfqE5S9kaZX2;1;1;0.00235805;15.07.2022;15.07.2022
bc1qx2rwpq28gq7fxww83v0j8kunnskhp00fr9n979;1;1;0.0023565;14.07.2025;14.07.2025
bc1qrz6vj8857czqxnrcdcz7h2d9gzvq56c3y8ts6y;1;1;0.00235352;13.02.2022;13.02.2022
3JkbWHCWQ1qXDJbK9DudDhoJ3uq4uKGhHv;1;1;0.00235244;10.09.2022;10.09.2022
bc1qjpqqm2x53dfh28f64rzp747kw89m7m0kr9k2hp;1;1;0.0023481;01.07.2024;01.07.2024
bc1qgge6uvvnjl5aen3yjn2zcy6wnpvmztv0ajmlz3;1;1;0.00234659;06.08.2025;06.08.2025
bc1q96v04cq2cxyk4hau2vzn8kwvdjdce709lydh4n;1;1;0.00234246;12.07.2022;12.07.2022
bc1qc4ue6wcpxvt8kdntu3j8r584w0ygapry3rqp93;1;1;0.002342;31.07.2026;31.07.2026
3PFz5ZWuwwBKCkwpjRggRQmhJo61MAbThz;1;1;0.00233791;10.04.2023;10.04.2023
3EY9LJxqCacgcL7mpFHkyEzpC2qjz1nZP1;1;1;0.00233773;10.04.2022;10.04.2022
bc1qyt233s4ufvmvjq3tw0zymgdkdzgcrr4nq6s62v;1;1;0.00233191;22.02.2025;22.02.2025
bc1qza8v0ky6uszhz2f4mcf99w9h8cvgdc32qu2jna;1;1;0.00233103;17.07.2024;17.07.2024
bc1qzvhxzcdzlv54jh0yavcc7hzazhr97yuvv87au5;1;1;0.00232759;15.08.2025;15.08.2025
bc1qv0h5e7l0razpq0vs8vf2mwsxc8ecp2jygk3tfm;1;1;0.00232466;27.09.2021;27.09.2021
UNKNOWN:0020fae079f0e35a5ef0b17c777ed3c407ca23b1;1;1;0.00232342;01.07.2026;01.07.2026
bc1qrtglsglg4gzk6hramvneelct54wzu3qsckq4yx;1;1;0.00231064;31.03.2024;31.03.2024
bc1qmy5grgmlpl2cfyldxu50hnnjqq62cqgf4rcjq6;1;1;0.00231064;31.03.2024;31.03.2024
UNKNOWN:0020f19d4aa9305efd2f88ec91c2b31004ab3890;1;1;0.00230763;04.09.2022;04.09.2022
bc1q2kj0p9jjxy4lrzuqeqvhnvzdzcsc0hev4pdvxt;1;1;0.00230065;22.07.2021;22.07.2021
3AHSJuVBc7MtZMo9UN12iudHpSGttv1v9h;1;1;0.0023;02.07.2021;02.07.2021
bc1qurux0cr5tah7ez04x0kpv2tdk0s73a87ngy5nq;1;1;0.00229604;07.05.2022;07.05.2022
37X6bCp8M51v7omD68wa6wttaVj5AdJU8u;1;1;0.00229598;26.05.2022;26.05.2022
37ghQoC6CXUCSevR4z7SzJ3G6bLCGeQf9W;1;1;0.00229522;06.06.2022;06.06.2022
bc1qldhuu0k0asmcyl30nq0fmgze8qu709ca8zvcg5;1;1;0.00228026;07.03.2022;07.03.2022
bc1qltppw6zzy309aql37zlfmjrt6w3z9hysdutp63;1;1;0.00228;31.07.2026;31.07.2026
3BBA8fxGG82ZCbFfSEkJAtDtNRcVzRFzKz;1;1;0.00227994;14.12.2021;14.12.2021
bc1q406fvfkkurh8wmu6csqm46ewsu35xvkusgjfcq;1;1;0.0022775;31.07.2024;31.07.2024
bc1qx82jgve87cdqfrtqexy642mdh2v6rmzuyvp9td;1;1;0.0022775;31.07.2024;31.07.2024
bc1qq8xfasltt6h7f4a34mtzq05edxndjux0q2408h;1;1;0.0022662;22.02.2023;22.02.2023
bc1qdc26g6hq72xqf8c6tx22u2c99qqpwkkfa43c6c;1;1;0.0022609;26.03.2022;26.03.2022
bc1qf00up8rdxzlhws4dqjntxvya49rymnjnuanu32;1;1;0.00225553;25.10.2023;25.10.2023
bc1qtmtvacgspjjwa4vh90pjlpekpxyl9ednvqrtsz;1;1;0.00225457;31.07.2026;31.07.2026
37rupYAX6h7VMsQk3ocMPvLWz82g2agDbk;1;1;0.0022541;01.06.2022;01.06.2022
bc1qvy72u3ves26yz90s4kxy3h64ajg8h4x96kgdj8;1;1;0.0022481;28.03.2023;28.03.2023
bc1qr2pjjvuh6m7l2z20ekplrt0jmfeqgnwgmaujrr;1;1;0.0022425;31.07.2024;31.07.2024
bc1qy2a59uaycw6xae2jflardkxj3qewc2kpmvlkt9;1;1;0.00224004;31.07.2026;31.07.2026
bc1qdquurjd4af23vacts9z9zyzp0k0mlh8935phlx;1;1;0.00223305;21.11.2021;21.11.2021
bc1qt5t0kytw2cmt4wcuvdylqmcd0j49w5ptrca886;1;1;0.0022325;05.08.2024;05.08.2024
bc1q2ksan3hmacxw02r3npzruuc79h9unrqhdpvdlj;1;1;0.00222861;02.08.2026;02.08.2026
1LEMmVZBPFuhpj42uy3VgkaDZt9YCP5j8C;1;1;0.002227;04.05.2024;04.05.2024
3MKcVSnvZvGzSGNGva4MhZCCWtfBCi9ffg;1;1;0.00221149;15.12.2021;15.12.2021
3NPfXvycjypu7unL39oGPeGGWiVbvZrBJK;1;1;0.00221;15.07.2022;15.07.2022
bc1qnn0xr4ec0jlcqfpn02635xzly5ry5yf2awm48y;1;1;0.00220233;23.05.2021;23.05.2021
34pgSXd9S2JxerXuzZLCoqQr2DjYhNcYwb;1;1;0.0022;21.11.2021;21.11.2021
3MnFGujAKYAqhjeSQT3AzRS7K9qJAGvZxZ;1;1;0.0022;13.03.2026;13.03.2026
3CWDPyPUhkCBfEinf4xQicnBo7WnzcHjZv;1;1;0.00219368;14.06.2022;14.06.2022
UNKNOWN:0020e4a07abd0380a3c1e8df0e62ad5c3074c2c2;1;1;0.00219;25.04.2023;25.04.2023
bc1q44xfngd48f44h9d2dydsxm8ukhkwyqkc43e5da;1;1;0.00218985;24.07.2023;24.07.2023
bc1qwnyvq9c074pjqdcpdedwjm870rul9hflfhupd2;1;1;0.00218568;11.08.2021;11.08.2021
bc1qympa6vkwlsa4thd4y0drpzeu02ucyuchk2v3as;1;1;0.0021852;03.08.2024;03.08.2024
bc1qmqq4awhyp2hn538j8dx3uehanguacenyfxwlg2;1;1;0.00216511;01.10.2023;01.10.2023
bc1qda2knhxpqvhy8742z7cpwvufn69pkr9nlnc4m2;1;1;0.00216365;31.07.2026;31.07.2026
bc1q97x0k93l2znx6xr5r2zw7j3mus6mfesmh6pcxe;1;1;0.00215994;07.02.2024;07.02.2024
bc1qwr03e240plxrzqcnu4d4f56s2kv8jrpwuujdrw;1;1;0.0021579;09.01.2023;09.01.2023
bc1qhcl64yvfm8a5s80dazny56cv3pygq24rv2eelf;1;1;0.002142;02.12.2025;02.12.2025
bc1qws32ejudedh0ju8u69ytdu4zyp6nn6zgev3rf0;1;1;0.00212843;02.11.2025;02.11.2025
bc1qs2lagtnyynsdzdjuz3n4gzh5fhmwakkwnkeevs;1;1;0.00212293;30.06.2023;30.06.2023
bc1qqt6672w7gzgwxllsuassal4djc2xsk6delgdpt;1;1;0.002121;08.10.2022;08.10.2022
3AczNBg2KcifasFk3rEfFiarmxtSWyMa7f;1;1;0.00211912;18.12.2021;18.12.2021
bc1qj2yp40gd40fenuqsft75fds5nm2fxa656jj8mj;1;1;0.00211874;31.07.2026;31.07.2026
bc1qvny0wgk6pgy46gk852l43j6slgzj2xyrmw5rcx;1;1;0.00211754;23.06.2023;23.06.2023
bc1qy86jm4qcp5zdwsyqjksemwhvvnkymccj90vy7t;1;1;0.00211434;18.05.2021;18.05.2021
UNKNOWN:00200385e6afe80b20a6b44d7fb064e3b50e7b49;1;1;0.0021;29.12.2025;29.12.2025
bc1q3790386md3gcvx2s6ud700kzxcsq0g2prmtm0c;1;1;0.00209425;07.04.2023;07.04.2023
3MXhNxntrZeM8Xco2BmRScQEkR5rgLF5P9;1;1;0.00208139;04.12.2021;04.12.2021
bc1qdyq5n7x6nwqmnemns7v8u2c60z8j9teus0qywz;1;1;0.00207918;31.07.2026;31.07.2026
bc1q33vskavzpvge30g8e5kjl5w72xqjch8gcanxfj;1;1;0.0020775;31.07.2026;31.07.2026
bc1qgfgweryuqp528lypk64lzpgu6y2xm859jfgcap;1;1;0.00207288;30.01.2025;30.01.2025
bc1q4sxhr2l45fjp43hulz9yjmuw0vdt6r8wz6hyq8;1;1;0.00206756;09.01.2025;09.01.2025
bc1qlk0t3cgq04aa8rua574hxdq256nx8x2903cvnt;1;1;0.0020578;31.07.2026;31.07.2026
bc1qfhk4zzs3e7anxag9e4ce68humtwpssryz0lczq;1;1;0.00204682;17.06.2024;17.06.2024
37B3YU5ncb2vrqBSFFXUfxhHNWT81tdX5v;1;1;0.00204084;09.08.2024;09.08.2024
bc1qgtpft030mtc4fpt9a9rrlfzytkjn07ztv49enf;1;1;0.0020382;31.07.2026;31.07.2026
3C8NXRfzE7YrdroSDFmwKTyBKf1bW8e2pf;1;1;0.00203682;06.02.2022;06.02.2022
UNKNOWN:0020942e9541bb166e00abec6685cd396d0b46f1;1;1;0.0020338;30.03.2026;30.03.2026
bc1qspzskglltnjx6gpn7qp6yhum9ju7e84ckzswch;1;1;0.00203152;31.07.2026;31.07.2026
3AwYwK8438Dq2uMAcQ52xj2hfMwjQDCD67;1;1;0.00203095;22.01.2022;22.01.2022
bc1q25cp2xtjv7jez6n3lc6fyuus2zakujkpex9upz;1;1;0.00201813;11.08.2024;11.08.2024
bc1qd6qscngclesy5uu5hvr02cce0fuqcfmtfp5rdv;1;1;0.0020178;05.09.2024;05.09.2024
bc1qh5xksfc84r60s9hzhm078vjzt559cx72s8e9am;1;1;0.00200551;28.02.2024;28.02.2024
bc1qej7nanl62cyva62m0n5m55ffrrepdcjyrve9ay;1;1;0.002;24.06.2021;24.06.2021
33R6LN1enF6Z1pF4gpsjV7CXWXBrTaLhex;1;1;0.002;18.08.2021;18.08.2021
bc1q75h0aqmrtvt45fr69qyf2kacqzs2v22cshze65;1;1;0.002;28.07.2023;28.07.2023
33PSF7PDG5DKnhTYHoSY7vHGNPzJ9FuHSS;1;1;0.002;12.02.2022;12.02.2022
bc1q392nvpn2ns8lk8r8x6amc0ytl8padz23tdw5k3;1;1;0.002;01.01.2024;01.01.2024
1HoU362hndK7UsB7C18MvM5pe9nHcW3qC8;1;1;0.002;09.10.2023;09.10.2023
bc1qnc4qrxk334qjfkur5j96m94m2elhet4ud9zy38;1;1;0.002;22.06.2025;22.06.2025
1LTLmhTFWc3wT5XUkgnNQB32TSBZ7sEt3p;1;1;0.002;12.08.2023;12.08.2023
bc1q276zvrjphat9z223mn0wz77eda95vrqeaq923u;1;1;0.002;14.07.2025;14.07.2025
UNKNOWN:0020d0dd23ad18491f824e86574fdec94e15b035;1;1;0.002;15.11.2024;15.11.2024
UNKNOWN:00209fe8681f3f9bd1cfeb8881b2986304eeb70e;1;1;0.002;26.10.2024;26.10.2024
bc1qkuk8ftnsgag0g9c630jehp8d6nd4cztf4hjmlp;1;1;0.002;14.09.2025;14.09.2025
bc1q7jud7xs4q7keuwq2wsyg7tg0sdp7cd76mm2yyv;1;1;0.002;14.09.2025;14.09.2025
bc1qw62l8f7hu338x0969y9hyrfdr8dfzetgks38e7;1;1;0.002;14.09.2025;14.09.2025
3JAySj1QmNZ2cnqDZSx8HjtU19cLg8k2v3;1;1;0.002;01.07.2024;01.07.2024
bc1quzf52msxax7p87ppwhkjpegcxtydml7jqelv6v;1;1;0.002;24.06.2021;24.06.2021
bc1q3nn68t4y830fv7yy53ns4j3hcl5dhqrz9sqstn;1;1;0.002;03.05.2021;03.05.2021
bc1q9nhwnjkjtm0x98m275dzxw6zqxqjdsp9upewlg;1;1;0.002;18.06.2022;18.06.2022
bc1qyl34c4sermpv8n2rxam33hezqjfx3r7wf7u9p0;1;1;0.002;21.04.2024;21.04.2024
bc1qly3hv0jhk568jn25kqnt2fsyndfkj0r3s2xztj;1;1;0.002;05.10.2021;05.10.2021
bc1q5tlrs6ggxnm94dvynh534rwk4zmfqfj8my2yks;1;1;0.002;01.01.2025;01.01.2025
bc1qg0t6knwenjugpwp4z2hekwta5dj6n0wanjr843;1;1;0.002;28.03.2022;28.03.2022
UNKNOWN:002070e785a2598c5f3f1edcbc01634f96354f66;1;1;0.002;07.04.2022;07.04.2022
UNKNOWN:00200921f1fb99771236ad2fe402106e3a17a6b3;1;1;0.002;26.12.2022;26.12.2022
bc1qcuzq3l3djh9dguvuh89xu3q6u592dj8pf2eqhh;1;1;0.002;16.04.2023;16.04.2023
bc1q0tlyrjp828cmm4adqdduzvnwatgy69mwh77wne;1;1;0.002;18.11.2024;18.11.2024
359q8KXG68DiRZNQhR7K4LFsTmLrq4SVxP;1;1;0.002;26.03.2022;26.03.2022
3KWWeWWZyfUbFdrhBnrZtFLfvxH4oCrBKu;1;1;0.002;31.07.2026;31.07.2026
bc1qexqngwpwzymrzg3ps9qqfm9ragdv84l7s8tn3v;1;1;0.002;24.04.2024;24.04.2024
bc1qw7rug2uc0ppv3q4tdgw4seuk55m5lfyx07ckwj;1;1;0.002;17.08.2025;17.08.2025
bc1qxph53yjuqrtvkragrxcu4hm2aswml2ht4tslyg;1;1;0.002;26.10.2024;26.10.2024
bc1qkktvh4fdpgwgudsh0dqamvrm03tzyaftpax39f;1;1;0.0019989;18.06.2021;18.06.2021
bc1qm6rltjya7zsxul8tjn8e4lulga8na83k8mf5f2;1;1;0.0019978;31.07.2026;31.07.2026
bc1q7et2dl2x4avs506un4w8959xhr2ejfu6rpdqyg;1;1;0.0019978;19.01.2022;19.01.2022
bc1qt6msq9h944xpztkkj3ha5c3hugx30rm070xusm;1;1;0.0019978;31.07.2026;31.07.2026
bc1qas8z8ydske9hqe2m26q6y2tvvlz3spxulscdxr;1;1;0.0019978;31.07.2026;31.07.2026
bc1qzu80y7v9hen069rcvfdh7zfaat0hm0apukcf3q;1;1;0.0019978;31.07.2026;31.07.2026
bc1qyf8ejzwuvm292hdfpm436mhkn884p57tzkv4h7;1;1;0.00199625;11.07.2023;11.07.2023
341aFdVdHEXEgYrrK4EQHkX9JG1qmxXNyr;1;1;0.00199556;08.03.2022;08.03.2022
3LrhWiwY2weTt6Y7ixDn4vi49zNEDaZTM1;1;1;0.00199544;13.04.2022;13.04.2022
bc1qh0yqpjz3duma420x5wa6rvltrr5sawe8dxfust;1;1;0.00199243;07.12.2024;07.12.2024
bc1qamtsyqqyz9m6ta694624hhylm0p0eza3vgemu0;1;1;0.00199223;31.07.2026;31.07.2026
1Cz6ZNJuNPvjAUXJz4hyvX6RiVMrfVVTkC;1;1;0.001986;07.07.2023;07.07.2023
UNKNOWN:002074ab67b6d8dc66e5255b660564814d6be644;1;1;0.00198384;02.09.2025;02.09.2025
bc1qhjlr8h8sftusefpp434q0ee7j4ede9ll265wr3;1;1;0.00198225;05.02.2022;05.02.2022
bc1qhmmhk2slspyvrpr0q42kckvnac8gwc9elj9zah;1;1;0.0019769;30.11.2021;30.11.2021
3CUUA6kz9wYFqXaHhy9NmstonzyjHB7eDX;1;1;0.00197194;17.02.2022;17.02.2022
UNKNOWN:00201ccd38b9b4a67eb2ec0b1d9a24b2fe638e7c;1;1;0.00197159;15.04.2023;15.04.2023
3PeFFdRKbkU8es1Toeshq9yaDjc22Cqjoi;1;1;0.00197034;15.11.2022;15.11.2022
bc1qnjhdmsd8zygxvgdcvxkrjuda3fk7zr6jcxnewq;1;1;0.00196914;19.03.2023;19.03.2023
UNKNOWN:0020fa0ec656e897b777e351f6dba43385dccbde;1;1;0.00196495;24.12.2021;24.12.2021
1HZ2DfHvVJKjNvgu17hfphshNAerD5SyPK;1;1;0.00196384;03.05.2021;03.05.2021
bc1q6d9el9yxsd5fwqlczuh9dk0u36anl4fqs0nnn9;1;1;0.00196213;31.07.2026;31.07.2026
bc1q8pwkn30wq59w6j6gyekd6xvpmyuwfqtpq5p2ed;1;1;0.00196043;31.07.2026;31.07.2026
UNKNOWN:002068aaef65414126e5a556d1ee4e584f18b69c;1;1;0.0019572;01.06.2026;01.06.2026
35MfY5uXXDSqhdSkCBCShNJCozXcPoptrk;1;1;0.00194897;21.02.2022;21.02.2022
bc1q7rg9dypeef0pljps6pd8jhk84u2xa3gmrwkel7;1;1;0.00194707;08.02.2022;08.02.2022
3PpgqoA1DJnrtDxi5gJ4RoATHX2XAGNgtt;1;1;0.00194635;18.02.2022;18.02.2022
bc1qrld44gflkl0hsxhaqy9rqazayh7e9ll5l0tqkf;1;1;0.00194464;27.01.2022;27.01.2022
3P4C9qfDQasiHbnQ3RSMcFXZ4hEDk8rFAw;1;1;0.00194389;15.05.2023;15.05.2023
bc1q7wu5nr6un0pkc5w3fvl6qh2yvyks2n0wwk3hkd;1;1;0.00193984;22.12.2023;22.12.2023
3BUz5GraoTZ2KKHZVYmWLHZgS3aQBVRpkH;1;1;0.00193763;21.10.2021;21.10.2021
bc1qfelah8xwux2cyyufa3fj269nc5lxauyrq7cftj;1;1;0.00193716;25.09.2021;25.09.2021
bc1qmvtj8pcm358mraukwuf8qakv3ku0m90c86mafa;1;1;0.00193042;31.07.2026;31.07.2026
bc1q07e6y5wz74cv6nmlr78sgug4dqcmn8vm0l4k3s;1;1;0.00193;30.12.2025;30.12.2025
39iP1ADeFefv6Kwe96w8DrBet2MicZJ2jC;1;1;0.00192943;26.09.2021;26.09.2021
bc1qqn8h8lvpfctkw88zu0wdg3gqxdy58277xtrkj8;1;1;0.00192244;22.12.2023;22.12.2023
bc1qwd2rx538ds4gxnvxturjanrsmfucwt2m2gsjs4;1;1;0.00191795;09.01.2024;09.01.2024
bc1qc96dv0355da8u2ff4vwczjc4k3xqlzl8wydww2;1;1;0.0019076;08.08.2024;08.08.2024
UNKNOWN:00206d54bcd9ee2630b49bf572839cc94cd3eaaa;1;1;0.00190498;16.08.2021;16.08.2021
bc1q6e762k4yfj85my953rfjm85a0yp7t3j52en7qt;1;1;0.00189329;07.06.2022;07.06.2022
bc1qj4sjzk6rchm0yehzjgttxgfu29en7c76pfxd69;1;1;0.0018914;05.08.2024;05.08.2024
bc1qej6u4m3esk042h6vta98qlqy784kxwscjull5m;1;1;0.00189098;15.07.2022;15.07.2022
bc1qzkgceqm7m8k8mhzdxr9c635627epzqt5eqt6k6;1;1;0.00189;29.01.2024;29.01.2024
bc1qqzwl09kz0mr42wgcl2t38e9ct8ytazgtp7yh9j;1;1;0.00188715;24.09.2023;24.09.2023
37wGybQhVUqfkrrgWawRk66Bei9fSdGqHm;1;1;0.00188563;02.12.2021;02.12.2021
bc1qhf3qupf4hmt08rxdfqfpufdlyrt956j6eargrd;1;1;0.00188499;16.09.2024;16.09.2024
3EjfvW8WG7GKPbMmyqdoCfv5v28JMBcCUi;1;1;0.00187882;08.03.2022;08.03.2022
bc1qytru2n6ppp8cu7wtg8e8py6wnhu5j8ahkvmjf7;1;1;0.00187741;22.04.2022;22.04.2022
UNKNOWN:0020a70f99dee33870b2d12a0e94e88a5f9fd09d;1;1;0.001871;22.03.2024;22.03.2024
bc1qc6nfh74hnflz5d90u4m3asq6uj9tsnnuwgnqw3;1;1;0.00186708;09.10.2025;09.10.2025
bc1quntzc37hggyjujk9p68pmddac09544meg8hr4n;1;1;0.00185908;12.06.2023;12.06.2023
1K2t2jPEj6GEFcU8ZYGQTBRiHyqxYCWZVd;1;1;0.00185368;20.07.2024;20.07.2024
36Vz8SgcSkrAnhbFiQ84zYWCujEob5sYyC;1;1;0.00184905;20.02.2022;20.02.2022
3NVNwtCLdERZAHvbUtsTn3idtqX1GYVZ92;1;1;0.00183957;21.01.2022;21.01.2022
bc1qsa3gljn63fjnfn66lqv63sdk653nw4wnkpfse2;1;1;0.00183533;31.07.2026;31.07.2026
UNKNOWN:00201f4c8cc60609117203bbb101634bb22384b7;1;1;0.00182867;03.05.2024;03.05.2024
bc1qznready955ej56u6x5h3x2xkjsy5glqx9sy69v;1;1;0.00182147;03.06.2024;03.06.2024
3DybHiTkmJyf2jCkfyy6EjekaMwfqzZ7wx;1;1;0.0018177;26.12.2021;26.12.2021
33Hc437XiSyhPuD1m3kLqQjch6xdDZr6Jb;1;1;0.00180722;23.04.2022;23.04.2022
bc1qkqq9lvmm73djrxcyw6ckjzu8u8yt9ypfmezat4;1;1;0.00180593;31.12.2023;31.12.2023
bc1q8fgx5aeshe62je32333wc2pcax4t5q23a3982s;1;1;0.00180373;16.05.2026;16.05.2026
bc1q65nxp9vl2yhjfkd83g5fxm5r070wmajgvp7rmx;1;1;0.0018;27.01.2024;27.01.2024
1DaJzwxCpQN1L1u6YCqAtb8QnYkr4T7ZtF;1;1;0.00179786;04.05.2022;04.05.2022
bc1ql08lesxsl7d0u43ctrf00gajp9yaru0c7g3alk;1;1;0.00179383;31.07.2026;31.07.2026
bc1qy7uqrrsh3zzqn9we2qnlzqjpkfxmufac3adgkt;1;1;0.00178872;09.04.2023;09.04.2023
1HRsrLB49yDvCnMdvipnooQN1TPnQSXFDE;1;1;0.001785;05.05.2022;05.05.2022
bc1q9h76amqaystqkkjujvwnp95220kzlc344rdjcw;1;1;0.00178261;31.07.2026;31.07.2026
31nYJgqZFj8FG8QDcZLPqWpo9P13DL3MS3;1;1;0.00177875;04.03.2022;04.03.2022
3E4fYMF8oSrKCzryJtpRvFBSjiHJmafS6t;1;1;0.00177597;19.02.2022;19.02.2022
14Pv67fd8jfTYM5YeuyCm4aBH9WpNogHSu;1;1;0.00176926;21.09.2023;21.09.2023
36Jb6M2C7KMXc3FHuFvnyEV6nsLr5A9RT1;1;1;0.00176847;18.02.2022;18.02.2022
UNKNOWN:00203c0c7b702952b2e3e500a11e0279efa1f929;1;1;0.00176471;04.05.2026;04.05.2026
3JjPkTXghPRyQMojC8tWAsm9nEKGeJRsAz;1;1;0.00175894;25.03.2021;25.03.2021
3Ps1mw2A9iqGNJfezMvzSGxY6SNEQJPbav;1;1;0.00175452;13.04.2022;13.04.2022
bc1q7jnz4fl3sueyaa6lmscmp4se48y5qhczpnjhfz;1;1;0.00175;04.09.2023;04.09.2023
bc1q2wkg659w9emhcmz80025csw4el6c02dc57lwmt;1;1;0.00175;17.09.2023;17.09.2023
bc1q604d6tpxad65aus2qdgavarhu7ggtueje5f3nc;1;1;0.00174861;16.06.2025;16.06.2025
bc1qzc4ug0vlaquxv746affqs87xvn5t28rt2wf9dt;1;1;0.00174245;15.05.2023;15.05.2023
3JFMYs2UxtQPXsHzdeAwAd8TBKfZ5Cc5Ru;1;1;0.00174;22.07.2025;22.07.2025
UNKNOWN:0020dcf86bfa8d9bda3b6371f844d67bdcd2f30d;1;1;0.00173799;09.03.2022;09.03.2022
bc1q767732hduzyvps3kn92tw9sjesmmcp4lze5hc0;1;1;0.0017357;31.07.2026;31.07.2026
bc1qa6utdm8u8jm3qawcdk7xxuuekcrmlj6nnyd6m8;1;1;0.00173405;16.08.2024;16.08.2024
bc1qgz66hkja2q34h6ngp7eff3tdz6x0304mt2ntzz;1;1;0.00172989;17.02.2026;17.02.2026
bc1qwnm34jx5a8c67298pyhe0yav66hl7lqq0a896d;1;1;0.0017247;11.05.2022;11.05.2022
bc1qlg0tnt9xdq4skpw3ysqly548fmhmlhl6g38ucz;1;1;0.00172233;24.10.2022;24.10.2022
bc1qyevkd2cxndps8hn36wzx47rvpwfthgw4aadr6y;1;1;0.0017212;31.07.2026;31.07.2026
32u8aFuqXnjBxLDuviDNygfeVzfND5yLfx;1;1;0.00171894;17.05.2022;17.05.2022
3CPu7Y3iDw6mFgqU8uuKX9HV7tR8kXEb5z;1;1;0.00171367;18.05.2022;18.05.2022
bc1qelwv0qyyp6av8j6s6j96q9xmtk2g7phnfcw88n;1;1;0.00171124;06.07.2024;06.07.2024
bc1q47gdxzllljz9vqzrcvslrged7ychpdulk4j7wd;1;1;0.0017093;04.06.2023;04.06.2023
UNKNOWN:00201a813f052805f3db8fa4498bfb91b6f8ded6;1;1;0.00170562;09.10.2024;09.10.2024
UNKNOWN:00209ed1150fd0db9f747c89bd32d0b2acf768fd;1;1;0.0017;16.12.2022;16.12.2022
UNKNOWN:00201895a992879a5dbba042a1eff9414fb3381e;1;1;0.0017;14.08.2023;14.08.2023
bc1q658y003qr45ekydt7ry02gwu0p0yjtylzzl0z3;1;1;0.0017;01.07.2022;01.07.2022
bc1qghqpxuht759aunxsvdctuvpsdrpjwlq67deq05;1;1;0.0017;31.07.2026;31.07.2026
3M5kz2QHCCkRNvyTJjuVsLVdcZLUiCEh9t;1;1;0.0017;23.05.2022;23.05.2022
198c1XsFRyq2wZ9HonCCabQdDzyhmL6hcu;1;1;0.00169924;09.01.2022;09.01.2022
bc1qh6cq38ym7g4zjuq7t75vezs2zkrd389wru7clk;1;1;0.00169;09.07.2025;09.07.2025
34mwYMCbHvY9C7Jp5Bth9gHBPqFgWbDUx4;1;1;0.00168785;29.03.2022;29.03.2022
3FMEHtMn2d3dUKTJD8nWXjXGkFynuRCvJj;1;1;0.0016872;03.03.2022;03.03.2022
bc1qy77zlnrdj722k6kjus4vlannudh2mntj759yt6;1;1;0.00168438;17.05.2022;17.05.2022
37HX7Uapvcdyjr3qUPWg7u1cA5e1uuEv15;1;1;0.0016818;12.02.2022;12.02.2022
3PRyP8CRHVGHXG1DxXHtqcSjXmNwX3Jmsv;1;1;0.00167722;20.04.2023;20.04.2023
bc1q3fr8d0zcevgu9aygz0sk8555sxx6mkajn36wvh;1;1;0.00167534;24.04.2022;24.04.2022
bc1q673y7evm7350getwd0c2nageprz46gnsmpx5hr;1;1;0.00167188;24.12.2022;24.12.2022
bc1qjz93ld9332n8gjj0k84p0fnfafafs7jk352xkv;1;1;0.0016699;02.04.2023;02.04.2023
3NkSvg3RR2YvCDpbsZjwzaL8x2hjsPb51E;1;1;0.00166612;16.04.2024;16.04.2024
bc1qhjxsmplfcqv9kms8yyw9n6g9fju7ced3243f0x;1;1;0.00166582;16.05.2024;16.05.2024
33WQegRGoWu9TCHepw2Hp42ybTXLJBM3Z9;1;1;0.00166151;15.01.2022;15.01.2022
bc1qjyu738qwggftf0d468pmlsa9vy7whhyxak8np2;1;1;0.00166135;31.07.2026;31.07.2026
bc1qqvlmwpw6u6a0nzz9yjlncl9vvm8932ela2dcfr;1;1;0.0016579;06.11.2022;06.11.2022
bc1ql7ppw7lh05k9cvyqkuzapcqgz0acw8zvgesz6k;1;1;0.0016508;31.07.2026;31.07.2026
bc1qlz8lvltn6lav3yrjm3rwgu7g494gtu8c3gqqee;1;1;0.001643;17.10.2021;17.10.2021
bc1qkg5s57p86zgketelwtjjsnclnvwv90yves9ez4;1;1;0.00163972;30.01.2025;30.01.2025
bc1q6grcsvpepu4rx0exy7ym9076l9e44y5xj3khrt;1;1;0.00163448;31.07.2026;31.07.2026
3AUp1v8aTvMwXZc5kTtexPYitCgYsCLzMa;1;1;0.00162484;05.03.2023;05.03.2023
bc1qcucyh79yumy79g37khp988l67uyx5ux5y7gnee;1;1;0.00162137;18.10.2021;18.10.2021
UNKNOWN:0020e88ff9ee850f6b4a7913daab3fbcb04a7be1;1;1;0.001621;22.05.2021;22.05.2021
1KDf6ZbetZfWqeQmCddupnjMnQN7fZTiiB;1;1;0.00161936;21.02.2023;21.02.2023
3HbqKytEQpEXE25KbFtmNjkRsFh4k7qPnR;1;1;0.00161;03.11.2021;03.11.2021
1HAvx3CawgBYEcq7GHpczTh6BTDhneo4FC;1;1;0.00160794;19.05.2023;19.05.2023
bc1q49p3vdhrgtcs6ef7z4f387yepz6wnc3wy2whyp;1;1;0.00160169;12.09.2024;12.09.2024
3ErETfoJCbGrwhVh5rwGJQQrQYRePWSNr3;1;1;0.00160168;13.03.2023;13.03.2023
bc1qq38ttlfngmlazww9gq5uqfaqmk4v2zu8term5g;1;1;0.00159658;31.07.2026;31.07.2026
bc1qp48x3077qmlvymx5uq35pqzfjp5vvd6watsvc6;1;1;0.00159606;12.03.2024;12.03.2024
bc1qd4py6k0l92d5vckge0hnfjutc6t6edta83g458;1;1;0.00157928;08.03.2024;08.03.2024
bc1qeln454wt3nwsfdu6j90v0c057sp2y5p5aclpym;1;1;0.0015734;17.08.2024;17.08.2024
bc1qjhc22sxtdffgnr78w6c09l62yqe4h4jzktt76e;1;1;0.001573;26.07.2021;26.07.2021
bc1q7czt7zt5ez4qxkjc688wc674l9lrkrrklxlf8l;1;1;0.00157131;31.07.2026;31.07.2026
bc1qn79msq6at874cwpgrv509n2ahmks6c532hq3te;1;1;0.00157058;31.07.2026;31.07.2026
bc1q4xqvm88dzs9mjpejmyeuwsel2yahxnmewzvpnx;1;1;0.00156564;18.05.2023;18.05.2023
bc1q7vfrqy2yxmnzde4332wh74epd435j23md2ytgr;1;1;0.00156235;20.04.2026;20.04.2026
bc1qw393xlwv76a3fsfjskqxyeltc9g9walmv767ac;1;1;0.00155967;31.07.2026;31.07.2026
1BE3TqB5swAvfw2X2tHgYZtG6ouLCmgo6o;1;1;0.0015552;26.09.2021;26.09.2021
bc1qvg49p6vzx76kpde94cj754zan9a79u6ucu72zy;1;1;0.00155409;31.07.2026;31.07.2026
3Gx2nNhnKvGL2VtA7AJpeCpyDFwmTXWMM1;1;2;0.00154944;24.02.2022;24.02.2022
bc1q8c2hhvtc098eer6scmq5ctnsjejdjv4z503du8;1;1;0.00154803;27.02.2023;27.02.2023
bc1q9ar7l7yn7ev8m9lwmla0uf9y533c92rsewg9gd;1;1;0.00154281;19.01.2022;19.01.2022
bc1q0g7t9lf5hlh9evayn2wm88ccvpmrn5hpzzh0u2;1;1;0.00154147;02.10.2024;02.10.2024
bc1q7t2an87xdyrcrfmq3czkt63zc9e84khvhvpctl;1;1;0.00154072;31.07.2026;31.07.2026
3QDn4LQywB1qWaViWo3FL38vDQzgJ2vXv3;1;1;0.00154006;30.12.2021;30.12.2021
UNKNOWN:0020ee5c2393f41f351c3ed2aec3e0e8b996ce73;1;1;0.00153287;04.05.2024;04.05.2024
bc1qzynntv3fcyyqzdzaptk965dqtn9l7e4uv4uavu;1;1;0.00152659;23.11.2025;23.11.2025
bc1qr69vmvupjpp6tjkt7ete99ktrdwa8j5qthzp06;1;1;0.001523;31.07.2024;31.07.2024
bc1qnnk7jgeqmuzrknjv5ppm2tuxhsacgpu64rm72r;1;1;0.00151826;31.07.2026;31.07.2026
bc1qkxg03ca8nxg7xujaqhew6pzjc8xcwltvlaa3yu;1;1;0.0015048;31.07.2026;31.07.2026
bc1qtzpvmgjxjduajx8vwyfet07uxu563m0yzxldak;1;1;0.00150141;31.07.2026;31.07.2026
bc1q2tysrhzexymda4wxf6km9hwjgn7743tec9yz6v;1;1;0.00150029;31.07.2026;31.07.2026
UNKNOWN:00207771797f6418fc76ea05d40eed8f668aa20c;1;1;0.0015;20.05.2023;20.05.2023
UNKNOWN:0020401bebcfb4069e2f2343707c3cf90e44c301;1;1;0.0015;31.12.2021;31.12.2021
3FqFos4LfiefvojUye6d9U7CPivvJotvxd;1;1;0.0015;11.10.2021;11.10.2021
bc1qht7mewj3w6h4kh0lr7y2j4lprzn5gvp8f0ykr6;1;1;0.0015;23.01.2022;23.01.2022
bc1qt6p9htf94surdqyqsqpy7slcpl8cf78rwdwwkx;1;1;0.0015;07.01.2025;07.01.2025
bc1qvx8gr2jraetam303ud6aaptkkawawkz4j55nmx;1;1;0.0015;19.06.2022;19.06.2022
3HPEvKeSgx7sdqQuFiuc5cFhNCc3Tgh4hT;1;1;0.0015;28.08.2021;28.08.2021
31xwyKffRQ5CQKZ7QUHNbt39fpg2cc9SND;1;1;0.0015;02.09.2021;02.09.2021
bc1qec8cetuwua5ruu29239h6dphs8utavcdl4avfe;1;1;0.0015;06.05.2022;06.05.2022
bc1qpl46jkqs2h9dz9js3hkl5mtjv0fz7zu74t9dsf;1;1;0.0015;19.01.2023;19.01.2023
bc1q8qcvy0f0vveyzgy7s6zqjxlgls9n00n2dxcuwu;1;1;0.0015;15.06.2021;15.06.2021
UNKNOWN:00206dae352ae5d303e1d9600bfceb41ee2bfbd7;1;1;0.0015;31.03.2024;31.03.2024
UNKNOWN:00209c02e31161effcdde8ec9ddc19610e432ca9;1;1;0.0015;12.03.2022;12.03.2022
bc1qjtk88xahszgntayed96fnyhh2ffqrxudpx559u;1;1;0.0015;25.04.2024;25.04.2024
bc1q84tfnamwz22mcy22vegfkw3ssdjpfdslt2yg38;1;1;0.0015;13.05.2022;13.05.2022
bc1qv9dxvc85s2kksj08nadf8a3f8juuc7tk83x53r;1;1;0.0015;04.11.2022;04.11.2022
bc1qxfq2xrtxgc05y9exunfxatj4h68pqewmg9qpa6;1;1;0.0014978;12.06.2022;12.06.2022
bc1qrkf44s4l3rme9w38gdr46h8ceaafnwafljkrvh;1;1;0.0014978;31.07.2026;31.07.2026
bc1q7gzuxmqyhdfv07felu4znw509hfys8jvugmzl2;1;1;0.00149731;31.07.2026;31.07.2026
3GWPE9QKdRXubmpoMU3sgPDDXNShiBMNoM;1;1;0.00149653;23.12.2021;23.12.2021
bc1q56az7p6ppfer7c0vay4wlw3y8sl04lh86l0af6;1;1;0.001491;17.05.2023;17.05.2023
3PS5ySLjYoQg55MLaKQJCuiaDBQREuvrYN;1;1;0.00148495;30.06.2025;30.06.2025
bc1qjnt33u9etuyw38y4d5wksmmx04eyngc250h2xr;1;1;0.0014835;22.02.2023;22.02.2023
bc1qv7d23mewh90pjntcednsmww666zse3e76zr5xk;1;1;0.00148198;31.07.2026;31.07.2026
bc1qdmzqxlxnng07fqjvtx8udna3qhgsh7daejpp3e;1;1;0.00148149;31.07.2026;31.07.2026
bc1qv3equhdmf5m6greg74aztz82n6z9v7t03hnr4w;1;1;0.00147672;26.02.2023;26.02.2023
bc1qat3xlczqqyqfmdlkdvq85r0fhlzjevcj744jmt;1;1;0.0014735;28.04.2023;28.04.2023
bc1qwfgkgh4ywllhfjsa5j7u3gyudpgd2pasvgths6;1;1;0.0014716;01.06.2025;01.06.2025
3GMGRNRR8wJkdMtBAWnHxFy9K5mdEitfyE;1;1;0.00147025;15.12.2021;15.12.2021
bc1qunupu6dqht7sgq968k0n57n8yufh6msrw7vq0j;1;1;0.00147;01.06.2022;01.06.2022
bc1qtgt0vp4l4dwt3md6usc6h3lymjypmwtwtft7pa;1;1;0.00147;22.04.2022;22.04.2022
bc1qqh0wk6kkc75vf5gf5u3nv76qxa7v9pkecfhu90;1;1;0.00146791;31.07.2026;31.07.2026
UNKNOWN:002025598f0b289524c368c4a3c99097bb17eaf8;1;1;0.00145146;14.04.2024;14.04.2024
12majUS2Shgj6oVpjT5GX9mfgaFKm39FGi;1;1;0.00144887;21.07.2024;21.07.2024
bc1qndu2vwf2hkw4sn4wzpt3a6cgswvnr3d05zn365;1;1;0.00143;31.07.2026;31.07.2026
bc1p8g6qucxs2nqhzzdlpqvn8k5x3pc5qegrdhyres7xcy6u2cae8z8q2w8wek;1;1;0.00142478;18.08.2025;18.08.2025
bc1qp0wd6k9l4fwatwj62q42hxqzu2ccnuyyj3rgdy;1;1;0.00142264;28.06.2023;28.06.2023
bc1qherwmnu9xqjhj9gfzuvanq2kgega6srqs8payl;1;1;0.00141354;31.07.2026;31.07.2026
bc1qlzr64lrhw7p0rmsgrp56u6797gphmhfpgpqg7g;1;1;0.00141307;12.05.2024;12.05.2024
bc1qfdrxp89fguqy7hz393ckqqd9jmwy35qrq0t67s;1;1;0.00140758;25.01.2023;25.01.2023
bc1qa36c5wh5zfg3qcwtfvuk5rqvqsxaxvsdyl24zx;1;1;0.00140363;31.07.2026;31.07.2026
19eHQNVzjghtJfE6ALb17cYSbRKCV1W8bb;1;1;0.0014;20.08.2021;20.08.2021
bc1qn7nt8yksvgmfwe6x8pzv6wswyuxdtc0mwyr97l;1;1;0.0014;27.08.2021;27.08.2021
bc1qq7v7egqwmalqmzaewltrdqze5zya3zfq4cjwrl;1;1;0.00138978;14.02.2024;14.02.2024
bc1qqex64wspthzfe5et5mswfwmd7yu87agmzsdxl4;1;1;0.00138845;31.07.2026;31.07.2026
bc1qqf2y9cp3xj0eqhaptm4du3fd2y7jsmpt3jq53k;1;1;0.00138778;31.07.2026;31.07.2026
bc1qglevhz4rnlzn4ux0eywxgxlxk4n8qgq34rekx6;1;1;0.00138546;09.03.2022;09.03.2022
bc1qamtxvsaa6cjtwh0r8j6vqg22yx0mjyd0swrzuj;1;1;0.00137811;12.01.2024;12.01.2024
bc1qmurj2nwzcy3s3wlhz8mzlycmm6uvhn5g7xm3d7;1;1;0.00137605;29.05.2024;29.05.2024
351DdULvSc3SZ1xCfUCwUJi88xN71D8KT4;1;1;0.00136923;12.07.2021;12.07.2021
bc1q45fvq8wauru6k5e7pr9wpgux5rhpy37plhvv4a;1;1;0.00136548;31.07.2026;31.07.2026
bc1q042qgds8u0me3s9z5ly0hh8juny6xceth3y6f6;1;1;0.00136225;29.02.2024;29.02.2024
bc1qunuldppmvxwqz282gx9se7sgfxeaxvkc2eleeg;1;1;0.00135721;31.07.2026;31.07.2026
bc1qpc2nz9rehc0nymj6zdx6gv935s9ras6752w35m;1;1;0.00135239;22.02.2022;22.02.2022
1BH9sBVQ645gx2D3pfkc95SSvvEXpFhw2N;1;1;0.00134747;19.10.2022;19.10.2022
3LdEamhcrVhvmmU7x6Qry3wqQ5oP27x1qD;1;1;0.00134739;14.02.2022;14.02.2022
bc1qu53fsq3kz7quxcz5wnggqlgymvdd92t27yyagc;1;1;0.00134;11.01.2024;11.01.2024
bc1qeg7qpgzj49dcawvha9ywh2n2u5gkrmay3g50nr;1;1;0.00133887;22.03.2024;22.03.2024
UNKNOWN:002063f9d1eb18453ce4911781f51357dbb74efe;1;1;0.00133759;18.03.2022;18.03.2022
UNKNOWN:002011c5d4ccbaf307542bdef74f520cb80206be;1;1;0.00133392;16.04.2026;16.04.2026
bc1q9xh7ka4kayet8z9mje23x7k8e65da7u5s337ke;1;1;0.00133064;09.01.2024;09.01.2024
bc1qngdc67jv0fkseptyvcw9kw5rru5pqelxu56dyq;1;1;0.00133033;31.07.2026;31.07.2026
3Arj1cgTqAw5Biw6L2zT7uThMjDVC2AdVq;1;1;0.0013295;15.02.2022;15.02.2022
bc1qjhhjakd4dre6pqkkqjhdvaawpfxf0zxpdj736f;1;1;0.00132948;31.07.2026;31.07.2026
bc1qwjk5wjafu82tlunj7wg9cjhtlge4jwsht2d7yg;1;1;0.001329;11.08.2023;11.08.2023
bc1q6xlac0qmvd7j782s9jgvnxzh59kwcumnje5luz;1;1;0.00132746;22.04.2021;22.04.2021
bc1pr9jhaxw5umf9yqt8ww7dr6wfv7atev5je3w9ux0u5ysrkmwjknfqc9z7e8;1;1;0.0013263;09.04.2025;09.04.2025
33PVh4VRLsDwCTyDwWUcp5x4KWD7x1hcsQ;1;1;0.0013189;07.01.2022;07.01.2022
bc1q78g0ylyx3mss8u5kamhrknvjkdp5vesnnyy5yy;1;1;0.00131789;10.07.2025;10.07.2025
bc1qudfltzzhxksylzgws7gdh97anqyxgur6qf3jzm;1;1;0.0013173;08.09.2024;08.09.2024
UNKNOWN:00201d33db3650f91d2c4a39d787ff72ae708425;1;1;0.00131014;10.01.2024;10.01.2024
bc1qzd07g8f22zxxftspcd0pavw5xvam9mtufq5k0p;1;1;0.00130364;31.07.2026;31.07.2026
35eESWgiYbfmCtA1HTAdzuRd4uggPqBwqz;1;1;0.00130234;29.01.2022;29.01.2022
bc1qewtwuhfx6cdeqvujge7w4dv69s0njpdvgsvmtv;1;1;0.00130009;21.10.2023;21.10.2023
bc1qr4zl5m84hlvhadl6085txxjx4mka3uvef6z8sf;1;1;0.0013;24.12.2025;24.12.2025
bc1qgqy7dlpnreqypadp026ck7vesh72au8w8fd9fk;1;1;0.0013;01.05.2021;01.05.2021
bc1qgld4gq4jq6x30hndx0h92df8nvyq49ekeslxa2;1;1;0.0013;02.08.2021;02.08.2021
1Fe5Hb29y1BJ3FkoGXFyuDFWZ1LSonvtTh;1;1;0.00129933;16.11.2022;16.11.2022
bc1q79vycza558c2takczl85zql3vp0cxzu2z6hzr8;1;1;0.00129729;29.04.2025;29.04.2025
3QpyhCGc33L63yNUupd5SWSgEjPbYVQhic;1;1;0.00129595;09.04.2022;09.04.2022
bc1qe3gqnyqm0y5star8kugctw4zdmywekjfwsxmpj;1;1;0.00129464;03.06.2024;03.06.2024
bc1qy98nax5a7cusnqvsvhfaep4k2ldqqvg0lt7znz;1;1;0.00129447;12.07.2022;12.07.2022
3CKpgG8aZRQiv9y19ufDA1eNRvxNn33Y6A;1;1;0.00129354;26.05.2022;26.05.2022
UNKNOWN:00204a5d9200c895128655b6ab9ff50433e011c8;1;1;0.00129033;07.07.2023;07.07.2023
bc1qu4pdfqwgtufx325ctqtelxnzaepmxydjv50xr4;1;1;0.00128998;31.07.2026;31.07.2026
bc1qrpmdm46t0luwlznrwrwpu7mr9mulufx58u24a4;1;1;0.00128963;22.03.2024;22.03.2024
bc1quc9tteurdgypkxmlvks0wgsvt4n8r5pzryv4ah;1;1;0.00128633;31.07.2026;31.07.2026
bc1qjlzzxgcslk5lr5zfcay5ymgy3jlqyem35z8e57;1;1;0.0012815;21.12.2021;21.12.2021
bc1q2z9twz8scdfxevn0cdvn6u2ln5tfnglgxlagwv;1;1;0.00128034;31.07.2026;31.07.2026
bc1q3rv263umych92sfauddq4ly3rj2nymp5lh8due;1;1;0.00127623;17.01.2024;17.01.2024
bc1qzl2e4mvq7jtd38p4se7f2u8hm3fzshrgzvnl49;1;1;0.00127503;31.07.2026;31.07.2026
bc1qtk8f6llmcxxz9d543zvercsd72kx8wke80ugt0;1;1;0.00127189;10.02.2024;10.02.2024
3BNy4dEmghRsFprUvELNcsF75DF77XACXT;1;1;0.0012688;28.04.2022;28.04.2022
3BaPsiZ7RQ6hgLDbSGyaarEtcfUfEc1CvY;1;1;0.00126663;31.01.2022;31.01.2022
bc1qms07waa5rpd776sxgp8n3nxtg3wzx9dffk29sh;1;1;0.001264;22.03.2024;22.03.2024
bc1qnxurvrc2myg4pyqkstsa4hnqvehzuwl8myq9y0;1;1;0.00126201;29.01.2023;29.01.2023
bc1qjv9x567lgvkkuxgr2ka9h66g6pka5nh4y5nusa;1;1;0.00126196;24.02.2023;24.02.2023
bc1q2ajntjp7qrp6zw2sw9stwwsqatzahze48y7efn;1;1;0.0012549;03.01.2026;03.01.2026
3JymRQPbN9nvYEQH7Gd8YkaaAsQX3urgy2;1;1;0.0012549;15.02.2022;15.02.2022
bc1q0wsnnfweqp7askh4x4q0c5xf4tuejmv8xvnxgn;1;1;0.00125264;31.07.2026;31.07.2026
bc1qrk9yq3qdnluyukuj7sx7y5zsalwnwy289mw408;1;1;0.0012502;26.03.2022;26.03.2022
bc1qscyge0l0k9kv4ceeej8mpa8nm6zcfda7k0ege0;1;1;0.00125;19.06.2022;19.06.2022
bc1qsewxpvr4c8sae7y2mqm243d4lhsn0l5ug6t5xj;1;1;0.00125;26.02.2022;26.02.2022
32JpMqwbscezSJycZKAQqJi49piwMDAi9N;1;1;0.00124946;19.02.2022;19.02.2022
37uhuzPXBvDGK4MmY63ZDu39UaEi6W91SU;1;1;0.00124683;31.07.2026;31.07.2026
bc1qzmrzjk628sukze3lcknp8l2mr6kq4ldnnvp793;1;1;0.00123608;31.07.2026;31.07.2026
bc1q6nqzfmjac5aalh9hzzx45u9ecdn8frxxfl0vwa;1;1;0.00123416;04.02.2023;04.02.2023
bc1qugvz8wx25mytfr5lmudh38taepcwg22mhpuux4;1;1;0.00123;14.04.2022;14.04.2022
bc1q39fqdzf6g7xtk34v3mqwycyxldjl7zlcrtspwm;1;1;0.00122724;29.06.2025;29.06.2025
bc1q3zxatkz6ly7q8t4kl6dt5e4usg2qttu7sqfre0;1;1;0.00122275;14.05.2023;14.05.2023
bc1q788aarq239rvk9ctpt6ww6ky7mdmc03dpw64mp;1;1;0.0012206;08.07.2025;08.07.2025
3PB5TgGwxVVTmyqewgF8UVcj9Bwzfk39Rk;1;1;0.00121895;17.03.2022;17.03.2022
1MvSg9rY8EMGfzcpAxtRSd7AddkvR3ZYrn;1;1;0.00121452;21.02.2023;21.02.2023
bc1qftyvadgnren96t96krwmh3mwmephpvj906w9l5;1;1;0.0012134;31.07.2026;31.07.2026
15fVRoHPkRHNWDGNnxpc5E4LiKjk7UMrD4;1;1;0.00121335;15.01.2022;15.01.2022
bc1q97fhu4satg44g98k2ddaulzteqv3danfdjx9a2;1;1;0.00121013;21.09.2021;21.09.2021
bc1qqmv0pjdmqkzj4ukr0aj8fl9afp9tryaaqnfugh;1;1;0.00120613;31.07.2026;31.07.2026
bc1qtvnd6aq973r7uqqnputyl35vuu2a35kksq6nu6;1;1;0.0012;16.01.2022;16.01.2022
bc1qmpg8rmayth5574mk940haq72qh0akeh0ge0ff2;1;1;0.0012;10.12.2025;10.12.2025
bc1q346h8jluc529p0wnwaa08a3eq2ajlyy03rm533;1;1;0.0012;02.08.2021;02.08.2021
bc1qpt7glwcan6kta65n7yklfrudlsmfx3pp4l6528;1;1;0.0012;08.02.2022;08.02.2022
bc1qmfvwayddu5m3sw4x39n8eajeaslevg225zdxvm;1;1;0.0012;11.11.2022;11.11.2022
bc1qza8qhqt4cla5m62l7765s906sw4kf5sfufsecc;1;1;0.001197;31.07.2026;31.07.2026
bc1qc67xv2754gt5zd62t933lnxl75zww4gdykwy3f;1;1;0.00119588;31.07.2026;31.07.2026
bc1qt62qnkengxxjgye5fxu6sm8hkfzznfxyxakpy4;1;1;0.00119585;10.07.2022;10.07.2022
bc1q5uegrsfet50jntmwhxpksmcdyaka530eqkzd6t;1;1;0.0011935;04.03.2024;04.03.2024
bc1q0q6hqvg0mswnwtgetga7h4jhejlj9hm0qyy8aw;1;1;0.00119254;27.02.2023;27.02.2023
3HdV2MSwdT61NvegsXBabqqnRiobnDbQRv;1;1;0.0011919;11.04.2022;11.04.2022
34GohgFA239SJLekgQUMpbNYxbC2PwsvRJ;1;1;0.00119142;24.04.2022;24.04.2022
bc1qh37petdlnxrmdknzvm44xrt58ztjspdc50ktsj;1;1;0.00118954;04.01.2024;04.01.2024
bc1q4y8747sry73lcfh5yynu6lcsgzngjeutzzkkl6;1;1;0.00118786;05.04.2023;05.04.2023
3C1HBSvKc8fCAT9xT2AK7cZKa5UVSkcGyG;1;1;0.00118176;09.04.2022;09.04.2022
34CesDoHEpfwrKvpc3qTP2P89vn2bsc483;1;1;0.00118058;09.04.2022;09.04.2022
bc1qp56hxg5clssg6s8l4hht3z83mkech7zlg7hz52;1;1;0.0011756;31.07.2026;31.07.2026
bc1qdxx65e86jf4h5lrg24gaaltsc6kx2ux54d79xs;1;1;0.00117352;08.04.2022;08.04.2022
3HxiNHQ6LH8F1EUnohT7rgagkt2kML5cg7;1;1;0.00117269;07.02.2022;07.02.2022
bc1qfy5zjrgkzjfxt5j9swqpj7jjrq54vt02ky2pse;1;1;0.00117059;24.08.2024;24.08.2024
bc1qapz4fvwqgjtpgmu692wzn4mlplyfdp4hpn8cds;1;1;0.00116772;19.11.2024;19.11.2024
32XkEXkTpC2gHjp2WvZTGfQ34aCsfpfiys;1;1;0.00115688;10.04.2022;10.04.2022
bc1q344al4ynqv5nlnz9h6p3ak9xu7cjul7rd3px8u;1;1;0.00115175;24.08.2024;24.08.2024
31nSbFBqe2Kokuwid9PDL2uHSLHnQcB96Y;1;1;0.001144;28.12.2022;28.12.2022
bc1qd8ucnejra9anu684jhqekv5vp0k47jsm4jjejt;1;1;0.00114382;17.08.2023;17.08.2023
bc1q7gvtns6cnq7zzhfgmvse8v5zufsfcjndmrsfdk;1;1;0.001142;31.07.2026;31.07.2026
bc1qehugnq0s000up90lm2agymsxurmsws3gmz8q8s;1;1;0.00114116;31.07.2026;31.07.2026
3Awy5vCpT5nfqUfzNfjkV8FbzqezXPwxCe;1;1;0.00114029;26.09.2021;26.09.2021
UNKNOWN:0020d69be92645430ff38281eff551bda0165bfe;1;1;0.00113436;09.11.2021;09.11.2021
bc1qlfmg43jfk52e2m02y3xmcknnprm88yaumrhsf2;1;1;0.00113413;22.01.2026;22.01.2026
bc1qcd0a98p762lv5dmkzv5vdhuw8uclx04qufgq3g;1;1;0.00113283;09.02.2022;09.02.2022
bc1qc3sl59tau498j6q6eg0efr0akgsdg90jewdjjq;1;1;0.00112984;20.12.2022;20.12.2022
bc1qwk7l2cntvxhdl8v3jegqem8628k0w2a8n8ccgn;1;1;0.00112543;31.07.2026;31.07.2026
bc1qrqehmtwfzer3zg6k7zzl7pmy6hcvcev5gwp58x;1;1;0.001122;09.03.2022;09.03.2022
3AD2qqeqCJyBD2U93AEEQNojcSbQY6WyjS;1;1;0.00112101;18.11.2022;18.11.2022
bc1qt6tt4zyfya2ny9n3vlq4jc5yrrxlfavzxhtsl0;1;1;0.00112085;20.06.2023;20.06.2023
bc1qp7mac6e4r4gt3zcgqmxqvnfsmmwl3wsgc5eegp;1;1;0.00112006;20.01.2023;20.01.2023
bc1qhcvtg87xttdrjflq4uc807ymcalr53pllazw5h;1;1;0.0011199;12.02.2023;12.02.2023
3BAh4FF1XUSExQRYM55F45DNt1NAVYBuXi;1;1;0.00111929;27.03.2022;27.03.2022
bc1q28m38sncprqevyq92y9f4ntyulgfg57v72q6l0;1;1;0.00111659;31.07.2026;31.07.2026
bc1qeq05kr83vtjccmnddd44l9j4emxpvg9ysz6ajw;1;1;0.00111586;25.07.2024;25.07.2024
bc1qawdn8c0x8krs8ur9nq3ke587nyfx8v3ff60a62;1;1;0.00110564;20.10.2021;20.10.2021
bc1qsefz5j8uxgk2896fev9080wdq86aztcfkgyh7w;1;1;0.00110433;08.04.2022;08.04.2022
bc1qkmsgcvul9mhf45eqwfhvctyq3cv9lx36ah2wdw;1;1;0.00110266;12.03.2022;12.03.2022
1EV48AyYgMjvyUuLei3TgQepXRuk6Ywktz;1;1;0.00110128;02.05.2022;02.05.2022
bc1quztmx6du3ga9kayz2lcyq3e2t3hvj5k4zv9q9y;1;1;0.0011;03.10.2025;03.10.2025
bc1q56f9fk68g6xapqq775zx0x9j7mlcvme6rxxjzf;1;1;0.0011;09.12.2023;09.12.2023
bc1qxfkg5whvtkjeheg90ylkrh20a459grnrggprtj;1;1;0.0011;16.11.2021;16.11.2021
3QhESwTb8nvA2WMuHhSaRFDh8Ja6RqYXxP;1;1;0.0011;14.11.2024;14.11.2024
bc1qljh6dewfjpndxttw8lklm2e5h8kjxkgg2py9pf;1;1;0.0011;03.02.2026;03.02.2026
bc1qhpg5p6tnzp2q4uf6u73j0wpxgggtu93tpz0as5;1;1;0.0011;06.10.2022;06.10.2022
bc1q08gqatjhq045eaeqj465ueq9da8l0u945ue9y4;1;1;0.00109871;31.07.2026;31.07.2026
bc1qelejqpz8ewjk7etl2h5uu0hcxs2p0je490jge2;1;1;0.00109747;31.07.2026;31.07.2026
33xZ5Hf1R1NvoZJZdVstL33Kt3zTBf1W24;1;1;0.00109683;06.12.2021;06.12.2021
bc1qnkc6ldvvkdn2242vkhv2zu0stx596r8kdwzt7m;1;1;0.00109523;22.04.2025;22.04.2025
bc1qc3p57ddr3efkzlpf02rhmsyhgqcfwuku8k4fxq;1;1;0.00108916;09.09.2021;09.09.2021
bc1q4nemwn2sf2r8y56rtmxpeug2em30mdvfw35sqy;1;1;0.00108839;31.07.2026;31.07.2026
bc1qsn2sns4y394zqs3z6tk6ch9w5tegjzk0kflucw;1;1;0.00108612;10.03.2024;10.03.2024
bc1qg2e20gucuwa4jmvtz54cc77478lqy7cfqh68pa;1;1;0.00107893;31.07.2026;31.07.2026
bc1qngrxvxu4jj7ldtqhd7w3vv0v96a9lzkzatazfz;1;1;0.00107699;27.11.2022;27.11.2022
bc1quryexzt6dxm25zqh4ge6yk54phh95ygdlmq7rl;1;1;0.00107584;31.07.2026;31.07.2026
bc1q60qkt4cnnvutvayp7wdlf8v484nc00v8k7gs4n;1;1;0.0010745;12.02.2023;12.02.2023
bc1qqxycrhmwprs6gcfqasr3r2qkur8jhcn39y0hcp;1;1;0.001071;12.05.2024;12.05.2024
34GXRFcXCDt8HTRST2sEoGKRVCtfxYCuWZ;1;1;0.0010696;28.03.2022;28.03.2022
bc1qegthhemezwsytxzd8hnrts0ezlccppfatqj20q;1;1;0.0010675;18.10.2021;18.10.2021
bc1q8h9l0kqy7k7fz867v8rjq50vca3n02h8990s09;1;1;0.00106544;10.06.2023;10.06.2023
bc1qskn8t23dqwhghx706t9u0rkgnpmqga6zeurxdp;1;1;0.00106335;31.07.2026;31.07.2026
bc1qgm32sk0mu0v4r7ac3axdeelx624k63f3autv7s;1;1;0.00106304;31.07.2026;31.07.2026
bc1qug9zw8c6dcuw8w8jgnp7lu3gwsd9gwcfdpnm5r;1;1;0.00106258;31.07.2026;31.07.2026
bc1qgc9j5n39fsljswvgsujmfkz3xh9hdfqs0c6ekl;1;1;0.00106;31.05.2025;31.05.2025
bc1qssnm0ck35d4kt8xsqmu2wg095nad50w332lmfh;1;1;0.00105763;08.10.2021;08.10.2021
3Ed5rrYTZNAqvTz5wPKMg4DEr7HdqR7ww9;1;1;0.00105381;12.04.2022;12.04.2022
bc1qtl2ds9lgay0zapttdctlqkxedk2gk8wa7xyjw9;1;1;0.00105;26.12.2023;26.12.2023
bc1qzpxe4kzrfmj0s055w2js6ql6vdqalktmuz489r;1;1;0.00104982;26.06.2022;26.06.2022
bc1qtj2nd02jqfy3d53cxtfj30q8ed4hxswsdtprs4;1;1;0.0010467;03.07.2022;03.07.2022
bc1qy5vfrctem8g9k24u3e8nuhk3htpclrd5wmq4pm;1;1;0.00104562;13.10.2022;13.10.2022
bc1q66p9qyenvdpekxk56gm7w3s0my2san0aq38dmn;1;1;0.00104145;04.07.2022;04.07.2022
bc1qhvn8gh8vhvxfv4dly6q2val4tqw0tnwh4l7f5r;1;1;0.0010391;29.06.2021;29.06.2021
367LSXJscdmEBnhXuFswssQU7jJvQj9kNU;1;1;0.00103808;22.10.2021;22.10.2021
UNKNOWN:0020b630efec640e0a54550ca48bb048983b5fe9;1;1;0.0010378;31.07.2026;31.07.2026
1m8vd7FPHtS8fu6NQduCibfjCt3T8UPoz;1;1;0.00103615;22.02.2023;22.02.2023
bc1qwvpnnrx0szsvyev675nj90xzyunc0lhs5nf9t3;1;1;0.00103403;29.11.2022;29.11.2022
bc1qqc607glylm5am9vkl8d8r93ay0rw772vg9ulcw;1;1;0.00103243;03.03.2024;03.03.2024
bc1q4vpvve7cqd0qtxrn452xz359vp2jaz2zzrnthv;1;1;0.00102919;08.10.2023;08.10.2023
UNKNOWN:0020e5426dbb08eebf221a3587b1253cccd434db;1;1;0.00102423;23.12.2021;23.12.2021
3MidRwpescHoGGyB3DS3WogDYpKQL7J2Gt;1;1;0.00102403;22.12.2022;22.12.2022
3F85yRgcu76XqgrgmzJ8ukdgBPKApgWPJk;1;1;0.00102346;09.11.2021;09.11.2021
bc1qkyurpl9lk25rp80cwt6mqwn83fhhc2dt4amqur;1;1;0.00101904;31.07.2026;31.07.2026
bc1qe2t86j2tmmdr0s5la2yz9fxqz3ux585sstrxfh;1;1;0.00101097;14.11.2025;14.11.2025
bc1qq52axyqqz737q0krpsh78em223gwkj6gcxf4mp;1;1;0.0010105;13.03.2023;13.03.2023
UNKNOWN:0020c4cb7ed673b8dfe091c35271394f64a286c8;1;1;0.0010103;25.02.2024;25.02.2024
bc1q3gz56mhk7ku6ffngaqur6xw3lmxck6qfzqkxua;1;1;0.00100942;09.10.2021;09.10.2021
bc1qqmy4chvj8qyvzljz2cvf0mw69aw7msyt50hj5n;1;1;0.00100605;04.04.2022;04.04.2022
bc1q9zar844xvvzcwqd9pvrh3lettkrzrpndxltxde;1;1;0.00100605;04.04.2022;04.04.2022
bc1qx8el7cpt42u4u9jmwj2n2rfmzf3fg4e4tpkahg;1;1;0.00100605;04.04.2022;04.04.2022
bc1q8tvnff88y2pr6x882u9gayvu4s6lchvxpnah3s;1;1;0.00100605;04.04.2022;04.04.2022
bc1qv4cxvqq7zz358cyv40xvdplxddrykg3tjkdr2f;1;1;0.00100605;04.04.2022;04.04.2022
bc1q9yushxdrua5ds968y28cztwzc502vk8l8sh72q;1;1;0.00100302;24.10.2022;24.10.2022
bc1qdpy6kn6wh5r5kwsngzkejp70e23mqeq25pg9wu;1;1;0.00100302;09.04.2022;09.04.2022
bc1qd8jp7a90dtcwce376j4syz83mfyjhhs7nq9xra;1;1;0.00100302;09.04.2022;09.04.2022
bc1qd20kn7y9nhkpr7l49y0muap6zv2unye67hy5d6;1;1;0.00100302;09.04.2022;09.04.2022
bc1q3dz0pv5qzvpwrdayjt49ah5pepkezjyqfevf0p;1;1;0.00100302;09.04.2022;09.04.2022
bc1q4k06e6qusda7ns5uatykfgzkmq86t9wpy2jzdk;1;1;0.00100195;27.04.2021;27.04.2021
1C9qmAQi62yp3jvKE91EQdnv63xqVcbVfc;1;1;0.0010012;07.05.2022;07.05.2022
3NanHnak22Ck4NSha7Nz2Wui7Sjcjdy5PU;1;1;0.00100067;05.12.2021;05.12.2021
bc1qks0t0qlpu7m23zr2q9tpar770ltynk3852gzq8;1;1;0.001;31.07.2026;31.07.2026
bc1qccexhl4z0hd5asp86qd2mfslk87l6zzuphhzyu;1;1;0.001;22.02.2022;22.02.2022
bc1qhydm5lt4dxgejxzcrftyfg7gnzkyahtz7s6ny3;1;1;0.001;05.03.2022;05.03.2022
3CbSLuHQwGkXJgp619k21JH1q6yDLYGv9v;1;1;0.001;11.05.2022;11.05.2022
bc1q40yc47j5qylkvytmd3z2jggf8mljup2yxp7x5p;1;1;0.001;17.09.2022;17.09.2022
bc1q6llt5lph8f46lwu2x3v74sdym7vu6c2am0st7s;1;1;0.001;26.06.2022;26.06.2022
bc1q8a47c9lddp6kdr5t986z5puevln5t29jty6x45;1;1;0.001;01.04.2023;01.04.2023
UNKNOWN:0020bafab0c231d4ce4201b45720c6e8f9ea3d10;1;1;0.001;07.08.2022;07.08.2022
bc1qzdtlmxnmz20ggwk747etemqgqguwlm388nrgx4;1;1;0.001;02.12.2022;02.12.2022
bc1qdswcruquwmmrh2m9w3eqwyk2gwwucqfv4d5ecp;1;1;0.001;16.11.2025;16.11.2025
bc1qu00gczlktmr2x0cvtsagxja70mgkx9ugk55we2;1;1;0.001;19.10.2021;19.10.2021
bc1q579f64r8r55jf05q3kr9fl42pv8cxlgdzmzeez;1;1;0.001;31.07.2026;31.07.2026
bc1qk5pq3znwyd44a9h3mceqdnm0q3syjv62al5mmt;1;1;0.001;06.03.2022;06.03.2022
UNKNOWN:002085db99a8342add05dc60aecd008206d93ed9;1;1;0.001;11.03.2023;11.03.2023
bc1qwjjk7c0msjshkm2v4tkcwcnnrxw7z95f8gatxc;1;1;0.001;22.08.2022;22.08.2022
bc1q92s5dm8t0kl7504lqlflydx7gszd2fxqfx3nss;1;1;0.001;31.07.2026;31.07.2026
3PGGxnNSU2DJ5FdQAkm2iFbHEzj8euUVKA;1;1;0.001;10.04.2022;10.04.2022
3DzPYCSh9uS5b3cpAVhB6fuQiKEU5xEvDA;1;1;0.001;05.06.2021;05.06.2021
bc1qx4t9yv2fqlvpqvpcax9e5eclfg0lnuc66gm492;1;1;0.001;29.12.2022;29.12.2022
bc1q9d2vczwcddxd9spftmed2vmzteadj3q2swcu7z;1;1;0.001;31.07.2026;31.07.2026
bc1qf4y4wpsa3z670s2dfaykx4wj3mae9l4nmcy8uc;1;1;0.001;26.09.2023;26.09.2023
bc1plz02xr09m6ajkz89elvtz8ggqsme3dkl67jkcpd6tr6zrppvmp5quhvgep;1;1;0.001;03.05.2024;03.05.2024
bc1qr52j59qhdwz23rwy6r9l98g8jdafrl4gry308p;1;1;0.001;26.12.2021;26.12.2021
bc1q8cv49z3v7ufsdtfq66kvxkd0e88a65fcp2kyaf;1;1;0.001;04.04.2022;04.04.2022
37Dp2h5yQpJqAccSkQFUUn1qN6N4bAXX1Y;1;1;0.001;11.05.2022;11.05.2022
bc1qc65lyrhgrmjzyzvylqamrqgdt7ashnqg9dl663;1;1;0.001;31.07.2026;31.07.2026
bc1q8kju9zgyfux5rq2g507nz6q3gkt5h2x3qdahta;1;1;0.001;26.02.2022;26.02.2022
bc1q6tag0ecu0yfa7weaak7y3hmkksu0dy5kk2ruv4;1;1;0.001;19.01.2025;19.01.2025
bc1qqtg58l3ems4nfg7kstk6vz46wk9mgklyt5sj4x;1;1;0.001;23.04.2022;23.04.2022
bc1qgmd8e56mpql7nppmmrd7h8x04yryyyrsmldhdm;1;1;0.001;19.02.2025;19.02.2025
bc1qgsfaavmc6lhjf294ks6f40k5vmf7csvtndvdav;1;1;0.001;02.09.2022;02.09.2022
bc1q0ug4tvmjmfu78y4d8xpwwvsa2z4ca8m86jhd6a;1;1;0.001;21.08.2021;21.08.2021
bc1q99jclfax2yu46uu8q78wvu4panzakas5w9kwzt;1;1;0.001;09.04.2025;09.04.2025
3EhmRHfrZZ2apcHEfntVWxLKZx4ARGaZiw;1;1;0.001;14.05.2022;14.05.2022
bc1qzxvfgmqe07zvwhv9hgd6dl5pel03avdqh6h0vf;1;1;0.001;16.04.2023;16.04.2023
bc1qx57tzwl54xrlmjt0dajfnv23rp04jn8csk5jz3;1;1;0.001;22.07.2022;22.07.2022
bc1q4ktt8e6vtjxnhalfwj0f3rl9w2p0j64h89k38m;1;1;0.001;09.10.2021;09.10.2021
bc1qhvmweqgyz69z7c2k835c864gz5adtnkxzws73c;1;1;0.001;03.11.2022;03.11.2022
bc1q686545266zd9clp7dcrht85nns6y4t0cjwqrtg;1;1;0.001;24.12.2025;24.12.2025
bc1q6f4ymfaa75jm9542z8a4u9wl9338zsrefglllh;1;1;0.001;04.12.2022;04.12.2022
1EtyUwVrSBKwXyKE93ocFucpPbBJQNXTiB;1;1;0.001;01.07.2022;01.07.2022
343CiqPx5hGTP8qdUSHkU86pCRyxqPsdHV;1;1;0.001;16.11.2022;16.11.2022
bc1qprguumw679g9tzepcmh47nqkjpvwfqawudueju;1;1;0.001;31.07.2026;31.07.2026
bc1qvphrdu3ss45qkz797rc59astfn3zmgvs366xsv;1;1;0.001;11.11.2022;11.11.2022
bc1qd2v0sqy4mcpqzc3z77lqyxazxs792qkn6s9dvn;1;1;0.001;31.07.2026;31.07.2026
bc1qva0m594kcn4wmzyax0u08y02rnfalqc79resux;1;1;0.001;31.07.2026;31.07.2026
bc1qjmxwgk6af0xdn53e6ra5guaxluc2mh734uq3zc;1;1;0.001;15.11.2022;15.11.2022
bc1qy9nh2nc0vl35fnyv68u3t06qkr5zzj78cdwz98;1;1;0.001;06.10.2022;06.10.2022
bc1q2vrnuuv2zls7ehp28tyu9ld5qux90h3vzdm04h;1;1;0.001;25.02.2023;25.02.2023
bc1qdcal3pzdxrvytdvwu6s40p8lhunl8k2h73m22y;1;1;0.001;09.09.2022;09.09.2022
1N8h3sJNXL5f5fvHpykAhafPVmJBaqNUjX;1;1;0.001;08.09.2021;08.09.2021
bc1qu45s3gt8p0v37sftre8w5rzfrrdnnhv4c8tcn4;1;1;0.001;31.07.2026;31.07.2026
bc1q0a3cksmca6uw93masg0xezh4d9tvtvnxlj5fd5;1;1;0.001;03.05.2021;03.05.2021
3AsRCz6D3U6Bm5VnhhmhdFsw7Vminwt6hk;1;1;0.001;09.04.2021;09.04.2021
3G8yxc1RHcDMrfLdn192LXZrYikMuKuWpg;1;1;0.001;31.07.2026;31.07.2026
bc1qz6v7grd9sa38gxxqh9c9zvgsgc22d04cet3vm5;1;1;0.001;18.06.2022;18.06.2022
bc1qsrpwx8sq5chmch3yh2yw09u2qg3wqr2c54pmpp;1;1;0.001;28.09.2021;28.09.2021
3BazW2Kgy65bJMz39Tg4v3kqHBMKkwRXxS;1;1;0.001;18.06.2023;18.06.2023
bc1q5txdxkas8he6auvp49wkc7whaa3ryneenagshj;1;1;0.001;23.11.2022;23.11.2022
bc1qswej923wgh84v7xz00nznxl0n75u99zvh5j6v3;1;1;0.001;31.07.2022;31.07.2022
16tQx9copwz2Y6jppkyjGodVCaTDCkQBs;1;1;0.001;01.11.2023;01.11.2023
32fvGzt4BpREaEhKJueTng6zHaUbUU6N7F;1;1;0.001;25.04.2022;25.04.2022
bc1qruqcche28uccyyt4v5zv3ekm0w6ytm9p5aj7j8;1;1;0.001;07.09.2023;07.09.2023
bc1q5764kawvn6gj06xzaj9ljcujrlx5ejs4zejqyr;1;1;0.001;14.04.2022;14.04.2022
bc1qnpqpaetv3wqncu6cnrf9qdma4xxan97dsjvpt7;1;1;0.001;26.02.2023;26.02.2023
UNKNOWN:00202c35a831b93684ee8c7d13cde2f1188e94e5;1;1;0.001;03.09.2023;03.09.2023
UNKNOWN:0020689f000fda324ffd97c1bc717faad03c12ca;1;1;0.001;06.04.2022;06.04.2022
36rXbsjVC1a4APMfdnw4Vk2o9DJQUTuKXK;1;1;0.001;10.10.2021;10.10.2021
1Q74Aw3CQxQ5hHZ8k17Fu48TDqyBHdtur1;1;1;0.001;16.12.2021;16.12.2021
UNKNOWN:0020796bd8012a1da2c6a15078dd4f67a9f3a3f1;1;1;0.001;04.09.2023;04.09.2023
bc1q8xn3y92n4ffk8cw5y7905h3y5th7dlfhmtpgxn;1;1;0.001;11.05.2021;11.05.2021
1K9ehHAUt8wJduDyR9pLQoknG5q3g5hcHc;1;1;0.001;21.11.2022;21.11.2022
UNKNOWN:002043ac5302bef28412ecbc2bf66c4c9faad5af;1;1;0.001;21.04.2023;21.04.2023
bc1qhhd0u7cl06w4hsfztduxw9z60lcfvuv5swwf0x;1;1;0.001;30.01.2022;30.01.2022
bc1q2myu4nx4yz8v9fhlap9aqghdflzp4v58pgva79;1;1;0.001;22.05.2023;22.05.2023
bc1qpt0rr025ujekgamnlq0l5n5p3nmyl9y4pk2f9s;1;1;0.001;24.02.2024;24.02.2024
bc1q262p06zer544ut7007th3tu3rqdqg5nnf02w93;1;1;0.001;22.04.2023;22.04.2023
UNKNOWN:00201cf3ec7f8e7809656df9a5066cdbdba1777a;1;1;0.001;31.07.2021;31.07.2021
bc1qs8975mwceq68ujdjj4j3m7zhx58v3uxct779nw;1;1;0.001;31.07.2026;31.07.2026
bc1qerlwclnaksl9g839jfr855e5g9xm6acvf4flw4;1;1;0.001;05.08.2022;05.08.2022
31sCGZLrz1y6DosuLf2iHCzW7ZMponZBFf;1;1;0.001;03.03.2022;03.03.2022
bc1quusk4njsxm5mjarazahnsch7lz7m7z4ccnyqv3;1;1;0.001;02.04.2022;02.04.2022
bc1pg6ugux3ku7xvaj9uuefaq6srxgu4fepmn6y4n2s2dytwmfap6wnsz7mqx8;1;1;0.001;06.03.2024;06.03.2024
bc1qxkt7jvs5uhq3ck4tn9jnwjc0zfj2vu9jvsql0s;1;1;0.001;31.07.2026;31.07.2026
bc1q5x69rdd6nq6ydpd03xge3erd8k584r37xzmuun;1;1;0.001;31.07.2026;31.07.2026
bc1qpme0xj98tjea5hyxure5d74uvdsssqrlfhsa5r;1;1;0.001;01.03.2022;01.03.2022
bc1q7z4jd4pl7kqf904y3afqaq7ra3nh5j0csrwaxf;1;1;0.001;05.06.2022;05.06.2022
bc1qpwquyx0tg3kg4uyx5w4eh2g2lqvvem9vytnw3c;1;1;0.001;02.05.2022;02.05.2022
UNKNOWN:0020574cca988453152887a4532052caa568f8cf;1;1;0.001;14.10.2021;14.10.2021
bc1q9g507u8wrvpd8mkge54tg7uxgzjt6xcvw4lc7y;1;1;0.001;04.02.2023;04.02.2023
bc1q8zvr225uadd3sy8vew360l865y8mhl8gwqetvm;1;1;0.001;07.06.2022;07.06.2022
bc1q3yzpkzssfzjrm4vpzf30nn5nd0haqtjxw8g2nw;1;1;0.001;22.05.2022;22.05.2022
3CfhrghjARaWCNTKUDA1H6oBDJAa14cSvx;1;1;0.001;31.07.2026;31.07.2026
1HuU2prjB8aPCme2Fe6eecU2u83XwqCNWP;1;1;0.001;03.06.2023;03.06.2023
bc1qgqte7z9rkmd9mydeaxwlstc4yfnjf0mqcfxgds;1;1;0.001;19.03.2022;19.03.2022
1A5AxH7v2zdKwdcj7sVj4PGLszYHVG3jN3;1;1;0.001;23.08.2022;23.08.2022
bc1q8xzaeqzsfk7y0d4fthx4jqyay9guc7808xz765;1;1;0.001;02.07.2022;02.07.2022
bc1qlj7j7rtqfkjwgxzckratpje63vy7q6e2eszwx2;1;1;0.001;08.11.2024;08.11.2024
UNKNOWN:002048df6605ad4e17385958f9ff8e1d37f005ab;1;1;0.001;25.03.2023;25.03.2023
bc1qfpl0thmr043nlpl9lvdwz3npm5qy6vpfmcj0z8;1;1;0.001;20.08.2021;20.08.2021
32rXVUV4z2Hw12CUTpJKHMwE8J242zvdXs;1;1;0.001;10.01.2022;10.01.2022
3M1WwZHtYM6Fjry4ierhECGYEHWuoj9GUi;1;1;0.001;15.11.2021;15.11.2021
bc1ps5xrlwk0nwrn0rjsl937kzj3wrc56xpg7tw6zpcmvh2868suw7pslmmlss;1;1;0.001;16.03.2023;16.03.2023
bc1q6s70tjvm6sdpdapt9wujy4a2eqzwmu5w5ypjz2;1;1;0.001;30.12.2021;30.12.2021
3AEJZ9794GcLyvxA2GbMKnDRunqboUacki;1;1;0.001;17.12.2021;17.12.2021
bc1quglktc4clxkpjd5p3lan4x9gsz89cju5pss69r;1;1;0.001;31.07.2026;31.07.2026
bc1q4v5yvzx2ld82z2m44g90nlcngtj4gw5vvv55h7;1;1;0.001;13.09.2023;13.09.2023
1AGzFzGpKsBoqL5ynQa5VThWPkzDBvmM8y;1;1;0.001;31.08.2022;31.08.2022
bc1qtp9mkvmrf9q8wadxc8jgx6z5j6f2gltmtrk400;1;1;0.001;17.07.2023;17.07.2023
UNKNOWN:00208bc426257036fd3b2f62d4433528d485c8ca;1;1;0.001;12.02.2025;12.02.2025
1AqCQRpWGgze4gKsnH9u5RDGoNkx6mL8Nf;1;1;0.001;13.11.2021;13.11.2021
UNKNOWN:002084187012f70ef2856623d855806d2c630f9a;1;1;0.001;15.12.2024;15.12.2024
bc1qvexh4gp0cwtdvw3whfn9dq0aswn2kymxuzrszl;1;1;0.001;30.12.2021;30.12.2021
bc1qrlsg6qxxr7g2zgugnfwygz99r9rgf34hcyncrg;1;1;0.001;06.01.2024;06.01.2024
bc1qsg8lsvm35tec5z8cjggqsfyudca2yc4tptqv6c;1;1;0.001;10.07.2022;10.07.2022
bc1qy6cuqkeql0enawhw0l89fc9l8evj358q5pq7pv;1;1;0.001;30.03.2024;30.03.2024
bc1q9x6ztu84luu4wjmzqr5hkdaenxmx6fvu9cn7zw;1;1;0.001;25.10.2023;25.10.2023
bc1q7gyqvgr2yqfpqvf47dq5xyahzh985mhgdpzpnn;1;1;0.001;22.01.2025;22.01.2025
bc1qgys9lshfphmhuvv4mdqnznpng4j6x8wsyxpu8u;1;1;0.001;31.07.2022;31.07.2022
UNKNOWN:002065c26ced5a7a22eeac6846a3e210eee60d7d;1;1;0.001;04.03.2023;04.03.2023
bc1qy3gqs6kjt37ngl6aepvaeapvr3u06r8gxnaawz;1;1;0.001;12.06.2022;12.06.2022
3PZZTQdyX4pVvi1SW9QJeBZjbQEkXwL9y3;1;1;0.001;17.12.2021;17.12.2021
bc1qqnw85duz64gxzxa6g9u7tg0fek82v6y7axy5d7;1;1;0.001;04.11.2025;04.11.2025
1Lxg4yKvL6wSfk3mibhrxkmCTNq6r1VuPi;1;1;0.001;27.10.2021;27.10.2021
bc1qxlq3je5s0qknzuc0r5ca0jl0vrtcncn6q34kxt;1;1;0.001;31.07.2026;31.07.2026
3BMFT88t34joQ59Ly89GWgnXJJpKZsw3Ga;1;1;0.001;21.02.2022;21.02.2022
3MDkRWawZSZQDU2oErzqKHHxkqRr5Ho6J4;1;1;0.001;26.02.2022;26.02.2022
bc1qqukpv6xpgfryr5j535jgeshrr2ay68j7w6rc6h;1;1;0.001;06.01.2022;06.01.2022
bc1q96emyprdp0c2ru9at7tzc5nljnntgdrrl424m8;1;1;0.001;31.07.2026;31.07.2026
3CaZLJsCQP8dLWy7KTHP2pEot22t8woL3W;1;1;0.001;24.08.2025;24.08.2025
bc1qpl6swdqfp0q2whz5mslpd4zlxljhcrmc04st3z;1;1;0.001;12.05.2025;12.05.2025
UNKNOWN:0020678dd8f7ea0acdb4e79df4db829863b8b220;1;1;0.001;31.07.2026;31.07.2026
UNKNOWN:002013fd5932386c85f01b78dd6b5718225d90ef;1;1;0.001;15.07.2024;15.07.2024
3QRrTDLBcAADfaHykRJPAqXXDrFX98PA17;1;1;0.001;15.03.2022;15.03.2022
bc1q5jxfpr6y2pmjft57q60tn73hhj7recvju3zeyw;1;1;0.001;27.06.2025;27.06.2025
3L1tJcvvowvkEbrBAFDieaJF7uVE9KtMwz;1;1;0.001;20.06.2022;20.06.2022
UNKNOWN:00209efaa7384118fb4387bc86914c5c0ac0d5d0;1;1;0.001;10.11.2025;10.11.2025
bc1qjq3086uyh5h28qlfxw47tn28gvuqxx3apvcpuy;1;1;0.001;20.02.2025;20.02.2025
bc1qst5hzf68plt7ehangy9ha36z63qnpdmhtfd72k;1;1;0.001;31.07.2026;31.07.2026
bc1qlkn8pghf2ekyn00dzp7hrefda5czcvlhckz9gf;1;1;0.001;06.11.2024;06.11.2024
bc1qqen9pc9s033au6kl8lc372d6d3lgagxx7pmphz;1;1;0.001;16.10.2021;16.10.2021
bc1q3h80p5qy888w0rh7nw69anjdga3myn974elzv6;1;1;0.001;16.02.2022;16.02.2022
bc1qv3vw7xz0ccslmqvlqyl0x0dtml7pf43n6atz87;1;1;0.001;13.06.2025;13.06.2025
bc1qdmf2aadm05qkmvp3de4rsu62kwry24946rx734;1;1;0.001;31.07.2026;31.07.2026
bc1q6zwsxewe5zke80yx8q7m0qg63rz098xneutcwy;1;1;0.001;21.09.2022;21.09.2022
bc1q6hpt6z2xzqygwdrjar3983wv9f99ml26g5u7lf;1;1;0.001;24.03.2022;24.03.2022
32QVX2ik7e7pWQPy8FYBXdxTxjBVh7P6P8;1;1;0.001;24.08.2022;24.08.2022
UNKNOWN:0020f93a6cf3ac263c27b74c387e09d7ff5a5317;1;1;0.001;11.03.2024;11.03.2024
bc1qqerr52n0p8yvlaglu8a3cqjk2w5tjd7vl9vdk0;1;1;0.001;16.05.2023;16.05.2023
bc1qpj2vamr92sawynzzsxnpy2vxcr696cmgcrnc0h;1;1;0.001;16.05.2023;16.05.2023
bc1qqhahvkw25524q0ayjaccm9sk9zlvndfs4ppufj;1;1;0.00099989;13.10.2022;13.10.2022
3GFLJTZqAMSobyfZCV7Rv9y5TrqzAQK7Jz;1;1;0.00099953;05.12.2021;05.12.2021
bc1q5knlvtgqjadgygp29caqtgh5r3sckwc2779j0v;1;1;0.00099893;31.07.2026;31.07.2026
bc1qakmsdkux47fhnd8nveyjje9r3skctrnrpetau3;1;1;0.0009989;17.04.2022;17.04.2022
bc1qt2dj7wyjqaem9u425ug50m0ruxq6huls8tl6s7;1;1;0.0009989;18.06.2022;18.06.2022
bc1q5rt9jxjc42jngmurv0ukrjmgq4nz5wfth47e9r;1;1;0.0009989;28.07.2022;28.07.2022
bc1q7cp96atylfauqjzyrgxykne0nzetpzmg5gr7jl;1;1;0.0009989;23.10.2022;23.10.2022
bc1q5sqmmdvrzwjg2vsglkpevjpcxxv7xulv3d4068;1;1;0.0009989;03.01.2023;03.01.2023
bc1qarx4wert3wgf8cjkgjp3pfn38eqzt4gl55eenj;1;1;0.0009989;25.10.2021;25.10.2021
1Q5cfzV55YgkitC9k8r9d5mQjCum9bKNSP;1;1;0.00099887;14.09.2021;14.09.2021
bc1qnz0crqncfzp5c52k5f0f5zlde7k0rjreltftng;1;1;0.00099883;31.07.2026;31.07.2026
bc1pntrgpfhzpd48gxlddqsjqg0dx0yyzq477es8q9tvph280q4tvues97q7e9;1;1;0.00099878;05.07.2022;05.07.2022
bc1p878m5sacmf35xz9fgan75rp7lyk0kt4jf9nj92sajla7fzfm8n4seuhkn9;1;1;0.00099878;05.07.2022;05.07.2022
bc1qe6yzfgvk5r60xagux0j8nvzk5kwr54umygfrw7;1;1;0.00099849;31.07.2026;31.07.2026
bc1qfvyhur6naellsvunycr0yj3pyqq8aw7ej8zytu;1;1;0.00099846;31.07.2026;31.07.2026
bc1qdajn2v94km88plpahnwtlqraas95ldcxcrrc5l;1;1;0.00099822;31.07.2026;31.07.2026
bc1qydqq4h4sa8k6g926mwxdl6l2540xwx2u6aj7na;1;1;0.00099781;08.05.2022;08.05.2022
bc1q0l4f27xppr5t5xvxq9cs38sc4jn3xjmat7fw0u;1;1;0.0009978;31.07.2026;31.07.2026
bc1qzh4tp8gjm9ezmul9mem02wpjhv4tufdcqlrwp4;1;1;0.0009978;15.11.2021;15.11.2021
bc1q8nljsgfupx5685yxymv2swwphy7kz2rg9negk2;1;1;0.0009978;31.07.2026;31.07.2026
bc1q2qp5ga7zns9ft37tuwesxtw567wyv4pwgcgnpa;1;1;0.0009978;31.07.2026;31.07.2026
bc1q3j5j3gdxg60j5anzhk4chrf5y9kl5zg0q0yzpl;1;1;0.0009978;31.07.2026;31.07.2026
bc1qzpwfh9cmx5ynerugfzv48u4aqtekscfmrtxxwu;1;1;0.0009978;31.07.2026;31.07.2026
bc1qpq5umx2acyre0acfuz0er94z09lp9ky7lh2rwr;1;1;0.0009978;31.07.2026;31.07.2026
bc1qfwg0fmtv9ee7qqeeumal3j624hn9nz7vldw3qg;1;1;0.0009978;31.07.2026;31.07.2026
bc1qn4as7c90kc5zrt778uvzmvmz5qcgnt0wpmd7t3;1;1;0.0009978;31.07.2026;31.07.2026
bc1qg842j7e3cvk7ljmplxwdq8cskwqdrjfga5h6hy;1;1;0.0009978;31.07.2026;31.07.2026
bc1qngst6h0frqw379j2fgjlxkemlw6gj9lfytyqtn;1;1;0.0009978;31.07.2026;31.07.2026
bc1qjpfuam0hqj8vlhuped3vlv7tsw0md2eahcx502;1;1;0.0009978;31.07.2026;31.07.2026
bc1qq9ey58q5cuj5qmc7c8se5080glg0fwtlwjwdcc;1;1;0.0009978;25.01.2022;25.01.2022
bc1qgtl08fmwejztzzf4rgyrreeweqge3xs62v08p4;1;1;0.0009978;31.07.2026;31.07.2026
bc1q3rchwjgcmfe0kvdm955udz7z3804mh7frlfgpv;1;1;0.0009978;31.07.2026;31.07.2026
bc1qfyflm8hts5jg35q7zgf89ne222f3jpdl49a20m;1;1;0.0009978;31.07.2026;31.07.2026
bc1q9s7z97ewcu083w96qe7wekcmxp0ah8jt5ukpvn;1;1;0.00099769;01.08.2021;01.08.2021
UNKNOWN:0020396fb96f2c8ec8f2e87ebc6e7f6aecab3dbe;1;1;0.00099768;30.08.2022;30.08.2022
UNKNOWN:00200db62bff87cd7679f0a0f4693923f2b789e9;1;1;0.00099768;26.03.2022;26.03.2022
bc1qmadka7asz986xseta7a4xy7rvmkgv40xu9pnk2;1;1;0.00099761;04.09.2022;04.09.2022
bc1q40h7ya46hmgywztcjeqj59sgkssjv4qtzfuqr4;1;1;0.00099761;03.09.2022;03.09.2022
bc1qqea8874wsdjd87s06yy2feguelql9dka96xpa5;1;1;0.00099761;30.08.2022;30.08.2022
bc1qx0g6l62ctsl3qmyj2ez0hmp6exv6rqkq9923jy;1;1;0.00099761;30.08.2022;30.08.2022
bc1q3yxamq0c6r6ukz75f0ausxkghgv28mp45q9cs9;1;1;0.00099761;06.09.2022;06.09.2022
bc1qgh2ktj69p0m8ngu0r84sfa9c95zrteyf558zwu;1;1;0.00099745;13.01.2023;13.01.2023
bc1qp5pmsah0g8pyq28r6nnal0z8a5allzvfzla0z5;1;1;0.00099717;08.06.2022;08.06.2022
bc1qh0zw6n7l2k3t32jyfz0nn94p83sm3t88ft07lu;1;1;0.00099701;22.09.2025;22.09.2025
bc1qf43wc5re9v7hht5wstalp3a6rpnxjacsm357z7;1;1;0.0009967;12.12.2021;12.12.2021
bc1qjtcu6tae847m8gq5q9mxawk2rtwgf4wgenwjz6;1;1;0.00099643;31.07.2026;31.07.2026
bc1qz6wzkv2p0n992tfvkztaqqjkfzefql3jlv7a5s;1;1;0.00099577;29.06.2025;29.06.2025
18W8nTX6pcU6JR4JZtfbLB9jUFkLaFNiw6;1;1;0.00099568;18.05.2022;18.05.2022
bc1qtwu3fns0qy8k0xky985yxfplz6p9fuegt9c0mj;1;1;0.00099559;16.04.2025;16.04.2025
371c7VpSchcrjXAXc3UB5sSDJNPqE37hqL;1;1;0.00099557;26.09.2021;26.09.2021
bc1qrjylp0hxaakzfnmmpqcnk9h0cclu5q88hqg7wv;1;1;0.0009953;13.01.2023;13.01.2023
bc1qvsa9pd8pkg7g8rtk9a66a0j6py7s79q9u7swr9;1;1;0.00099515;19.01.2022;19.01.2022
UNKNOWN:0020947ac7058974e873c46e5437817d31dfdfb5;1;1;0.00099458;31.07.2026;31.07.2026
bc1qe3pe207rp4d9cvj46ctuez2u6xdzw72mpjdxtg;1;1;0.0009945;18.04.2022;18.04.2022
bc1q8euc0h2ldlg7qmagz7rwxgfvh0m9xlyv6gj36l;1;1;0.0009944;22.03.2022;22.03.2022
UNKNOWN:002005152ad72f3206b9ed5395f5106b7994bc56;1;1;0.00099425;28.06.2025;28.06.2025
bc1qr6r34qg86vx8x6fj9vsqk3hcdl68n27q8qnx2c;1;1;0.00099424;08.08.2021;08.08.2021
UNKNOWN:0020f15badbb4236d7f217581a4f976a6a41ea84;1;1;0.00099424;09.03.2024;09.03.2024
39SiRpTYak17cn5gkfckrkj2S6H99ybyZy;1;1;0.00099334;25.08.2021;25.08.2021
bc1qg2muucd5mdktryyqk38ltaqt5kapzk7wm0mv6m;1;1;0.00099322;12.03.2022;12.03.2022
bc1qmg54emes4z0s62lzzn340yz3rset9ee4mdqv0u;1;1;0.00099302;23.04.2023;23.04.2023
bc1q8agp6d52czj407jf3wf08veqt72p525auq7jmr;1;1;0.00099235;31.07.2026;31.07.2026
UNKNOWN:00204897ac6779aefc61193faec28308cf79199f;1;1;0.00099235;20.07.2022;20.07.2022
bc1q9n9a2vgu2gvaj7n9sz9j3zue8znjysazyd22sr;1;1;0.0009923;03.10.2021;03.10.2021
bc1q0qr4mzgt9qegtxlyumfqc7cfd7w58ex8my47sa;1;1;0.0009923;31.05.2021;31.05.2021
35CEBLHQj3cWC9Fak9r77nJWgsyLdSJZYU;1;1;0.00099229;12.06.2021;12.06.2021
UNKNOWN:0020f506c460b1591e1f96ba83a94ba3fc34bd53;1;1;0.00099146;08.03.2022;08.03.2022
bc1pnkvfheqr7y2l9jd8a4zv2yqva8s9nz0tsj5rdp75evgr0uts4mmqgashr5;1;1;0.00099145;31.07.2026;31.07.2026
bc1q9xtpqezchdcnpzqspzumv9me5j06mgkeag0xed;1;1;0.0009912;25.11.2021;25.11.2021
39P1Enad8joBYjWd2sCX9TgQ4sxxsGQYim;1;1;0.00099116;26.08.2021;26.08.2021
bc1qrwuvle8vudatx8c9dyk0r4r7fwr4zveeprvept;1;1;0.00099107;31.07.2023;31.07.2023
UNKNOWN:0020c61139f09bc6b09a78fa06fb96abb9c257f0;1;1;0.00099025;29.06.2025;29.06.2025
UNKNOWN:0020129f6d13dbc0d5d534ad8c2846c1f11c8b0d;1;1;0.00099016;10.11.2021;10.11.2021
bc1q5zl3yk9k5y0kt9lgjrsurmcxxheh359ytn86gv;1;1;0.0009901;13.11.2021;13.11.2021
3Fgfm8xuJScjTfKxdL7eq4pUbSdFHKeERK;1;1;0.00099008;29.08.2022;29.08.2022
bc1q8jqzvv7sez20xr3sy5g9ww5xmx6hayu689xcsx;1;1;0.00098932;21.04.2024;21.04.2024
34RKn8GK6fB9kwEPPjFmjakXLa5rs5Fa1h;1;1;0.00098923;05.05.2022;05.05.2022
bc1qvrnlesz0avapxna9ud2ckvg4z60rp9kd4nv4gr;1;1;0.00098889;05.03.2022;05.03.2022
bc1p3ed25z2y2vlk5uey0caqdj7x43lql5z6m7gnjq7c9jy3gp4dkfvqkx6kak;1;1;0.00098883;02.10.2023;02.10.2023
bc1qza5ar9lhpf7as2uyu2qc3cmtjslqlxvydcf2p4;1;1;0.00098824;20.08.2021;20.08.2021
bc1qnu0u2hsz2lyz9t8j0zsnqr2wcc3kxsfx5yke62;1;1;0.0009881;12.11.2022;12.11.2022
bc1qp7q4qz0fgfvftm5hwz3vy284nue6jedt44kxya;1;1;0.00098799;10.05.2022;10.05.2022
bc1qm8azzzj2p69gm2euclf78273xlz0ap7ma2vkn5;1;1;0.0009879;27.02.2022;27.02.2022
37QirBvVSSRNaDVDEZhj6zYJ6Ar8FskU94;1;1;0.00098779;04.09.2021;04.09.2021
bc1qd395n2a89zerefl9glcdc7563aswt9kmyrf0ge;1;1;0.00098768;22.09.2022;22.09.2022
bc1q3qry6g60lpcemjqevgphpff7tehgy8tw2efhgf;1;1;0.00098659;14.11.2025;14.11.2025
UNKNOWN:00203af33c688d78999945b657186691fb7a6fc8;1;1;0.00098648;07.02.2022;07.02.2022
3J4GMGyhgvxxYu6NtpbyZoXsznMxPNFjW4;1;1;0.00098612;23.03.2024;23.03.2024
bc1qqu6ywc3rp8hnm82x7t5xz87ms870wj08g6lq5a;1;1;0.00098493;27.07.2023;27.07.2023
UNKNOWN:0020621cc648a04858b60bf1cc647651893f1a50;1;1;0.00098475;29.06.2025;29.06.2025
bc1qqdkchf22el7tratht0rq66ucrg5j8vj8cpg9jw;1;1;0.00098432;01.07.2022;01.07.2022
bc1qxmm5rplkt5h8wywxc9ly72z6r9ckc003a6je53;1;1;0.00098424;31.07.2026;31.07.2026
bc1qvdw4purjrqjuatyjqkrnsxmhwhdy36uuwavhed;1;1;0.00098362;25.02.2024;25.02.2024
bc1qrd3s8dv3aq8cq738ntumlpvu0mkll74c9ljqn4;1;1;0.00098264;18.03.2026;18.03.2026
3NLQB3cwsw6MnPwEGqB1zkRAnSFHuVhbBx;1;1;0.00098224;11.11.2022;11.11.2022
UNKNOWN:0020021d33e64d7646e4f520070ac2bc8ec8740b;1;1;0.00098184;16.03.2024;16.03.2024
bc1q3av4l7mntqh699ewglzcr9res9hr887t6lpfld;1;1;0.00098168;05.09.2023;05.09.2023
UNKNOWN:00208db9db868478297b0b2385d347a5568192ba;1;1;0.0009806;10.06.2023;10.06.2023
bc1q99u4wfm3rxghcte2wtec9zxutyw926hpjzlp67;1;1;0.00097925;26.12.2021;26.12.2021
bc1q63u0x62tesq6d8nq24zr9kdj6hw99tqpf4udhd;1;1;0.00097233;12.02.2023;12.02.2023
bc1q0hzpkmhwsa93jwh69d2645r30t6f99e29jjmn2;1;1;0.000972;25.06.2023;25.06.2023
bc1qnydfcnzcxvmm85vjvlz3tr3ngjdv4e7f22h7zf;1;1;0.00097;28.07.2022;28.07.2022
3EgFQY5vZ3ZFBtyoa17t9BPB37CES3uJkT;1;1;0.00096917;10.02.2024;10.02.2024
bc1qvnkg98pr063eacgmfu27nxmvrggfjlkra6v8hm;1;1;0.00096718;16.08.2024;16.08.2024
bc1qhrn59qupl9l9nj0zlse6cgqqyd2du70w3sfwj5;1;1;0.00096697;16.08.2024;16.08.2024
1CT8G363orqYroEpE4zXWQ3LM9VxgPoKs;1;1;0.00096697;16.08.2024;16.08.2024
bc1qnqqs0a02t78frjn8y5n6ah6ul4c8ec35fqjtxt;1;1;0.00096697;16.08.2024;16.08.2024
bc1qlfya32zycagq6xuwm4e55a55nx300nltjdk3ly;1;1;0.00096657;23.11.2022;23.11.2022
bc1q9qw3g8tdxf3dugkv2z8cahd3axehph0mhsqk96;1;1;0.00096535;23.03.2024;23.03.2024
bc1qp9d0q5u38y9ykykf5jxq0t3h6wcz5fl82pnkfq;1;1;0.0009648;18.06.2021;18.06.2021
3NNDYoKNGpkfTPBSrnzjWm9ktQjj8QKBzV;1;1;0.00096448;18.06.2021;18.06.2021
bc1q4czaxp570t7c8sseql8vac652mkwezzaamh208;1;1;0.00096363;02.10.2022;02.10.2022
bc1qpe3awmd6cwsd7rmrsc2u6atmw9v80sp8fp5erv;1;1;0.00096336;16.08.2024;16.08.2024
31mQXSkPS1HPsN5QDUtz1mhyxemN5RiDUZ;1;1;0.00096228;28.12.2022;28.12.2022
bc1qsyfrcdn7nuj9yssux6fxgxnepa40k4ujdp0hxk;1;1;0.00096054;10.04.2022;10.04.2022
bc1qhxhj9zzsq0ruzt77exefplme8hg5nepa0d4ueh;1;1;0.00096045;02.07.2021;02.07.2021
bc1qx4hgfz3ft5sadpewceejfq73nva8pmkkshapfc;1;1;0.00095849;24.05.2023;24.05.2023
bc1q0wuqq8s45ncz3mns2ewp6fp7xvhr2v6ay8w3tl;1;1;0.0009583;31.07.2024;31.07.2024
1M9GE5aXYvcmhBWg6TT6cA8uT4zMFANnnc;1;1;0.0009553;23.06.2023;23.06.2023
19wC6NN3kuz4mRBo7FEhy7eDSE6DLZKUJJ;1;1;0.00095367;27.05.2021;27.05.2021
bc1q5ep0xz9dhx7t5ug3wtgusqrhr63z649rcxulxf;1;1;0.0009529;24.09.2024;24.09.2024
3QStbfB1DFQfHmHRBpQzgBKYNVkaVcqm4P;1;1;0.00095078;11.04.2022;11.04.2022
bc1qrs95ywn9797dukx75ac0n69tk60cx3zvq8pdw0;1;1;0.00095;11.05.2021;11.05.2021
UNKNOWN:002062a364c1b443c0480582edc85140401920d1;1;1;0.0009476;27.09.2023;27.09.2023
UNKNOWN:0020ee2d56f828d0e4bbe03e9471766a3fd711ab;1;1;0.00094429;10.01.2024;10.01.2024
bc1q5f4hnjtlcc32nn9x2p8cw222zxe0u0gc0g7rw6;1;1;0.00094218;12.09.2024;12.09.2024
bc1quws9d0w48j3rfxrmpdvj4meh55l5nu8vhmudhp;1;1;0.00094176;09.03.2022;09.03.2022
bc1q34vlxrev6w9pyy3ldmdsqfkrjp4yzsgjrze5jg;1;1;0.0009417;28.06.2021;28.06.2021
bc1q6awggskqwpy8u29j7pf6mshhuy6xtw32ktljsm;1;1;0.0009382;31.07.2026;31.07.2026
bc1qqpm8sam0l6l7rpxt6f9dkdq9ygpuzrxk6jpgp9;1;1;0.00093817;25.02.2024;25.02.2024
bc1q5ngkngyu7dtkzrv7mzeht09qxcy7usswq49gex;1;1;0.00093303;08.03.2022;08.03.2022
UNKNOWN:0020cddcbbc6193f2a4d4db8e43c846065eef01a;1;1;0.0009326;12.03.2023;12.03.2023
1DUxDKa8ewcMJ6Dng4ocPhnC1MHbAiGrL1;1;1;0.00092655;30.06.2021;30.06.2021
bc1q0g7h4ee3k45gpchy9aqd5hpxvph2smuj5qqf5u;1;1;0.00092648;11.08.2021;11.08.2021
bc1qyk2h24kp7qn4ee32wdrkk4cqf07a28h3jwwgqp;1;1;0.00092107;31.07.2026;31.07.2026
bc1qrferlma0nz595wt9uw4qtvhtkjkyq6mvwyfzct;1;1;0.00091976;09.03.2022;09.03.2022
bc1q6w4v3yzvuhvjasf63glwnc2q78t6rrhu73h9hu;1;1;0.00091892;22.01.2022;22.01.2022
bc1qahnx2w786aj7jkhwfmxwegvfuede5lesnea3fz;1;1;0.00091888;15.07.2022;15.07.2022
UNKNOWN:00208204f1c3c70975c615a88989ee39445039cf;1;1;0.00091878;21.02.2026;21.02.2026
bc1q3hk4uxgw4pqdt07k0k8gx4e5r425h0gd5h652s;1;1;0.00091603;31.07.2026;31.07.2026
UNKNOWN:00203a631daa0bf0b2f84a7267bc472431beb4e5;1;1;0.00091037;03.07.2022;03.07.2022
38sJZKjZecLjZs3QnbKpGwMpPQzYPr6tDe;1;1;0.00091;23.07.2023;23.07.2023
bc1q2vx5j7lgq35smnhnztnau6auzvaq6etcja70ar;1;1;0.00090926;02.11.2025;02.11.2025
UNKNOWN:0020ff3a2b2ae57704245080619cd21d093c3a66;1;1;0.00090558;28.12.2021;28.12.2021
bc1qw5cea83vd8dwaq2d5rxgdm4wdr5t3vkp869uz9;1;1;0.00090553;19.07.2022;19.07.2022
bc1q4rluk2fywgsk5j3xktp7xvcvrsj6d50p8xjzsg;1;1;0.0009016;31.07.2026;31.07.2026
bc1qr8wzy7umwykya7rmpz8k04cz57q2xsmyfeyy5e;1;1;0.0009;31.07.2026;31.07.2026
bc1qmvp2m9u7uxh244qfhtz4r6cumkqpzxf4xrzkvc;1;1;0.0009;31.07.2026;31.07.2026
bc1qa6k8jqftlxlps4h0a8gdsytj6wgq2xvktfgqs8;1;1;0.0009;22.02.2023;22.02.2023
bc1p73z06h5gwhp2jkvntelr08sca3afeg3fvv7y2ktyajkaduhm9v5svjywkv;1;1;0.0009;16.08.2024;16.08.2024
bc1qfeuxv4ksrn6833t3tw3ql2wwtzjlpu23rskkvk;1;1;0.0009;29.09.2023;29.09.2023
bc1qmcw9fajargf8f7qqvuetsrmarmphsee4zsu2ae;1;1;0.0009;22.02.2023;22.02.2023
1GoQz24jDa5KLDYHhHEhdM4BjNauvx5PkC;1;1;0.0009;28.01.2024;28.01.2024
32QQzFhXTScMfL3bxj1DeWb9FHeDFwJyVo;1;1;0.0009;13.02.2022;13.02.2022
bc1qahlrv0zaenmxvln87uzskwvlhxds2yl3j22mum;1;1;0.0009;31.07.2026;31.07.2026
1odpDGo1iWGihRjrNJNSco9BBgWCCPmUW;1;1;0.00089876;22.06.2026;22.06.2026
bc1q9k3nv9gh0z5z5xe755n78rn8wyupnj5e5fslkv;1;1;0.00089776;09.03.2022;09.03.2022
32kWgoKcpZmu8rQLNhpppc6xdE8LXg8oSj;1;1;0.00089539;25.06.2021;25.06.2021
bc1qsa6n9xelpt6x4dy2kj7xrhrjf3p56sr2en6ck9;1;1;0.00089374;15.07.2021;15.07.2021
UNKNOWN:0020b7d449fb91755b4050545c337ff078ed049b;1;1;0.00089368;13.01.2023;13.01.2023
bc1qumnvsdtzu4jqjppg6te5c9gukh2g5xs8k7jcwm;1;1;0.00088442;31.07.2026;31.07.2026
bc1qqkmqs277hel0fxg4a0tj6j5d3qhqj30d3ul4v8;1;1;0.00088143;31.07.2026;31.07.2026
bc1q4rjtv7xy9snzuv4c37lpdnlfttyf3l9skanc0a;1;1;0.00088;07.09.2022;07.09.2022
bc1q26hwtw7ecde92rvku5egxvf60h8zwgwntqs8r5;1;1;0.00088;06.10.2025;06.10.2025
bc1qfncjalvzumn4g4zqmk0de9j3s0ayxj6ep70q73;1;1;0.00087978;26.07.2022;26.07.2022
UNKNOWN:00202f8b060bf6faeaa9fbccde98edb70ecde2e9;1;1;0.00087974;28.01.2024;28.01.2024
3CsKDbH12D4xLK7U8p4P7scW4wXCk4AZKN;1;1;0.00087094;20.07.2025;20.07.2025
3PHjxkzCUuzdf7i3FYwm2eTjuqDTPfGZjJ;1;1;0.0008706;21.01.2023;21.01.2023
bc1ql8qgfa484cyfqu65pm53j0tg5ljlsg2r9fe6ks;1;1;0.00086412;17.07.2024;17.07.2024
3HESM8X63YCuon3DAqesoMvJY4uGARjYyq;1;1;0.00086159;03.04.2022;03.04.2022
bc1qm5j28hv4pgmpanyz6vlhp8k72gjvl8n44e8dzr;1;1;0.00085592;25.02.2023;25.02.2023
bc1q05lvy878ry8rsxq283w4n35mq7wna5wgdvlztn;1;1;0.00085444;31.07.2026;31.07.2026
bc1qmg75jrx9kzs3kss5xsnak32xkhxm06gqmdaltp;1;1;0.0008528;31.07.2026;31.07.2026
bc1q607xef5m3k8utwfzy863qg92fjry9l8ajzx0u9;1;1;0.0008526;25.02.2023;25.02.2023
bc1quwnwrpk6rfzalgqlkmx8wvw6s3gqusvs3urmg8;1;1;0.00085;08.08.2025;08.08.2025
bc1qj5qyu62a37phjwza4h4r8p73kfmkq7ed3pcm94;1;1;0.00084606;19.08.2022;19.08.2022
388VjZ2gXRJES5XXPKM78SLPhUG9Xyre1r;1;1;0.00084112;19.09.2021;19.09.2021
bc1q9dv5z0eytykvyh54r9z6t6qaartqdshhekvemn;1;1;0.00083871;14.01.2023;14.01.2023
UNKNOWN:0020023d24973e50ca52b58e48bdad7fe6b3e9f1;1;1;0.0008366;19.02.2022;19.02.2022
bc1qy6jmva5z8dllaup3g54sdgmzwktzk5grfps6sq;1;1;0.00083571;31.07.2026;31.07.2026
bc1qpe9gfc68f6xyqascj74gsefcwn3r0qa06sc6k8;1;1;0.00083344;26.09.2021;26.09.2021
bc1q6rvwxnhmn5n5sxtxq4qjda8c567cm2ede35ne7;1;1;0.00083328;31.07.2026;31.07.2026
bc1qeqcs7eqw58myhqutuv22e46senxp8jc999knz6;1;1;0.00083286;04.03.2024;04.03.2024
bc1qaxx8370emjfdln9h0ctn9unlkqcfdznjt9skkj;1;1;0.00082244;07.12.2021;07.12.2021
bc1q4cg43ednpasssap726yqswj0zse5ul7cat6tkv;1;1;0.00082094;31.07.2026;31.07.2026
UNKNOWN:00209ae23ac6bb4212a29832da4639dba6de2f0d;1;1;0.00081728;02.10.2025;02.10.2025
UNKNOWN:0020086c04d101126082b600c3aed20aa4fb520f;1;1;0.00081728;02.10.2025;02.10.2025
UNKNOWN:00202028f2754dbeaa1eccbe6cb211b4de44acde;1;1;0.00081648;27.03.2022;27.03.2022
bc1qc42sgwzfmy207n5ca02csmspklrzlnfsvzyfjp;1;1;0.00081468;31.07.2026;31.07.2026
19qaCGR33FpYqm7jV3kqcLLGChQZNBxnqY;1;1;0.00081065;16.02.2023;16.02.2023
UNKNOWN:0020550736a421c470dcfaa39315276c80aa4bb5;1;1;0.00080772;21.12.2021;21.12.2021
bc1q3dxdcchk9wrvyval3ydpsrslze6jrgsr466psd;1;1;0.00080768;20.05.2023;20.05.2023
bc1qxsxd7kqrh2t87vgrsm8jn6aqg3mm7nn55w9grh;1;1;0.00080744;31.07.2026;31.07.2026
bc1q4qzwrzzygrh885xh7xjycl09d6k6cn75hpgag3;1;1;0.00080644;22.12.2024;22.12.2024
bc1qymdag84z02cy269ys20y2uel0aus9wacq8ceva;1;1;0.00080365;31.07.2026;31.07.2026
bc1pswfp0tfpduaqcqegrzrl5d3gz4dfx52gpteqepfl5n2x02pr2d6q9mk3lw;1;1;0.0008;14.01.2025;14.01.2025
bc1qw02uw64rurkz4d9xsw2h8mmdacu680yfxjr7g7;1;1;0.0008;31.07.2026;31.07.2026
3CAzWSCx9DjsPj8Ait9rUckE5pNgxoP5ZA;1;1;0.0008;27.04.2021;27.04.2021
bc1puzswcff67n5vpzvk7epmev7t7264yg9rye9h0ee3u87dugefqchqssvc3j;1;1;0.0008;07.10.2022;07.10.2022
UNKNOWN:0020e940a1497987665b37731d551b56b5468d67;1;1;0.0008;27.06.2023;27.06.2023
bc1q970yjxn7c930cs0l3grq65jmg3ceydg2app83t;1;1;0.0008;13.02.2023;13.02.2023
bc1qg343vdlhqkrzz9ukzvuc9rxepcyxxxptdlax7d;1;1;0.0008;03.02.2026;03.02.2026
bc1qkz9mjsav94patqyxjxc7u8gkzm6dsmpkppzvql;1;1;0.0008;29.03.2023;29.03.2023
bc1q54lwjlwedw3uns2rtf6rwdeccnzkhr54eyr0yn;1;1;0.0008;12.11.2022;12.11.2022
bc1qmq8faps39yx0dzd5n8dxtpm39fw3v3lg2grw4x;1;1;0.0008;02.04.2022;02.04.2022
bc1q4t79rgm32ru2upnn2pjm8le7ul66xzgrs5nsjj;1;1;0.0007989;15.07.2022;15.07.2022
bc1q06vz7qtne3k6wu29mks3nhdgjn87sjps6nmk6f;1;1;0.00079207;22.08.2025;22.08.2025
bc1qqfa0r6rc4yjztyfvz2hrdhu436ce244p0snuq5;1;1;0.000792;23.02.2022;23.02.2022
bc1qlcmftx4mtzvq9yzsskkkudcakvvkhq008rrwk9;1;1;0.0007914;17.07.2025;17.07.2025
3JSQaVqSFedbE1VoJsMw5EMGWqGB24owoS;1;1;0.00079;28.03.2022;28.03.2022
bc1qtt4e82ugha4eeqpyv6hlm8rsrnkmsl2eh79qmx;1;1;0.00078825;03.01.2024;03.01.2024
3GftD7sttbwjh2Vk9cVqA4ohyF4WRhNYWq;1;1;0.00078819;29.01.2022;29.01.2022
bc1qqss2s4ufyjr75taege7ke52q8sf9gcphrh0lrf;1;1;0.00078814;31.07.2026;31.07.2026
3Gj4tkhXBKS6LqtsQS2KYWbgi6YLCYFhYT;1;1;0.0007869;15.04.2022;15.04.2022
bc1qtglnfywefqqh83pjt0xshr9q65dj23r77thgh8;1;1;0.00078637;31.07.2026;31.07.2026
3BL3BYMsiTcgZJeHaf67nAb2eKsg7uX7Wb;1;1;0.00078;13.12.2024;13.12.2024
bc1q7kljp7x42hqwp04c8cuhz28jgdnmfaa2sejhpj;1;1;0.00078;06.02.2022;06.02.2022
3G8Qpa5S5wF5oFnYQYK77a4RrDjnjpobXH;1;1;0.00077838;29.04.2022;29.04.2022
UNKNOWN:002029fc24b035c6e0cb4e7f67aacb95fc55c391;1;1;0.00077777;31.07.2026;31.07.2026
UNKNOWN:002062c162f98c472e9ec8de1a8c32a5bd1b9b00;1;1;0.00077642;03.02.2022;03.02.2022
3EU48J1nzUQcpXc8baXR2asNmrJGR2nLss;1;1;0.00077642;03.02.2022;03.02.2022
34qdaJ8AuSaJoUTqmZft1u8GnQTEtCpWBe;1;1;0.00077623;11.06.2023;11.06.2023
bc1qgkrn3mnkx9nm2fv24wm34d4a52clgv6cz86r42;1;1;0.00077327;08.05.2024;08.05.2024
3NUDdKQ9qsdnjBEDTi8GEfGNbQRGFS4AbW;1;1;0.00076906;08.06.2022;08.06.2022
bc1q2cgdydc4fna99js76s8hg922ttcsy6qwcdqz6l;1;1;0.00076507;31.07.2026;31.07.2026
bc1q7xhael6hxz5dheurmcg7kqwlh66ckww45d987s;1;1;0.00076343;27.07.2023;27.07.2023
bc1qsp9fjk74cnuv2hfh53ke094n4u25ddp0586lkz;1;1;0.00076241;02.08.2026;02.08.2026
UNKNOWN:0020c84ff73cf8ff87ed5f5d3310f33b0da7da1c;1;1;0.00076183;16.03.2022;16.03.2022
bc1qcj8yvef0qn3yc923hudzdr7ugm0e2xz8dskykz;1;1;0.00076124;03.06.2022;03.06.2022
bc1q60mqt22ltpt3ezhp23tk048vjp9zlryf35f36u;1;1;0.00075993;09.07.2023;09.07.2023
UNKNOWN:0020c6e8e8c10d86fbcb9bdb19557c9b1a4b8d66;1;1;0.00075636;25.02.2024;25.02.2024
bc1qq6nnsd464dlhdvtct3vwtdw2seq48hfcnfekxl;1;1;0.00075373;12.09.2024;12.09.2024
UNKNOWN:002076c3dd295748a4ca7d96c5f2b11fe7608fa6;1;1;0.00075058;16.09.2023;16.09.2023
1BHxcGzNiP3EM9n6iemJWc6BYyyvPMLaSx;1;1;0.00075;20.02.2022;20.02.2022
bc1qfxn43ya7mzdqt6xl3c09vhp2ykprvu74yeajmt;1;1;0.00075;18.12.2024;18.12.2024
bc1q2srs4zmudjq4n23e8yunnds00m4lev2qpsdqyv;1;1;0.00075;25.11.2025;25.11.2025
UNKNOWN:0020ce99af08dd52d0601b4cd703f3142d8e1139;1;1;0.00075;06.02.2022;06.02.2022
3Fu61Xec4NrFJAM9gNfYziHtcCLzY66dqR;1;1;0.00073651;26.03.2021;26.03.2021
3AW5fyDawQxCcfJ17tSp1HGuh1EACDZTqv;1;1;0.0007364;02.01.2023;02.01.2023
bc1qxdh86r40cuddt7ltfa3dq7y46glvpkgc6shlv5;1;1;0.00073382;10.12.2021;10.12.2021
1Q5LLgWwbu9K3Hc7wuyySkDziZ4bVw5PWf;1;1;0.00073143;29.10.2024;29.10.2024
bc1qrpnqxy9hs244fc87d506fyvu7hlc64qvslw6g0;1;1;0.0007301;31.07.2026;31.07.2026
bc1qnvvz69nw7ks4mvlu5x2q2flxpffpt8dytulw4x;1;1;0.0007272;31.07.2026;31.07.2026
bc1qy2gv9c037amfdnsy0hv8cr8war2zqfh5dqywgw;1;1;0.00072438;31.07.2026;31.07.2026
bc1q3gsz85ztxur83805ax0h3sdzfa2p7qtsh7unrv;1;1;0.000721;25.12.2025;25.12.2025
bc1q9sm9fs6g6t7rhpn8yaacekmepgaeevncjhyds4;1;1;0.00071795;06.05.2022;06.05.2022
bc1q9mxepfnjpjgef9jrlh8z2j3pueevgs4nmwqkp4;1;1;0.00071512;05.04.2023;05.04.2023
1EEkXNndtrSRfBggaiByQcTvnD5X3w8Wru;1;1;0.00071329;21.04.2023;21.04.2023
UNKNOWN:00207b83ea18e85cc42cdd01d2e615e68345a857;1;1;0.00070983;18.11.2022;18.11.2022
1BLKYhhV6hf3YMV1SnGosyPWJPF3Juf5t7;1;1;0.00070873;16.11.2022;16.11.2022
3NJWNBkMoqTRQR9A8Rzrxj7MYfGVSg2u9B;1;1;0.00070764;11.04.2022;11.04.2022
bc1quc8973422d7l5dft0d824xfknw00y8c3n77r66;1;1;0.00070602;02.07.2023;02.07.2023
bc1qe7rg0q5runm0y3ga3tunr7zdmxagt8k4dqs8zj;1;1;0.00070207;15.07.2024;15.07.2024
bc1q3qdx7jzxl5wnyqhjg4mr4lcym0gtsl8j99pd9g;1;1;0.00070197;31.12.2024;31.12.2024
UNKNOWN:002088982a888cce022563f4e6b97a81df0ca238;1;1;0.0007;28.07.2024;28.07.2024
bc1q0w0adut3e5g6y8m3fwltna80ffm96ay5fu4fta;1;1;0.0007;28.06.2025;28.06.2025
bc1qgwftheeq4k6s595w0de9tzkc0tralfxdca5zq5;1;1;0.0007;26.10.2022;26.10.2022
bc1pr225gc6lmlp98nqfdcp7xukufqmuh7tfwwp2q3qpndge3k56sf7qs7g92v;1;1;0.0007;14.01.2025;14.01.2025
bc1qfzuwalm0fm488fngc3qmdztxtvpulufgyrp6yp;1;1;0.0006989;31.07.2026;31.07.2026
bc1qgq6rtcyqlh8jn29jumd80xa82eqa5u3rpc4ump;1;1;0.00069666;24.10.2022;24.10.2022
bc1qg9nmgz92ljq4v7w04e0z9kxjuzu3c4qljujh6e;1;1;0.00069512;28.12.2023;28.12.2023
1FQYTmeYoEcJ5Q7yZCB6479KYda1BqjScp;1;1;0.00069;01.03.2023;01.03.2023
bc1qeez5yq93sdqn4htraskw4k6lahkz33dtr9dvt2;1;1;0.0006898;23.10.2021;23.10.2021
UNKNOWN:0020058334f5846cfee9047de78173e9a460cf4a;1;1;0.00068864;12.03.2022;12.03.2022
3CHBTERujDs9ocNc3zu1KENhCHehS1CMjZ;1;1;0.00068466;07.02.2022;07.02.2022
bc1p955v83qn6ault4zsrh50z7d9wu2uj875l3qfuz8jfm2nt5jueltsheakme;1;1;0.00068402;28.07.2023;28.07.2023
3QmB2RHYjLnS7Do1XrmU74tVRQPoaRicvf;1;1;0.00068323;01.06.2022;01.06.2022
UNKNOWN:00206803dd1284d85b49b7128105658951859c4c;1;1;0.00068227;24.08.2024;24.08.2024
UNKNOWN:0020646b45ab052848bdabb83f50fcfae0664a8b;1;1;0.00068052;25.01.2025;25.01.2025
UNKNOWN:00202c3e57a9e2491227dd48b09f929a2fcba5f2;1;1;0.00068002;04.06.2024;04.06.2024
3Fcctfts6c3wh2vV6BdTGxKcXXNLW4pfhG;1;1;0.00067938;07.01.2024;07.01.2024
1PuBN63JiiUNMzVBEesq3CyPH7SFCh5Kz;1;1;0.00067847;18.04.2023;18.04.2023
39BTWesC3RwGh3Lycu3gzn1VXApePzhGq3;1;1;0.00067681;28.05.2022;28.05.2022
bc1qhke6d0r74qyguk5x0avz43esdhr7msrfusxafp;1;1;0.00067589;18.12.2025;18.12.2025
bc1q7h9kxzz8hx62kx6gcj5utds6x94mmpc28ry6sn;1;1;0.00067381;31.07.2026;31.07.2026
bc1qucgfsx94wap7tajv0cckvd96xaa3wnz59q7flx;1;1;0.0006724;31.07.2026;31.07.2026
bc1qh98zptvgjxezk99m3zkdl64wnghpfft2l770p3;1;1;0.00067216;04.06.2022;04.06.2022
bc1q79zudx62aux93exmwr6suq8854grf3grqcfc33;1;1;0.00066989;24.10.2022;24.10.2022
bc1qpe3hkf3ns503unjq30q7tnhtht65ewahqspx2w;1;1;0.0006667;24.10.2021;24.10.2021
bc1qeusqqhhaftg0fauzqwy5t6j0wmww9kl2ty55xl;1;1;0.00066577;19.09.2023;19.09.2023
bc1qtfrwhc0tjtkwdk5avwu8v006k9fwltt3p8dm8x;1;1;0.0006635;06.08.2024;06.08.2024
bc1q4sqpmq6tv60tknhqm664nqkseu8jacdyef9zup;1;1;0.00066013;27.01.2022;27.01.2022
bc1q0gaffkgdz4m39jpc9rr0adeumvqazvgmqd2zwc;1;1;0.00066;18.02.2022;18.02.2022
bc1qwawxeyqqjsu20szcfc747lzmk80ckfy88dmvfj;1;1;0.00065912;31.07.2026;31.07.2026
bc1q6wd82jw6yfaufz5umg5xxf7nxk3fwpmzut3ltw;1;1;0.00065894;15.07.2023;15.07.2023
bc1qn85kmzwymwygnqna7rfymeusxg2qmg6ejhpsxj;1;1;0.00065577;29.06.2023;29.06.2023
bc1q0g0xtytntnd8y6p36lk48nkyuayyluphsfrz4e;1;1;0.0006557;07.10.2024;07.10.2024
UNKNOWN:0020b33db531d7dd6d5f2c5690262bac7d4f5f79;1;1;0.000655;06.08.2023;06.08.2023
bc1qcnc6dwhv8pdssluzpveyw34a9570gqgm3cpm80;1;1;0.000655;28.05.2024;28.05.2024
bc1q8ac0leezh86hzvcqdmcvhrjcfw0y8h52kmrh60;1;1;0.00065316;31.07.2026;31.07.2026
bc1qankwuq6rgz325je8nkhzpunv2rh7n0hpal5lcz;1;1;0.00065316;31.07.2026;31.07.2026
bc1q2hgjdawqwydmgnwqayt27jw5avmzt2w8yjng5n;1;1;0.00065176;26.06.2022;26.06.2022
bc1qqdwsmhhfgcw74xykh6pe58v7qwy95shr5hh9sg;1;1;0.00065;08.04.2025;08.04.2025
bc1qake5d55hd8sygqrsp9nk2u5s0nrkmeydf9xt0j;1;1;0.0006495;31.07.2026;31.07.2026
bc1qn8lkg8vp4fjxl008jyc5szw8xs0eg8dh3y78nk;1;1;0.0006464;31.07.2026;31.07.2026
3CtUogqJCYu2oTjrZ2bbXFVDtbrF6y1F4P;1;1;0.00064176;28.03.2022;28.03.2022
13FQ3ZJVZbxw3qnhEwmNhkv4pnLAFfpZKt;1;1;0.00063859;02.03.2023;02.03.2023
bc1qe55sn5uwy0zt8hvqa65pam44qdym344jynzxdp;1;1;0.0006256;31.07.2026;31.07.2026
UNKNOWN:0020d84108947722c07778e0b02c25db96f154be;1;1;0.00062345;14.03.2022;14.03.2022
bc1qlek48qfcfld9dt39x698hzd38nwnx7rxtcs7yl;1;1;0.000622;19.06.2022;19.06.2022
bc1q6d5jfvtcg8rt3am4p0s5r4v284dcnzvjvwkq6g;1;1;0.00062196;03.07.2021;03.07.2021
bc1p0xfqkr3qvvsm28pky3vgfm2mqhuthuz4mp87j7w2sk7j2ay7d4gsn44gk7;1;1;0.00062169;30.08.2022;30.08.2022
UNKNOWN:0020f9c43b4b4b9956def80df8956bedaecb10a6;1;1;0.00062;17.04.2023;17.04.2023
12Jfg8FqZ3TyvgnJWmkDBd7N41wCUk9Dn9;1;1;0.00060736;24.12.2023;24.12.2023
38xxoJgUQ7cM4bP6J4zKRU6eThCHDoHGgD;1;1;0.00060579;26.12.2022;26.12.2022
1LVfMMC7Lr3CkdKHp5BWVctU82LZKPqfix;1;1;0.00060376;17.11.2022;17.11.2022
UNKNOWN:002039ff527ac992cf52a2b36c0ba9f925b6bb56;1;1;0.00060098;12.04.2025;12.04.2025
3Kj4svTMLhweG7AQ5jYUQQZc6W8jyy67gZ;1;1;0.0006;30.04.2022;30.04.2022
bc1qlkgcwgndzu8qkfl5e20dakwch7tlpsvz60un6h;1;1;0.0006;07.12.2022;07.12.2022
bc1q4d95m47dl942zyq2702wxf2t7yljw6g4g0k7fh;1;1;0.0006;20.02.2022;20.02.2022
bc1qzdqjyp898zf4ujuml0dy37aq276czj5fppns77;1;1;0.0006;21.07.2022;21.07.2022
bc1q5czhc2ztcfdr26mzj7uunectskpr94y9f4wvd0;1;1;0.000599;27.12.2021;27.12.2021
bc1q8y9mefleru8a7dnmj28s8kpketawdqpv94vyrz;1;1;0.00059884;31.07.2026;31.07.2026
UNKNOWN:0020431bb600d4140abd73c87048d80e4d408437;1;1;0.00059302;21.11.2025;21.11.2025
1HZ9iGCgneQXNVPui4PAzeDRs6NfK89XMU;1;1;0.00059184;11.01.2023;11.01.2023
39vzSqtvswJeLBQRw5JWMwwAJnBiJFVS8V;1;1;0.00058855;04.03.2024;04.03.2024
bc1qnp2px9n83x8u7uc4p0wcw9yrt73lxf906vfdnm;1;1;0.00058567;31.07.2026;31.07.2026
32jmf6LZk6e6jwuHhqMEgrgDq7jDY94ZSr;1;1;0.00058184;26.09.2021;26.09.2021
bc1qz55gh573gauuk5c44ugr2fpku5fx698pdvth4r;1;1;0.00057413;14.01.2023;14.01.2023
bc1qlux6g7rytmaqm9p3hzs2up87xuzlmql0p5dxtn;1;1;0.00057289;27.03.2025;27.03.2025
3QmuzkvD9DFL5Umu2ty5D9F3Tk6oerGwJq;1;1;0.00057178;05.03.2022;05.03.2022
bc1qjqze2msnkgtucd2j2netk4jhq6fakpnta3zckf;1;1;0.00057143;21.03.2023;21.03.2023
UNKNOWN:002034b5aeb408eebd1523e0660034c68cd911cf;1;1;0.00056685;01.08.2026;01.08.2026
3589WnfqbB7oibK9EqqaQgXmyVGfdRqRAH;1;1;0.00056;13.02.2022;13.02.2022
3KrLLmKvUqRT8MxtDHTZVUpPMGWkCXdDKr;1;1;0.00055726;06.10.2021;06.10.2021
bc1qdeuyffx4zpltj38d3yftqatq7uu9z82q46y4qv;1;1;0.00055271;08.06.2021;08.06.2021
UNKNOWN:002071f455009c5a3a472ee78842e88e5d2269a7;1;1;0.00055219;02.05.2023;02.05.2023
bc1qkf3eznq296sql06zfjp97tuy72pfnuqmnexzmj;1;1;0.00055017;26.06.2026;26.06.2026
bc1q89rdan0763ml9ukn7a930ztn385js9huewh6ca;1;1;0.00055;11.05.2021;11.05.2021
bc1qn2mlscu45pxkd6kzyylra6jzcgh0kqdk6jccte;1;1;0.00055;03.07.2021;03.07.2021
UNKNOWN:0020cb22448b807abc476e4c41cf9e86c8599dc2;1;1;0.00054624;20.01.2022;20.01.2022
bc1qqwmnlwswm3p3hj9ggdtd0tyjf6h3xda2g82m95;1;1;0.00054428;15.06.2022;15.06.2022
bc1qdn8z4gq6vuf7rj9g3lthh3323rhvj86ya6avqp;1;1;0.00054417;31.07.2026;31.07.2026
bc1qtjfqxtsehw8nj5yr0k9uumerp09a9n3084p3g8;1;1;0.00054352;28.05.2022;28.05.2022
1PedoRF46RUBNSo7hPSn827EjRrHo7rSaU;1;1;0.00054342;23.09.2021;23.09.2021
bc1ql983x4g0a2uvkj08zmnhfxspmkwzgs8r0qtxxh;1;1;0.00054334;15.10.2021;15.10.2021
UNKNOWN:0020dbbba69af2e0d1f00908abe3875eb6ee408c;1;1;0.00054;17.07.2021;17.07.2021
UNKNOWN:0020e332e0e8149e037598904f97e2cde376e0df;1;1;0.00053943;15.04.2026;15.04.2026
bc1qp34s4hswaug9qzjac60tkv9hpxdzf8w09jzcrl;1;1;0.00053653;31.07.2026;31.07.2026
bc1q7qujp5naw9sm35et33vcmgkwdgdj3jmgm0fexx;1;1;0.00053474;31.07.2026;31.07.2026
bc1qft3362qkl64d6p5wlp8f4p7cm3ng5wx0hfmh3e;1;1;0.00053434;21.09.2021;21.09.2021
bc1qrpmh58ktc9gggkkep87wnx3ff57gju45sf5f5e;1;1;0.00053334;30.07.2022;30.07.2022
bc1q8ynzl62xfddlhmdyfu3xenerltc4ymvfp3yhwr;1;1;0.00053171;28.10.2024;28.10.2024
3PJMoZd1KEq5BbxRwwtAkzr3voARpq8WsB;1;1;0.00052884;18.02.2022;18.02.2022
bc1qj28eaj2krnazvzru8h5578rgra65n9ked44rw7;1;1;0.00052414;24.09.2024;24.09.2024
bc1qjp27mkdt7mjlje2zdcrk7r72s8q30d46e8k0d2;1;1;0.00052403;24.09.2024;24.09.2024
bc1qzty7l9h6q6l7h3w9z5723yppf8d7sxw9s6pewq;1;1;0.00052351;28.02.2022;28.02.2022
bc1qkphc4n0g5fj5wkgvkc2s4h3dmaq86x4hjnu4mk;1;1;0.00052076;21.07.2021;21.07.2021
bc1qalvg7wnyfxandfk659v7uc87kgy485typsvhpp;1;1;0.00052;21.04.2023;21.04.2023
32yXxhhATdnRsnJPo1jPW4J3vvK1AEMaZ8;1;1;0.00051902;22.04.2022;22.04.2022
bc1q0g9kswp0eghwl6m2xyjqnh3g398yh3fec8sh4f;1;1;0.00051869;13.03.2024;13.03.2024
bc1qngkrgumhmvfs4fx9mwwu28huvxdcltf46jzua3;1;1;0.00051576;25.11.2024;25.11.2024
bc1q3ep8jt0wxykl0r9gy3g8delw59u8x6s4lkhc36;1;1;0.00051566;10.10.2024;10.10.2024
bc1qs30hquhs8328su4q772cyhlpl3fjkfnmpqkhf7;1;1;0.00051505;09.03.2022;09.03.2022
bc1q64ue0ykd0pugdy4yudvxcurnsuahht06nkz82t;1;1;0.00051248;09.03.2023;09.03.2023
bc1qmxdwwkh8cpvdruwmg4th6scze3ljx696uqnp4a;1;1;0.00051235;31.07.2026;31.07.2026
379m5iUvHWFsTYNCZh188F3JJX4NLK6n8B;1;1;0.00051165;03.12.2024;03.12.2024
3NK3csLN6wmgVqnCPT5ASt6GWjYx7FVNni;1;1;0.00051134;08.01.2022;08.01.2022
bc1qs9wgxrxjw6r2e3dp7eysgn2rhsertazh05c39c;1;1;0.00051086;21.07.2021;21.07.2021
31iBpWCQub1fYirqw45wkWDGja9vUsGqFD;1;1;0.0005078;04.07.2021;04.07.2021
3CB863R6zFdFEne8Egq1Ncs2343F2xbxiY;1;1;0.00050732;09.10.2023;09.10.2023
bc1qq8lr985js549zuqwvhfkflcad6gu8p0qa8lamt;1;1;0.00050666;24.10.2022;24.10.2022
bc1q326dgwldqdhnc6zuq0h4eyf0mwdffn6t02hqqt;1;1;0.00050634;12.09.2021;12.09.2021
bc1qt87dsrxynsdgp4tgznnetmxw9hf59sdlqmn8g0;1;1;0.0005043;06.01.2025;06.01.2025
UNKNOWN:0020a185db37b591a0473a8a4c40be525c1e4ad4;1;1;0.00050277;15.12.2024;15.12.2024
bc1qqqzaadwxeeee0mgaal8mhdahll55gccgfxvjkm;1;1;0.00050111;18.02.2022;18.02.2022
UNKNOWN:0020bbbc8ca6d1a2905a95eb51a2606198d5661e;1;1;0.00050081;10.03.2022;10.03.2022
bc1q94r3xqqls4qlhajfql9xwv9z69sffwcrtfvljh;1;1;0.0005;15.06.2022;15.06.2022
bc1q67wm06562s94gpe8w3mx5herynfg3jhgvdn79z;1;1;0.0005;27.02.2022;27.02.2022
bc1qklz6ecggg36xcyzamvg8h48ksndqd6vrrfkulc;1;1;0.0005;09.04.2022;09.04.2022
bc1qcnql56yrm74p2yvqjn2uajk3mr7ulmdny8z5fd;1;1;0.0005;25.05.2023;25.05.2023
bc1quyrh707hajg8kkk2d0z96nxytmhd8u6k7nktws;1;1;0.0005;24.02.2022;24.02.2022
bc1q4taz2tga4w22ua0n2w6xsgt82xcpzwjmux8v48;1;1;0.0005;26.09.2021;26.09.2021
3DvKu8UjFh1VX168kfz2aKj9N8WNna8J1T;1;1;0.0005;24.01.2022;24.01.2022
bc1qntwxc0kfmphn95hqsp3294yjlakjyz8w8aalh7;1;1;0.0005;10.11.2021;10.11.2021
UNKNOWN:0020f1f19b5f2695b393f37ef836587aff431650;1;1;0.0005;12.03.2024;12.03.2024
bc1qjt9sue7a5e4nsmkhc6zwcafeptvpu5t5ws6ks7;1;1;0.0005;05.10.2024;05.10.2024
UNKNOWN:0020831fb859927e901976defb40800368d94a2f;1;1;0.0005;21.11.2023;21.11.2023
bc1q0jenypux6fdl27f736hcwlk97ffjde2x2jaget;1;1;0.0005;22.06.2022;22.06.2022
bc1q0k5nadtz0anvx6tcqffll0djq2vsmttz7wm4qa;1;1;0.0005;07.10.2025;07.10.2025
bc1qp0kh23gmer4060d4ygaz9zf734tug6nkjuthpx;1;1;0.0005;25.07.2021;25.07.2021
bc1qc5yfags6qp7lt6emnzfq9lszde9p3qxxdcudzd;1;1;0.0005;17.09.2022;17.09.2022
1DJ8jQzNNv7WMkbKbHESyV5TasyzKeWUAZ;1;1;0.0005;05.04.2024;05.04.2024
bc1qnd943sxujvh0u3yqp5xzgvt36u79x3m7up3ew8;1;1;0.0005;04.12.2023;04.12.2023
bc1qg0llqjq6lfkf8hsfh4fceqhamnsznc7cjj2r6j;1;1;0.0005;16.09.2025;16.09.2025
3ECc9igkTh4dcnzJo6t5vQLMJhGBeGnBog;1;1;0.0005;31.12.2021;31.12.2021
bc1qh5s0ql36x88tnln9x3ckscl98cvm0amqhkwd64;1;1;0.0005;04.07.2024;04.07.2024
bc1qjwmq9xjt4da96mrls85gdsq9ev86c58yaec52g;1;1;0.0005;26.03.2024;26.03.2024
bc1qre7w0tllqjmcelchfrgn0gnleu6nsdfts7rxgq;1;1;0.0005;26.07.2022;26.07.2022
bc1qt09catqr6xpzzh5gs2wry42amravvh78eqj0ue;1;1;0.0005;20.03.2023;20.03.2023
bc1q4f247kp3tsuv28d53zy6celjdjcad6tplscpmy;1;1;0.0005;06.09.2021;06.09.2021
bc1qys64w9a5a8v7tcskkym8y06mmatwlw799psrcp;1;1;0.0005;18.06.2022;18.06.2022
bc1qtndrrn0fyfv8ra0uzy8nytj6hnjtkjanvnud2n;1;1;0.0005;18.03.2022;18.03.2022
bc1qgqekfuuvmwzyr7uj3lckxzjrcuq7c2g7090r7f;1;1;0.0005;31.07.2026;31.07.2026
bc1q83h5ne9xyusgmxyrvhzm2fpvp4g6vesqvesa2s;1;1;0.0005;18.03.2022;18.03.2022
bc1qd8djl0elsz8ydx0yr709wfluvw5h9uyjs7fu20;1;1;0.0005;22.06.2022;22.06.2022
bc1pmm8xtxmu5cjjhgnrluzsutr3d9hh6jytlrz4709cfwqk5m0sjryq7weern;1;1;0.0005;12.01.2023;12.01.2023
bc1q0h8wnp6arkdlnchvumh8kft0h0f24zwxpt5wjk;1;1;0.0005;14.12.2022;14.12.2022
bc1qrhwl2lgnk549nklnxdc6ja2u4xmm3j4sg0g00p;1;1;0.0005;23.06.2022;23.06.2022
UNKNOWN:0020908811da620cd61455853c56837808299b06;1;1;0.0005;24.02.2022;24.02.2022
bc1qhgxsga42vf9hw40axwllsszlpsjx8g09e0xnyt;1;1;0.0005;14.12.2024;14.12.2024
bc1q0tjx45csp9dmf6tujm6dzrwm7dzzs37v7gy064;1;1;0.0005;18.01.2022;18.01.2022
bc1q3yx5mets5kyuq76tuz7vgzpyykq5e8mp24qemr;1;1;0.0005;02.01.2023;02.01.2023
3H4Rf6S8CXUdNrDvaGd3Ue1R49pNF1U5FV;1;1;0.0005;15.03.2023;15.03.2023
bc1qt0uhsl3aws4s2uz0nc7g7c58ykdpv7gsws8skt;1;1;0.0005;02.09.2021;02.09.2021
bc1qjcqv8hhfrjumvpdz5q05rynvt5ck9melxmw5e6;1;1;0.0005;23.07.2021;23.07.2021
3Fgh3chzkd5QdWBiZo2r2u2MMJHDZhb5kx;1;1;0.0005;28.10.2021;28.10.2021
355LE6cwP8Hbo4fGZ84rmjFWNe5NnUCXr8;1;1;0.0005;19.06.2022;19.06.2022
UNKNOWN:0020dc6fc4ca016b6791691d670b799837518848;1;1;0.0005;01.12.2023;01.12.2023
bc1qk39aradrgasfgla7pjqr2y2806rjnh77qdlcgt;1;1;0.0005;14.02.2022;14.02.2022
31nwKvXQRsDF1oHW1bGzTvVKPpk74CSJwv;1;1;0.0005;08.09.2022;08.09.2022
bc1ppxj6ryvxxu3t3ch4xq3adplm0kkuu283uqmp2223m5e88fv5n4us02jwgk;1;1;0.0005;12.01.2023;12.01.2023
bc1q62jgau5n9nnyygl766nlzrdd8j9k4adc0apx7w;1;1;0.0005;18.12.2024;18.12.2024
bc1q5mzq3rq2vwgd4rltpp82wq8mczrveqcp5n3dfz;1;1;0.0005;20.11.2021;20.11.2021
bc1qc2j6a486h2fzq502gnwwlajuzarehhcx3s0g2v;1;1;0.0005;04.03.2022;04.03.2022
bc1qeujks7ckscsswwpstrnyyln58zdfahtflv7k7c;1;1;0.0005;19.02.2023;19.02.2023
UNKNOWN:0020cd8e899aa3bf28232a30c4926bee3d4e1758;1;1;0.0005;28.11.2023;28.11.2023
3QvYrsZYtX2yQv5Qv9ALD7gDi7kfpw8Hmj;1;1;0.0005;09.08.2024;09.08.2024
bc1qnr0uz2x073myjgexdcdrcf8gyr32unacjqkquz;1;1;0.0005;06.03.2024;06.03.2024
33kEmLKPhpTFRbVw6TvCRNt6gpCqSNepFb;1;1;0.0005;09.09.2022;09.09.2022
bc1qraa8f32rk94ud6a924x3xc8xeh8rympzmwc28n;1;1;0.0005;30.03.2025;30.03.2025
bc1qjt05j3m9kpwgz4rsemv28fn8q8uuy9r0q2dj6y;1;1;0.0005;01.08.2021;01.08.2021
bc1q4u0fpapnehktgtgaa69gej8pm3jzexx8sh70qs;1;1;0.0005;04.04.2022;04.04.2022
bc1qsn0yq5v5tktyt4wlh6dmzvq7lyvuvczl3z94h8;1;1;0.0005;29.12.2021;29.12.2021
38GerRrkR2QGvRpPkuRo1SXZqYzuepJEcS;1;1;0.0005;19.06.2021;19.06.2021
33kGmwGdkXZSzfwbwpGRENmXvvcWVnuUtb;1;1;0.0005;13.08.2021;13.08.2021
bc1qfyzd43zdy89k0gersgcjfmg2vllfzfkzsyftxd;1;1;0.0005;04.08.2025;04.08.2025
bc1q22mq8wwsgwkf7h3mngvtywldxvhpapkv5pym0p;1;1;0.0005;09.06.2023;09.06.2023
3GQFTQtyLqHbWi6vSCvi9dZxGw7HJLSiro;1;1;0.0005;15.02.2022;15.02.2022
bc1qftnay5cu3eg4dwafcd0t59mefhj3czgpu82aqm;1;1;0.0005;21.11.2021;21.11.2021
bc1qr246kksc5cxed5t2wd9czyx2kt770rcpaq2tf0;1;1;0.0005;16.08.2023;16.08.2023
bc1qx3extdu6fhg75em8tjt38elkvgx042zl8vuq20;1;1;0.0005;24.03.2022;24.03.2022
bc1quac9f2ktjnq5x6ywffhk7vs2r6y6umqng3tvhr;1;1;0.0005;24.01.2022;24.01.2022
bc1qlkhc02cy4fupkn5a4gve2tswdcga720v792vyx;1;1;0.0005;01.01.2023;01.01.2023
37KGjy4PTyU5Y2RwhhgqkaJnnbpZncjTbS;1;1;0.0005;20.12.2021;20.12.2021
bc1q2cqfv0508cyl7zk905efv74hp3583qf7xrv5n5;1;1;0.0005;11.09.2021;11.09.2021
bc1qxquq7j3l7tuz8v586zesph37sf6yw7j72acwfz;1;1;0.0005;10.01.2023;10.01.2023
bc1q7x95dv3vjnajq0jzga2mfaq02p0csc5uazjxh3;1;1;0.0005;12.11.2024;12.11.2024
UNKNOWN:0020fd37ad9e4541e060d1598c837f2eab0ba774;1;1;0.0005;01.12.2025;01.12.2025
35Xymq1teKF5NTX3oswhknz8Fa3LqZJNSg;1;1;0.0005;23.09.2021;23.09.2021
34gfNQZcx8bfizZZJjMTh6U51cA3dnzboy;1;1;0.0005;13.08.2023;13.08.2023
bc1q26257mn6r8zescw8r5xux2hreyk9zxa0dz9y8l;1;1;0.0005;20.08.2021;20.08.2021
3MmBgGYQMEv4azT4Hahb43788nEdxridYo;1;1;0.0005;13.08.2021;13.08.2021
bc1queps8np9rr8c4pht6ec20smvr3k8jppykapefp;1;1;0.0005;31.07.2026;31.07.2026
bc1qd60w0rns079t5fs4s0ukeq6042jm7gy0ey9aw7;1;1;0.0005;14.12.2024;14.12.2024
3FdKGtdPtwRqKNVSPmCvxpK38hVNJpYRGS;1;1;0.0005;07.03.2022;07.03.2022
bc1qx3p4lrjzmyrr367ycexcw0nn32s76l03aucx6q;1;1;0.0005;02.11.2022;02.11.2022
UNKNOWN:00209b94e5b7a98a92c8197e5ea5358d91828b56;1;1;0.0005;11.11.2022;11.11.2022
UNKNOWN:00203d1149c1b6b34d8362ef42bcdebc40bd6ea0;1;1;0.0005;12.11.2024;12.11.2024
bc1q6nau5qfthge5z578l3aluauqdwvk7fmwwxdhrj;1;1;0.0005;10.11.2021;10.11.2021
bc1q2yrkhd2a6pwjgtphry02g5pmj77j04c7phmcc8;1;1;0.0005;08.05.2021;08.05.2021
bc1qmfetknelmcrtequ3ku7hk5cw02k8csq26r0h4a;1;1;0.00049859;20.06.2022;20.06.2022
bc1qdhg98x3wgstj7cjsadd8zqhcvlxl6j62nhnert;1;1;0.00049827;23.03.2022;23.03.2022
bc1qsy2af9jg7mjq7pamv96szlkl0vkcss0wn7mvxk;1;1;0.00049799;17.05.2022;17.05.2022
bc1qrm94tj0vqlwpwjlk5q56qtte9w2at8yzu949cd;1;1;0.0004978;26.07.2022;26.07.2022
bc1qrpkdnv5mdj7lxdqvh60n9805lx4s4z75vmnytl;1;1;0.0004978;31.07.2026;31.07.2026
bc1qqvk9whe5yrcgk7z39sg0grp9tfj9pgdr9rdms0;1;1;0.0004978;31.07.2026;31.07.2026
bc1qkqe4qg0rnr9204a2rtlad7zvqum96mmw966svh;1;1;0.00049764;03.12.2022;03.12.2022
39YEQ2NgkY7t9YxaytebnFJuBTTwPK8v6C;1;1;0.00049732;25.07.2021;25.07.2021
UNKNOWN:00207a6833d4c4fe98d1bd20679242664b9f753d;1;1;0.00049701;15.03.2022;15.03.2022
bc1qvqql7svlvkyfjn4ynl47hkkryjcexaphjkaz5u;1;1;0.00049681;07.04.2022;07.04.2022
UNKNOWN:00207f13380552352981595ad216cfbd62ee461f;1;1;0.00049637;12.03.2025;12.03.2025
bc1qh73c4jgprhl3gsjm6wdn40h8qtqt8457ucqyp3;1;1;0.0004962;31.07.2026;31.07.2026
bc1qlzhqnwdlhk8ehyfv46smrqkjq3sgl6muhmran9;1;1;0.00049616;14.08.2021;14.08.2021
bc1qzgjdmmzgg6zydvrxcn89rfkmlwwjrhpxleukak;1;1;0.0004956;06.08.2026;06.08.2026
UNKNOWN:002026030014c94988d1b35e592264da909607f1;1;1;0.0004952;15.07.2024;15.07.2024
bc1qjtmgnqg7e438lyewh2shpa64j6usjt3g6zf6h3;1;1;0.00049473;16.01.2023;16.01.2023
3Mu2YgizjCtdcFxeMHb54nXcmp3BgciLsM;1;1;0.00049463;28.06.2021;28.06.2021
bc1p08yua66semspgfmuum7lgty4wj3ra0qy3rrhy0v8yhnxepcfs7xqqw5jgt;1;1;0.0004946;16.05.2022;16.05.2022
1LScj6oZkC8LYAEhx8VWTU1dbygnppwGtM;1;1;0.00049424;19.12.2021;19.12.2021
bc1q2hnm3mkpcxuyeduj3rg940hl598na47g4fghp8;1;1;0.00049216;01.08.2021;01.08.2021
bc1q85n7yhufat3fefltrfnsmpyenly9atmj87qelp;1;1;0.0004912;10.03.2022;10.03.2022
bc1q7867ppl0dsggpjtq29j4awzxdkej03hkjdpdln;1;1;0.00049075;03.07.2022;03.07.2022
bc1qz3cu5fc7afwraem7zzj3wc3tqkexvu4qh6mssd;1;1;0.00049;19.05.2022;19.05.2022
bc1q6pn42rr7nkylayef0ak8ljxhyahexrdv6f2v2m;1;1;0.00048939;31.07.2026;31.07.2026
bc1q0stjmyyj063leeqv8yjjrv8n445mye66ghw7ax;1;1;0.00048933;30.12.2021;30.12.2021
bc1qc2tgn82fpjrca9zam3j44w6amkwnsrexqh8069;1;1;0.00048698;05.12.2021;05.12.2021
bc1qhlc698dzgrdprm4anh08elamz2ssr2rdqhrdzx;1;1;0.00048639;23.06.2022;23.06.2022
bc1qenky8ykfrweptazgu8nr7953cdktcstl6ec5jk;1;1;0.00048594;15.11.2021;15.11.2021
UNKNOWN:00200ab19c2d6c1ba001bdf4ffd3414b32f018a6;1;1;0.00048464;05.07.2022;05.07.2022
bc1qjmdlpl6j9nv3ae88x936fxffa6uy78a0ujzc4k;1;1;0.00048154;14.10.2021;14.10.2021
bc1qx7zvtwgmw3wwfkndl79k3myc22gere4zg8cf33;1;1;0.0004807;30.05.2021;30.05.2021
1AUVG9Y9MhTBG1RJKYTbcdJsGUZFEkduxD;1;1;0.00048;27.07.2021;27.07.2021
bc1q9sw649dvflzx2jkcpl2tj0fyw73pdu7fzvf4u8;1;1;0.0004791;04.08.2022;04.08.2022
bc1q72ftdty78xsem0z58270u3cuzfrrzspl4e5utv;1;1;0.00047846;20.06.2022;20.06.2022
37UVPAw87Rgm13GVcg1qrgCNypP3NatMqf;1;1;0.00047758;14.01.2023;14.01.2023
14fDoUDKZ11REVuRxMSwKNvR36ToJ2UCM8;1;1;0.00047518;19.05.2023;19.05.2023
bc1qxuh6d25984wrv5qayzhglzrappz2p3ux7hrjgx;1;1;0.000474;06.07.2024;06.07.2024
3C6ThD1dZyFXJteY6ojpj9WYdWiM6959i6;1;1;0.00047362;07.05.2022;07.05.2022
bc1q2ujauzqhanfdz8m6ka39t2tnky6jppd4j8qvwn;1;1;0.00047226;06.03.2024;06.03.2024
bc1ql2vx7s3wvram2cyr6j2mlqax56fz2l7ytdf9r4;1;1;0.00047;10.11.2021;10.11.2021
bc1qe5yjjpd9cxdq2qxwxcazu5vfl6jr7vrdm7vqgr;1;1;0.00046808;14.03.2023;14.03.2023
bc1q7zajyfuhnctukke7gvfsr4u7kh7cmsywsy0txh;1;1;0.00046772;22.04.2023;22.04.2023
bc1ql33qywsjk4qvqksjr4vuycqp5948rw7c5e0w9x;1;1;0.00046722;05.01.2024;05.01.2024
bc1qn7wqtu2e0t6n6kx64zlw5pyw7psjvk89q42tqw;1;1;0.00046613;31.07.2026;31.07.2026
bc1qngqeplx4mksr8x7gl6em7denh78asx2kdxeu77;1;1;0.00046337;20.01.2024;20.01.2024
UNKNOWN:002079d5ff0d02bf2dd877f7a2bab84fbab55087;1;1;0.00046143;09.04.2022;09.04.2022
bc1qy5vu9yc4zu63pqr44mfcyufx6wh2nz0sj35fhx;1;1;0.0004603;29.07.2026;29.07.2026
bc1qlc2gpmzrr9gded07d9a40lt2lq7pp2v7h4c5jx;1;1;0.00046;08.02.2022;08.02.2022
UNKNOWN:0020ce119285ae635d5368aa89463be84ed60816;1;1;0.00045969;03.07.2025;03.07.2025
1EvUNdqgQ2vgRSfvDNQUVpsbc9nvUx68xQ;1;1;0.00045826;12.02.2023;12.02.2023
bc1qgz0gn2z478ymxe9c7kycm3rlpx0qneslcz20kf;1;1;0.00045817;31.07.2026;31.07.2026
38B9zNtBRaFwMrHx84BM8fw4TLZRgLgnQ1;1;1;0.00045716;26.03.2024;26.03.2024
3Nunf1cbvzbREjEpff5r2arM1Uoust2S7h;1;1;0.00045703;09.07.2022;09.07.2022
bc1qakh7zzd42hepwkqjrwestz70rp9hrct27tltcf;1;1;0.00045506;16.02.2022;16.02.2022
bc1qxzae9svrwq28dpq0clze0wt7tka2l4qn2nlr09;1;1;0.000455;08.06.2023;08.06.2023
bc1q0cezefj0azwxky4lqfkxn4fkemvngqfq5dlr24;1;1;0.0004549;27.05.2021;27.05.2021
bc1q5r3fna43r9zku3ltjnnla3hvmq8ddrwdugzmcz;1;1;0.0004538;14.06.2022;14.06.2022
bc1qt8d0afhlyma3hj99wvxa55yvrp45pxu7hm8weg;1;1;0.00045284;31.07.2026;31.07.2026
bc1qp57aqa92u87zqmvg66svt96hp3t7manhvwacpy;1;1;0.00045074;14.10.2021;14.10.2021
bc1qhrtlka897pf08sz5ee7jhzjzgpm5ehyd5jpxay;1;1;0.00045;27.08.2022;27.08.2022
bc1q6wq20lfh6a5pqp83rj2plshjak7678f4vampzl;1;1;0.00045;31.07.2026;31.07.2026
bc1qtn8cyvke80yzhwzm0h459l7eyr2n8uvr2endxj;1;1;0.00044983;13.02.2023;13.02.2023
bc1qqux65273unxqmkuq370ncvlfnkj7ylw7dw7xrf;1;1;0.0004473;31.07.2026;31.07.2026
bc1q0uj2tx7ljn7zxurdp80lngqx0em6gl8ltgmz8f;1;1;0.00044554;17.11.2022;17.11.2022
bc1qpn2nafk5sa0fsv7ywsjk3k4de5d8w2mynqcjkx;1;1;0.0004448;18.02.2022;18.02.2022
bc1q0wc4np46ze5lzcgvanpxk4ms6y32fk3xv8zahe;1;1;0.00043897;21.05.2023;21.05.2023
bc1qyct2q4cptqk2465jdp3mdls68jcde8wttv2qmc;1;1;0.00043835;29.03.2022;29.03.2022
bc1qk93vx2axyhh6rwql8qc42u9hplfm2l8g2623mq;1;1;0.00043712;31.07.2026;31.07.2026
bc1qw6xq98uvtgj6uj4e5ng65dgcvu4nuqytzz4zls;1;1;0.00043599;18.07.2022;18.07.2022
33NugKYbq1rp1xLvgiywDyzP81Jsh1EZHk;1;1;0.00043515;05.10.2021;05.10.2021
bc1qqlkpap0f4vhhw779h58z9kamu3ec9ukmeq84gn;1;1;0.00043474;31.07.2026;31.07.2026
bc1qk8k5tm775vjcdjkmgtycnevcajp6kauuymsrjr;1;1;0.00043061;31.07.2026;31.07.2026
bc1qhafk0jky3g6w7tcaave39qj0qc5pdtuymssz7p;1;1;0.00042864;07.11.2021;07.11.2021
bc1qpn4s25unrzgfjnz04s3rjwhmsj8f988jz5lzqq;1;1;0.00042838;31.07.2026;31.07.2026
UNKNOWN:00206db43fe7f74236be9c3cfc41f1c68c80ae47;1;1;0.0004241;14.03.2026;14.03.2026
3NUadWKZMDLLZ9eaVKHxbvtew9GALkJJex;1;1;0.00042405;02.11.2023;02.11.2023
bc1qk4h90aech76jxw7fqelh3lv49ezds3ayw0ycmt;1;1;0.00042367;31.07.2026;31.07.2026
bc1qehgmzd2hykat280j29ezq6kkltuku2cud3nrn0;1;1;0.00042188;29.01.2023;29.01.2023
bc1qckgj3zq7mjccaepd6e0r3p4a3mn0sf7srlquzj;1;1;0.00042019;05.10.2021;05.10.2021
bc1qv9ql3ujs4ngmcr53qv2t8r862646jmqjm2ewq4;1;1;0.00042;12.05.2025;12.05.2025
3HcDBv7dfwYZ5s5wReuLkYUL545DgEwFa8;1;1;0.0004198;08.05.2022;08.05.2022
bc1qgr9cu75vgdkefg6sa0a5m64zw8adp9na7lqfef;1;1;0.00041938;18.08.2022;18.08.2022
UNKNOWN:0020782c9892df839a9a323e6a759f4e11bb2f5b;1;1;0.0004185;29.03.2022;29.03.2022
3CwYR5FZTMxbf3Lg47ZJRGpAAR3qGDJjAy;1;1;0.00041846;01.09.2021;01.09.2021
bc1qrz53efpsjepa597u46haawm4tx8ltgsddtn6lv;1;1;0.00041543;31.07.2026;31.07.2026
bc1ql7clya27mmcvv632zrk3u8r2n00cmkxl24ycmm;1;1;0.00041399;31.07.2026;31.07.2026
3JgrDT9wysf9YnTKwU7ZidYbKNPvKvfBPf;1;1;0.00040893;26.09.2021;26.09.2021
bc1qzl2s3ec0nl2hlm8kzpzxpf054g4pj6tn3ejr08;1;1;0.00040843;10.05.2024;10.05.2024
1Fv87qmdtjQDP9d4p9E5ncBQvYB4a3Rhy6;1;1;0.0004068;22.02.2023;22.02.2023
3KyyRsUa7Q6t1JgL4a6JNee8r7X5dZk8ts;1;1;0.00040474;31.08.2021;31.08.2021
bc1qgrnj8hng239utr6ckk350pxw9npttsdgg22qzf;1;1;0.0004043;09.01.2024;09.01.2024
bc1qw3tf6s59tc8dj0n75eh80zhpa0f78lr8tl3s4d;1;1;0.00040055;24.10.2021;24.10.2021
3FWrZHSEgNiND3kcc59Hqf9ETHyv6CyBjg;1;1;0.0004002;23.07.2023;23.07.2023
bc1qql2wzt9wvfu5784yeuqtjj2gsg8t4xkx2ah454;1;1;0.00040001;14.05.2022;14.05.2022
bc1ptn2xs0c3m0u4avj42ctfyz8rhcptud4999ev28wjxwk5fmcx5k6q7y2cpl;1;1;0.0004;22.10.2022;22.10.2022
36GBQLsmmFrH8mmRw1dsbAWSC3Bjbgjw4u;1;1;0.0004;18.01.2024;18.01.2024
bc1qr70mckdg6q4pu85w24v5tvtp3k46hftvwtw8j3;1;1;0.0004;14.11.2021;14.11.2021
bc1qdnga2602cw7kyudqdqjz9nv4cyah9ru4n9jun7;1;1;0.0004;28.05.2021;28.05.2021
bc1qdmw9srywd4fvt35558cldn8n75ayp53mahykkt;1;1;0.0004;19.09.2021;19.09.2021
UNKNOWN:0020bbd60500bf5093301de9867dc981a82b8274;1;1;0.0004;07.03.2022;07.03.2022
UNKNOWN:0020e4170efc29db12857ae8683757f05a276bb2;1;1;0.0004;27.01.2022;27.01.2022
bc1qxkqce5lfaf78fufctuszrtrsfwp9cr6ls9lv3h;1;1;0.0004;04.12.2022;04.12.2022
UNKNOWN:00200b68b5a0831f2e75cc88983278cfbbb9dc9a;1;1;0.0004;08.12.2023;08.12.2023
1GBNPpv4n3VfhNeCHp1Zawg6mu4EJab7dB;1;1;0.0004;01.12.2024;01.12.2024
bc1qahekrk8xtanmfe9tmhlrrlyvvx29cwcmr47ntr;1;1;0.0004;08.02.2024;08.02.2024
bc1qzuj80dz3ma9xxz8s75p2g2jylj2cusmda4vp23;1;1;0.0004;23.05.2023;23.05.2023
bc1paukmfs7hlrpuwx7jnk97hfu3qxn7kvdxyqldfy990e93pczua4mqdeue2z;1;1;0.0004;24.01.2023;24.01.2023
bc1qhtgjf8wdx7vvzseg5n5q85u40shfmmwhanhs0j;1;1;0.0004;07.02.2025;07.02.2025
bc1q8pxeq9qk450uwyglsqlgcyelh7pjx0qqza6c44;1;1;0.0004;04.01.2024;04.01.2024
bc1q0g9vu99853jrqvldk992pdx5rkw3hdwf5n067h;1;1;0.0004;27.11.2022;27.11.2022
bc1qr497stkmtppknr67pnq67ph0kyksyyastz0a7j;1;1;0.0004;04.02.2023;04.02.2023
bc1qmrxtxzez8xzfx5n5yrm6rmw6xjlljmsehyty2p;1;1;0.0004;03.02.2026;03.02.2026
bc1qcezlfud8c6jvte6399fpltglgyqqp673jtehrn;1;1;0.0004;21.05.2025;21.05.2025
bc1qk4yueuwhwghp3r40chffmhr2v5vjx0eyn4adsy;1;1;0.0004;20.06.2022;20.06.2022
bc1qf6nyqp2hgj6xrzpywc5rr6t20pmkezqqc73wjt;1;1;0.0004;12.03.2022;12.03.2022
bc1qvff3hsfr6fcej3rekwcf44d2pxqh4v50d8k20m;1;1;0.0004;14.06.2022;14.06.2022
bc1qw02utdjk6dggusyvfk4apwjjnd25h77phe6flr;1;1;0.0003978;31.07.2026;31.07.2026
bc1q8h3zzwrahpgqrqw8zcjuhp9l8ygwr0y2l32ck5;1;1;0.0003971;07.11.2022;07.11.2022
36ZnkEoCB957fG4ovxw2ikT94YZYysB7tu;1;1;0.00039434;10.09.2021;10.09.2021
bc1q7thljqxcmpzxcu6x68xq7uh2scwyvfvn4vlgs7;1;1;0.00039413;31.07.2026;31.07.2026
bc1qf2y02d7plhk8vs70ddrtmpxqzncgw4zr0wl0l5;1;1;0.00039344;31.07.2026;31.07.2026
UNKNOWN:00208261f6ef82bbefca4bdb96cc80bbef358aa5;1;1;0.00039251;19.12.2021;19.12.2021
3QT6tJs5SY66So3uuvAoHTCBx42ZhdxgJg;1;1;0.00039156;11.10.2023;11.10.2023
bc1qrk863k47e0dykrd3tpmr4ssmc4kfext5rktjts;1;1;0.00039146;31.07.2026;31.07.2026
bc1qtv0j7chs7uwhsjl49t54c7vq7aujkqv8dzq4ex;1;1;0.0003896;01.06.2024;01.06.2024
bc1q8edf5kmf9yc86t05txeflqyv2pr2qnr49pzglt;1;1;0.00038767;03.04.2022;03.04.2022
19jvhvZaqKHk6Tw5NHXXyfzF6QpMUQERjF;1;1;0.00038484;22.09.2022;22.09.2022
34qc1W9vWpeqHHArTeWtdScDqizqmZvD73;1;1;0.00038462;22.10.2021;22.10.2021
bc1qs9setne52lgag5r5ej0euurqtl55nddeeh0u3x;1;1;0.00038268;31.07.2026;31.07.2026
bc1qefmjhwz4wlgqujzhycedcps4jstpa42zn6v9kz;1;1;0.00038023;31.07.2026;31.07.2026
bc1q0m40mmt6uvvwwzf33j5muyu9jrra7r70yglpat;1;1;0.00038;28.05.2025;28.05.2025
bc1qqcad8qzutwafvffgld0kaxunazapxpw85kur3k;1;1;0.00037946;31.07.2026;31.07.2026
UNKNOWN:002051dbf86fab5a717a9f22560e5060df0cdb11;1;1;0.00037944;25.09.2023;25.09.2023
bc1qrdl34nyn65c56e79d2sdrcsryja2al0pann82m;1;1;0.0003773;06.07.2025;06.07.2025
bc1q9tjxh8r78jx669l8pxezeeh6qmff98ll7c3dkn;1;1;0.0003761;11.05.2024;11.05.2024
UNKNOWN:00206c736f43b0d50395c15b45b832a2e7e69630;1;1;0.00037429;30.03.2026;30.03.2026
39RKyq4d9BQetaC1srnZUfU9t1GkuhUQBV;1;1;0.00037159;02.07.2025;02.07.2025
bc1qdhq0hrzzq3mt07c32cmq06ep8gu95eakldtfk3;1;1;0.00036918;11.11.2021;11.11.2021
UNKNOWN:0020aac0d689c33bba029123d87c1129b1219420;1;1;0.00036916;31.03.2026;31.03.2026
3GprcxPQNZ9FVam8HNELtHkGjWdLZCAzdG;1;1;0.00036792;01.09.2023;01.09.2023
3GPLeyKnimQqaRhvUPeE1dx9VxRDe2eBsw;1;1;0.00036649;01.09.2023;01.09.2023
bc1qa2qltvqwnasdcagq2zdcl0s2slez56ta2m5qnt;1;1;0.00036555;17.03.2022;17.03.2022
bc1q9c5g4q38x260ppjragc95xvlhyj7g550qk5qga;1;1;0.0003651;11.05.2022;11.05.2022
bc1qkqjp0cvwvjtyellayfxl20susg5h3detcfx4c5;1;1;0.00036252;27.03.2026;27.03.2026
bc1qn55ng0efrsem03g97yuegy940erwf7rzmrpcl2;1;1;0.00036187;04.06.2024;04.06.2024
bc1q2kq8swzsv06xg4y23czj6ajvmg2dsw9xx49wm3;1;1;0.00036118;16.02.2025;16.02.2025
bc1qn0p5kumnun07z2m6vxxxcjapvhek42jjr6x9nl;1;1;0.0003611;31.07.2026;31.07.2026
bc1q5wpc74ht220uj8avrfrk5t520qu0m4u726hlgl;1;1;0.00036098;31.07.2026;31.07.2026
bc1qht36njm3ph2luazyetn9ua57rmtyp8q90k66z3;1;1;0.00036;28.03.2024;28.03.2024
bc1q7eekwktyxez9mlst7z5a6hq9xmlputkdcljehg;1;1;0.00035944;09.09.2024;09.09.2024
UNKNOWN:0020ae292b2c67f26b42c0c8265aabc1a6e2c1bd;1;1;0.00035922;23.12.2022;23.12.2022
3LAgL5qKbTpsv3m1mXF6RJRXDyaFFhrZjr;1;1;0.00035898;13.12.2021;13.12.2021
bc1qws2jtwzrfh2mzd0l82rvnctk3a253cwhmcq6n7;1;1;0.00035831;16.07.2022;16.07.2022
12J9natNyet9xNzo7hTp1XuiDpCBri64nU;1;1;0.00035723;14.04.2023;14.04.2023
13ibx6qzFuAHZqGM3h4rwh3uToGoa86evd;1;1;0.00035687;04.04.2023;04.04.2023
1Lf9QgcdYKggMXXGg7gm4nV7TxYBs4LAyQ;1;1;0.00035687;05.04.2023;05.04.2023
bc1qd4yaaqmqky36g6sl6f0jadvds0h26waj27gjpf;1;1;0.00035561;14.11.2021;14.11.2021
3A5Mp8rNyV4St2x233kg3CvycJy1JADyMU;1;1;0.00035514;07.05.2022;07.05.2022
bc1qqqjp6eg5jgfl84trqa5j39zwr9jy2jqw9vlu92;1;1;0.000355;05.12.2023;05.12.2023
bc1qn6e2y5vva90v3qmr93vq4qgq6dwga0ayjmqmul;1;1;0.0003539;11.05.2022;11.05.2022
bc1qclxzgmxg9x5hvkrjaxt473yppm3vys4z9uw964;1;1;0.00035308;19.03.2026;19.03.2026
UNKNOWN:0020955ae7cf81aa72faeba3960cec55c40ca324;1;1;0.00035148;19.03.2026;19.03.2026
bc1qsnxa8quqalv9am29m7qsnz36v4jrace287flzu;1;1;0.00035122;29.03.2021;29.03.2021
bc1qn7cut78q63aaunw4s8luv4ujmdf6q38m24e7tn;1;1;0.00035;23.02.2024;23.02.2024
bc1q3qzf6nr3myxfsn0r23cjsvny0482w9356efeev;1;1;0.00035;10.10.2023;10.10.2023
UNKNOWN:00208e5805cec6a966232380be6a2e351bb78c2d;1;1;0.0003484;04.03.2024;04.03.2024
bc1qvktxz5jg5zvr624vf8v40zh8lkg32wdcrkplrf;1;1;0.00034698;24.01.2025;24.01.2025
bc1qrlfgh3xdjmkeccnwx4pjp5lau6xyymany4juvm;1;1;0.00034662;24.09.2024;24.09.2024
1MCPjt2exL9xtgoch9DVhQWRDTBQFKnP9E;1;1;0.00034553;29.03.2022;29.03.2022
bc1qamp60cal88whnfr9cv4c7tatj5j7a6aaef9sk8;1;1;0.00034384;31.07.2026;31.07.2026
bc1qmlqm4rueq8syuavfekl2h7fh6erhd0j5v07zd8;1;1;0.00034285;30.08.2022;30.08.2022
bc1qr0d2rhqy9fz9qv2a7ut40swnw660pgudfx8r42;1;1;0.00034285;12.10.2024;12.10.2024
bc1qxrflx6ngazpkwrcgxvwlakudsp82ruml0alxqv;1;1;0.00034119;04.11.2021;04.11.2021
161gQpU5cGQxwXG4nvsg4sNkUr2Ag57gdH;1;1;0.00034108;26.03.2023;26.03.2023
bc1qwel86lwnrzf0zn235ch99axwnum5236f2ppgp6;1;1;0.00034107;24.07.2023;24.07.2023
bc1qzcj5dwy4e65d5kqvctms08jjfzjtsy0mhuuda2;1;1;0.00034009;25.10.2022;25.10.2022
bc1q0x5mmvrcnnnp27ydj069lau4p8z68mue36t7w4;1;1;0.0003393;31.07.2026;31.07.2026
36kvMfxugH6ZNNgh2BtGYSM7K7B1Dmty5D;1;1;0.00033876;14.05.2022;14.05.2022
bc1qlal29hydstu6s30rk6v48w9wjvtxnnmultd3yj;1;1;0.00033634;29.04.2021;29.04.2021
bc1qfm327ffku935pkcasu8ru5ka9ffv3je227ea04;1;1;0.00033568;31.07.2026;31.07.2026
bc1qjac40nnqgpzx5s600356tm36tuajyv70w27lnw;1;1;0.00033538;31.07.2026;31.07.2026
bc1qfphxhdfzuyav7pl2cp5kjtfvp6s69wgjrzv6r5;1;1;0.00033507;20.11.2021;20.11.2021
3B35XUDw4mgXzjsRQsLtq3fy919mcAkqht;1;1;0.00033506;09.08.2023;09.08.2023
bc1qracadusvmzegkys6h69y4lef0w23472sg4lwuu;1;1;0.0003324;11.06.2021;11.06.2021
UNKNOWN:0020327b909906243bd3e700af0dcb3b961cbe73;1;1;0.000332;01.12.2022;01.12.2022
bc1q0tzg5vedp6c8m7hwnm3xcccp0wqmnxfqy0me72;1;1;0.00033043;10.11.2022;10.11.2022
bc1qrrfx2lgmy3yj2g2yjusrvhrc2zxvrks4n0rq35;1;1;0.00033;13.08.2025;13.08.2025
bc1qp7pf8x643cy5uxehzsxsd8jz6q0sj6gvxpyelz;1;1;0.00032877;19.06.2021;19.06.2021
bc1qc8qezp2fszs845haq70zhdjlqrvcsdanhrxdqm;1;1;0.00032548;31.07.2026;31.07.2026
bc1qv39agwa2jcdzrrja9r82mmhxxp89fvmnlnutas;1;1;0.00032548;31.07.2026;31.07.2026
bc1qzqng2r58wp34fa4jk29728sk3hzray6q7xkwex;1;1;0.00032548;31.07.2026;31.07.2026
UNKNOWN:002075bfe757c92ae6b01ec7436103a9d4f731fa;1;1;0.00032455;30.04.2022;30.04.2022
UNKNOWN:00204587dc050cc6781e45810f995b41d2db1b55;1;1;0.00032308;27.04.2022;27.04.2022
bc1qma07fuvzht7yrts4jn2ta2arhnqk5g4gsdvehe;1;1;0.0003211;19.07.2021;19.07.2021
bc1qvp42dw4mtcsdsww8neckz3lxyx0qp0d4yja9a0;1;1;0.0003195;31.07.2026;31.07.2026
bc1qlqf3dak4594vw248gnehaspfhwc4dyv0al8h2z;1;1;0.00031939;31.07.2026;31.07.2026
bc1qg8at43fcct2tl32qpkmlgzcjngvqf9m6jrpjss;1;1;0.00031878;03.03.2024;03.03.2024
3N5KcnJLhTXjfJDVaMsqU1bvcS2DZtstLP;1;1;0.00031858;02.11.2021;02.11.2021
3P3zV7BwJW9XPDST1G3P5ee9ewq7v1SZoo;1;1;0.00031636;15.08.2024;15.08.2024
bc1qeqvlpy4pvnawhws678kkfwej2qvdv0nqcv8u4n;1;1;0.0003156;15.04.2023;15.04.2023
3Nx5EgHpQW2dHz7VShvV4a3jfXP3vAUDqR;1;1;0.00031509;31.07.2026;31.07.2026
bc1qfp89ll3utclupx453lut0twjv9l30f2zwxful4;1;1;0.00031432;14.11.2025;14.11.2025
bc1q609scnw3wcup0fn2qf3g7zftff4x6ta0s5q22a;1;1;0.00031412;31.07.2026;31.07.2026
3248T57wk9MFwVmzNy7XDba1Dm2KMwKSZo;1;1;0.00031383;28.05.2022;28.05.2022
bc1qjgr28dvx0hzvnk2ae3eafz66kquuud06p7dnwy;1;1;0.00031122;31.07.2026;31.07.2026
bc1qxf2ly0dz8stgm80j0205p0n6ye2z7n2zsdewa2;1;1;0.00030949;12.06.2021;12.06.2021
bc1q2r7wgwk06a6j57k8n4lash03n0ctrjntnzwspd;1;1;0.00030746;12.09.2023;12.09.2023
bc1qkknazghh5477dmwh5feamas9kaurr8n7yc202m;1;1;0.00030589;03.11.2021;03.11.2021
bc1q6xz9l5ulfvhddzjj030na3saeczeqvjfdkpk47;1;1;0.00030344;13.12.2021;13.12.2021
3PpoFXy2u8AeowcMEKJjT65H2u8ftrdQAQ;1;1;0.00030042;05.11.2021;05.11.2021
bc1qsrrrzycyl7sxv4s7emq307zwhp3l2ga459hsr4;1;1;0.0003;14.08.2024;14.08.2024
bc1pz9jw4ejcrd25mmhrvfm2zu86c26jpdqjy6r42z9kwg4jrdp6uuxqhv2kkh;1;1;0.0003;29.06.2026;29.06.2026
36udxSsvFoYq4ZCz89LPXcUFAj1XtftSQb;1;1;0.0003;24.02.2022;24.02.2022
bc1qljrqtxd7u5m2kmqalr4nh6qs6m23rdsxa4jqx2;1;1;0.0003;21.06.2022;21.06.2022
bc1q0ky3f6eglz39m9gwns5w9rjyctkt4wu5k62k9e;1;1;0.0003;02.07.2023;02.07.2023
bc1q3uhh3htsal8ve45sr29zrxd90qpjhpg3h5hn9d;1;1;0.0003;19.03.2022;19.03.2022
bc1qhcx9lue32249dh76q9wajc6pj6xfnugejuhr8n;1;1;0.0003;26.06.2021;26.06.2021
bc1qepx85xtt4ltxv76c5ajn7cqz44sg9m4mxt77pt;1;1;0.0003;21.10.2021;21.10.2021
bc1q2v85h6ewzl09rn0snqzs4uayattrwp6aawg6ya;1;1;0.0003;15.07.2022;15.07.2022
bc1qrsktc2aekncxcpxutmaw9xgvmwktyynm2z3sp0;1;1;0.0003;09.05.2024;09.05.2024
UNKNOWN:002068feed0d9484b6265daa26472a7eb88efd01;1;1;0.0003;29.03.2024;29.03.2024
bc1qtmeef8flv8wkh3jcjflgkywxhp9cv4d379m649;1;1;0.0003;08.10.2021;08.10.2021
3QguCnW2KDsVC6raW86P4js4453HBhbjKt;1;1;0.0003;04.07.2021;04.07.2021
3EKWsgdmb2Z9KnTbkKb2pMak7yuH5eHt4n;1;1;0.0003;26.04.2021;26.04.2021
3BesDeR8SgwJkYdZCYKzcQ1k8UK1NWbEdq;1;1;0.0003;05.11.2021;05.11.2021
bc1qdua6p75tgfpj7zu5jlxrvh92rvyxv3zp0nffym;1;1;0.0003;14.07.2021;14.07.2021
UNKNOWN:0020fa7f2749c0541dc7275e66dd35c283c04713;1;1;0.0003;26.10.2021;26.10.2021
3JdUNbXoRafNvazy8poxnCaTvgFD68YrbK;1;1;0.0003;13.06.2024;13.06.2024
bc1q0e78rygjzgrwy9dd22tl06am53t2rxqmvkvvw8;1;1;0.0003;21.09.2021;21.09.2021
bc1qzdywt9mgztw7483fmmqrhea94tz492vkr8f29j;1;1;0.0002989;02.10.2021;02.10.2021
bc1qxdfu6ykcs4737wn5y8rdzv928y2ps8t88d3kah;1;1;0.0002989;02.08.2026;02.08.2026
bc1qwe0fr7wmtf6w7emgdt23l4sz2cna7t7f8r36t7;1;1;0.0002989;12.11.2021;12.11.2021
3EimpXHjvmndKo7trdDiqY1qr72VPcSYTv;1;1;0.00029889;11.04.2022;11.04.2022
bc1quwmg9g4lrgwpes632xg7zaerxxevyngfx8v65v;1;1;0.00029663;07.12.2022;07.12.2022
bc1qqa9h09cr0x8vs2n4arkkpllnfpv52ur6e6kmlq;1;1;0.00029619;31.07.2026;31.07.2026
1LUrrHn6arLEsQL8CWuSoDKnBjKGgYqkm4;1;1;0.0002937;19.07.2021;19.07.2021
33L1XiFVXuf5dXCgBmRrZaaVEWU2eHNa8p;1;1;0.00029327;15.12.2021;15.12.2021
3CNmG1vnH6nxauWwt3iSPvFH2KDoNU9XSv;1;1;0.00029302;18.09.2021;18.09.2021
3CrF6pkywThFViz5ZzxpuX1hjNtTUJaMaW;1;1;0.00029217;09.12.2022;09.12.2022
bc1qv7r3uzc2ykgmwktrhva9e2mkur7dsrdyc988y9;1;1;0.00029102;24.01.2025;24.01.2025
bc1qd9rptp260h5en4z8khu06ulqmluc2a2elnh73k;1;1;0.00029087;31.07.2026;31.07.2026
UNKNOWN:00203d5683ad60bc3cc6326b3265d50712d02d5b;1;1;0.00029059;01.02.2022;01.02.2022
33TwF1FZHCvdbaDeKU8HD6EXR3DRzEecN5;1;1;0.00029;28.07.2022;28.07.2022
bc1q36d2cull6k4j52qddufygwenn73vlefy30e6yz;1;1;0.00029;04.03.2022;04.03.2022
bc1qmvyx3t9fvanmah4sxpeuzvznxxhxdss70nfryu;1;1;0.00028355;16.09.2024;16.09.2024
bc1qf7cynyku3qn72gf0ec5kflerwklwds0y0y4wf9;1;1;0.00028274;31.07.2026;31.07.2026
UNKNOWN:002015e9489dced58f3bf5a9f2d6484a99b789cc;1;1;0.00028155;18.03.2026;18.03.2026
bc1qvtls8m3m4h57c536ayjthcwlzpjnhag45zsdq5;1;1;0.00028;10.01.2023;10.01.2023
bc1q4went5pg3mgzcuffncgc4heycl04q6hmugq2gh;1;1;0.00027465;10.08.2022;10.08.2022
UNKNOWN:0020bdeb57395093f9fd96b13b8b033d48ee6b28;1;1;0.00027082;21.12.2021;21.12.2021
bc1qkpfa30w2y57r4d8y9t5f6jjylrw3pnas8huele;1;1;0.00027043;20.11.2023;20.11.2023
3JeDYixchRW7bWQF7pVBNBAyMBtsQNvDpe;1;1;0.0002702;27.01.2022;27.01.2022
bc1qh895dd0apnrul2ygd08wucvmsyqmywuusdctm6;1;1;0.00027;31.07.2026;31.07.2026
bc1pxym8dsztvvty6c76a9qvsv2hkw2mspg67d09cwhaywm07njnn55sr7gyf5;1;1;0.00026902;16.03.2026;16.03.2026
UNKNOWN:0020a7333dd7f1fb5f4e8597f18a7b85e8a027d1;1;1;0.00026672;17.04.2026;17.04.2026
37edjubqBip66HUK8UdcDmG8Wii1Bp8wBs;1;1;0.00026619;03.06.2022;03.06.2022
3D8wLb8xWHCRJJHMMGYpjde2RJoXoTrqoQ;1;1;0.00026572;04.02.2022;04.02.2022
3NXbx6ZzdYBAQot4Wi2z7ySuUTg51EN9xQ;1;1;0.00026508;04.06.2022;04.06.2022
bc1qfj9vxzvj3zlprvk0mjqfuxlaeespzvr30zu0tu;1;1;0.00026373;24.06.2025;24.06.2025
bc1qrq7hpw3j7yu2nun4xcup5zv62zusyxqj0vu95e;1;1;0.00026174;20.08.2025;20.08.2025
bc1qk2dhxfnww989hm2dskjy868d6yrfhpnad02wrz;1;1;0.00026099;15.07.2021;15.07.2021
bc1qm60hpaffa7d520hxfcrk7v6mvxk3km4nl3gm70;1;1;0.00026;29.12.2021;29.12.2021
bc1q4q9hprvnegtf0q3va93vt5p2njgndhfqswlnxl;1;1;0.00025948;03.07.2022;03.07.2022
bc1qh0uye5hdqkdr8y4qdafm3tuq28ec9e4x7ffjxc;1;1;0.00025907;31.07.2026;31.07.2026
bc1qt80uz5jpr0t7ksxstwxctrw5pacwgc9e4naq37;1;1;0.00025901;03.02.2022;03.02.2022
bc1qx7rhw3szynx2qaw763nd9veedsuvelqp5p62p5;1;1;0.00025766;27.02.2022;27.02.2022
bc1qq7ky06hccjx2c0znkrzz9dq35ny6h4z4dsas0q;1;1;0.00025756;25.06.2023;25.06.2023
35Qs3xsjbp9ECeVyVZPxJU8hxA3852c9D1;1;1;0.000257;30.04.2022;30.04.2022
bc1qlcz5nge9ntpeexpvuv9hkype0xhfvgl4n38qu5;1;1;0.0002564;02.02.2022;02.02.2022
3GbUz6KkMeCdrT7jZ2SocWghsK6P2rbdcN;1;1;0.000256;19.03.2022;19.03.2022
3QbFpgMTQdP7jy68V6S4pfYipz2SBMnPNA;1;1;0.0002557;17.05.2026;17.05.2026
bc1qhmf0a37c3z0wmnyc5y4ven2gzhee7nsz5mujty;1;1;0.0002555;30.03.2021;30.03.2021
bc1qvrdnwc0v8rxgf5wr92d6vveht3pjz4wcfwhn8g;1;1;0.0002548;02.08.2026;02.08.2026
3JxUapVhuZUdY7nRbH4foyS5SN3TPGDA8u;1;1;0.00025438;19.12.2024;19.12.2024
bc1pf0g5z2vcevmvlphwmzmxrx9dskntntksknhfllwfl5u02k9mzdvs4g5pr4;1;1;0.00025321;09.12.2025;09.12.2025
3AxNmYPze27S15Xfjr3FyNEZgA6cegDXGa;1;1;0.00025202;27.01.2022;27.01.2022
bc1qm2jkwtvearjzjm9h50szsa50jcal524qzjjrfz;1;1;0.0002515;14.11.2025;14.11.2025
bc1q6etgjm6xgg4gldutxx06x5mvhp56g2f76rmll3;1;1;0.00025014;11.06.2026;11.06.2026
bc1q27zlkegc9l0frqnwfww0n4kd7xcs2yat7nvvn2;1;1;0.00025;08.07.2021;08.07.2021
bc1qzc4lwyrwl8t9hxx8r7qpxq0qn6fv0mhawq6g8f;1;1;0.00025;19.06.2023;19.06.2023
bc1qwz53mqzgr92dw3tph03ph73960t87hzkhjkyuf;1;1;0.00025;18.08.2023;18.08.2023
bc1q3mkah8lcgms246u95xsav4fmdftx38k3lm328j;1;1;0.00025;30.04.2021;30.04.2021
3EVBcbATQ8iS2p4hL3Dq2kuC4yWVWYeApB;1;1;0.00025;04.06.2021;04.06.2021
bc1qnt7xelr6uv8w64x5gne8dmj3wrpn9p05v4ldsv;1;1;0.00025;13.04.2022;13.04.2022
UNKNOWN:0020dbfec00ef3281e1c7441692ac870ecfebc60;1;1;0.00025;23.02.2022;23.02.2022
bc1qemmlzhvra9ux7n5jx3kudpuy9ncxp6mc02e4jd;1;1;0.00025;30.07.2021;30.07.2021
bc1qgww70cqpj0qlhfcxx52jj7cenqwnp30vwrj860;1;1;0.00025;05.03.2022;05.03.2022
bc1qgzyqd2jngajft3hs4hu55j6vtxm42qvehwlgd3;1;1;0.00025;16.08.2024;16.08.2024
3BTFoNkvhk3iUptoVFcMK4wKJCP4MuNaZa;1;1;0.00025;07.03.2023;07.03.2023
bc1qeff8yj9g208znpw9tnnkw6lpra5trnc4nw9e4m;1;1;0.00025;16.04.2022;16.04.2022
UNKNOWN:0020f2d776dbdc3a9328e656c2b3e84f3667366f;1;1;0.00025;14.07.2021;14.07.2021
bc1q7n4l9ae2496lmek3cdqsatxm27e54q3y5rqlcp;1;1;0.00025;27.04.2021;27.04.2021
3PzDw7NF99QtjcVHQ8cnFqAZuudhZP9LbR;1;1;0.00025;18.10.2021;18.10.2021
1N4UeL4g2n1hwTVBmBiUHF2V7WKcqejNrf;1;1;0.00025;07.01.2022;07.01.2022
bc1qfaf5l9je0jjm6vd5zjnef42hyshduklh04ydna;1;1;0.00025;08.11.2021;08.11.2021
15HYY8M1CBcxP1orC2fAGCfKGaTvrRKSdz;1;1;0.0002496;24.10.2021;24.10.2021
3JJMXhBAsh1VHuKQ9eH5S84Ly2VgSTZCHY;1;1;0.00024842;06.10.2022;06.10.2022
bc1qezeyws4smr5p0qu8srh0e5szmdh3ccfxs30q8e;1;1;0.00024809;31.07.2026;31.07.2026
bc1q6tf2ymkaqjwh4mhvx4yahv7cv6rjrm7nch8c2m;1;1;0.00024765;31.07.2026;31.07.2026
bc1qpw7vkmgzys66qfhz6cpwje9qsdscdhwp4f5mmp;1;1;0.00024753;31.08.2022;31.08.2022
bc1q2xga67phshtxtht8tnjgu0ederuw8z4mc7vm6t;1;1;0.00024699;14.07.2022;14.07.2022
bc1q2dh2h3ac0035ja3hgsprk4v20rv59h69a53089;1;1;0.0002467;03.06.2021;03.06.2021
bc1qrhhllxpcsdjgtqgrmm7te05xmury5axjjtj36v;1;1;0.0002467;25.06.2021;25.06.2021
3LDsJUJXCr13FPFQ2guaXZANNip36dGepX;1;1;0.00024667;06.07.2021;06.07.2021
39fD9CVT3JhZbqgvFr2AkirYbgQQ4FPek2;1;1;0.00024413;19.10.2021;19.10.2021
UNKNOWN:002012a4e01a0b7a1ceb184a4673e68719bcc627;1;1;0.00024347;08.02.2022;08.02.2022
bc1qwk5y5wgnt0k9k2f74ttprkgz4f6ar3lws0jxuc;1;1;0.0002434;26.09.2021;26.09.2021
bc1qavj9px3xkm4ql99pdqt4wkta296ayxqgk5q2rr;1;1;0.00024102;31.07.2026;31.07.2026
bc1qzznzpyxuu5qsff2kdpgsexfmycfrzc5c2vms29;1;1;0.00024048;05.02.2022;05.02.2022
bc1qe00n8qzxt43mu4t8pq0nd9pmez4laxp92gny8k;1;1;0.00023922;16.09.2023;16.09.2023
3Pwni4EM5QVTb4xd4LVKU44vP8q9Gerv9d;1;1;0.0002391;18.05.2022;18.05.2022
3P7jRvwcvcSdZCCRG7dzSxQgPXZXjqMPQZ;1;1;0.00023879;05.03.2022;05.03.2022
UNKNOWN:002096a9fd0b3fef58d3ba81c4320268070ad8a4;1;1;0.00023647;29.10.2021;29.10.2021
1KmxDcsyKEfaNjd5nT9SjwXoDebjmFtGyD;1;1;0.00023559;09.04.2022;09.04.2022
1FxyUG4A68h762rUuvSzsu8pAiXU1mvScn;1;1;0.00023559;09.04.2022;09.04.2022
bc1qywud375r5uac05kvakap4u9pv3rcxd0r8zgd8u;1;1;0.00023535;10.09.2021;10.09.2021
3DnKxHB5c7ETP8PvSBam1fVvwujXqtfT7k;1;1;0.00023478;06.03.2022;06.03.2022
bc1qccsmylzk53ntpazzegcyxr6t4sdlqhhtzwvt3s;1;1;0.00023384;09.01.2022;09.01.2022
UNKNOWN:00204f59d558c0883741d423031a90971c49bdd7;1;1;0.00023356;21.08.2022;21.08.2022
bc1qgdv4vpzttmczvdlgmz0xvd5ptfqg8n9vvs8c2t;1;1;0.00023317;16.07.2022;16.07.2022
bc1q0r3z3n73ucr0nmjerk80pv65h3t0zd5j3dxm86;1;1;0.00023317;31.07.2026;31.07.2026
17VNPPCKGfKka56h17kgkWPH5WdvMDjxYg;1;1;0.00023034;11.02.2022;11.02.2022
bc1qzjdp86x65czrw38knlnwtm4fsesa8hcnlezlac;1;1;0.00023;26.06.2022;26.06.2022
bc1qnkvvt9d2tcu9uwqlwvfsluz6wr7msgv9nn7umn;1;1;0.00022997;28.06.2022;28.06.2022
bc1q3gkp0wgwkgfktkwfrnr3sd6x08yn9374y4lcmm;1;1;0.00022884;09.08.2021;09.08.2021
bc1qffrw8mz4qg38wfyk0lxrntjaz3zr0ls49avfac;1;1;0.00022847;08.05.2022;08.05.2022
bc1qh23uvd5efugaznxvf3qhjdemxlx2w0rhjkx2er;1;1;0.00022549;26.03.2022;26.03.2022
bc1q2c7r6y4lh8859f9ygxcg57e5n2dfhntkjqx4v4;1;1;0.00022504;20.01.2023;20.01.2023
bc1qcgemqnfk8hqef4n20ntffws00y80gzu0kmm0vu;1;1;0.00022473;20.01.2023;20.01.2023
bc1q5ea7kh6n4encgdaq79vzezz799v5wzz73mmxdf;1;1;0.00022434;31.07.2026;31.07.2026
bc1q690g25uzp0ms9xn3zemdzs4zyz73yxdtcdxxel;1;1;0.00022311;15.02.2022;15.02.2022
bc1q3vx5tt22ecxtpf5eh9c62j8qd88huafsv5qqf4;1;1;0.0002228;10.08.2026;10.08.2026
bc1qhjmle9tushg2g2atju8h9gjd3lcdprfk36kq3y;1;1;0.00022229;09.01.2022;09.01.2022
38gY1s6kGu3pp2gCXBGfR1NDmLKZ3eoSmX;1;1;0.00022222;15.02.2025;15.02.2025
bc1qevx5a3mf3ux8j963wclfd0244a0zj6v8lp5hf6;1;1;0.00022037;16.07.2022;16.07.2022
bc1qjzx6yctaajklydzyjncghjv7d32duy29dytysl;1;1;0.00022;07.02.2025;07.02.2025
bc1qwrf4038kjx4tj9n5kku6u0u8r35asjgagfdv2f;1;1;0.00021978;31.07.2026;31.07.2026
bc1qe09sjl0dkt8jftauy2954lgq4pd6ve7u0mkelq;1;1;0.00021867;31.07.2024;31.07.2024
bc1qldyfgxevdgdxhfrpm4fa0ssdp53l9y2zmr3ea0;1;1;0.00021718;17.03.2022;17.03.2022
3EMmAxetMPRx3Gmamrh3fmaUD8NcAuY3xr;1;1;0.00021699;04.01.2022;04.01.2022
bc1quyvqe36q75943ay0vql4d89ly9ztl7ljl7xw2x;1;1;0.00021584;08.09.2021;08.09.2021
bc1qsfug5kfhqngl6j2gndax527vd33ar6uxh0lhs5;1;1;0.00021492;09.04.2022;09.04.2022
UNKNOWN:0020feb47676ad9cf41eed8e642226316b558e1f;1;1;0.00021405;28.03.2022;28.03.2022
3NED4AJNp55oodajzeGxpPXUcUseghsw3Z;1;1;0.00021365;06.06.2021;06.06.2021
bc1qt9fp36rja4aky5pwjnxjmw2l9rq2zaa8j4ttjn;1;1;0.00021346;11.02.2023;11.02.2023
bc1q052ng3kdhk6ctu9j9yhahgzuv79q0z5u3jsufg;1;1;0.00021297;31.07.2026;31.07.2026
bc1qpadf5cekwjue5g05lgw9uaya7lwfceyyd7r939;1;1;0.00021287;31.07.2026;31.07.2026
1x5mtgn43Dk8P3RHfrud9MdLX7eW7xVfz;1;1;0.00021281;03.03.2023;03.03.2023
bc1qfaqcvuret5h0e4sgdjahhe3m062kahramkcx9x;1;1;0.00021235;27.06.2021;27.06.2021
bc1qlzdhsqxpfm98p830l0glyha95r3adzrm9hcn3s;1;1;0.00021122;31.07.2026;31.07.2026
bc1qjup70rsmtgg43vra00qd2gcmh0t2vy8kgye3g4;1;1;0.00021098;16.07.2022;16.07.2022
3Bu3QGyjC1vjza9vTvEq2LiKZoZjpUs9K2;1;1;0.00021064;18.09.2021;18.09.2021
UNKNOWN:00209181efc77c1529b90d098f9705c1a5786f66;1;1;0.00021;20.07.2025;20.07.2025
bc1pz8flzx2mptzxmsaar6afhar55a6zxhd9xe54tzdaz3wq36l8q58s2sjctp;1;1;0.00021;25.06.2022;25.06.2022
bc1qzgw60sc9mfg5s0vcdmxur46p003ed9ucs3edrz;1;1;0.0002088;24.02.2023;24.02.2023
bc1qpn05udnvr6qc75hraz92h4r5tckulv0jl36les;1;1;0.0002088;24.02.2023;24.02.2023
bc1qyq72y2en5vqwj3gdl5u66efpykpe9ultq39h5f;1;1;0.00020865;11.12.2021;11.12.2021
bc1q07l555nlw5fjs72fazk82aejj2y7e2j4kdxs7n;1;1;0.00020721;31.07.2026;31.07.2026
bc1qmwku9k07vyumva3favve8sl0acmvaqxh28sz2t;1;1;0.00020687;10.05.2022;10.05.2022
bc1qewnl5smje79nquspalct28agr6j3r5zy7af84s;1;1;0.00020683;24.09.2024;24.09.2024
3PPhy1azVdejkmRuxKWcaBW3Tm37vCm4kw;1;1;0.00020347;03.10.2022;03.10.2022
bc1qtp3870p29jyajx8e74py6wy7aldys5s7s06njj;1;1;0.0002024;22.08.2021;22.08.2021
bc1q6l8upwyr98jv0sp8n3stk5q53g74uqx9wufg2e;1;1;0.00020184;31.07.2026;31.07.2026
bc1q9tljmjyv0qw4zv5vahuvpsd84fvw6a3gv2k29f;1;1;0.00020182;31.07.2026;31.07.2026
bc1q58ulvph2cj97us0hvd6vscnuzlq2jgqkxu83h8;1;1;0.0002014;31.07.2026;31.07.2026
bc1qc5jzq6apqed8w5a8mmez5dk86sqf5t4su466us;1;1;0.00020102;21.02.2024;21.02.2024
UNKNOWN:00205e1d676bd6c80ad286bba38d7fa4c6fa8149;1;1;0.00020028;11.02.2022;11.02.2022
bc1qp03u86mw9eaxnecc9jk50udnk9fv80ud0ffzxm;1;1;0.0002;20.10.2021;20.10.2021
bc1q4t843h468xzc97kcdeyaauvz2mzz5uelfqk0x6;1;1;0.0002;10.04.2021;10.04.2021
bc1qqh7ekgzwaalqm32phlfd244exljwawfqm0kjrw;1;1;0.0002;08.11.2021;08.11.2021
bc1q28x9udhvjp8jzwmmpsv7ehzw8za60c7g62xauh;1;1;0.0002;10.09.2024;10.09.2024
bc1qvdj7qczy3vfhr6845dy2fdg0u2ftan6724k93c;1;1;0.0002;04.07.2022;04.07.2022
3EXkZh8QVsUjciLPJv4ZiFC3Z42WovBxmN;1;1;0.0002;23.01.2023;23.01.2023
1D1E9z96LUSH8GTxUZnZqUCZwvPkhf6fp6;1;1;0.0002;14.02.2025;14.02.2025
bc1qw0yyyl57z2kekykf4276yp20ldhj7skkvys4sr;1;1;0.0002;03.11.2022;03.11.2022
bc1q4w4rj43stwxsfuva3s2ql9fve9udc4g4mk89pp;1;1;0.0002;02.10.2021;02.10.2021
bc1q86suznl7uc4l5vufda568n8wrjll02nzp3sx4f;1;1;0.0002;04.10.2021;04.10.2021
bc1qlxcgwf7v40mja4fm9ayugtfsvgzwkf55x72tuq;1;1;0.0002;04.02.2022;04.02.2022
UNKNOWN:0020eb5a929328b49334a63aba2f78afe45621ef;1;1;0.0002;03.04.2023;03.04.2023
bc1qs8g32nwq77pc3c2azwux0c2rr89nu22r2xz8vc;1;1;0.0002;16.03.2024;16.03.2024
bc1qfve2297jq887u0f6wjpau7d4fhen2lxfusfygn;1;1;0.0002;16.05.2021;16.05.2021
3CWXJthbfwcpDajy3GHwPh9yxjpeoUTo4Y;1;1;0.0002;27.10.2021;27.10.2021
bc1qfqknr3z88cl666ks06v86k2r00crhqv5x2x9pk;1;1;0.0002;09.10.2022;09.10.2022
19JWbpPcXPAhzUUW95ZXdFq2si4eUcAYP;1;1;0.0002;14.11.2021;14.11.2021
1Hrmcz6URqeD8Nwb18rRbZp2pD5EQM2Na7;1;1;0.0002;16.09.2021;16.09.2021
39UYqfbuPiR2ZgmSkfe2XtqA6BaiHWDHfQ;1;1;0.0002;11.09.2021;11.09.2021
bc1qfdr0qkh9yh3lt9qljg8yzn2s93wza6gjc34s9r;1;1;0.0002;10.04.2022;10.04.2022
3M5pQEgSGAyaFNX9J7T7REd3cuGZNJBkiv;1;1;0.0002;17.02.2022;17.02.2022
34vGETacdpFMa3FTFaVnGsh671EYuaoThJ;1;1;0.0002;16.02.2025;16.02.2025
bc1qzhjwk74aqea0g3m5h4r8ue6er4rwzh8erpd4js;1;1;0.0002;09.10.2022;09.10.2022
bc1q47a2nyuqjarfznlepru5avs36a8wlksjgfljty;1;1;0.0002;23.08.2025;23.08.2025
bc1qzm5cpwlvu4rqyc48yumfa9ez2hlsahwq09etdn;1;1;0.0002;04.07.2023;04.07.2023
bc1qq8r932p3ruf30l2f6nzmdpjgk3ezxnde30lsh6;1;1;0.0002;01.12.2024;01.12.2024
bc1qp34t9t5sdd4vswwmy9mthw42w53xqpwcq9msk8;1;1;0.0002;15.03.2022;15.03.2022
1FqQLPxE8MnKCBb7VKA5eabENnQJWqhEXU;1;1;0.0002;29.10.2021;29.10.2021
bc1qdnpkdwfhlflac97l3tz9x20c2yz4vxkq84udpv;1;1;0.0002;11.02.2024;11.02.2024
3LFV5Gwswyaq6TjM4dYG4KjP1Hf4JQJF5A;1;1;0.0002;20.03.2023;20.03.2023
bc1q6e9ph7qzvc9js8rc8z3ern5daxxp9ye2yvpg5x;1;1;0.0002;27.03.2024;27.03.2024
bc1qmacgl9tdc3rsggvtx3jpgeteexh2tmcs3lcmj0;1;1;0.0002;18.04.2022;18.04.2022
3A2UUd4XifWhr7Ddv5NsMQz7ChZSFt36XK;1;1;0.0002;16.03.2024;16.03.2024
bc1qcf76t9hcsr3fsudy43mmgh4vx90st8qprtsy6z;1;1;0.0002;31.07.2026;31.07.2026
3EhaD5orpxQgvBZ22PpRWAHYsHQFcZmr7X;1;1;0.0002;01.11.2021;01.11.2021
UNKNOWN:002080e0c9dddfd2d943d5f49e6225c3579d9216;1;1;0.0002;06.02.2025;06.02.2025
3LvNpiVPZyw2Y5YYTCLTGvmtckX8vsCdo3;1;1;0.0002;05.11.2021;05.11.2021
UNKNOWN:00208acc6231bed6db52df5d589cbebaef45692d;1;1;0.0002;27.02.2023;27.02.2023
bc1qqa58h8eprq55hke9qyt3tafx0ahazr0g5ghf63;1;1;0.0002;13.11.2021;13.11.2021
bc1qs99j424l6fp0mcgcr4uueurg5w02dxzj5xnk37;1;1;0.0002;02.12.2023;02.12.2023
bc1qnyv5tsqt7dpcvm7q989q4309c4zcdvksd7lxzq;1;1;0.0002;18.07.2022;18.07.2022
bc1qadh6j6wjp4cmc95dqyz37lrcw3wkxvfnyzxnz4;1;1;0.0002;31.07.2026;31.07.2026
bc1qlt2aeh2kkhp0k8rh2rhqtk86fkpa38wauspcte;1;1;0.0002;23.02.2024;23.02.2024
36N2MKexKLaf113L1yQuseSufxiP6RqBuz;1;1;0.0002;12.12.2021;12.12.2021
UNKNOWN:0020fc88eeb63bad518ff682ddc73ebdfc20890e;1;1;0.00019973;31.12.2021;31.12.2021
bc1qstgnp8e8vlmzh6xp928m2xafra2v05vh8lwqnd;1;1;0.0001994;04.09.2021;04.09.2021
3MyzanPq3jxSmoyQGSfBaKtSDPMLp8X9pb;1;1;0.000199;23.10.2021;23.10.2021
bc1qxeuyyjwavh3nyx4fs3yar3y609jpc6dt2um9v6;1;1;0.0001989;20.10.2022;20.10.2022
bc1qhsun25yspsj2gu6g4schr6ultyv29953vx8er3;1;1;0.0001989;22.04.2023;22.04.2023
bc1qkq3tac8ajutarxeuxycpc0c3ae80lk39xtqgjp;1;1;0.00019889;12.10.2021;12.10.2021
bc1qtqejn4lug64mrkkcdewwseuyh68ylekchvhc3v;1;1;0.00019887;23.06.2022;23.06.2022
UNKNOWN:00206a60e80e59137ec34756ee1cc970a833638a;1;1;0.00019879;11.07.2022;11.07.2022
bc1q59wgzyxhu5sycgeju9a8hqlwc0n39u0dfqxk2z;1;1;0.0001986;02.08.2026;02.08.2026
bc1q3ucy089grr6mkarpchqy2c6c442hkyxp7y50xr;1;1;0.0001985;05.09.2021;05.09.2021
bc1qu22mkvgh0yv2t4xd0akp2wj90krpk3mxzpc8aj;1;1;0.0001978;09.06.2022;09.06.2022
bc1qjcaamp328jledrzl2sclstjwajhp7xgmarzazf;1;1;0.00019778;06.06.2023;06.06.2023
bc1qexd2mqk2ll2lsd9rlnldfjhhdekw539dke6ufl;1;1;0.00019751;03.12.2021;03.12.2021
bc1q5x6lk6dwmtlv5h7djzw92zx3gsw5sg8yjlac65;1;1;0.00019749;21.06.2022;21.06.2022
14Y6TbmT27Q3HiRb5TBhL8SyGrRsYBusyj;1;1;0.00019735;21.01.2022;21.01.2022
bc1qkxy3mpddwl9humsg8ruhxew72drtxxkndh8usv;1;1;0.00019729;05.01.2022;05.01.2022
UNKNOWN:0020d46d6ded003bff62a1301a7e67957b12812b;1;1;0.00019708;17.01.2025;17.01.2025
bc1q38x36vx5wep6g8v3z6w0qezvrv3u3qhg0rncm9;1;1;0.00019673;25.11.2024;25.11.2024
bc1q6hh4lwwd5p3wtrsucc0lwcndjktsnvfh78d4wl;1;1;0.0001967;04.07.2021;04.07.2021
bc1qdu4vc3380y0j5ux4hxa4d0hvevgp29em75mxp2;1;1;0.0001956;29.07.2021;29.07.2021
bc1qhqprlhxy9qhm6dhc6f90v944f9slfyhzeu4t07;1;1;0.00019483;18.03.2022;18.03.2022
bc1qpz85cxyh7djwgrqumxzwp0gg6dv04h3lrdv763;1;1;0.0001945;16.12.2024;16.12.2024
UNKNOWN:00202ab12659f4fc818a82e6468f866ade249544;1;1;0.00019372;27.01.2022;27.01.2022
bc1qyme5lu8ncym8hslaua7fsjx75qn97cvdz48h2v;1;1;0.00019348;31.07.2026;31.07.2026
bc1q3lvsh0vzzlx324wnmxwka5skm8snwtfsq6ndcs;1;1;0.00019246;23.01.2022;23.01.2022
373oibZNScgoWsNbs943pE7Vq3XGRPuSt1;1;1;0.0001923;03.09.2021;03.09.2021
38ikEaNnkBjRLzXwMTpUYHHKFP6FQCTSK7;1;1;0.00019128;07.09.2021;07.09.2021
bc1qn2nj8vd20z4lta5v7c752n7wjh9qd473mnlk2n;1;1;0.00019108;23.11.2021;23.11.2021
bc1qtygdn0na45y7na3mxv3c47f0429eu8hktpjdtj;1;1;0.0001904;10.04.2021;10.04.2021
bc1qq3k5ssfmmng35lerj04x2rppqv4jjfreqgaqrt;1;1;0.000188;05.08.2026;05.08.2026
bc1qlpcfemzkuzdd8r6rpk34zf7c58uedpzzshue5x;1;1;0.00018742;23.12.2022;23.12.2022
bc1qmrd5zdxh4z3t2xu5lu4pvah2tje5wjf7s25w8u;1;1;0.00018653;12.10.2023;12.10.2023
bc1qvzsvch94sgtcenc2rug75r55rcnzh3flr72unm;1;1;0.00018514;08.10.2021;08.10.2021
UNKNOWN:002006c8160e6a0a72dfdcbf2800e489996e6d62;1;1;0.000185;26.02.2023;26.02.2023
bc1q6m9v40pvrmfyy29qh3hnup4nv66yptx6f5glv7;1;1;0.00018285;19.02.2023;19.02.2023
bc1qladwvfjdpn2aqtmsvua275ffrh82enhr6n562t;1;1;0.00018272;26.08.2021;26.08.2021
bc1qwkucz8g4mrh9tlnnf4qc926t0zy5kl8lpdmsc5;1;1;0.0001827;09.10.2021;09.10.2021
UNKNOWN:0020e1a4850e01df3c827121b73a9d8e87c21e6e;1;1;0.00018268;11.11.2022;11.11.2022
bc1qavhhngxznjtz7p44nzhmgyrrastatzg7ufe5va;1;1;0.00018237;28.04.2025;28.04.2025
bc1qyzz97dwpegswm0namcs8d4wwf848ehetwu6sz8;1;1;0.00018229;21.10.2021;21.10.2021
bc1qvfth0k36dy6j9aejvse4n3ht58dq6j8u4nqhfe;1;1;0.00018091;11.08.2023;11.08.2023
bc1qw43u4ap5zjxd6wlpnldyh6ca9xa8p5e3nl0kkj;1;1;0.00018;31.07.2026;31.07.2026
bc1q5lndg4xq4effe6zm8rjvp4vqza59w5xpclqwvq;1;1;0.00018;31.07.2026;31.07.2026
3JiXPWxYPzVczpaApS95qtE3k896XXaTDE;1;1;0.00018;07.12.2021;07.12.2021
bc1qyxtta32wj4fusyyushxt6nkjd4wsh9jqvk9qkl;1;1;0.00018;09.10.2021;09.10.2021
bc1qjvgth4r7ks54g9vj7umzeuv3rq96qsdvq3e42x;1;1;0.00018;31.07.2026;31.07.2026
bc1qnkvwz7z7qc7gvwvt45627kwtlngyy9w022m6wq;1;1;0.00017988;04.11.2023;04.11.2023
UNKNOWN:00207d71d16e525750c9cdccb9ab7c91f3afdb14;1;1;0.00017862;23.11.2021;23.11.2021
3BTZcywZvNxUgqKUkX9wQcuvm2S6FC84we;1;1;0.00017755;18.03.2024;18.03.2024
bc1q3d5pelmj36xddwsnhd7m5qarl96yyvx4zdw6jp;1;1;0.00017636;20.10.2022;20.10.2022
UNKNOWN:00207fcde07530d605907cbbdb92500c77966d3f;1;1;0.00017582;13.06.2023;13.06.2023
UNKNOWN:002088cf763be45e229b13f3475abb2a0f56c88d;1;1;0.00017415;11.10.2021;11.10.2021
bc1q54lk37ttd7dk7mw5mm79kturk0szc373t6um6c;1;1;0.000174;30.11.2021;30.11.2021
bc1q5s47vkctrx2068w54fpp79e5m0z9t02mja7fxc;1;1;0.00017397;16.05.2022;16.05.2022
bc1q4vlcv2n7gwawm3j0lnjyrlhjyphze02rs42dkn;1;1;0.00017377;31.07.2026;31.07.2026
bc1qk0sd9pq7u6jak0qjcvqfxamyy9mxn4efg5sad8;1;1;0.00017325;18.11.2021;18.11.2021
bc1quy7sfutlnpldeway0yugs805newskyu5jjfva5;1;1;0.00017297;27.10.2025;27.10.2025
3E5KhMmgVSq9DatTzZSrQkFsLbwpYdG2xy;1;1;0.00017072;15.08.2023;15.08.2023
bc1q473zqqp5nwq29qfyz8mcu3fpz7vd4xg0deltsw;1;1;0.00017;13.08.2021;13.08.2021
bc1qjzhxmns04j38jfvrtvgjs47myhg97vwtzefwee;1;1;0.00016958;26.09.2024;26.09.2024
bc1qpapzucls88hlcf6pfhdc90ss8kj4us3a0qpp08;1;1;0.00016863;15.05.2022;15.05.2022
bc1qcwwlghqaj8pazlxk9eja900k58lf9x60qzuwgz;1;1;0.00016778;29.08.2021;29.08.2021
bc1q0tz5z5lsdhw0k8pekxmlj9nh2pt4k8770sl43a;1;1;0.0001663;16.03.2023;16.03.2023
bc1q54u0mqls60nwwp387jd5dv48jty2wpr6yxujsx;1;1;0.00016615;08.10.2024;08.10.2024
3K2ZU7uwVrZ9Wus1mgztcUpkXNPwna4BK3;1;1;0.00016563;17.05.2022;17.05.2022
bc1qj5aklq7lx94ylwv4qdtyrtcm3qvrmfwtxwxfjy;1;1;0.00016541;19.04.2023;19.04.2023
bc1q8j6w3a75ug665fal5j5hmc67cghp00zd3pulvx;1;1;0.0001648;21.09.2021;21.09.2021
bc1q3mwznf7d5lt9g4n3n5j9q8lh4qyean78nwtwn7;1;1;0.00016411;03.06.2022;03.06.2022
bc1qc59mva0c6yjprdgk2tcjv3euen6j3vrdclttdt;1;1;0.00016408;10.05.2021;10.05.2021
bc1qdfgx5ep2473wjrdfsmkjq3t8g4r0kgvdakmj5n;1;1;0.00016336;07.08.2026;07.08.2026
bc1q5mvwvcwvm63zx5phk02lzhgu5dt60r7c53k87q;1;1;0.00016248;31.07.2026;31.07.2026
bc1q0a74rt882ee63sh4e7ty2wmcdvs09vge6eehmd;1;1;0.00016162;31.07.2026;31.07.2026
bc1qgnrsedrg8dcjfedrg47khthetmv89q6405hynl;1;1;0.00016159;30.05.2022;30.05.2022
bc1q4ak0xvq5j20lcknvde353e5w3w784e39asm5eq;1;1;0.00016152;04.07.2023;04.07.2023
bc1qwxmma0sgqr2kyrrdp9ckema638qkzflkx44ppa;1;1;0.00016125;29.09.2024;29.09.2024
bc1qhhgsanyyk6urmqhvzuyh8tqtfu5sazrtdljyvd;1;1;0.00016125;29.09.2024;29.09.2024
bc1qj5pepvlrlw6fa05590js7azx40hqgjt87jny0g;1;1;0.00016125;29.09.2024;29.09.2024
bc1qud84eetgk6z3cflfylhalt56ee7g9ngr4v2c0d;1;1;0.00016111;13.08.2023;13.08.2023
bc1qa5gtj3cywsqp0y8qk3w2q58axwjx9r0hgem239;1;1;0.00016034;27.10.2021;27.10.2021
UNKNOWN:0020e0e1c274ee2fa9d278a945ca27ff09e171d4;1;1;0.00016;29.10.2021;29.10.2021
UNKNOWN:00202cfd5051cfbde89593518ee3a830a176b8d9;1;1;0.00016;11.11.2024;11.11.2024
bc1q7ue8sr9z4yugw0m5gwhlv9hgww7f5xmgz7dyym;1;1;0.00015926;14.05.2024;14.05.2024
bc1qtu7hkc3r5rdqecmdhg4hmeq2m23nyg58jldvak;1;1;0.00015756;13.08.2021;13.08.2021
bc1qr78lwgak7tmn4ew6ayxdd467f8jyfen900wrzt;1;1;0.00015708;18.06.2021;18.06.2021
3KyvjoEYExdp2tz4CsqEEtziuiLdBa5vH9;1;1;0.00015691;07.11.2021;07.11.2021
bc1qzs9vnarxar3d84gqmfjhc0qsw6a59np9essh7q;1;1;0.00015656;07.09.2024;07.09.2024
UNKNOWN:00203d16867aae37b2f5e0537f52afc2457e58ac;1;1;0.00015646;11.02.2022;11.02.2022
bc1qn7zsrgt5clnyra55g6ynfp75whehjehs22ytgy;1;1;0.00015637;02.08.2026;02.08.2026
bc1q8vlkaxe25zclp2r8ug7f8cmdmduqxxd45peyxf;1;1;0.00015632;17.02.2022;17.02.2022
bc1qs684u53qaxguc86fdmcee5wpf9czp4l0wlxp4w;1;1;0.00015593;02.05.2025;02.05.2025
bc1q2sw7lpnpgh4vwkhasqytgwr93rtax6s0kr7hcd;1;1;0.00015418;31.07.2026;31.07.2026
345ckUkwhQE8LLvFZU3VS9JoU9y7dtwroi;1;1;0.00015346;26.06.2021;26.06.2021
3JJPzyiayG1dmv18CufpLHBWCdTpizeLMz;1;1;0.00015158;07.11.2021;07.11.2021
bc1qzhakvfvw2sr0ja6zpaucpsppk500u2c9j8l49w;1;1;0.00015;15.04.2022;15.04.2022
3KuLgeMpf1gSjozFpM4Bsx1xF9myYVxtds;1;1;0.00015;19.06.2021;19.06.2021
bc1qxslcw7cdw0d6z0fzk2km66hntfk984xl9kc9ca;1;1;0.00015;13.04.2022;13.04.2022
bc1qzusf7lz3fkfgjev52qevsedw2j52ay99ruvqc0;1;1;0.00015;27.03.2022;27.03.2022
bc1qnctl8ekvwmhpcrqgjs5l2p68pq76g0dc4xvcpn;1;1;0.00015;16.07.2022;16.07.2022
bc1qxqwxta242ercceds8u3jrpzeumcsnxmhtsw73d;1;1;0.00015;11.08.2023;11.08.2023
UNKNOWN:0020352ffc03daf80868d728a825e6a8553487a5;1;1;0.00015;23.02.2023;23.02.2023
39MAP5YqHPKTYTuMGNuDBUqWJfWruf3GHC;1;1;0.00015;16.01.2025;16.01.2025
bc1qatersc8znj0gwku3x6suw2spl5xpzaytxzflrp;1;1;0.00014798;09.07.2023;09.07.2023
bc1q5x2w0v9x80p9k8h3vxr8ukhkp596jq5s28pc8l;1;1;0.0001478;02.02.2022;02.02.2022
bc1qaj923xrs9k8uusws685ljw886ks553fmr6u08y;1;1;0.00014708;05.03.2024;05.03.2024
UNKNOWN:002015aa4475a68b1966547329bd38499d0d0f4f;1;1;0.00014626;17.03.2024;17.03.2024
bc1q9r4tfwl5ul304ny6u4z9ju34syvac8mgw0mqy5;1;1;0.00014625;31.07.2026;31.07.2026
bc1q5nnxnzdyq8j84nkj67jd5mg4hex2tse5xjaqtl;1;1;0.00014466;26.12.2021;26.12.2021
bc1qk6sxq6m4vew5dxcctpmyujsa7xm0eam6p3y06k;1;1;0.00014295;21.10.2021;21.10.2021
UNKNOWN:00205d9982d8c1817b359b95751268e51b5a7ef6;1;1;0.00014291;11.05.2021;11.05.2021
38EpKoW96oWKDAKErpiyJyptNSwgYbfPXR;1;1;0.00014286;05.07.2021;05.07.2021
3GNSMYs3aCakpdgzLyomASUYzaqN8BWtV1;1;1;0.00014046;12.04.2024;12.04.2024
bc1qmhtt32u32j9w4kz853she35vkup4ltw2vuhdfs;1;1;0.00013834;24.10.2021;24.10.2021
bc1qfyykj9zvzq9vd4nz3ux8krnm06w0yjfu5pz3qd;1;1;0.00013795;31.07.2026;31.07.2026
bc1qu7qx8mtq03acgg8wcfrrp25jymqw4q5ahmd4su;1;1;0.00013768;31.08.2023;31.08.2023
1KYHzKAc64JpxyHu1vYToAv6rMMHF4uzvF;1;1;0.00013725;30.04.2022;30.04.2022
bc1qccrrr4l3e04d4jpsjeq4pceplyges7l6kxk54a;1;1;0.00013693;07.09.2024;07.09.2024
bc1qgfqq87288j83x62ywpgpzhkvc32q5n9ags4axv;1;1;0.00013548;31.07.2026;31.07.2026
bc1q436wassa303ntk3930w9j93pw6hwg2d8t9nus6;1;1;0.00013435;16.10.2021;16.10.2021
bc1q7y6xmsjem35dnvq3shd2qcr3t8t7a5se3u4ap0;1;1;0.00013432;20.07.2021;20.07.2021
bc1q7rxq2f47vt3axzaa03nh3acjaqy0sh2n7ykjs3;1;1;0.00013259;07.03.2024;07.03.2024
3N5tvBXpA1XpQmqPgeBNEJ577MbNjnDYVU;1;1;0.00013102;19.03.2022;19.03.2022
bc1qxyyxfhaj7qxkrcg2metpq4rzk4s0vnkag6vglg;1;1;0.00013071;12.07.2021;12.07.2021
bc1q6x87e2hk6jwmeq4pv2w3wgvwkkq9g3qz7y6r6d;1;1;0.00013;11.03.2022;11.03.2022
UNKNOWN:002052d0daccaf8c1436b5d5197aae440ac6ca33;1;1;0.0001298;13.10.2021;13.10.2021
bc1qa9v5gyxy4k30rjj9p755fhxgrs9qq3eaju02ml;1;1;0.0001277;30.10.2021;30.10.2021
bc1qmd0dmzlawd9w2y6u9dwcx24we2nas5nl0rrya9;1;1;0.00012613;16.03.2022;16.03.2022
bc1q08a2g9pef9sy4pd4qtrq4xal80jc9jwzatu938;1;1;0.000125;27.04.2023;27.04.2023
186nreotXn2taSLWnJSV64HsGnLUo8yeqp;1;1;0.000125;10.08.2023;10.08.2023
36oY14EJNiokeEuy7rsTX6ejRWs57Lcbix;1;1;0.00012292;30.11.2025;30.11.2025
bc1qxx3etmnzxnl3y25jvqjcucd70m4vseshyy4ukl;1;1;0.00012208;17.12.2024;17.12.2024
3Jshx77NaLATtgRzzRV12GPfrhpj4dFTFh;1;1;0.00012101;20.04.2022;20.04.2022
bc1qc7stkhwcyath4kc6h8f93sjyte40dp4nsn3wtm;1;1;0.00012003;06.02.2022;06.02.2022
33HPgq31M2nne1HbsTVRmex8i4mNSuLCMD;1;1;0.00012;03.05.2025;03.05.2025
3D8cqiLaGBLcC7pC7XnBB88cGvXZ2V63Dq;1;1;0.00012;14.01.2022;14.01.2022
bc1q38mrgkf680zp40274h52pk73755pz4yc9ja046;1;1;0.00012;25.03.2022;25.03.2022
bc1qxgr84jxtpj5mmnn4jxfjd5uuky4pfcfxdv23ny;1;1;0.00012;26.03.2022;26.03.2022
3Q6KoU6MhGtoE8v5QVxSZaqBWWwecdVBpp;1;1;0.00011889;13.02.2022;13.02.2022
34eeQFAZJxuh9cTTicPKRB9Ywhb25huNUK;1;1;0.00011889;26.02.2022;26.02.2022
3PqJ73rrTVSuqTjwohczkgjEz5WVpmzK9j;1;1;0.0001183;26.09.2021;26.09.2021
bc1qv9x0007pzwfunzefm9l7ryex843wuzd5fzlhzm;1;1;0.00011794;14.11.2025;14.11.2025
UNKNOWN:002022232942c5be3c7e70eebaac44d25351a27c;1;1;0.00011454;19.01.2022;19.01.2022
bc1qend9p3lyl5an33p0cshspwpf6s2nphldnk25jr;1;1;0.00011265;31.07.2026;31.07.2026
bc1qhyslfungnd6cxhgsm7n3u7pwwejwulgh0vfvv4;1;1;0.00011217;04.10.2021;04.10.2021
bc1qwy2ms3dlfg25cn6lr8waqdcyc6ytk446330fdl;1;1;0.00011194;31.07.2026;31.07.2026
bc1q7equvh79elxv07clhnc3c00n2e6tvya7czenek;1;1;0.00011133;31.07.2026;31.07.2026
3G3qm4hHJcR1uACMua3DV8U6s97T43wP2z;1;1;0.0001113;11.03.2022;11.03.2022
bc1qpmfrh7fphz5rdcun9ja5j73mh242fppjxun4fs;1;1;0.00011111;16.07.2025;16.07.2025
UNKNOWN:0020e03e84ad755a6d5d2e421b783784f9763d06;1;1;0.00011111;31.05.2022;31.05.2022
13G75XzbSaUZvC3gnANw1LYmi3rgiTHfkK;1;1;0.0001111;23.04.2022;23.04.2022
UNKNOWN:0020cf22a4060d3380694e0455d6c5524123ac73;1;1;0.00011;06.02.2022;06.02.2022
3JvBvRuBfYvB6MjzMornj9EQpxhq9W7vXP;1;1;0.00011;01.06.2022;01.06.2022
3BGbP6AygnrGp4jT7xAXt7s8Mbkud27JhM;1;1;0.00010995;01.05.2021;01.05.2021
1Kmy7ko3mfyN7985eUyUAc7hZ9BmhNme8v;1;1;0.00010983;28.03.2021;28.03.2021
bc1qpa3s865dyqkvzz6jqhwzpr3rjc2xp65zzujxta;1;1;0.00010907;11.03.2022;11.03.2022
3FHyu73WmjgVdWx3f4gwXsuq6yEU9X7cz6;1;1;0.000108;25.01.2022;25.01.2022
bc1qu7pggjjyegyce37589qur8xnu0z52jkhvqx38m;1;1;0.00010784;05.11.2025;05.11.2025
bc1qynpdknwsmqf62q28dvscq5hn5j4y9sevjqjtwq;1;1;0.00010688;30.01.2025;30.01.2025
bc1q2amjrhsfku0rft33ln2f0f92hs6gvk2npztexv;1;1;0.00010642;24.07.2023;24.07.2023
bc1qluzey2j4nkqpcmd37uyewl4fn87hawqa5d8fdx;1;1;0.00010639;28.01.2022;28.01.2022
bc1qqz2063rr6phj6ryhf7dqlt4hvz89syy62vz07x;1;1;0.00010597;09.02.2024;09.02.2024
bc1qsx747n52kfx0nmkjy4ngq96yusxej2d8klqmn3;1;1;0.000105;21.11.2021;21.11.2021
bc1qdthqjd78frldrzspqlh5zmr42fl9qtz6m69q64;1;1;0.00010392;07.02.2025;07.02.2025
bc1q4q6djdmfj4fqgv44pg2gm5q6ja4y8lf27cqrke;1;1;0.00010376;24.08.2021;24.08.2021
bc1qk6hwlpjz46sgkhr2ev2ru8m476dekmeyr6008r;1;1;0.00010304;02.10.2021;02.10.2021
bc1qunqajps4elc78m8fq7s7nglc6x80j49exheq78;1;1;0.0001025;05.08.2026;05.08.2026
bc1qk8y00y6vztlzgy7v4wsyqr9k0kl4vlwr6qm53m;1;1;0.00010095;31.07.2026;31.07.2026
3HRxJzpUkeFyWJNUvA6BwVUFuYdZ3nSpZo;1;1;0.00010074;11.12.2022;11.12.2022
bc1qjgq0tafphvtzzn529kesz0c6f2nnqrj8sw53qa;1;1;0.0001;08.03.2022;08.03.2022
bc1q2frdrzcxdtlk5wm4w72umcuphq8007u68hwk7l;1;1;0.0001;14.08.2023;14.08.2023
bc1qh5gwrxcg6pqe8rxhfpwtsl2pmqupg8ph7sav9e;1;1;0.0001;03.04.2025;03.04.2025
bc1q2dgr69twu24d8cmgm59z9gm0mymeesvqcsl6ut;1;1;0.0001;18.05.2024;18.05.2024
bc1q2a7gq3yt72gyffensa3h5dd9n9td526je5vft6;1;1;0.0001;29.11.2022;29.11.2022
bc1qnyywu8gkjfpryhrlrc0nmmr7g8887raqnmt0zl;1;1;0.0001;19.01.2023;19.01.2023
bc1qjt4rfrea5u6je2vhj4auej5wv75f30pl9w69rz;1;1;0.0001;12.12.2022;12.12.2022
bc1q2slydd6ynex7y5q4r7u7fc0yatjuvs3c9fx3yc;1;1;0.0001;13.07.2023;13.07.2023
bc1qp9qdg8r9z4dvt34xftzxlv9cg82l3cljyhksys;1;1;0.0001;16.08.2024;16.08.2024
3KGeA6yCJBgPcrVuZCEpKWD56DNiehe25j;1;1;0.0001;16.09.2023;16.09.2023
3HyT6G6TbMWXFjzegvSY8Krda4adjvPED1;1;1;0.0001;18.02.2022;18.02.2022
bc1qgh8qwvglyncez70kttsvu0zy7kkkq33s7mvzaf;1;1;0.0001;15.07.2022;15.07.2022
3J7CAmd4R9uY2AVvNakS46fKeYTf412wyD;1;1;0.0001;18.02.2024;18.02.2024
bc1q2yhykwlnxfh9wayy7rm3smac5s25pjfe8xwlsm;1;1;0.0001;13.06.2022;13.06.2022
UNKNOWN:002029189caf55a2d720458fbd017be07d12d0d5;1;1;0.0001;18.11.2021;18.11.2021
bc1q66zuwpa45t76rt7vqvur69ht2t9xcua69se0ww;1;1;0.0001;11.05.2022;11.05.2022
bc1qpwj9trm8hczw4u7frsyc9uyhshyffz0m6qduvm;1;1;0.0001;10.01.2023;10.01.2023
bc1qa0z7096xk4qvsjg0yttwkujqy7rq7wdmvk4hy4;1;1;0.0001;01.08.2026;01.08.2026
bc1qrw0p45kp797ewaccyysyutp8squg938unqgg46;1;1;0.0001;31.07.2021;31.07.2021
bc1qcr5h4cgjv8d65dvvvgvjhv84tq086ulteaqxh7;1;1;0.0001;20.02.2022;20.02.2022
bc1qtt04zfgjxg7lpqhk9vk8hnmnwf88ucwww5arsd;1;1;0.0001;23.10.2022;23.10.2022
3AgfxfhPjydNgPPxxdU2ceHysqEAErCW6v;1;1;0.0001;08.11.2023;08.11.2023
UNKNOWN:0020e9e40e41f4c7e33d7de48fe404270cd29576;1;1;0.0001;13.11.2021;13.11.2021
bc1q45w2g0q2cprsa4v7y5hj6909ck7jryqmtrh28a;1;1;0.0001;16.09.2021;16.09.2021
bc1qmfc40gzw35f28tm5pr6xj8fav425dhp524nrmr;1;1;0.0001;28.09.2021;28.09.2021
bc1qd3may4t8ww9s5n04jgpxtvydga3537tfdcgqhs;1;1;0.0001;06.09.2025;06.09.2025
bc1q3zp79af63k753wluhssylqd6hx7z7t5fqxhk50;1;1;0.0001;20.01.2024;20.01.2024
bc1qmwkvap3a2l90ktad0nq0v9e92pt3uatzkapssw;1;1;0.0001;26.03.2022;26.03.2022
bc1qht54tljfmz875trlfafkzdf5ufw2mt9xaqcywk;1;1;0.0001;24.11.2021;24.11.2021
33EGGBP9LHDnasnDgdZRn34Y5rxcTcndqH;1;1;0.0001;07.07.2022;07.07.2022
bc1q8wf32zdxlgt6hwtzek99896ynhpk27a4w9pa0l;1;1;0.0001;03.04.2021;03.04.2021
bc1q6zh80nqamqkwpc0whpc30pec6nvrskmaq0x8t2;1;1;0.0001;03.12.2022;03.12.2022
bc1qznc2ua24wvd5zlqd6323f5vmjk9xy64vev5qve;1;1;0.0001;31.07.2026;31.07.2026
bc1qan8808k6tzuel94sskevqluzaqzz4gyypprmtz;1;1;0.0001;18.03.2024;18.03.2024
bc1q9zdeg4y6m3vpwej2rme98zf43e65nyh6q70rmw;1;1;0.0001;21.08.2021;21.08.2021
bc1q63d7wdy6m9gkcgpmjp6af2zjmauwz8j9xd2s3n;1;1;0.0001;10.03.2022;10.03.2022
bc1q7lkanghlftdyk4cyk7awdnkgj832lrktprscaj;1;1;0.0001;08.08.2025;08.08.2025
bc1qpnntdnz36f08wtmlgur76yg0ngejn9txrqm5fz;1;1;0.0001;16.07.2022;16.07.2022
bc1q8vc2mkcgl9admu08um2tgdywsakw2cxsuyes7w;1;1;0.0001;08.08.2021;08.08.2021
bc1qf942up2cacwdxh2vtxwmpaznj3sqaylv9857eh;1;1;0.0001;07.01.2025;07.01.2025
bc1qtcdeyn4auq3wlct8z2xs4hmackccynu32wta2l;1;1;0.0001;16.03.2024;16.03.2024
bc1qhscmldr0x458m2dwsuya9rrr0p6hnzutwk7yuj;1;1;0.0001;06.09.2025;06.09.2025
bc1q7nl078nfwpz8f3qhzk6uud9z02s62wqre54tp9;1;1;0.0001;31.07.2026;31.07.2026
bc1qxdrju4g4ma6t5arsyjmsu4jvenwrxezrxslase;1;1;0.0001;15.05.2022;15.05.2022
bc1qha7l05jyefy4c9mgwhxrhgwl05zqm2kw8ef3sl;1;1;0.0001;02.05.2025;02.05.2025
3N4F4aG1iVmk3Gp9MCDy9mvM5JGStvLRhA;1;1;0.0001;10.06.2025;10.06.2025
bc1qsdjhtxx08esuxuca7hsc7jywxyn5wuemucgxka;1;1;0.0001;30.03.2025;30.03.2025
3K8MxCmj6cQfTWGB55Z3iHKyzDTGzsRihw;1;1;0.0001;08.07.2023;08.07.2023
37tAXLavu9dmgEfSAYW4d1w4nquZVRmgMj;1;1;0.0001;06.06.2021;06.06.2021
bc1qnfnk9gfpw5hk4uxm4j2k5tjyep7995s69t77c6;1;1;0.0001;31.07.2026;31.07.2026
bc1q7203zc9vwerevl0v36q94s8mn8xt0agxtzd0w8;1;1;0.0001;25.03.2022;25.03.2022
bc1qxfwwzptg5732smw2sxv7xu4dee0kmxlr2dp929;1;1;0.0001;22.07.2023;22.07.2023
bc1qrcj7n2j3xmrcudaezl43ta8ac0fv66l4m8q6sd;1;1;0.0001;31.07.2026;31.07.2026
bc1qj2l43sw98h94nphw9ehw4kvezl9dc796ga09lp;1;1;0.0001;26.03.2022;26.03.2022
1H8jDyCkqQWnokDTqM5LK7GTmSdYqe5NpJ;1;1;0.0001;15.11.2021;15.11.2021
bc1qn5swtgz30pf55xrz8k3testxlfkkp4wwxnmtkw;1;1;0.0001;28.07.2022;28.07.2022
bc1qsx4g2ypt5wfl8fv00ztpd4wmpx932xz8cxkz6y;1;1;0.0001;15.02.2022;15.02.2022
bc1qmv4x6eacq7m7h5zsa4nhsjcxzh30ke4wu4znds;1;1;0.0001;08.03.2022;08.03.2022
1EZciyGDQhzRZCBow8zrCWHsoGeRPLWAhx;1;1;0.0001;06.01.2025;06.01.2025
bc1qc596w07q3cgug7x2mueqtugfw3564rhwx7d2ja;1;1;0.0001;01.12.2024;01.12.2024
bc1q7c4ffp6q4ct406eudjqmenas9uvlsd7xhzzu22;1;1;0.0001;06.07.2022;06.07.2022
UNKNOWN:0020c3c4772168b6a47e9c9d51e106f66c345d15;1;1;0.0001;21.03.2024;21.03.2024
bc1q7a4mskww2azzyxkut7uxv03qgxxrd6ky5ty423;1;1;0.0001;09.03.2022;09.03.2022
bc1qva3aeenfhqmcgtlqx7q0v74n50jyavwhml4dct;1;1;0.0001;17.05.2025;17.05.2025
bc1qdx763mk8f62v0tug9z3pd2adzluxrgrvaymk56;1;1;0.0001;28.08.2021;28.08.2021
1CsL3EFA1VSWyHqEFr47GNvZadtwQytVb4;1;1;0.0001;14.11.2021;14.11.2021
3KGiwqm7ogbhjNvrh5xb7wv1RSwZdRNvEj;1;1;0.0001;24.11.2024;24.11.2024
bc1ql6dfwsamdrcjf2gnu8afszxvzhk8tul36gruj2;1;1;0.0001;28.07.2025;28.07.2025
38BbwghuBkxj2udmUkUPw896EEkP6ZG3UN;1;1;0.0001;11.10.2021;11.10.2021
bc1q5rzwv23dhdugpf30pzxgz3k44vfemf9ukvc86s;1;1;0.0001;12.05.2024;12.05.2024
bc1ql9txzumjcgtekkhewmj0tvvsd3tzkykpe78qnw;1;1;0.0001;09.12.2023;09.12.2023
3AxVQZScxirrnq47yn81uBFeLSXLEwjrtD;1;1;0.0001;20.06.2022;20.06.2022
3FKcSUW7wsFwxsD2aNBSWTdrSXv5tbFs19;1;1;0.0001;30.08.2021;30.08.2021
UNKNOWN:00209f51d24329185925b32ade0171ea2a9fd8dd;1;1;0.0001;10.07.2022;10.07.2022
bc1qnrgg662uwuqcre2fvxxvgawd9gmvmgqn8xwe2x;1;1;0.0001;10.08.2021;10.08.2021
bc1q807r20dw0dwaxk754v5qaf6qdey7sewmfzl2ae;1;1;0.0001;09.01.2023;09.01.2023
bc1qdy992qlqh5d9ldt2hhszm4aq8flqharrr0pz5f;1;1;0.0001;31.07.2026;31.07.2026
bc1qx3ps8zpezhjqtk3q4aqh0dju3jgcq0sjtelxsf;1;1;0.0001;25.12.2024;25.12.2024
bc1qdfv9l8tr38zpru683y9kfwglgg4clhahed36ch;1;1;0.0001;10.03.2025;10.03.2025
12hiLA3JhKaiCLSXVb1y4y8JBVMbUbRvWU;1;1;0.0001;20.09.2021;20.09.2021
bc1qp8qk7mvwz9chmn4mkn0d2kjzuzqe8mlz6c6rlr;1;1;0.0001;24.08.2021;24.08.2021
3GuBm1cSfmhQagQbfXfoAt6pyA96i4FXL8;1;1;0.0001;14.04.2022;14.04.2022
bc1qxd2nt89e3p3awvwj6fhxcusxah6fmhc2e38730;1;1;0.0001;30.11.2021;30.11.2021
UNKNOWN:002065c75771a2bc1047438146508b451a378679;1;1;0.0001;31.07.2026;31.07.2026
bc1qckfzt3gss2k36krswrwryylz2pwu420guj6rj3;1;1;0.0001;10.12.2021;10.12.2021
bc1qv50sd9tpzuf7wckspp7wz8c97x5yzy9x8dm9wc;1;1;0.0001;30.06.2025;30.06.2025
bc1q2k483gpkap6tsxt5d9dqgx4hj0pd7shvstttc8;1;1;0.0001;28.03.2023;28.03.2023
bc1qdswecy9qsvhga2jj9xzegmh269hg4vp45meuew;1;1;0.0001;24.09.2021;24.09.2021
bc1qtqdvzztlhkraf8j3u505trr6gfxw6snngjuuau;1;1;0.0001;23.02.2025;23.02.2025
bc1qpz97dywn308y3834q89qkal9gaea9rpgtsgs2z;1;1;0.0001;05.04.2022;05.04.2022
UNKNOWN:00206f3d35e63916bcfbcd8119453fee1f2d5399;1;1;0.0001;22.05.2022;22.05.2022
UNKNOWN:0020edaa57fd8a8f9c466ef05aa1abbe47f0efd1;1;1;0.0001;24.08.2021;24.08.2021
bc1qwzgsfnq9qdwtw64mkas3rf93vrvrzfm7u56v7x;1;1;0.0001;01.06.2024;01.06.2024
bc1qwmadtlukflf05wcsnm656maxf64hdjpjlc0m0a;1;1;0.0001;15.05.2022;15.05.2022
3NaybBzGpi3pU4AiyNfkTkjVvifQqJ8ms7;1;1;0.0001;27.10.2021;27.10.2021
3JKUeHzLoegNnwgnPF1kU2msQ8MyzEekDK;1;1;0.0001;17.02.2022;17.02.2022
bc1qu6vkx2q5h4v3n5m9gezruwndf25satrr00a6zs;1;1;0.0001;20.07.2022;20.07.2022
UNKNOWN:0020e1e07dc9bc9bbe53868cfca83e6025b3ce62;1;1;0.0001;11.03.2024;11.03.2024
bc1q6e7kj4a56sec92jj4krzpzppdcc58g99ky6aes;1;1;0.0001;22.05.2022;22.05.2022
UNKNOWN:0020c75bc0c4766c50d0d19589391c853bc7920f;1;1;0.0001;26.01.2026;26.01.2026
bc1qfs0mpvh7hahdsfmgrrpv8vf0895ua7adll7t3e;1;1;0.0001;20.03.2023;20.03.2023
bc1qd7l4ekdwws5vgdq0xfz8s986nla4mvmtlydmw0;1;1;0.0001;24.03.2022;24.03.2022
bc1qg0nlf8uu7txa23x4qumer3jqgs0s497cf3fjrs;1;1;0.0001;25.03.2025;25.03.2025
bc1q5lcsc39yqpu0jtd8shfx9n9p4wrsdh5m3u6mrm;1;1;0.0001;12.07.2023;12.07.2023
UNKNOWN:002079c3bac783321c446ddbaef889fc7c1e4849;1;1;0.0001;01.04.2022;01.04.2022
bc1q7chuvf7vcn6rfc2y7qut8fhwq9renhvmhkm4qs;1;1;0.0001;16.07.2022;16.07.2022
bc1qcy6qfr6yf4c6z08wunzr25qxlhuya6eff0zwls;1;1;0.0001;06.07.2022;06.07.2022
bc1qmwzlf5v9sqyhh7mqw42aarqcw78el3f4t3swtf;1;1;0.0001;26.01.2026;26.01.2026
bc1qqfwf7snwxnww7nse0v9y58vzxj8p6l4yylxqp5;1;1;0.0001;14.10.2021;14.10.2021
bc1qgejeh75gvte65ndkmgwnrx3xaxvm9ktqxkmv7h;1;1;0.0001;26.10.2021;26.10.2021
bc1qjn8324x789v73sh24u74eu8eqxpud0z6lq7w8f;1;1;0.0001;23.10.2021;23.10.2021
UNKNOWN:00207356e0ffe79db4c771c388809f6409719c65;1;1;9.997e-05;11.12.2021;11.12.2021
bc1qmvf26ccw5lvy42h57fuy69ka62wpmztjr7rz4p;1;1;9.98e-05;19.03.2022;19.03.2022
bc1qm5qltwe3az55xgfmqdrmulwqqnsh2lxu95duzh;1;1;9.89e-05;04.08.2022;04.08.2022
bc1qy8533mcgpg4y6vl92wyns3rupte63zhk7lsk25;1;1;9.89e-05;22.04.2023;22.04.2023
bc1q3qyt95ksq5l37mvsj7l8yveklsfxkds027q927;1;1;9.89e-05;31.12.2021;31.12.2021
bc1qpzyqc9999c8jhgy4f9ju7tsj22r5t4889qu9ll;1;1;9.89e-05;25.08.2021;25.08.2021
bc1q7hefw77k924zyxnqve8sare2t783qmfx65xaw5;1;1;9.89e-05;22.10.2021;22.10.2021
bc1q5xutwrc98qxpnmtn3dw556kctd8zk2jwjpp70n;1;1;9.889e-05;31.07.2021;31.07.2021
bc1qd86z05ul8tplt6kx6ltu5cjl7lvj6zwn6umqar;1;1;9.889e-05;31.07.2021;31.07.2021
3D1JinFbkkweXGqUPKbfLZDD8zD9j5N6Wk;1;1;9.888e-05;27.09.2021;27.09.2021
bc1qp3dnhl909l8sej7yyn2uwy457kejjpqs4m4rsf;1;1;9.88e-05;17.08.2026;17.08.2026
bc1qa8rr6c2cqggfshyslxt9l60kccddmhg4xnfeke;1;1;9.88e-05;17.08.2026;17.08.2026
bc1qtrmqx3fpgdx75l0e4z5mr00e4utkcnt7k7zqx0;1;1;9.88e-05;20.01.2022;20.01.2022
UNKNOWN:00208525e1f01fc51c5e774f941611551177baf2;1;1;9.878e-05;19.02.2022;19.02.2022
bc1qsj2nd7g9ud23u7dyz0c8nsxxqssfwmnh8zr57e;1;1;9.854e-05;03.03.2025;03.03.2025
bc1qkmh7d7h6f25u2kt24zyr6dje92xgn4nlqffy7y;1;1;9.8e-05;21.02.2022;21.02.2022
bc1qa4sh5yxlnh35yn8egygxhx85vjnct99jlsz4g8;1;1;9.79e-05;27.11.2022;27.11.2022
bc1qrpfxyw5x46cplds80x63tlgvyy3zqyfg54d9t6;1;1;9.789e-05;26.08.2021;26.08.2021
UNKNOWN:00208425ffa95611a96ec12c46279c26fa0d09d3;1;1;9.785e-05;10.11.2022;10.11.2022
bc1q7lwfhpvd0ewrukrp6et06cpqkz5wdfxq2ye3j2;1;1;9.785e-05;31.07.2026;31.07.2026
bc1qhw6w5tgs3chr485qxmsgfmr47nhphn3tssrdcx;1;1;9.782e-05;18.07.2025;18.07.2025
bc1qcvd2l3a8cxtjydzjkk6vtr0sjgu737h2wguwn7;1;1;9.78e-05;20.02.2022;20.02.2022
bc1qkh8l2gshc9fknjtg46t6yya0k3l29se46zylry;1;1;9.78e-05;25.04.2022;25.04.2022
bc1qxrf0nmax9q4dy4rt6ccd4tcynj8qzqwfdz7dfj;1;1;9.78e-05;31.07.2026;31.07.2026
bc1qlmhv3u5ul7laye4vhgnhz7feqvuc68gv0yqyh9;1;1;9.78e-05;16.11.2021;16.11.2021
bc1qcfvl03faevutzv5wxh5d5rnznya0arrp2wq0e9;1;1;9.78e-05;31.07.2026;31.07.2026
bc1qt6xr8nh620qe62tze8pcxl68wnfgwhh6uvn2dm;1;1;9.78e-05;31.07.2026;31.07.2026
bc1q43pp9w80a5lhg34yxkqwlxfgyg9ad5e0saqlxv;1;1;9.78e-05;15.07.2021;15.07.2021
3NUjp4sUFWs48chW8Aos3k1cR5oePHwMPe;1;1;9.779e-05;15.06.2022;15.06.2022
bc1q4famf2pp5lnx802gdpnz8zntavtspd2mme9s79;1;1;9.778e-05;04.03.2022;04.03.2022
3EeRqvn3nB4xZHg9nHDj2zaTxanCEks7v2;1;1;9.778e-05;21.05.2022;21.05.2022
UNKNOWN:002058947dd2aae76d2a7057513f9bac9c1fc6fd;1;1;9.776e-05;16.06.2022;16.06.2022
UNKNOWN:0020ede62c42f87489122e34915eab3deb684c9d;1;1;9.774e-05;02.09.2022;02.09.2022
38mDiAYBZa2zFDEbVkWXkzbVrBh48LHM9G;1;1;9.767e-05;08.08.2022;08.08.2022
3HFNYQV77Xf2BdrQmmAd2hiTJympV9Mhtw;1;1;9.765e-05;21.06.2022;21.06.2022
bc1qt7ml0zvstzjyplkg5q7uczvy8zvn2tprycj8kf;1;1;9.7e-05;09.12.2021;09.12.2021
bc1q847hj7c3tqguk94jhn5z4wjwfy96e4ecvgu0l2;1;1;9.67e-05;14.08.2026;14.08.2026
bc1qxq6nlfvkape4rd5vhmphfzp7xkh0wzed25n07x;1;1;9.67e-05;19.02.2022;19.02.2022
bc1qyvyrtfflklmauslpdctwhtz67uhy7xzs0vp2wg;1;1;9.67e-05;12.05.2021;12.05.2021
bc1qe32avvzjgmf42m5e68nputs0d4zhywagmkt6f4;1;1;9.668e-05;31.07.2021;31.07.2021
bc1qls6dmd9yy0hn73y6zaqefcngy7l8lfa4ps734x;1;1;9.668e-05;31.07.2026;31.07.2026
1A8ZCVFv9iBvxstf8LNfH6kRqaq3rEdPt9;1;1;9.664e-05;31.07.2026;31.07.2026
bc1qskz9a25a9rsejscez83ey8l3zym64p337jfxlp;1;1;9.66e-05;17.08.2026;17.08.2026
UNKNOWN:0020c0ef5f4958e43e5fd1c8b1022cc4b8063ddc;1;1;9.632e-05;09.12.2021;09.12.2021
bc1q8r3qy6np0r0e0ljmh3xsl6hml3x39n0eslzefm;1;1;9.625e-05;16.07.2022;16.07.2022
bc1qgkrzf34srwel38dfekdvj5v7800ujy4cu8wa2m;1;1;9.604e-05;07.11.2021;07.11.2021
UNKNOWN:00208301e5e8b50a57dc1340558ced55b9a376e4;1;1;9.598e-05;13.08.2021;13.08.2021
bc1q8yrtem9katv5d3ely8gckgxj73zdp55elqf3qv;1;1;9.582e-05;07.07.2022;07.07.2022
bc1q0ymuh8898w9ns4sjdzhg5rd4rlu4qjtmfygep6;1;1;9.58e-05;13.06.2025;13.06.2025
bc1q54vxz03lrtsgns085cj437g6lhpa77tndapnxe;1;1;9.56e-05;03.03.2022;03.03.2022
bc1qgz8xl066xc04jlswk359mvquewlz7upcvvnqpk;1;1;9.56e-05;28.09.2021;28.09.2021
bc1qls9ssdhnngat5sqhnuxrdlzltll8gwjwjfl5w7;1;1;9.529e-05;04.06.2025;04.06.2025
bc1q2y2kykqa2lu9c8g4amdcuw8vdtrwk364qnk8tx;1;1;9.52e-05;04.06.2025;04.06.2025
UNKNOWN:00207270da0194fbda8268aa1df44b6c61e67a3a;1;1;9.512e-05;24.02.2022;24.02.2022
3PjSQhRfaoczxsusYJKPP2rdCzXuJa4fFG;1;1;9.5e-05;03.12.2021;03.12.2021
34NnrKnhSXNynZtqLyk5hJMVASi8PPnH38;1;1;9.489e-05;08.09.2021;08.09.2021
bc1qlyvy8f2ljet0d5az7t2nh7pa7wkmqsqcfc36t9;1;1;9.422e-05;21.11.2024;21.11.2024
bc1q9meay0jf9vakcm674syfq8mx2x78wvsgtwxt8j;1;1;9.409e-05;31.07.2026;31.07.2026
bc1q6v45yqa62n6dtexqxfw9qp3038shat92eev0d4;1;1;9.373e-05;08.11.2021;08.11.2021
bc1qrjrafy09khugyqn69vhv9snw8ut4ajmpfumuht;1;1;9.34e-05;22.01.2022;22.01.2022
3BNwRaTJXSLhNxCBHnVnhTgRhGpaoAbr5D;1;1;9.337e-05;24.08.2021;24.08.2021
bc1q40v45xrmdza4farkqfu9m8vx5wgdsg8vrj7330;1;1;9.283e-05;09.04.2022;09.04.2022
3DFZAhSCsQYpWMc6ixBVpE6f7eihAwBkN3;1;1;9.223e-05;03.05.2021;03.05.2021
3F64mosb7hE5s7DHsvWSfgoiUM2mPKDTr8;1;1;9.223e-05;16.02.2022;16.02.2022
bc1qyyqvmxgxrpjsv092ep70apyj76s273m7c8kny0;1;1;9.198e-05;08.05.2022;08.05.2022
bc1qr5dhx95dtnzgdvy8ms8wmzqfdvyuzpm6hh07yx;1;1;9.12e-05;03.02.2022;03.02.2022
3DCc4Z5HeZiixSqqd8rnBaQ4cF4AawEqym;1;1;9.118e-05;10.12.2024;10.12.2024
3H32xKWwpSRTiptZ2FAP2nnh6TsqbE2zZs;1;1;9.116e-05;29.05.2021;29.05.2021
3NhQqPvoAWseCWxo3L1EUeaXodtCfctk7L;1;1;9.112e-05;06.07.2023;06.07.2023
bc1qs3jd72m3ge5085v7z4ax0eqj4wd6uq8alpg8qq;1;1;9.096e-05;03.12.2021;03.12.2021
bc1q73k6jf76rqc766sj5lucnssspfyzvasmd4lzme;1;1;9.081e-05;20.09.2021;20.09.2021
bc1qt9aq9ynlxvny8kk0wnz2ay93e68es5dnrycswv;1;1;9.026e-05;31.07.2026;31.07.2026
bc1qqqkct5p2nlcpqdz0r85prxgu39653y08rn0s0a;1;1;9.025e-05;31.07.2026;31.07.2026
UNKNOWN:0020c279152fd9c5b1ddac1bba940929e10eb504;1;1;9.008e-05;23.01.2023;23.01.2023
3BV36UcqFBRUpm7xoUCBSpUqneqNrQgNA1;1;1;9,00E-05;02.10.2023;02.10.2023
bc1qt78nu8s3r7k4eetteerv7s2h8uv8pchyvfhvxx;1;1;9,00E-05;31.07.2026;31.07.2026
36jDbveyfpzNjN1rF2dYG73pYeCoqareXe;1;1;9,00E-05;28.03.2021;28.03.2021
bc1q73lehs72wxcqy0qhhq0vhe2klx3fn7m4w7vyqy;1;1;9,00E-05;31.07.2026;31.07.2026
bc1pwvny386csy2er4vr2k8k46h94k4r8f4ya55952pntp4jzjpctfqscshzgm;1;1;8.92e-05;16.04.2023;16.04.2023
bc1qetksh3cvqdfck8yhznda4xzq0atrrs7zh0js6r;1;1;8.908e-05;01.04.2024;01.04.2024
bc1qufwxn6hy4wvzntrhphfncx6x99ulha677gusjc;1;1;8.869e-05;24.11.2021;24.11.2021
bc1qqycrflqh5egtakaccgpt6pvvuuytrgndseqx9a;1;1;8.866e-05;29.10.2021;29.10.2021
bc1qhyu963lxj4r0x4qar0wy0vne55t7l6a5gaqrq3;1;1;8.754e-05;01.12.2021;01.12.2021
bc1qdu4te9uyfvkv448wzwuzdcxc29mk3dcte0rdmh;1;1;8.703e-05;31.07.2026;31.07.2026
bc1qu7kp5pfsjwve6ftsvpe3duhrzgvxmg50w32g7m;1;1;8.638e-05;14.11.2023;14.11.2023
bc1qk85l6vv0qaucp0murtdpdukftwdwr4vfywv7fj;1;1;8.62e-05;31.07.2026;31.07.2026
bc1q37ygh89yp0z797x6rrp5aqnua6dxuf3lxhgd7y;1;1;8.574e-05;31.07.2026;31.07.2026
bc1qwag8e4u6u9x7p33cg9pulqw3qfgl3vergp3ky6;1;1;8.56e-05;12.12.2021;12.12.2021
bc1qfg2z0ld4v3rz36p066hennm2qjzxysestz2345;1;1;8.522e-05;04.03.2022;04.03.2022
bc1qtzmgul0d02axjgkc2vlh6xlj9rqjnsj59q47e6;1;1;8.499e-05;26.11.2021;26.11.2021
bc1q728hn3yj3pwgm3ryz5ek2ctsn4es62mxhp6l9v;1;1;8.46e-05;26.11.2024;26.11.2024
bc1q7xh0622hl2c2syh7l7srkp9rvg0eyvpt9a4ryk;1;1;8.457e-05;31.07.2026;31.07.2026
bc1qzekr2dtggm9fvk2cgvmd3pdwz8t9zegg48lypc;1;1;8.435e-05;12.01.2022;12.01.2022
bc1qshf4mmwyn0nnh8s088sm9rf8g4ncz7rlyngqxc;1;1;8.376e-05;18.11.2021;18.11.2021
38esLjuRDNKVHjuQdDMSXX3AnwvNwWuAaN;1;1;8.261e-05;18.11.2021;18.11.2021
bc1qf5ah426njlwdd63kjhfa7ekhhv3vq0qfdhap86;1;1;8.2e-05;26.08.2021;26.08.2021
bc1qvpqwgclqf6a2qnkfwqf5epp5zcddg68mmv29z4;1;1;8.141e-05;22.01.2025;22.01.2025
bc1qkat7qvc7pe2up366nmn64macar993thum29jrd;1;1;8.12e-05;12.12.2021;12.12.2021
UNKNOWN:0020498c3b04c1ec97149e2e6d218fee36c93587;1;1;8.114e-05;27.10.2021;27.10.2021
bc1qamvmq5cf3jwaas8k9w2d68q0pwrd66w5838t3x;1;1;8.108e-05;01.12.2021;01.12.2021
bc1qm69u3hrjv9aluj3ect2ep960yzdgtguc8hvrzc;1;1;8.08e-05;31.07.2026;31.07.2026
bc1q449e2lat96l2l2jcvsgzlz8ggmfyyt97387yf3;1;1;8,00E-05;18.10.2024;18.10.2024
3BJwHEgQGRu9YCNFf3z4xH9FzD4eR7q6Ci;1;1;8,00E-05;16.12.2021;16.12.2021
bc1qtqmy5y8s6tr6zcn58pq92urlxux89kf49ug73r;1;1;8,00E-05;18.05.2026;18.05.2026
bc1q2cu3924qlssnapt6seqhg9t6pme6thv87h3vjg;1;1;8,00E-05;31.07.2026;31.07.2026
UNKNOWN:0020e8532d420c4df8faca7edffc9163cb7ebe78;1;1;8,00E-05;02.11.2021;02.11.2021
3F1VRDGhm4VYPUQKdFDS623vfq1556bdyd;1;1;7.92e-05;12.09.2023;12.09.2023
bc1ql3972pfszunqc2lwmw4yfzuqhy3xrn7z3nf3z0;1;1;7.78e-05;30.08.2021;30.08.2021
39cUrroQWLzRXEqdK9Yc19GQSredM1iBq1;1;1;7.666e-05;11.11.2021;11.11.2021
bc1qmd78mm4kphhwtaagt7594klcggaz8f38ry7wd3;1;1;7.661e-05;09.08.2021;09.08.2021
bc1qqq8crzsj23e5wzw9t0kr9g5zj2n20h5f34fm65;1;1;7.566e-05;28.08.2021;28.08.2021
bc1qfjlxt20m3j5a9rhsh4sfsnac6tvhue8j0f8t0p;1;1;7.56e-05;13.08.2026;13.08.2026
bc1qsd5tycne5jr7cx83t2zrn60s0qfqzs8lvgq8h7;1;1;7.452e-05;26.03.2022;26.03.2022
bc1qh5cf4q3ylclll87xzetkwzllh76av2qkaxw3m8;1;1;7.374e-05;27.02.2023;27.02.2023
bc1q4qt6qc7tx5l8yu8ht3745tjkmyap237r9jvfpn;1;1;7.352e-05;28.05.2023;28.05.2023
bc1qaq4lc7hl2ney8nad0ph26vpkwj6gagrjmlt5k3;1;1;7.34e-05;31.07.2026;31.07.2026
bc1qkzhszx9pe066mksffttrwztqf9gfp87anery84;1;1;7.317e-05;31.07.2026;31.07.2026
bc1qeke360tg5xqahcx5v6ycpyjrn8maf7a4t57c56;1;1;7.29e-05;26.10.2024;26.10.2024
bc1qnavn0e9eemzmj0nx7wh288s5qpwt2antdnk8ll;1;1;7.266e-05;02.10.2021;02.10.2021
bc1q27kgh64mddxqpgeus39sayanaf3rtd3uspe9c5;1;1;7.173e-05;31.07.2026;31.07.2026
bc1q78dt55kt4rwhqsxkcydawgzupss0w5mdvc3llq;1;1;7,00E-05;04.09.2021;04.09.2021
UNKNOWN:0020ec99b5180e9e4bf193c7e30aaf3c48d4c228;1;1;7,00E-05;26.03.2022;26.03.2022
UNKNOWN:0020471ee2c3f27dda79cf8b78450c260d3e4441;1;1;6.969e-05;30.04.2024;30.04.2024
bc1qkwnn693k4thc4rr0aa2wtcuz4su67ysz72dzuc;1;1;6.918e-05;08.09.2024;08.09.2024
bc1q4jr8krc9yehxae7vjtw2624j8l05f4emghvvju;1;1;6.724e-05;23.08.2025;23.08.2025
bc1qllu2vat6myhkadj4gk8us3qxsnvyy4qfz5vj2n;1;1;6.714e-05;31.07.2026;31.07.2026
3Lx2FQSXuVPTqC7kR9AAwcE9PLPW81khyk;1;1;6.6e-05;11.03.2022;11.03.2022
35JWNjiZtKPCz6VyeAwdQHg2WM87twGfrG;1;1;6.448e-05;22.03.2021;22.03.2021
bc1pqq4m9j59frn5t5tnp9pxyl6j0tecr36td3gfxvg7xjg86f359kmq04sk3h;1;1;6.44e-05;04.09.2024;04.09.2024
bc1q7gwg87yqzkqjch20s0l9fmz39r44rlmtl4y8u9;1;1;6.44e-05;31.07.2026;31.07.2026
3J6tnMiHUyj1kkua7wRLYPU3YGwddW5qsw;1;1;6.401e-05;12.09.2023;12.09.2023
UNKNOWN:002033367800f4a8ba91cfe5325dcaa5bd8a09c4;1;1;6.34e-05;23.07.2022;23.07.2022
bc1qqc5d9ugarqzhpvdp8zmflqwektak0q726l0y80;1;1;6.284e-05;14.11.2025;14.11.2025
bc1q88l4a6lp6mhymkvf74juje3sn97cn3r8pdsj0c;1;1;6.248e-05;05.12.2021;05.12.2021
bc1qzyvytyjq4l3lnwqdmeu2w504eemwazv698k2cp;1;1;6.231e-05;31.07.2026;31.07.2026
bc1q4zw0zlwy50k36n28ykp9796tyfyl53vfe5xm0g;1;1;6.207e-05;27.09.2021;27.09.2021
bc1qnmye80av24eg7sp5g5ml7697ee4dfedkjghqcy;1;1;6.133e-05;22.11.2025;22.11.2025
UNKNOWN:00205527532b449e1171a7d1f905560cefe3428e;1;1;6.059e-05;21.12.2021;21.12.2021
bc1qkp3r8gq0n90w6pwvgaeg9xx9gazk8s6j9nh3ls;1;1;6.026e-05;21.02.2022;21.02.2022
bc1qhsxvs3ju5mjlfqvnqq0k07z3pj3hh20nywdxx0;1;1;6,00E-05;05.02.2024;05.02.2024
3Hz3jZ6sbMMFFcX4Z7mjaoZRApHXALry1E;1;1;6,00E-05;20.04.2022;20.04.2022
bc1q07pwqp6vr2ch7y63saqzxpkq43kh8z58dgxpap;1;1;6,00E-05;10.02.2022;10.02.2022
bc1q574f8dyc4nuwm65kpykc4g6ycj2prytdpyjt5n;1;1;6,00E-05;08.10.2024;08.10.2024
32rrFTS74KktULqeqMZdXjtYCwcJVAdsdo;1;1;5.953e-05;04.09.2021;04.09.2021
bc1qhvlyghmmsssysx8ums6uk3qn8jq5f5uu8g6yd8;1;1;5.78e-05;25.10.2021;25.10.2021
bc1q0jq87l3dxxsczjyh2lwjxku43j36seplylktqj;1;1;5.427e-05;05.09.2023;05.09.2023
bc1qhjduwa3x9ke0st9v7mx2u4a2lma6u6m8jd74em;1;1;5.245e-05;31.07.2026;31.07.2026
bc1q5tz6h44emp7gggpfxja4r5v0jkteppq0j379x0;1;1;5.132e-05;09.08.2026;09.08.2026
UNKNOWN:0020339a2e417da8af9b56e62829f48927221bec;1;1;5.087e-05;11.04.2022;11.04.2022
bc1qatg40eu0nx22p4f7gkt53lrhqfartk6jfj43sw;1;1;5.035e-05;25.08.2022;25.08.2022
bc1qs3guwj62qmw258ntlx5x67ss5n5qr96789psvc;1;1;5,00E-05;20.02.2023;20.02.2023
bc1q4j7y8esgy9yl5yvnxt3k82ckdtw2kpkxk2kt76;1;1;5,00E-05;24.10.2022;24.10.2022
bc1qx42gn4ast2uvwwe4ed9ujnqexe4fvycy9ly7xx;1;1;5,00E-05;11.01.2025;11.01.2025
bc1qace8uyl0yd3jdd8ru2uz6n9vjscnsmfsle6q7a;1;1;5,00E-05;30.05.2021;30.05.2021
bc1q9dxrqaw27y0r0j5kqrsamyh28avxkldm3dcneh;1;1;5,00E-05;05.02.2023;05.02.2023
bc1qppwqrs4ldghrh9at6s7zu3h4wycxrukl5hjn63;1;1;5,00E-05;01.09.2021;01.09.2021
bc1q9400dzcmlmv0tnehak3pnlqnxk35r54cwf9hde;1;1;5,00E-05;24.05.2023;24.05.2023
bc1q66puzyadkyrg966nh4dgjjjeaekjf3xxhr8xyx;1;1;5,00E-05;31.07.2026;31.07.2026
bc1qs4ak9a5x4emdegrhc7x8z6j5ze7alpcghud9xe;1;1;5,00E-05;21.08.2022;21.08.2022
UNKNOWN:0020f7cd9874a924040658a205502bd5e278b7a1;1;1;5,00E-05;01.10.2023;01.10.2023
3Lj1LSu6E4MFWJjBXT6JhN7pc7xndLm4GB;1;1;5,00E-05;07.11.2021;07.11.2021
bc1qwu6dkgfr6hecrfvtr44k30kk9cj4xwcfea9uch;1;1;5,00E-05;10.05.2025;10.05.2025
bc1q323uj2eeg4xc6p05rat20x42agdfnpvrxuvccr;1;1;5,00E-05;10.07.2023;10.07.2023
bc1qvynkamj27f2w3an5lfs0uzxnst77u6e3cnmqq0;1;1;5,00E-05;18.02.2022;18.02.2022
bc1qhh3cqrmctr6zd52zt6h8sw4l9ppahwejzr76z4;1;1;5,00E-05;08.03.2022;08.03.2022
bc1qt0fpk553sxqkjufxhxljptcmjuwkr2fmg8v5u0;1;1;5,00E-05;07.07.2022;07.07.2022
bc1p50qvf87lhx5tzcjuaswsyt878txpxxnrlzqck4n8v737wpd8z26skzenph;1;1;5,00E-05;22.06.2025;22.06.2025
bc1q6au367uakdsywm88h9ps2enyj9ugnuy7y89r46;1;1;5,00E-05;18.10.2022;18.10.2022
bc1qxwzecz4hxcgzfyu0srtf4lr8f7s7rkcqpdsj5x;1;1;5,00E-05;14.01.2022;14.01.2022
3GeWm11zqUCnR9ddcHSFmvbXwinVwT4cjz;1;1;5,00E-05;05.12.2021;05.12.2021
bc1qmgehqmsehr2trqtyds5x0j2d67g4h9d8jkqr20;1;1;5,00E-05;04.04.2022;04.04.2022
3GTLY1RfKczh1jj66e3vQGREneNpT98jdn;1;1;5,00E-05;04.01.2022;04.01.2022
36uB3KEMfr4i62SuGwerpuTvkgTjxa2yFK;1;1;5,00E-05;14.05.2022;14.05.2022
3N9mMQ3esXBPMKAV9NigMmC5xh834ciHec;1;1;5,00E-05;21.10.2021;21.10.2021
bc1qdgtwq936fvhg5et5qkc4eshn496hxszz885rda;1;1;5,00E-05;13.11.2025;13.11.2025
bc1qtv8w9r5sy024qkeylx2swux2g8mrffzkxez90g;1;1;5,00E-05;31.08.2021;31.08.2021
UNKNOWN:002084cc27a8257e8a1e4298372556b29fa8a59f;1;1;5,00E-05;21.07.2025;21.07.2025
bc1qtpzl94exc2clh33sgv5uvn5efqkkn5qqxcekpm;1;1;5,00E-05;04.01.2024;04.01.2024
bc1qku32fr24gzvtrrw6ydnrsmtlm6cf6v3l6068n6;1;1;5,00E-05;04.04.2022;04.04.2022
3LomuUrFk49Q7mcL3DEC3DkCxauSiB1vof;1;1;5,00E-05;06.08.2021;06.08.2021
bc1qu2gfme4xmucxmefsjdxv0md5ynujxg80ekx6sk;1;1;5,00E-05;18.02.2022;18.02.2022
bc1q5n4wdd5qv3pn7egg0mh505dl8kz4qjeykvf2x0;1;1;5,00E-05;31.07.2021;31.07.2021
UNKNOWN:0020620a47a5f56356ab71a9a776b2586e42f369;1;1;5,00E-05;27.01.2022;27.01.2022
bc1qeltum02fm9l2jw0al3vp95xhnd9xxe3ghqh69f;1;1;5,00E-05;18.11.2021;18.11.2021
bc1qs2pgj555hvt7y87n04vedl7fxmelwyhrr3qs89;1;1;5,00E-05;09.04.2022;09.04.2022
bc1qe6zhjg7nyah224exwqlzdx26nyj7gjnsn73eeu;1;1;5,00E-05;06.02.2022;06.02.2022
UNKNOWN:002073a159d3ebca3a6a83a92fa762a2fdd8fcb6;1;1;5,00E-05;28.03.2022;28.03.2022
bc1qx48kafwkpyyxnunczvvfr7xakhrp5haxm3ul7h;1;1;4.89e-05;19.03.2022;19.03.2022
bc1qunm4wmf4wq69pu66u03w70xkzllwasgh0a3d5e;1;1;4.782e-05;07.10.2025;07.10.2025
bc1qvfl7lweg99qs723ym85e0w3x5zhp2emklklhzy;1;1;4.78e-05;31.07.2026;31.07.2026
bc1q0mk3vnlqwm72g3e57ltnrjzmmtjwncfnsaulst;1;1;4.78e-05;31.07.2026;31.07.2026
bc1q0m6pgddtefc63sx9s3r9lg6ccwt425z9c07pvl;1;1;4.78e-05;22.07.2021;22.07.2021
bc1qnsans5f9tkml0edxuwaz8y266upkgrtups70tj;1;1;4.78e-05;16.04.2022;16.04.2022
bc1qf0z2d7mggz84k8x0p8zcx0uxgzenyj39qfywzx;1;1;4.78e-05;31.07.2026;31.07.2026
bc1q4xe84vue90znn582hu9p05tlskr6562mj2pwkf;1;1;4.78e-05;31.07.2026;31.07.2026
bc1qjcwl3n9svpljjraf5k7fd37q9sxt3p9t0znzp2;1;1;4.736e-05;31.07.2026;31.07.2026
bc1q3mzng8k7l0dykcju6cdzdzqe7majkl2ct9fgd3;1;1;4.701e-05;26.10.2025;26.10.2025
bc1q2xp75lwxagy2vsh6mmmml80n3ehwkcv0t7rf73;1;1;4.696e-05;04.04.2022;04.04.2022
bc1qmtwauplqwpz8qpj8x23cx32h6eacu6hzes2yqa;1;1;4.689e-05;07.09.2022;07.09.2022
3QGCDtwQET3EVzZvxCbWbLt4BZU5WvmQB2;1;1;4.667e-05;06.05.2021;06.05.2021
bc1qavvtukt5gkrjl3vpc6hxfgwqawmwx77460se9f;1;1;4.667e-05;01.06.2026;01.06.2026
bc1qw3rssttqjh4fzq272039xqp6exk2jcch0nqm8e;1;1;4.599e-05;06.04.2022;06.04.2022
bc1q0e2v9xj938js38y5mfxdte0e0lm5angdjz2j6s;1;1;4.596e-05;06.03.2024;06.03.2024
bc1qln36f4zq5yrxq07gpu374kzx7n0c2ljukjm5d4;1;1;4.566e-05;31.07.2026;31.07.2026
bc1qjspfs2y8u2wfe35mn9ms626lkgky85jxayhqf6;1;1;4.565e-05;14.01.2025;14.01.2025
bc1ql7qek7gym2064nmaa05h2ezd5vwtmjq00qd6pp;1;1;4.5e-05;31.07.2026;31.07.2026
UNKNOWN:00204725f28ed53f1b3065a8901e226af137ab50;1;1;4.5e-05;02.01.2022;02.01.2022
bc1quspfm9qwra5dysx5u7xduq6v67ctlsyyjh48wr;1;1;4.5e-05;31.07.2026;31.07.2026
bc1qzs5fck9zza7snpgylamfsfqtj5up80x6j4whpr;1;1;4.5e-05;31.07.2026;31.07.2026
bc1qwjkleyyxxp8kk9ftfczmhytmp5y0tqzfnh39la;1;1;4.5e-05;31.07.2026;31.07.2026
bc1qfhred2aavq6ukj0dz5zt4rnvm30lrlnjesawgk;1;1;4.47e-05;28.09.2024;28.09.2024
bc1qpr6s8j0mlzr7v83mguxnye6rkw60dcrmxljhnl;1;1;4.466e-05;31.07.2026;31.07.2026
bc1qp0ctmlwp3wy2krhr3a5vc6qv37x2cxqaha4uum;1;1;4.466e-05;31.07.2026;31.07.2026
bc1qtxlr7ta0ts5k9er7m79f68dv68pjp6eguayppc;1;1;4.358e-05;31.07.2026;31.07.2026
bc1qx8mgmewflpl9530p99s0nj63h64ng9w0nqtmff;1;1;4.268e-05;31.07.2026;31.07.2026
bc1q7xg56wta5ypvyc667rdykskx5lysvgcfne8mek;1;1;4.082e-05;14.11.2025;14.11.2025
368JeBQYBgM2WxGNS44MHARmwCDzinxQvb;1;1;4,00E-05;22.02.2022;22.02.2022
bc1q829anxnrsuqdp7t696n29q5kf5t4ja065guywr;1;1;4,00E-05;20.07.2023;20.07.2023
UNKNOWN:0020d33ce2653071937797e80a96bcb885e994ea;1;1;4,00E-05;25.07.2025;25.07.2025
bc1qvugz2ra487j6juutg8ty6766jqecdxykdnngnm;1;1;4,00E-05;23.08.2022;23.08.2022
UNKNOWN:0020523ba955182870f5dfbad1db714f160ce478;1;1;4,00E-05;25.07.2025;25.07.2025
bc1qgnk960a2f0x83lsddaxv85jvlh4l87rd4ljdaf;1;1;4,00E-05;16.06.2023;16.06.2023
bc1qkaya7en0jyzvxwp82gdd9tvflh9749dad9dyr2;1;1;4,00E-05;25.12.2021;25.12.2021
UNKNOWN:00209552c24d0309a55d2f241e630bc27666772e;1;1;4,00E-05;12.05.2025;12.05.2025
UNKNOWN:002087d78696fa202451d2b00ecba6407e165575;1;1;3.952e-05;13.08.2022;13.08.2022
bc1qmnr5h4tpf9twp5zcw082t495xrpyhwvxf3z0p6;1;1;3.776e-05;31.07.2026;31.07.2026
3HWpJb6bstKBVunQ3oKBXvawQpsiNMDeVN;1;1;3.746e-05;27.05.2023;27.05.2023
bc1qyy67762jumzx0aul27lcdtpsshx3rjcapukn0m;1;1;3.693e-05;01.09.2024;01.09.2024
bc1qsp4hjv8x4qc87827sggp3ly3c4cjv8ff4trsz2;1;1;3.69e-05;31.07.2026;31.07.2026
3QqB8hwFkiTLMghdPWGCFEtG3GLgjQPP8V;1;1;3.623e-05;21.08.2021;21.08.2021
bc1qd2jgq8jjehn0hprg00kctm0jkalr8d3xjscwhn;1;1;3.589e-05;31.07.2026;31.07.2026
bc1qenqzh6myrm0khu4ey4r9v6avsw4hylykmtd5el;1;1;3.543e-05;02.12.2021;02.12.2021
bc1qh027v2rtx9l37hw0n9h5tyrlzt4ytd8g43p5nk;1;1;3.418e-05;06.11.2021;06.11.2021
bc1qkkq6wl5a493q0cwl49lcjupz2cus95my8ynlrz;1;1;3.324e-05;06.05.2022;06.05.2022
bc1qwgxasu4fhfrahtvwchxr8g7ukfwqqdvg9vt8ty;1;1;3.163e-05;31.07.2026;31.07.2026
bc1qv8hqu4z99fdja7e3paw68nueg5cjdj3rqnrgx2;1;1;3.088e-05;31.07.2026;31.07.2026
UNKNOWN:0020731a0dc6f0c9c61f210b32a3561e4b02e7a4;1;1;3,00E-05;16.11.2021;16.11.2021
bc1qmyfhw58z4qdkw42sslehsk5spnvst7d3xzlueg;1;1;3,00E-05;27.02.2025;27.02.2025
bc1qgzp4la24e4aznxzmz5nvw8mwxd5zwwfgwt2hzl;1;1;2.97e-05;31.07.2026;31.07.2026
bc1q6fj32h5glp6vlx2kg5aealz9vntw0qcwt7634d;1;1;2.89e-05;18.12.2021;18.12.2021
UNKNOWN:002074f3db6d3707c82d10af4ad0c5709586f140;1;1;2.834e-05;07.01.2024;07.01.2024
bc1qxr6epasq8hv0sdyflrxfl54lz5syt8gsxptrm0;1;1;2.818e-05;31.07.2026;31.07.2026
bc1q772373vv07zh80pddeyxmp0nyff6y080dvcq02;1;1;2.808e-05;31.07.2026;31.07.2026
bc1q24hkgc60v4fzj6dw908m862glxu327dd44cnp3;1;1;2.73e-05;31.07.2026;31.07.2026
bc1qrq5pern5528lqvgk8jq7c3g5xh5xzxysyy2kh4;1;1;2.724e-05;31.07.2026;31.07.2026
1EXNNzqV6wmZ51gkVz7RTp9TL323Uw1EBn;1;1;2.708e-05;20.09.2024;20.09.2024
bc1qsxfrjv3xkgg9dqjjcrc3gsls83vcg7pl4tle4d;1;1;2.624e-05;02.05.2022;02.05.2022
bc1qazwd49ujswdp7j4ect5rajdshn6fpjrlvrqfs0;1;1;2.606e-05;27.10.2023;27.10.2023
bc1qltxm3qepcgjsd475mzakyzmj24lv5a5ngcctxh;1;1;2.571e-05;09.10.2021;09.10.2021
35HTtYwJcpSb5JbButC6H884Nab4cqsS7v;1;1;2.511e-05;06.07.2022;06.07.2022
bc1qn3a4el5rhejvfduycw68knczha7zm4a825pdrh;1;1;2.5e-05;01.03.2025;01.03.2025
bc1qjvhc4pdh4ctj7epldnvmn9scn7w7039573x59p;1;1;2.466e-05;31.07.2026;31.07.2026
bc1qp4xty2w2fpru8leyrnu4ufcl2lunme0yfztng0;1;1;2.401e-05;30.04.2026;30.04.2026
bc1qajgttujgh56ll45d3av78uq8m8e9nj4f68htdw;1;1;2.38e-05;31.07.2026;31.07.2026
bc1qh7uye7st24hhhze49hss2ugqj5dzgne29tt4vh;1;1;2.372e-05;10.01.2022;10.01.2022
bc1qzae20t2fgd9p8a5xzv9h2y8vpht76jc0l6fn3h;1;1;2.358e-05;20.01.2022;20.01.2022
bc1q6uguwzae8cusdy44cx008y73kjud7c65ude4wq;1;1;2.329e-05;21.12.2021;21.12.2021
bc1qhqs66fuxmw9tjyvzgs9323npexyxlt9awf3fpa;1;1;2.292e-05;01.08.2026;01.08.2026
bc1qjwmuf05laesme3yg8jchlmv7tkz8ez65y4rvvv;1;1;2.29e-05;20.09.2021;20.09.2021
3EDNQJxkymSuzioSkyqvvK9oApv3nrW3Aw;1;1;2.072e-05;02.10.2021;02.10.2021
bc1qn0fztecz4xtze3qgsy76dxsedqpvtwn40newkm;1;1;2.035e-05;31.07.2026;31.07.2026
3DQ7tBy4pqf25mZXYvMPkM5N6osNnihyWZ;1;1;2.007e-05;05.02.2022;05.02.2022
bc1qhkh5vdekv8t7r24htaqw0z6ny9htrf37pg74he;1;1;2.005e-05;31.07.2026;31.07.2026
bc1qnejamp8w7c47hqma3hwks6uuy0hep70s7cwdvc;1;1;2,00E-05;05.09.2021;05.09.2021
UNKNOWN:00206180232d5a10b06ef9cf144069d74381a6e1;1;1;2,00E-05;15.02.2026;15.02.2026
bc1qu9hzf8yx5mfspd3wr7yuau00qjvlea6snycv5k;1;1;2,00E-05;25.12.2021;25.12.2021
UNKNOWN:0020149449088efa0171f3e33ac5e23a87a80998;1;1;2,00E-05;21.02.2022;21.02.2022
35LQqHeNQm8UN6UFUa6iTkvhrW6BNd2iMd;1;1;2,00E-05;24.12.2021;24.12.2021
34UuBuLzyxakJdScfsF6CfmJkRc2KZt8Y4;1;1;2,00E-05;16.03.2022;16.03.2022
bc1qetwtzyp9h5huz4vcc5fuutlpz25lusp6eh5f4j;1;1;2,00E-05;14.11.2021;14.11.2021
bc1q5e3yx76pr5h6hftlqnn8pj0q6d3vqrg9lk5mfp;1;1;2,00E-05;04.12.2024;04.12.2024
bc1q3ea80uar2y3yuq9e9a8e6gf35vmzs64mkmje9v;1;1;2,00E-05;04.09.2021;04.09.2021
bc1qdjf3zp4r7h8vcuugaxv6kdwh7hm9axzxl9t0gs;1;1;2,00E-05;29.08.2021;29.08.2021
bc1qktlkdattuw6raq3f3e4najcqurp9qq5rx7vc0r;1;1;1.997e-05;09.11.2022;09.11.2022
bc1qhqdcf8xakmaj0mzf7apfdlk2eaq5qxkqxah9pm;1;1;1.958e-05;27.10.2021;27.10.2021
bc1qhxqx8wwqd7p0asjsk6jqz772dw0l3pj9u5xexl;1;1;1.921e-05;31.07.2026;31.07.2026
bc1qpkjpegds0qtgsgtr686720e20dvl7rqpn0k3eh;1;1;1.901e-05;06.11.2021;06.11.2021
3MsMRYeQS2iGXdgty4io9BGovdFfKQdRCq;1;1;1.889e-05;19.09.2021;19.09.2021
3PKoHapH6pBiFJX9DKbQgitKqzcfbPy7ip;1;1;1.889e-05;06.03.2022;06.03.2022
bc1qphmlvnv20wqgvv6j8hr7u2jxstl0r937je2fff;1;1;1.786e-05;31.07.2026;31.07.2026
UNKNOWN:0020fe035aa425afae19a2047525a9404d33682e;1;1;1.71e-05;24.09.2021;24.09.2021
bc1qj629afewjjv48062x00szps9egv8ftuzz09wxc;1;1;1.673e-05;05.12.2024;05.12.2024
bc1qcm6pr3650y482f0qy922y6cjnrlqpe8xm6tnzd;1;1;1.671e-05;04.10.2022;04.10.2022
bc1q8khzd68fj7hp0me6ax6h6vm3tqelnjphy6vss2;1;1;1.634e-05;17.10.2021;17.10.2021
bc1q8y2wtqwf83e74l7ctrjt3y6anh6y09rgvjfecm;1;1;1.62e-05;31.07.2026;31.07.2026
bc1qz75ylhhxql7wknevf393zzgy2nusvrxfljeja7;1;1;1.585e-05;31.07.2026;31.07.2026
bc1qherax7jfc3n5jdrqn7477g5hpv9xzgd3tlpxpc;1;1;1.57e-05;31.07.2026;31.07.2026
bc1q99dx062vtqm29f4pw7ukdfuul7kyu7kh67ah0x;1;1;1.559e-05;31.07.2026;31.07.2026
bc1qzgv2n54g9sv20ntcfpr4j52qpxswd8q56xdazg;1;1;1.555e-05;31.07.2026;31.07.2026
bc1qs9srt9nxu5sjta3rkv50cyj46k9a0dyfe4ujw4;1;1;1.5e-05;26.03.2023;26.03.2023
UNKNOWN:0020c42a2944025e5aee5ce5d19751b784d5224b;1;1;1.5e-05;14.11.2021;14.11.2021
bc1qwtg020rfn5n07aekyhf0h00n0gmck0ruxcfaqj;1;1;1.5e-05;27.07.2025;27.07.2025
bc1qjxth5jtnxhra74qlv9nx9fw5rj8re8cmrfnu6v;1;1;1.5e-05;19.02.2022;19.02.2022
bc1qetfftrmupqnrnhh7txdctwdz3qs8208zxu4s97;1;1;1.5e-05;24.12.2024;24.12.2024
bc1q7tl8x07ejz4slzjgumdrnqmgxlvxd76qn3870t;1;1;1.472e-05;31.07.2026;31.07.2026
bc1qq7xufn93dcgk2wlhxwqpcjgzsfh0rv9xxmlhup;1;1;1.464e-05;05.04.2024;05.04.2024
3P7BFErieWcaydEdbaqGyszBUN9NJke4bL;1;1;1.39e-05;08.05.2021;08.05.2021
bc1qukfej32dr29csvyckpgsdf4nvmkvjaz5elszz0;1;1;1.367e-05;30.08.2025;30.08.2025
bc1qcj80kekehyyzazp2p9v995g05jsv0zpwp2gqux;1;1;1.341e-05;31.07.2026;31.07.2026
bc1qu0hw0sszuqw27zl3qhptvt0x64jk2hk3vhu27x;1;1;1.25e-05;30.04.2026;30.04.2026
bc1qkrl9nagwscs9h3gyz5846wcsx9kc8q7nq45djw;1;1;1.235e-05;06.05.2026;06.05.2026
bc1qzphhvlrz85n9hfc5ktqf5re365c35u3t2wk60e;1;1;1.227e-05;01.02.2025;01.02.2025
bc1qwt2enp8c88cm7mmsw9qtm96auetmkmaxwyewrg;1;1;1.2e-05;30.04.2026;30.04.2026
bc1qycyth5s0zcu87un8xxgzr6ncqjwh8hpn9m42ts;1;1;1.1e-05;30.04.2026;30.04.2026
bc1qrkxq6jrral6c72sk836s3exfpmyc7zf0dhwlev;1;1;1.1e-05;14.12.2022;14.12.2022
bc1q7vda94mtuxyykltd6gagxyqpgfhzxx9k9w8lv9;1;1;1.091e-05;31.07.2026;31.07.2026
bc1qclx46uqhzmeunqfvu0dkrz96re4s5rpvk38x85;1;1;1.033e-05;03.04.2022;03.04.2022
UNKNOWN:0020eb009d31967cccc8ce7f9c4aaea30b40526f;1;1;1,00E-05;29.12.2025;29.12.2025
bc1qfuhy9y6g6qvu3zsjpjg05s2gx7stx34mr5xkz7;1;1;1,00E-05;10.01.2022;10.01.2022
bc1q0egg4msq8ajlu3hquahqf78aqr7lmnnhnzp9tw;1;1;1,00E-05;08.01.2023;08.01.2023
bc1q5d0at4xwp50s9yucnssmc0j6nkxsxuxjpk4ekw;1;1;1,00E-05;28.07.2022;28.07.2022
34yJNuZJVVfpzk5k726WXWb2nrxpoZJARF;1;1;1,00E-05;27.10.2021;27.10.2021
bc1q3c82q76j4gelqgf7fm0djy4mjefmgzrrg8an0f;1;1;1,00E-05;30.04.2026;30.04.2026
37fCLeNe9tb2mPTG7N5Qkovxqzw5AxXBX5;1;1;1,00E-05;15.01.2022;15.01.2022
bc1q246sh2renz423mk6nvjmu3p2wf0zhdzuvvura6;1;1;1,00E-05;26.02.2022;26.02.2022
bc1q0wstvzx609ztlmyp2khxaf3y52ksjh7q2zsz8k;1;1;1,00E-05;03.12.2025;03.12.2025
bc1q7w2mqle5pe59qqatfns3nf4ksryee4zxryxe3g;1;1;1,00E-05;31.12.2022;31.12.2022
bc1qaygfmpkxzp3al7e9tl6nl8yy8rvlj0h4ean477;1;1;1,00E-05;17.08.2021;17.08.2021
bc1qsvvxpesyzepuvhw60fe0j6ylm67w08ygp6k0tg;1;1;1,00E-05;31.07.2026;31.07.2026
bc1qkq7ty74d903hdzgtrk3dtmhms7mfzvzwjnfy8e;1;1;1,00E-05;29.01.2023;29.01.2023
bc1qth8hegm8qrk5fepr5uzgt2nt8vth7dgahy2nus;1;1;1,00E-05;05.08.2026;05.08.2026
bc1q2cxkhaz2423fqp4hf0x6g5peja97rnmja24f0z;1;1;1,00E-05;02.08.2025;02.08.2025
bc1q8gsctl4azua74a60agzv83zpjwectevy474pur;1;1;1,00E-05;14.10.2021;14.10.2021
UNKNOWN:0020ce50cffa96705c2be800590f697f69046661;1;1;1,00E-05;26.06.2022;26.06.2022
UNKNOWN:0020c51f2e858381f8c7caae681ac3b2bb9ee767;1;1;1,00E-05;20.04.2022;20.04.2022
bc1qf3e6hwcpeu8289yjyxfkpgwqftse5dnl3zhfqa;1;1;1,00E-05;26.02.2022;26.02.2022
bc1qv2jwnu7y99s6x8xc9fnym7ejctvsnkydeh572k;1;1;1,00E-05;29.06.2022;29.06.2022
bc1qlk8qn28x7mzdv4xhfefxcdn0h32yxujg6w2cgq;1;1;1,00E-05;31.07.2026;31.07.2026
3FE4guyNqqdA8329mjaucaztBt6MwgY54K;1;1;1,00E-05;17.03.2022;17.03.2022
UNKNOWN:0020843cceacaf2dc4c3727da49a92949d284d3f;1;1;1,00E-05;22.02.2024;22.02.2024
3BWhzhs6AAC59KxPVyRCXSjH4U9brhsHDK;1;1;1,00E-05;19.07.2022;19.07.2022
UNKNOWN:00205d03e792078de6c74e7d2b8ea3c3542396b3;1;1;1,00E-05;31.07.2026;31.07.2026
UNKNOWN:0020e1ee4d905925bcd16ba05de6b4cc1398f1ec;1;1;1,00E-05;24.04.2023;24.04.2023
bc1q28tk8ew2nvtzuvxvlvf4qrn9fjkdvsgqarx3xt;1;1;1,00E-05;14.11.2022;14.11.2022
bc1qrf6rggps9dlwklalze27ve90x44s7lfqfrcgnz;1;1;1,00E-05;06.02.2025;06.02.2025
UNKNOWN:0020437ddf7113f48d922888964986e1adb3f664;1;1;1,00E-05;08.12.2024;08.12.2024
bc1qufk0l9ta0uhwvupz7dtkxhl7s5jcx226mku3p7;1;1;1,00E-05;22.06.2022;22.06.2022
bc1qqwqwf08rxjpsmptjj8nn5ddkudklg6k27vunjt;1;1;1,00E-05;28.09.2025;28.09.2025
3CVF1sh2myw2vQd3McjMrFA5NFPrG6usdn;1;1;1,00E-05;05.06.2024;05.06.2024
UNKNOWN:0020157d22264f4dfb89db9f3f75f281b985cce3;1;1;1,00E-05;11.10.2023;11.10.2023
bc1qjcls69cqcery86640ff8jmknavxullrjvp3jgl;1;1;1,00E-05;03.11.2021;03.11.2021
3FxorYTCZConHpQ727Y3U8udbxyFrDqtzg;1;1;9.65e-06;08.12.2021;08.12.2021
bc1qp0xk87uhax8t4cdjyrzxprytywyhfdgar8yfeq;1;1;9.05e-06;31.07.2026;31.07.2026
3CcioParRakVzXmEiPU5RCiwbuBYw8kzED;1;1;8.89e-06;22.10.2021;22.10.2021
3DqAfhWVpzKEoiYCRyqnFiN1A8mVyVMaNL;1;1;8.89e-06;28.11.2021;28.11.2021
bc1qlqrldj9xlvvtz8cpw23n9muuwmnw7f5zjkxv2g;1;1;8.39e-06;01.09.2021;01.09.2021
bc1qktalpatdx47dmwur8fvvgwazpsw442fprke490;1;1;8.17e-06;21.08.2021;21.08.2021
bc1q0jx7w35pdcg0cpummh0wfn2nq3f8qtqtau2szz;1;1;8.09e-06;06.07.2026;06.07.2026
bc1qmsw6zn85rhf72rmmp93mwarvy07lclgjvtpxj3;1;1;8,00E-06;30.04.2026;30.04.2026
bc1q9uzdu49703hjzcv3nkacelt5df58gy4edm9mjm;1;1;7.8e-06;25.02.2022;25.02.2022
bc1qdfng2pa738p4y3c0zyehyj86klgata4platqwz;1;1;7.8e-06;31.07.2026;31.07.2026
bc1q0lt25gqgueevy8u22srsjct2ydf3qdk4n99utn;1;1;7.8e-06;31.07.2026;31.07.2026
bc1q6sjs0je3uywzax973u8xwqcf8mwtm5zfhe0ear;1;1;7.52e-06;26.12.2021;26.12.2021
3CpWhiPdPNWmju7oZ7DUavSXxi4CyVWJGT;1;1;7.5e-06;31.08.2022;31.08.2022
18Ffk9HTzMr1KsGeCQGCvSiyMgY1GfTHdg;1;1;7.4e-06;18.11.2024;18.11.2024
UNKNOWN:002036358c7805150cabdb4008e731b70880fea7;1;1;5.67e-06;15.09.2023;15.09.2023
bc1q7rmhlnpuz6rc045w9geq3fkdsvge6v78c92qmw;1;1;5.5e-06;18.11.2024;18.11.2024
bc1qexqqk7vjsql4jrg4kl2zf8ztssmwkxrp34u42c;1;1;5.46e-06;31.07.2026;31.07.2026
bc1q79z75qt8z2lankqgh4galwc4xd5ynazkdlg4qh;1;1;5.46e-06;31.07.2026;31.07.2026
bc1qgccmu2v6jq30vsy7kmsrxv7wnv6wuq83m3xnz4;1;1;5.46e-06;31.07.2026;31.07.2026
bc1qa6psx3d3ujg0hj2vf0geawefqet3afqlzzz9kt;1;1;5.46e-06;31.07.2026;31.07.2026
bc1q2gku8gtpgm28ngk55qz76jhs3zn7hk9pjdgr78;1;1;5.46e-06;31.07.2026;31.07.2026
bc1qdrc73jwvqvrv90xa0g2d8pe5s080nxuwa4dmnk;1;1;5.46e-06;31.07.2026;31.07.2026
bc1qd94tfgqsgjkrrlcumr4z4rwg5675zfuy8hva3y;1;1;5.46e-06;31.07.2026;31.07.2026
bc1qtuyvuy78hzy5pfv4d9mnrarh5y9j0yqzqws7sk;1;1;5.46e-06;31.07.2026;31.07.2026
bc1q94xvynrmetyzn6yfzhp9lradtckhyzct2hyfqn;1;1;5.46e-06;31.07.2026;31.07.2026
bc1q6drgk3agte9n0fuafwl8curg0h7x3xmp8wmfys;1;1;5.46e-06;31.07.2026;31.07.2026
bc1qm5509cyqqse5hz46lw4ka7zkd96fw2z55wuvhm;1;1;5.44e-06;23.11.2023;23.11.2023
bc1qdplqpl4py6eu5c670uymypemvsumu0xh999h47;1;1;5.01e-06;14.11.2021;14.11.2021
bc1q50dzfzzlujhyhaqt0zmna5ejnh7mydq08v4y8f;1;1;5.01e-06;13.11.2021;13.11.2021
UNKNOWN:00204c8219b490cedcba7a0f947586a1213e374c;1;1;5,00E-06;27.01.2022;27.01.2022
bc1qagv4205y6x05z9nezucew22epzyfscvpamvm3n;1;1;5,00E-06;25.11.2021;25.11.2021
bc1qjdd5n6d733d7qyvhl0n39jgcfl8m7u7rzlkgqe;1;1;5,00E-06;01.10.2021;01.10.2021
bc1qjx89hvepafmqf6uz8cvw54t2wc85ce852zwqfd;1;1;5,00E-06;31.07.2026;31.07.2026
bc1qu9zrl6suwrwdqp3kxfqxw35kr6ffxf3eeh0vwh;1;1;4.63e-06;15.08.2026;15.08.2026
bc1qrsx6ctl6z2r2v3uya4feaaddvx6tfj83lsl7lh;1;1;4.39e-06;12.03.2022;12.03.2022
bc1qy96ckpgd4mhqevj3p378rxjv3zqjk2asmmjnyf;1;1;4.2e-06;19.10.2024;19.10.2024
bc1qld3x9wm5wattawg5s2xg0q00wkx27mvkplrrm2;1;1;4,00E-06;24.08.2022;24.08.2022
bc1pzge9flz7xe8hax9tavy7re6q4j5ws4ay45tl86wxqu78l9jsjmvqsa2q00;1;1;4,00E-06;05.11.2025;05.11.2025
bc1qekfr60mctmm9dzzwhv2stltnwfqr59epjlht30;1;1;2.99e-06;23.05.2023;23.05.2023
bc1qcgshm5qjk5ufle8mqq5f9em6ge754dceh7tf5s;1;1;2.97e-06;15.08.2026;15.08.2026
